citing_opinion_id,cited_opinion_id
op4540322,op170071
op4540619,op162331
op621502,op71584
op4614272,op222098
op819762,op162319
op616104,op65771
op219743,op172809
op4635357,op78492
op4635304,op222098
op4636461,op4643215
op4636165,op4638503
op4636067,op4638631
op4636479,op4643215
op4636178,op2812403
op4637768,op4651730
op4637769,op4650017
op4636506,op4643215
op4637771,op4657682
op4637772,op4655678
op4639128,op4639552
op4637773,op4641926
op4637774,op4655847
op4637775,op4644536
op4639794,op4541412
op4637777,op4644538
op4637778,op4639440
op4637779,op4644425
op4637659,op78492
op4638142,op4636717
op4638528,op4638021
op4638529,op4638024
op4640141,op172192
op4639272,op4638597
op4639430,op4651730
op4639574,op4655847
op4639575,op4644536
op4639431,op4650017
op4639578,op4637778
op4639432,op4641923
op4639579,op4644425
op4639433,op4657682
op4639434,op4655678
op4638398,op4641354
op4640189,op4640190
op4639435,op4641926
op4638332,op4637778
op4640104,op4636726
op4638399,op4637778
op4639436,op4655847
op4640106,op4636718
op4639437,op4644536
op4639439,op4644538
op4636663,op2753309
op4640992,op76190
op4639440,op4637778
op4639441,op4644425
op4640435,op4640402
op4639676,op74438
op4639691,op4639763
op4638597,op4639272
op4638624,op222098
op4639737,op69229
op4639738,op36489
op4636717,op4638142
op4639744,op65383
op4641047,op36489
op4639763,op4639691
op4636336,op4638503
op4640355,op26128
op4641833,op75622
op4642639,op4644614
op4640402,op4640435
op4644528,op4639567
op4644529,op4651730
op4642272,op76366
op4640418,op4641336
op4643413,op4643414
op4644641,op185761
op4644530,op4650017
op4644531,op4641923
op4644532,op4657682
op4644533,op4655678
op4643667,op240
op4641914,op4653513
op4644534,op4641926
op4644535,op4655847
op4643018,op4468415
op4643687,op78492
op4644536,op4639575
op4643266,op195859
op4641915,op4646844
op4641916,op4641992
op4641917,op4651726
op4644539,op4637778
op4644652,op172192
op4644540,op4644425
op4641918,op4650013
op4644542,op4648139
op4641919,op4651805
op4644543,op4637782
op4641920,op4639567
op4641921,op4651730
op4644544,op4651822
op4644545,op4650032
op4644547,op4537660
op4643323,op884338
op4641922,op4650017
op4644548,op4637787
op4641923,op4641999
op4644549,op4641336
op4641924,op4657682
op4641925,op4655678
op4641926,op4653526
op4644552,op4639453
op4641927,op4655847
op4644553,op4639454
op4644555,op4646877
op4641928,op4644536
op4641930,op4644538
op4644408,op4655763
op4644409,op4641992
op4644410,op4651726
op4644411,op4650013
op4644412,op4641919
op4644413,op4639567
op4644414,op4651730
op4644415,op4650017
op4644416,op4641923
op4644186,op4643946
op4644417,op4657682
op4644418,op4655678
op4644191,op4637316
op4644419,op4641926
op4644420,op4655847
op4644421,op4644536
op4644423,op4644538
op4644424,op4637778
op4644427,op4648139
op4641328,op4651742
op4646175,op4636663
op4646176,op4636674
op4645926,op4645443
op4648355,op4643943
op4646396,op27242
op4646655,op4706581
op4648317,op4706581
op4648317,op4706585
op4543418,op50946
op4649033,op4648139
op4649033,op4657682
op4649033,op4646877
op4649281,op222098
op4649283,op4639146
op4648130,op4655678
op4648131,op4641926
op4648132,op4655847
op4646841,op4655759
op4648133,op4644536
op4646842,op4650049
op4649057,op222098
op4646843,op4653513
op4648136,op4637778
op4648137,op4644425
op4649062,op210108
op4646844,op4650051
op4646011,op77956
op4646012,op208079
op4646845,op4657752
op4649086,op222098
op4646846,op4641992
op4646847,op4651726
op4649448,op4645923
op4646848,op4650013
op4646849,op4641919
op4646850,op4639567
op4646851,op4651730
op4646852,op4650017
op4646853,op4641923
op4646854,op4657682
op4646855,op4655678
op4646856,op4641926
op4646857,op4655847
op4646858,op4644536
op4649933,op4637778
op4649936,op4655759
op4646861,op4637778
op4646862,op4644425
op4649937,op4650049
op4649938,op4653513
op4649939,op4646844
op4649940,op4657752
op4649941,op4641992
op4649942,op4651726
op4649943,op4650013
op4649944,op4641919
op4649945,op4639567
op4649946,op4651730
op4649947,op4650017
op4650737,op4650408
op4649948,op4641923
op4649949,op4657682
op4649950,op4655678
op4649951,op4641926
op4649952,op4655847
op4650138,op4644567
op4649953,op4644536
op4649955,op4644538
op4649956,op4637778
op4649957,op4644425
op4650554,op203495
op4641210,op222098
op4650827,op4644316
op4644428,op4637782
op4644429,op4651822
op4644430,op4650032
op4644432,op4537660
op4644433,op4637787
op4644434,op4641336
op4650829,op4644327
op4644437,op4639453
op4650833,op4644321
op4650947,op67088
op4644438,op4639454
op4650838,op4644325
op4644440,op4646877
op4650840,op4644326
op4644443,op4646880
op4644443,op4503250
op4650879,op4652070
op4650662,op4637778
op4650662,op4651822
op4647868,op4637502
op4647331,op4638743
op4647333,op4638743
op4647872,op4562808
op4650897,op2697691
op4647083,op4468415
op4651729,op4639567
op4651730,op4653607
op4647121,op4638867
op4651731,op4650017
op4651938,op4644567
op4645234,op4645264
op4651429,op4644567
op4651732,op4641923
op4651734,op4655678
op4651735,op4641926
op4651736,op4655847
op4651737,op4644536
op4645264,op4645234
op4651739,op4644538
op4651740,op4637778
op4651741,op4644425
op4651959,op14852
op4645324,op203495
op4652357,op71159
op4651971,op4647867
op4652137,op4651730
op4652137,op4650032
op4652137,op4644425
op4652137,op4657682
op4651980,op75893
op4652394,op173232
op4651994,op4652195
op4651994,op4644567
op4651994,op4636644
op4651713,op4650002
op4641300,op65771
op4652401,op4675248
op4651714,op4665114
op4651715,op4653423
op4641311,op4641992
op4641312,op4651726
op4641313,op4650013
op4651849,op4655820
op4651716,op4669510
op4651716,op4637782
op4651716,op4641956
op4651716,op4641354
op4651716,op4651822
op4651716,op4588363
op4651716,op4639470
op4641314,op4641919
op4651717,op4637778
op4651850,op4675974
op4641315,op4639567
op4651851,op4673487
op4641316,op4651730
op4651852,op4665224
op4651720,op4655759
op4651721,op4650049
op4651853,op4650002
op4645440,op4645438
op4651854,op4665114
op4651722,op4653513
op4651855,op4653423
op4645441,op4645475
op4641317,op4650017
op4641318,op4641923
op4651723,op4646844
op4641319,op4657682
op4645443,op4644567
op4641320,op4655678
op4651857,op4637778
op4651724,op4657752
op4645444,op4645443
op4651725,op4641992
op4641321,op4641926
op4651726,op4650012
op4641322,op4655847
op4651860,op4655759
op4641323,op4644536
op4651727,op4650013
op4645445,op4645476
op4653344,op78274
op4651861,op4650049
op4652195,op4651994
op4652195,op4644567
op4652195,op4636644
op4641325,op4644538
op4651862,op4653513
op4641326,op4637778
op4653358,op76372
op4641327,op4644425
op4651863,op4646844
op4652203,op4640228
op4652203,op4644567
op4652204,op4644567
op4652204,op4645443
op4651864,op4657752
op4651865,op4641992
op4645465,op4639453
op4651866,op4651726
op4651867,op4650013
op4652215,op166766
op4651868,op4641919
op4651869,op4639567
op4645475,op4645441
op4651870,op4651730
op4645476,op4645445
op4651871,op4650017
op4651872,op4641923
op4653417,op4655820
op4651873,op4657682
op4653418,op4651850
op4651874,op4655678
op4652070,op4650879
op4653419,op4673487
op4651875,op4641926
op4653420,op4665224
op4651876,op4655847
op4651877,op4644536
op4653421,op4650002
op4651879,op4644538
op4653422,op4665114
op4653423,op4669390
op4651880,op4637778
op4651881,op4644425
op4653424,op4669510
op4653424,op4637782
op4653424,op4641956
op4653424,op4641354
op4653424,op4651822
op4653424,op4588363
op4653424,op4639470
op4653978,op75622
op4653425,op4637778
op4656650,op4657619
op4654972,op222098
op4653104,op48258
op4654977,op27247
op4658943,op4468415
op4658946,op4644567
op4652447,op195859
op4648859,op36489
op4648873,op169598
op4657252,op4661944
op4657252,op4658146
op4657252,op4661943
op4659456,op64208
op4659462,op22787
op4657649,op4655740
op4657650,op4669376
op4657651,op4655813
op4657651,op4650013
op4657652,op4665215
op4657652,op4651742
op4657653,op4667142
op4657654,op4667215
op4657655,op4657734
op4657655,op4651822
op4657656,op4655818
op4657657,op4674141
op4657657,op4650017
op4657658,op4655820
op4657659,op4651850
op4657660,op4673487
op4657661,op4665224
op4657662,op4650002
op4657663,op4665114
op4657664,op4653423
op4656371,op4640221
op4656374,op4641399
op4657665,op4651793
op4657665,op4637782
op4657665,op4641956
op4657665,op4641354
op4657665,op4651822
op4657665,op4588363
op4657665,op4639470
op4657666,op4637778
op4657669,op4655759
op4656390,op4647091
op4656391,op4638746
op4657670,op4650049
op4654177,op4636628
op4654177,op4644567
op4654178,op4636721
op4654179,op4644567
op4657671,op4653513
op4657672,op4646844
op4657673,op4657752
op4657674,op4641992
op4657675,op4651726
op4657676,op4650013
op4657677,op4641919
op4657678,op4639567
op4657679,op4651730
op4657680,op4650017
op4657681,op4641923
op4657682,op4641924
op4657683,op4655678
op4653528,op4644536
op4657684,op4641926
op4657685,op4655847
op4653530,op4644538
op4653531,op4637778
op4653532,op4644425
op4655460,op4641398
op4657724,op4673472
op4657724,op4641926
op4655464,op4636692
op4657725,op4677913
op4657725,op4641336
op4653428,op4655759
op4657726,op4665098
op4657726,op4657682
op4653429,op4650049
op4653430,op4653513
op4645425,op4641919
op4653431,op4646844
op4656443,op36489
op4653433,op4641992
op4653434,op4651726
op4653435,op4650013
op4658134,op64524
op4655517,op4642805
op4653436,op4641919
op4653437,op4639567
op4653438,op4651730
op4656777,op4636725
op4656781,op4647555
op4653439,op4650017
op4653440,op4641923
op4653441,op4657682
op4653442,op4655678
op4653443,op4641926
op4653444,op4655847
op4653445,op4644536
op4653447,op4644538
op4653448,op4637778
op4658841,op4706581
op4653449,op4644425
op4659170,op4641610
op4659170,op4636633
op4659170,op4644567
op4653896,op78267
op4659171,op4640961
op4659171,op4636648
op4659116,op69229
op4659122,op7271
op4656060,op4661944
op4656060,op4658146
op4656060,op4661943
op4661943,op4658145
op4661259,op4651429
op4661301,op4639700
op4661319,op4661340
op4661325,op4644328
op4661326,op4661351
op4661095,op4661943
op4661340,op4661319
op4661341,op4664574
op4661341,op4661350
op4661351,op4661326
op4661377,op77956
op4661389,op4639147
op4661405,op36489
op4662994,op2631
op4663499,op66456
op4662264,op4642112
op4663763,op4664805
op4663764,op4647078
op4663764,op4644146
op4663764,op4647076
op4664448,op35385
op4663773,op4644567
op4663775,op4645441
op4663776,op4656384
op4664291,op4656091
op4663174,op4673459
op4663174,op4646844
op4663174,op4657682
op4663174,op4646877
op4663175,op4671763
op4663175,op4641336
op4663176,op4677975
op4663176,op4657682
op4663177,op4682138
op4663178,op4677903
op4663178,op4650013
op4663179,op4675859
op4663180,op4675953
op4663181,op4675861
op4663182,op4669366
op4663183,op4665204
op4663183,op4637778
op4663188,op4677913
op4663188,op4641336
op4663929,op4655820
op4662445,op75998
op4663189,op4665098
op4663189,op4657682
op4663191,op4655740
op4663192,op4669376
op4663193,op4655813
op4663193,op4650013
op4663194,op4665215
op4663194,op4651742
op4663195,op4667142
op4663196,op4667215
op4663197,op4657734
op4663197,op4651822
op4663198,op4655818
op4663199,op4657657
op4663199,op4650017
op4663200,op4655820
op4663201,op4651850
op4663202,op4673487
op4663203,op4665224
op4663204,op4650002
op4663205,op4665114
op4663206,op4653423
op4663207,op4669510
op4663207,op4637782
op4663207,op4641956
op4663207,op4641354
op4663207,op4651822
op4663207,op4588363
op4663207,op4639470
op4663208,op4637778
op4663211,op4655759
op4663212,op4650049
op4663213,op4653513
op4663067,op77956
op4662812,op4647977
op4662816,op4648354
op4662818,op4636687
op4663360,op4639146
op4663214,op4646844
op4662820,op4641614
op4662821,op4643945
op4663215,op4657752
op4663216,op4641992
op4663217,op4651726
op4663218,op4650013
op4663219,op4641919
op4663097,op4538049
op4663220,op4639567
op4663247,op4637299
op4663248,op4660828
op4663251,op4636641
op4663251,op4653633
op4663260,op4656005
op4664530,op4643156
op4664531,op4636628
op4664033,op4646844
op4664033,op4657682
op4664037,op4651730
op4664039,op4655820
op4664573,op4669126
op4664573,op4661350
op4664573,op4661341
op4664574,op4661341
op4664574,op4661350
op4664583,op64528
op4664696,op4675248
op4664696,op4653559
op4664805,op4663763
op4664806,op4654620
op4664806,op4636667
op4664806,op4639693
op4664806,op4638867
op4664809,op4644567
op4664812,op4647037
op4664813,op4637310
op4665083,op4673459
op4665083,op4646844
op4665083,op4657682
op4665083,op4646877
op4665084,op4671763
op4665084,op4641336
op4665085,op4677975
op4665085,op4657682
op4665086,op4682138
op4665087,op4663178
op4665087,op4650013
op4665088,op4675859
op4665089,op4675953
op4665090,op4675861
op4665091,op4669366
op4665092,op4665204
op4665092,op4637778
op4665093,op4684871
op4665093,op4650017
op4665094,op4671773
op4665095,op4675959
op4665096,op4673472
op4665096,op4641926
op4665097,op4677913
op4665097,op4641336
op4665098,op4677914
op4665098,op4657682
op4665100,op4655740
op4665101,op4669376
op4665102,op4655813
op4665102,op4650013
op4665103,op4665215
op4665103,op4651742
op4665104,op4667142
op4665105,op4667215
op4665106,op4657734
op4665106,op4651822
op4665107,op4655818
op4665108,op4657657
op4665108,op4650017
op4665109,op4655820
op4665110,op4651850
op4665111,op4673487
op4665112,op4665224
op4665113,op4650002
op4665114,op4650042
op4665115,op4653423
op4665116,op4669510
op4665116,op4637782
op4665116,op4641956
op4665116,op4641354
op4665116,op4651822
op4665116,op4588363
op4665116,op4639470
op4665117,op4637778
op4665120,op4655759
op4665121,op4650049
op4665122,op4653513
op4665123,op4646844
op4665124,op4655763
op4665150,op849116
op4665640,op210072
op4665652,op4636725
op4665652,op4659990
op4665653,op4643945
op4665653,op4654178
op4665665,op4659544
op4665666,op4651938
op4665666,op4644567
op4665666,op4651994
op4665667,op4644567
op4665667,op4651994
op4665667,op4651938
op4665668,op4644567
op4665668,op4651938
op4665668,op4651429
op4665668,op4655900
op4665945,op30553
op4665674,op4644567
op4665677,op4636667
op4665677,op4654620
op4665678,op4638867
op4665678,op4636667
op4665699,op27194
op4665710,op4638135
op4665713,op4647121
op4665713,op4644146
op4665714,op4643945
op4665228,op4669510
op4665228,op4637782
op4665228,op4641956
op4665228,op4641354
op4665228,op4651822
op4665228,op4588363
op4665228,op4639470
op4665229,op4637778
op4665232,op4655759
op4665233,op4650049
op4665234,op4653513
op4665235,op4646844
op4665236,op4655763
op4665914,op4657682
op4665916,op4655763
op4665916,op4651822
op4665282,op4639552
op4665290,op4645926
op4665294,op4645441
op4665294,op4656004
op4665295,op4644567
op4665299,op4657869
op4665345,op64722
op4666134,op4655539
op4666491,op77447
op4666193,op78267
op4667129,op4669366
op4667230,op4655759
op4667130,op4665204
op4667130,op4637778
op4667231,op4650049
op4667131,op4684871
op4667131,op4650017
op4667132,op4671773
op4667133,op4675959
op4668012,op4657682
op4667134,op4673472
op4667134,op4641926
op4667135,op4677913
op4667135,op4641336
op4667136,op4665098
op4667136,op4657682
op4667854,op43281
op4668148,op4657682
op4667139,op4669376
op4666797,op4706581
op4667140,op4655813
op4667140,op4650013
op4667141,op4665215
op4667141,op4651742
op4667142,op4657732
op4667143,op4667215
op4666808,op75622
op4667144,op4657734
op4667144,op4651822
op4667145,op4655818
op4667146,op4657657
op4667146,op4650017
op4667147,op4655820
op4666996,op4658146
op4666997,op4639146
op4667148,op4651850
op4667149,op4673487
op4667150,op4665224
op4667005,op69229
op4667151,op4650002
op4667152,op4665114
op4667285,op4645443
op4667285,op4644567
op4667285,op4659993
op4667014,op4682207
op4667014,op4641336
op4667153,op4653423
op4667286,op4643945
op4667287,op4647870
op4667288,op4645920
op4667432,op999
op4667289,op4647909
op4667290,op4651940
op4668335,op69229
op4667154,op4669510
op4667154,op4637782
op4667154,op4641956
op4667154,op4641354
op4667154,op4651822
op4667154,op4588363
op4667154,op4639470
op4667015,op4682208
op4667015,op4588363
op4667015,op4637812
op4667155,op4637778
op4667016,op4675853
op4667016,op4651822
op4667016,op4650013
op4667158,op4655759
op4667017,op4673459
op4667017,op4646844
op4667017,op4657682
op4667017,op4646877
op4667018,op4671763
op4667018,op4641336
op4667159,op4650049
op4667019,op4677975
op4667019,op4657682
op4667020,op4682138
op4667021,op4663178
op4667021,op4650013
op4667022,op4675859
op4667024,op4675861
op4667731,op4661845
op4667734,op4644566
op4667734,op4643945
op4667734,op4640107
op4667025,op4669366
op4667026,op4665204
op4667026,op4637778
op4667186,op4686869
op4667027,op4684871
op4667027,op4650017
op4667028,op4671773
op4667187,op4671756
op4667187,op4639454
op4667029,op4675959
op4667188,op4690958
op4667190,op4682207
op4667190,op4641336
op4667030,op4673472
op4667030,op4641926
op4666913,op4650501
op4666913,op4538049
op4667031,op4677913
op4667031,op4641336
op4666919,op4639220
op4667191,op4682208
op4667191,op4588363
op4667191,op4637812
op4667032,op4665098
op4667032,op4657682
op4667034,op4655740
op4667035,op4669376
op4667192,op4675853
op28325,op23168
op4657836,op4648024
op27363,op27035
op4657869,op4645657
op4656103,op36489
op4657908,op69229
op4657909,op38080
op4657920,op222098
op4657728,op4655740
op4656000,op4656960
op4657729,op4669376
op4656003,op4542306
op4656005,op4642774
op4657730,op4655813
op4657730,op4650013
op4657731,op4665215
op4657731,op4651742
op4657732,op4667142
op4657733,op4667215
op4657734,op4667216
op4657734,op4651822
op4657735,op4655818
op4657736,op4657657
op4657736,op4650017
op4657737,op4655820
op4657738,op4651850
op4657739,op4673487
op4657740,op4665224
op4657741,op4650002
op4657742,op4665114
op4657743,op4653423
op4657744,op4653507
op4657744,op4637782
op4657744,op4641956
op4657744,op4641354
op4657744,op4651822
op4657744,op4588363
op4657744,op4639470
op4657745,op4637778
op4657748,op4655759
op4657749,op4650049
op4657750,op4653513
op4657751,op4646844
op4657752,op4663215
op4657753,op4641992
op4653633,op4636641
op4657754,op4651726
op4657755,op4650013
op4657756,op4641919
op4657757,op4639567
op4657758,op4651730
op4657759,op4650017
op4657760,op4641923
op4657761,op4657682
op4657762,op4655678
op4657763,op4641926
op4657764,op4655847
op4653694,op4643413
op4653694,op4644567
op4655740,op4669494
op4659541,op4644567
op4659545,op4638867
op4659545,op4636667
op4655741,op4655813
op4655741,op4650013
op4655742,op4665215
op4655742,op4651742
op4655743,op4667142
op4655744,op4667215
op4655745,op4657734
op4655745,op4651822
op4655746,op4655818
op4655747,op4657657
op4655747,op4650017
op4659642,op4494583
op4655748,op4655820
op4655749,op4651850
op4655750,op4673487
op4655751,op4665224
op4655752,op4650002
op4655753,op4665114
op4655754,op4653423
op4655755,op4669391
op4655755,op4637782
op4655755,op4641956
op4655755,op4641354
op4655755,op4651822
op4655755,op4588363
op4655755,op4639470
op4655756,op4637778
op4655759,op4649936
op4655760,op4650049
op4656873,op64722
op4656874,op36489
op4656876,op67115
op4655761,op4653513
op4657043,op4645267
op4657046,op4636634
op4657047,op4644567
op4655762,op4646844
op4655763,op4657673
op4655764,op4641992
op4655765,op4651726
op4655766,op4650013
op4655767,op4641919
op4655768,op4639567
op4655769,op4651730
op4655770,op4650017
op4655771,op4641923
op4655772,op4657682
op4655773,op4655678
op4655774,op4641926
op4655648,op4667142
op4655649,op4667215
op4655775,op4655847
op4655650,op4657734
op4655650,op4651822
op4655776,op4644536
op4655651,op4655818
op4655652,op4657657
op4655652,op4650017
op4655778,op4644538
op4655653,op4655820
op4655779,op4637778
op4655654,op4651850
op4655655,op4673487
op4655656,op4665224
op4655657,op4650002
op4655658,op4665114
op4655659,op4653423
op4655660,op4669510
op4655660,op4637782
op4655660,op4641956
op4655660,op4641354
op4655660,op4651822
op4655660,op4588363
op4655660,op4639470
op4655661,op4637778
op4655664,op4655759
op4655665,op4650049
op4655666,op4653513
op4655667,op4646844
op4655668,op4657752
op4655811,op4655740
op4655669,op4641992
op4655812,op4669376
op4655670,op4651726
op4655671,op4650013
op4655672,op4641919
op4655673,op4639567
op4655813,op4677918
op4655813,op4650013
op4655674,op4651730
op4655814,op4665215
op4655814,op4651742
op4655815,op4667142
op4655816,op4667215
op4655817,op4657734
op4655817,op4651822
op4655818,op4669382
op4655819,op4657657
op4655819,op4650017
op4655820,op4675973
op4655675,op4650017
op4655821,op4651850
op4655822,op4673487
op4655823,op4665224
op4655677,op4657682
op4655678,op4639434
op4655824,op4650002
op4655679,op4641926
op4655825,op4665114
op4655680,op4655847
op4655826,op4653423
op4655681,op4644536
op4655683,op4644538
op4655827,op4669510
op4655827,op4637782
op4655827,op4641956
op4655827,op4641354
op4655827,op4651822
op4655827,op4588363
op4655827,op4639470
op4655684,op4637778
op28952,op7271
op4655828,op4637778
op4655831,op4655759
op4655832,op4650049
op4655833,op4653513
op4655834,op4646844
op4655835,op4655763
op4655836,op4641992
op4655837,op4651726
op4655838,op4650013
op4655839,op4641919
op4655840,op4639567
op4655841,op4651730
op4655842,op4650017
op4655843,op4641923
op4655844,op4657682
op4655845,op4655678
op4655846,op4641926
op4655847,op4646857
op4655850,op4644538
op4655354,op4655145
op4655851,op4637778
op4655896,op4644567
op4655896,op4650138
op4655896,op4642103
op4655900,op4644567
op4655905,op4638743
op4655145,op4655354
op4655919,op222098
op4655920,op222098
op4656960,op4656000
op4657007,op4638142
op4660349,op4646844
op4660349,op4648139
op4660349,op4657682
op4660349,op4646877
op4660443,op4641613
op4660484,op4541413
op4659989,op4647906
op4659992,op4637313
op4659993,op4644567
op4659993,op4645443
op4659994,op4645476
op4659996,op4636627
op4659999,op4636627
op4660011,op4647103
op4660013,op4644567
op4660829,op4641399
op4660915,op6461
op4660676,op4663324
op4661485,op4639146
op4661575,op4640961
op4661575,op4636638
op4661575,op4636639
op4661576,op4647906
op4661486,op4659015
op4662092,op4637782
op4662093,op4651822
op4661938,op77956
op4661941,op4638503
op4661941,op4657616
op4669391,op4669510
op4669391,op4637782
op4669391,op4641956
op4669391,op4641354
op4669391,op4651822
op4669391,op4588363
op4669391,op4639470
op4669392,op4637778
op4669467,op4682200
op4669467,op4657682
op4669468,op4675938
op4669469,op4683675
op4669470,op4686869
op4669471,op4671756
op4669471,op4639454
op4669472,op4690958
op4669474,op4682207
op4669474,op4641336
op4669475,op4682208
op4669475,op4588363
op4669475,op4637812
op4669555,op4644567
op4669556,op4659170
op4669556,op4644567
op4669556,op4657047
op4669556,op4641399
op4669557,op4636638
op4669476,op4675853
op4669476,op4651822
op4669476,op4650013
op4669560,op4653007
op4669562,op4651429
op4669478,op4671763
op4669478,op4641336
op4669479,op4677975
op4669479,op4657682
op4669480,op4682138
op4669481,op4663178
op4669481,op4650013
op4669482,op4675859
op4669483,op4675953
op4669484,op4675861
op4669485,op4669366
op4669486,op4665204
op4669486,op4637778
op4669487,op4684871
op4669487,op4650017
op4669488,op4671773
op4669489,op4675959
op4669490,op4673472
op4669490,op4641926
op4669491,op4677913
op4669491,op4641336
op4669661,op4644567
op4669492,op4665098
op4669492,op4657682
op4669493,op4663190
op4669663,op4644567
op4669663,op4639693
op4669494,op4655740
op4669495,op4669376
op4669496,op4655813
op4669496,op4650013
op4669497,op4665215
op4669497,op4651742
op4669498,op4667142
op4669499,op4667215
op4669500,op4657734
op4669500,op4651822
op4670307,op4661486
op4669501,op4655818
op4669502,op4657657
op4669502,op4650017
op4669503,op4655820
op4669504,op4651850
op4669505,op4673487
op4669506,op4665224
op4669920,op51528
op4669507,op4650002
op4669508,op4665114
op4669509,op4653423
op4670334,op63260
op4669510,op4655755
op4669510,op4637782
op4669510,op4641956
op4669510,op4641354
op4669510,op4651822
op4669510,op4588363
op4669510,op4639470
op4669511,op4637778
op4670115,op4653557
op4670622,op4638596
op4670623,op4638402
op4671570,op27242
op4672065,op4670445
op4672065,op4638867
op4672067,op4644567
op4671037,op4661341
op4671037,op4669126
op4672097,op34445
op4672106,op36489
op4672324,op4672376
op4671749,op4688831
op4671749,op4650017
op4671749,op4639453
op4671750,op4673446
op4671750,op4537660
op4671006,op4671038
op4671751,op4673448
op4671013,op4664572
op4671014,op4661321
op4671753,op4675938
op4671754,op4683675
op4671755,op4686869
op4671756,op4639454
op4671757,op4690958
op4671759,op4682207
op4671759,op4641336
op4671636,op4652400
op4671760,op4682208
op4671760,op4588363
op4671760,op4637812
op4671761,op4675853
op4671761,op4651822
op4671761,op4650013
op4671270,op4664806
op4671270,op4636667
op4671762,op4673459
op4671762,op4646844
op4671762,op4657682
op4671762,op4646877
op4671763,op4675855
op4671763,op4641336
op4672130,op4537937
op4671764,op4677975
op4671764,op4657682
op4671765,op4682138
op4671766,op4663178
op4671766,op4650013
op4671767,op4675859
op4671768,op4675953
op4671769,op4675861
op4671770,op4669366
op4671771,op4665204
op4671771,op4637778
op4671772,op4684871
op4671772,op4650017
op4671773,op4675958
op4672167,op34445
op4671774,op4675959
op4671775,op4673472
op4671775,op4641926
op4671776,op4677913
op4671776,op4641336
op4671777,op4665098
op4671777,op4657682
op4671779,op4655740
op4671780,op4669376
op4672228,op11186
op4671781,op4655813
op4671781,op4650013
op4671782,op4665215
op4671782,op4651742
op4671783,op4667142
op4671785,op4657734
op4671785,op4651822
op4671786,op4655818
op4671787,op4657657
op4671787,op4650017
op4671788,op4655820
op4671789,op4651850
op4671790,op4673487
op4671791,op4665224
op4671793,op4665114
op4671794,op4653423
op4672532,op4639146
op4671795,op4669391
op4671795,op4637782
op4671795,op4641956
op4671795,op4641354
op4671795,op4651822
op4671795,op4588363
op4671795,op4639470
op4671796,op4637778
op4672642,op4646844
op4672642,op4648139
op4672642,op4657682
op4672642,op4646877
op4672642,op4677975
op4672644,op4639454
op4672645,op4637812
op4672647,op4637787
op4672649,op4657682
op4672330,op4673797
op4672330,op4636627
op4672330,op4636729
op4672330,op4641400
op4672650,op4655763
op4672650,op4641354
op4672663,op4639454
op4672664,op4637812
op4672352,op4644567
op4672352,op4651938
op4672352,op4651429
op4672352,op4655900
op4672352,op4641399
op4672354,op4672516
op4672354,op4637312
op4672354,op4666875
op4672354,op4643577
op4672358,op4642608
op4672358,op4658416
op4672359,op4673603
op4671888,op4667296
op4671889,op4644567
op4672376,op4672324
op4671892,op4651432
op4672425,op4644567
op4672426,op4644567
op4672428,op4644567
op4672516,op4672354
op4672516,op4637312
op4672516,op4666875
op4672516,op4643577
op4672519,op4651994
op4672519,op4644567
op4672841,op4504420
op4672846,op1072893
op4673436,op36489
op4673438,op36489
op4674129,op4673472
op4674129,op4641926
op4673386,op77956
op4674130,op4677913
op4674130,op4641336
op4673444,op4694556
op4673444,op4646877
op4673445,op4688831
op4673445,op4650017
op4673445,op4639453
op4674131,op4665098
op4674131,op4657682
op4673134,op77956
op4674133,op4655740
op4673446,op4693641
op4673446,op4537660
op4674134,op4669376
op4673448,op4675936
op4673948,op2715933
op4674135,op4655813
op4674135,op4650013
op4674137,op4667142
op4674138,op4667215
op4674139,op4657734
op4674139,op4651822
op4673449,op4682200
op4673449,op4657682
op4673450,op4675938
op4673955,op2715933
op4673451,op4683675
op4674140,op4655818
op4674141,op4657657
op4674141,op4650017
op4673786,op27242
op4673452,op4686869
op4673787,op65383
op4673787,op64229
op4674142,op4655820
op4673789,op36489
op4673453,op4671756
op4673453,op4639454
op4673454,op4690958
op4674143,op4651850
op4674144,op4673487
op4673456,op4682207
op4673456,op4641336
op4673414,op4663324
op4674145,op4665224
op4673797,op4672330
op4673797,op4636627
op4673797,op4636729
op4673797,op4641400
op4673416,op4661485
op4674146,op4650002
op4674147,op4665114
op4674148,op4653423
op4673458,op4675853
op4673458,op4651822
op4673458,op4650013
op4673423,op4653559
op4673459,op4682617
op4673459,op4646844
op4673459,op4657682
op4673459,op4646877
op4673188,op4637301
op4673189,op4647868
op4674149,op4669510
op4674149,op4637782
op4674149,op4641956
op4674149,op4641354
op4674149,op4651822
op4674149,op4588363
op4674149,op4639470
op4673460,op4671763
op4673460,op4641336
op4674150,op77956
op4673192,op4648311
op4673194,op4648311
op4674526,op4644567
op4674526,op4651938
op4674526,op4665666
op4673461,op4677975
op4673461,op4657682
op4674528,op4637307
op4673198,op4651106
op4673462,op4682138
op4674529,op4652206
op4673463,op4663178
op4673463,op4650013
op4674530,op4645441
op4674531,op4645658
op4674531,op4651566
op4673464,op4675859
op4674533,op4660391
op4674533,op4668152
op4673465,op4675953
op4673466,op4675861
op4674179,op75622
op4673467,op4669366
op4673468,op4665204
op4673468,op4637778
op4673218,op4652203
op4673219,op4641858
op4673469,op4684871
op4673469,op4650017
op4673879,op4673900
op4673220,op4645196
op4673220,op4640228
op4673220,op4652203
op4673223,op4644567
op4673223,op4667722
op4673470,op4671773
op4673880,op4673947
op4673471,op4675959
op4673472,op4667206
op4673472,op4641926
op4673473,op4677913
op4673473,op4641336
op4673474,op4665098
op4673474,op4657682
op4674575,op4638744
op4673476,op4655740
op4673477,op4669376
op4674204,op4657046
op4674206,op4647869
op4674771,op4639454
op4674773,op4639453
op4674773,op4653513
op4674774,op4639567
op4674774,op4639453
op4674774,op4646880
op4673274,op4644567
op4673478,op4655813
op4673478,op4650013
op4674969,op4636667
op4674969,op4665677
op4674969,op4638867
op4674969,op4658948
op4673479,op4665215
op4673479,op4651742
op4674214,op4651940
op4673480,op4667142
op4673481,op4667215
op4674776,op4639454
op4673482,op4657734
op4673482,op4651822
op4674777,op4637812
op4674778,op4540268
op4673483,op4655818
op4673484,op4657657
op4673484,op4650017
op4673485,op4655820
op4674618,op203495
op4673486,op4651850
op4673487,op4655655
op4674033,op4661943
op4674033,op4643215
op4675734,op195859
op4673488,op4665224
op4673489,op4650002
op4673490,op4665114
op4675238,op77881
op4673491,op4653423
op4675121,op65383
op4675247,op4657618
op4673492,op4669510
op4673492,op4637782
op4673492,op4641956
op4673492,op4641354
op4673492,op4651822
op4673492,op4588363
op4673492,op4639470
op4676437,op167149
op4675250,op4638867
op4675250,op4636667
op4675252,op4668152
op4675252,op4638743
op4674821,op4636627
op4674821,op4672330
op4674821,op4636729
op4674821,op4641400
op4674059,op27194
op4674230,op4661942
op4674230,op4661943
op4676656,op4682207
op4676656,op4671763
op4676657,op4651726
op4676658,op4637812
op4676658,op4665204
op4675835,op4686767
op4676659,op4639453
op4676659,op4639454
op4676659,op4653513
op4674097,op4686767
op4675836,op4693636
op4675836,op4651726
op4674098,op4675836
op4674098,op4651726
op4675837,op4698652
op4675837,op4657682
op4675837,op4646844
op4676674,op4639453
op4676674,op4639454
op4676674,op4653513
op4675301,op69229
op4675838,op4686860
op4676676,op4639453
op4676676,op4653513
op4674099,op4698652
op4674099,op4657682
op4674099,op4646844
op4675306,op4650836
op4675929,op4675836
op4675929,op4651726
op4674100,op4675838
op4675839,op4694556
op4675839,op4646877
op4675840,op4688831
op4675840,op4650017
op4675840,op4639453
op4675841,op4673446
op4675841,op4537660
op4674101,op4694556
op4674101,op4646877
op4674102,op4688831
op4674102,op4650017
op4674102,op4639453
op4675930,op4698652
op4675930,op4657682
op4675930,op4646844
op4674103,op4673446
op4674103,op4537660
op4675931,op4675838
op4675843,op4673448
op4674105,op4673448
op4675932,op4694556
op4675932,op4646877
op4675934,op4673446
op4675934,op4537660
op4675936,op4673448
op4675844,op4682200
op4675844,op4657682
op4675845,op4675938
op4675846,op4683675
op4674106,op4682200
op4674106,op4657682
op4674107,op4675938
op4674108,op4683675
op4675847,op4686869
op4674109,op4686869
op4675848,op4671756
op4675848,op4639454
op4676517,op4656001
op4676517,op4645193
op4674110,op4671756
op4674110,op4639454
op4675849,op4690958
op4675937,op4682200
op4675937,op4657682
op4675938,op4682126
op4676519,op4641858
op4676519,op4660388
op4674111,op4690958
op4675939,op4683675
op4675851,op4682207
op4675851,op4641336
op4674113,op4682207
op4674113,op4641336
op4675940,op4686869
op4675432,op203495
op4675941,op4671756
op4675941,op4639454
op4675942,op4690958
op4675852,op4682208
op4675852,op4588363
op4675852,op4637812
op4675944,op4682207
op4675944,op4641336
op4674114,op4682208
op4674114,op4588363
op4674114,op4637812
op4674646,op4636660
op4675853,op4690962
op4675853,op4651822
op4675853,op4650013
op4674115,op4675853
op4674115,op4651822
op4674115,op4650013
op4675854,op4673459
op4675854,op4646844
op4675854,op4657682
op4675854,op4646877
op4674116,op4673459
op4674116,op4646844
op4674116,op4657682
op4674116,op4646877
op4675945,op4682208
op4675945,op4588363
op4675945,op4637812
op4675855,op4671763
op4675855,op4641336
op4674117,op4671763
op4674117,op4641336
op4675946,op4675853
op4675946,op4651822
op4675946,op4650013
op4675856,op4677975
op4675856,op4657682
op4674118,op4677975
op4674118,op4657682
op4675458,op28428
op4675947,op4673459
op4675947,op4646844
op4675947,op4657682
op4675947,op4646877
op4675857,op4682138
op4674119,op4682138
op4675858,op4663178
op4675858,op4650013
op4674120,op4663178
op4674120,op4650013
op4675948,op4671763
op4675948,op4641336
op4674669,op3158927
op4674674,op38572
op4675859,op4665088
op4674121,op4675859
op4675860,op4675953
op4674122,op4675953
op4675949,op4677975
op4675949,op4657682
op4675861,op4663181
op4674123,op4675861
op4675950,op4682138
op4675951,op4663178
op4675951,op4650013
op4674683,op4639454
op4675862,op4669366
op4667192,op4651822
op4667192,op4650013
op4667193,op4673459
op4667193,op4646844
op4667193,op4657682
op4667193,op4646877
op4667194,op4671763
op4667194,op4641336
op4667195,op4677975
op4667195,op4657682
op4667036,op4655813
op4667036,op4650013
op4667038,op4667142
op4667196,op4682138
op4667039,op4667215
op4667197,op4663178
op4667197,op4650013
op4667040,op4657734
op4667040,op4651822
op4667198,op4675859
op4667041,op4655818
op4667200,op4675861
op4667042,op4657657
op4667042,op4650017
op4667043,op4655820
op4667044,op4651850
op4667045,op4673487
op4667046,op4665224
op4667206,op4673472
op4667206,op4641926
op4667047,op4650002
op4667207,op4677913
op4667207,op4641336
op4667048,op4665114
op4667049,op4653423
op4667208,op4665098
op4667208,op4657682
op4667210,op4655740
op4667211,op4669376
op4667050,op4669510
op4667050,op4637782
op4667050,op4641956
op4667050,op4641354
op4667050,op4651822
op4667050,op4588363
op4667050,op4639470
op4667051,op4637778
op4667054,op4655759
op4667212,op4655813
op4667212,op4650013
op4667213,op4665215
op4667213,op4651742
op4667214,op4667142
op4667215,op4667039
op4667055,op4650049
op4667216,op4657734
op4667216,op4651822
op4667217,op4655818
op4667218,op4657657
op4667218,op4650017
op4667219,op4655820
op4667080,op848682
op4667220,op4651850
op4667221,op4673487
op4667222,op4665224
op4668516,op38572
op4667223,op4650002
op4667224,op4665114
op4667225,op4653423
op4667226,op4669510
op4667226,op4637782
op4667226,op4641956
op4667226,op4641354
op4667226,op4651822
op4667226,op4588363
op4667226,op4639470
op4667227,op4637778
op4667116,op4690958
op4667118,op4682207
op4667118,op4641336
op4667119,op4682208
op4667119,op4588363
op4667119,op4637812
op4667120,op4675853
op4667120,op4651822
op4667120,op4650013
op4667121,op4673459
op4667121,op4646844
op4667121,op4657682
op4667121,op4646877
op4667122,op4671763
op4667122,op4641336
op4668934,op74438
op4667123,op4677975
op4667123,op4657682
op4667124,op4682138
op4667125,op4663178
op4667125,op4650013
op4669333,op4666913
op4667126,op4675859
op4667127,op4675953
op4667128,op4675861
op4669345,op42933
op4669126,op4664573
op4669126,op4661350
op4669126,op4661341
op4669351,op4686869
op4669352,op4671756
op4669352,op4639454
op4669353,op4690958
op4669355,op4682207
op4669355,op4641336
op4667353,op38572
op4669356,op4682208
op4669356,op4588363
op4669356,op4637812
op4667354,op65020
op4669357,op4675853
op4669357,op4651822
op4669357,op4650013
op4669358,op4673459
op4669358,op4646844
op4669358,op4657682
op4669358,op4646877
op4669359,op4671763
op4669359,op4641336
op4669360,op4677975
op4669360,op4657682
op4669361,op4682138
op4670137,op4644567
op4670137,op4651938
op4670137,op4651429
op4670137,op4641399
op4669362,op4663178
op4669362,op4650013
op4670145,op4654178
op4670145,op4647123
op4669363,op4675859
op4669364,op4675953
op4669365,op4675861
op4670157,op77956
op4669366,op4674124
op4669367,op4665204
op4669367,op4637778
op4670169,op4637500
op4669368,op4684871
op4669368,op4650017
op4669369,op4671773
op4669370,op4675959
op4669371,op4673472
op4669371,op4641926
op4667678,op167149
op4669372,op4677913
op4669372,op4641336
op4669375,op4655740
op4669376,op4665213
op4670445,op4672065
op4670445,op4638867
op4669377,op4655813
op4669377,op4650013
op4669378,op4665215
op4669378,op4651742
op4669379,op4667142
op4669380,op4667215
op4667704,op162985
op4669381,op4657734
op4669381,op4651822
op4668803,op4667708
op4669382,op4655818
op4667708,op4668803
op4669383,op4657657
op4669383,op4650017
op4670505,op78267
op4669384,op4655820
op4670518,op4661941
op4667723,op4644265
op4669385,op4651850
op4669386,op4673487
op4669387,op4665224
op4669388,op4650002
op4669389,op4665114
op4669390,op4653423
op4674124,op4669366
op4674684,op4637812
op4675952,op4675859
op4675863,op4665204
op4675863,op4637778
op4674125,op4665204
op4674125,op4637778
op4675953,op4669364
op4675954,op4675861
op4674126,op4684871
op4674126,op4650017
op4675864,op4684871
op4675864,op4650017
op4674127,op4671773
op4675865,op4671773
op4675866,op4675959
op4674128,op4675959
op4675956,op4665204
op4675956,op4637778
op4675867,op4673472
op4675867,op4641926
op4675957,op4684871
op4675957,op4650017
op4675868,op4677913
op4675868,op4641336
op4675958,op4671773
op4675959,op4669370
op4675960,op4673472
op4675960,op4641926
op4675869,op4665098
op4675869,op4657682
op4675871,op4655740
op4675961,op4677913
op4675961,op4641336
op4675872,op4669376
op4676415,op4647119
op4675543,op4673896
op4675543,op2715934
op4676416,op4644567
op4676416,op4665668
op4676416,op4651938
op4676416,op4651429
op4676416,op4655460
op4676416,op4651994
op4676416,op4655900
op4676417,op4648025
op4675962,op4665098
op4675962,op4657682
op4675964,op4655740
op4675965,op4669376
op4675873,op4655813
op4675873,op4650013
op4675874,op4665215
op4675874,op4651742
op4675875,op4667142
op4675876,op4667215
op4675877,op4657734
op4675877,op4651822
op4675878,op4655818
op4675879,op4657657
op4675879,op4650017
op4675966,op4655813
op4675966,op4650013
op4675967,op4665215
op4675967,op4651742
op4675590,op74438
op4675968,op4667142
op4675969,op4667215
op4675880,op4655820
op4675970,op4657734
op4675970,op4651822
op4675881,op4651850
op4675971,op4655818
op4675882,op4673487
op4675972,op4657657
op4675972,op4650017
op4675883,op4665224
op4675973,op4655820
op4675974,op4651850
op4675975,op4673487
op4675648,op4657045
op4675976,op4665224
op4675649,op4636637
op4675925,op4680291
op4675925,op4637812
op4675926,op4690942
op4675927,op4684841
op4675927,op4641923
op4675928,op4686767
op4676159,op47624
op4676608,op4639453
op4676608,op4653513
op4676228,op4638631
op4676856,op4706585
op4676856,op4706581
op4677002,op883959
op4677033,op887102
op808423,op50946
op808423,op32156
op4677278,op4644567
op4677281,op4644567
op4677281,op4645268
op4678061,op4644567
op4678061,op4655896
op4678778,op209923
op4677561,op4512992
op4678785,op4653513
op4678785,op4641919
op4678788,op4651730
op4678788,op4655740
op4678794,op4639453
op4678794,op4653513
op4677474,op36489
op4677508,op4652399
op4677509,op4639147
op4678703,op42925
op4677511,op4652400
op4678710,op4639453
op4678710,op4639454
op4678710,op4653513
op4678712,op4639453
op4678712,op4653513
op4677636,op4667372
op4677663,op4706581
op4677775,op4680291
op4677775,op4637812
op4677776,op4690942
op4678494,op4644567
op4678494,op4651938
op4678494,op4651429
op4678494,op4665666
op4678494,op4655900
op4677777,op4684841
op4677777,op4641923
op4677778,op4686767
op4678497,op4645441
op4678497,op4647089
op4678498,op4661843
op4678498,op4647078
op4678498,op4654620
op4678498,op4638867
op4678498,op4667733
op4678498,op4671270
op4678498,op4664806
op4678498,op4640228
op4678498,op4648460
op4678498,op4669559
op4678499,op4659541
op4677779,op4675836
op4677779,op4651726
op4677684,op4543471
op4677684,op4663259
op4678515,op77978
op4678516,op77978
op4677780,op4698652
op4677780,op4657682
op4677780,op4646844
op4677781,op4675838
op4677782,op4694556
op4677782,op4646877
op4677783,op4688831
op4677783,op4650017
op4677783,op4639453
op4677784,op4673446
op4677784,op4537660
op4677786,op4673448
op4677787,op4682200
op4677787,op4657682
op4677788,op4675938
op4677859,op849116
op4677789,op4683675
op4677790,op4686869
op4677791,op4671756
op4677791,op4639454
op4677792,op4690958
op4677794,op4682207
op4677794,op4641336
op4677877,op4680291
op4677877,op4637812
op4677878,op4690942
op4677879,op4684841
op4677879,op4641923
op4677795,op4682208
op4677795,op4588363
op4677795,op4637812
op4677880,op4686767
op4679316,op75394
op4679323,op77956
op4677796,op4675853
op4677796,op4651822
op4677796,op4650013
op4677797,op4673459
op4677797,op4646844
op4677797,op4657682
op4677797,op4646877
op4677798,op4671763
op4677798,op4641336
op4677882,op4698652
op4677882,op4657682
op4677882,op4646844
op4677883,op4675838
op4677799,op4677975
op4677799,op4657682
op4677800,op4682138
op4677884,op4694556
op4677884,op4646877
op4677801,op4663178
op4677801,op4650013
op4677885,op4688831
op4677885,op4650017
op4677885,op4639453
op4677886,op4673446
op4677886,op4537660
op4677802,op4675859
op4677803,op4675953
op4677804,op4675861
op4677888,op4673448
op4677805,op4669366
op4677806,op4665204
op4677806,op4637778
op4679969,op77956
op4679969,op74438
op4677807,op4684871
op4677807,op4650017
op4677889,op4682200
op4677889,op4657682
op4677891,op4683675
op4677814,op4655740
op4677815,op4669376
op4678949,op4679052
op4677901,op4677975
op4677901,op4657682
op4677822,op4657657
op4677822,op4650017
op4677902,op4682138
op4679342,op4636723
op4679343,op4640108
op4677903,op4663178
op4677903,op4650013
op4677904,op4675859
op4677905,op4675953
op4677906,op4675861
op4677907,op4669366
op4677908,op4665204
op4677908,op4637778
op4677909,op4684871
op4677909,op4650017
op4677910,op4671773
op4677911,op4675959
op4677912,op4673472
op4677912,op4641926
op4677913,op4667207
op4677913,op4641336
op4677914,op4665098
op4677914,op4657682
op4677916,op4655740
op4677917,op4669376
op4679427,op156859
op4677918,op4655813
op4677918,op4650013
op4677919,op4665215
op4677919,op4651742
op4677920,op4667142
op4677921,op4667215
op4677922,op4657734
op4677922,op4651822
op4677923,op4655818
op4677924,op4657657
op4677924,op4650017
op4678341,op46725
op4680074,op4659541
op4680074,op4641399
op4680080,op4641613
op4680277,op4653559
op4680283,op36489
op4679034,op202370
op4679049,op77956
op4680429,op4677975
op4680429,op4657682
op4680330,op4655740
op4679052,op4678949
op4680331,op4669376
op4680430,op4682138
op4680431,op4663178
op4680431,op4650013
op4680432,op4675859
op4680288,op4684836
op4680288,op4637782
op4680288,op4641336
op4680288,op4646844
op4680288,op4648139
op4680433,op4675953
op4680434,op4675861
op4680290,op4693631
op4680290,op4651822
op4681633,op4682834
op4681633,op4667288
op4680332,op4655813
op4680332,op4650013
op4680333,op4665215
op4680333,op4651742
op4680435,op4669366
op4681637,op4667723
op4681637,op4644265
op4680436,op4665204
op4680436,op4637778
op4680437,op4684871
op4680437,op4650017
op4680438,op4671773
op4680439,op4675959
op4680291,op4684839
op4680291,op4637812
op4680292,op4690942
op4680440,op4673472
op4680440,op4641926
op4679104,op4646771
op4680293,op4684841
op4680293,op4641923
op4680441,op4677913
op4680441,op4641336
op4680294,op4686767
op4681257,op4661942
op4680295,op4675836
op4680295,op4651726
op4680442,op4665098
op4680442,op4657682
op4680444,op4655740
op4680445,op4669376
op4680296,op4698652
op4680296,op4657682
op4680296,op4646844
op4680297,op4675838
op4680298,op4694556
op4680298,op4646877
op4680446,op4655813
op4680446,op4650013
op4680299,op4688831
op4680299,op4650017
op4680299,op4639453
op4680447,op4665215
op4680447,op4651742
op4680300,op4673446
op4680300,op4537660
op4680302,op4673448
op4681491,op4657618
op4681492,op4639149
op4680303,op4682200
op4680303,op4657682
op4680304,op4675938
op4681338,op25898
op4681506,op4674668
op4680305,op4683675
op4680306,op4686869
op4680397,op4691043
op4680398,op4688911
op4680307,op4671756
op4680307,op4639454
op4682270,op78267
op4680308,op4690958
op4680399,op4683655
op4680399,op4646880
op4680399,op4651730
op4680399,op4639453
op4680310,op4682207
op4680310,op4641336
op4680400,op4682183
op4680400,op4655813
op4680400,op4651730
op4680401,op4683657
op4680401,op4646880
op4680311,op4682208
op4680311,op4588363
op4680311,op4637812
op4682629,op4675959
op4680312,op4675853
op4680312,op4651822
op4680312,op4650013
op4682630,op4673472
op4682630,op4641926
op4680313,op4673459
op4680313,op4646844
op4680313,op4657682
op4680313,op4646877
op4682631,op4677913
op4682631,op4641336
op4680971,op4667427
op4680971,op4644567
op4680971,op4651938
op4680971,op4651429
op4680971,op4665666
op4680971,op4655900
op4680314,op4671763
op4680314,op4641336
op4681410,op4706585
op4680402,op4684836
op4680402,op4637782
op4680402,op4641336
op4680402,op4646844
op4680402,op4648139
op4680977,op4667285
op4682832,op4678012
op4680315,op4677975
op4680315,op4657682
op4682632,op4665098
op4682632,op4657682
op4682833,op4646127
op4680316,op4682138
op4680317,op4663178
op4680317,op4650013
op4682834,op4681633
op4682834,op4667288
op4680404,op4693631
op4680404,op4651822
op4682835,op4644567
op4680318,op4675859
op4680319,op4675953
op4680320,op4675861
op4680321,op4669366
op4680405,op4680291
op4680405,op4637812
op4680527,op4641613
op4680527,op4660443
op4680406,op4690942
op4680322,op4665204
op4680322,op4637778
op4681012,op4644567
op4680407,op4684841
op4680407,op4641923
op4681013,op4640228
op4681013,op4664806
op4681014,op4642772
op4680323,op4684871
op4680323,op4650017
op4680408,op4686767
op4680324,op4671773
op4680325,op4675959
op4680409,op4675836
op4680409,op4651726
op4680326,op4673472
op4680326,op4641926
op4682861,op4642102
op4680327,op4677913
op4680327,op4641336
op4680410,op4698652
op4680410,op4657682
op4680410,op4646844
op4682864,op4644567
op4682864,op4651938
op4682864,op4655900
op4680411,op4675838
op4682865,op4636707
op4680328,op4665098
op4680328,op4657682
op4682867,op4651971
op4682868,op4663251
op4682870,op4671270
op4682870,op4664806
op4680412,op4694556
op4680412,op4646877
op4680413,op4688831
op4680413,op4650017
op4680413,op4639453
op4680414,op4673446
op4680414,op4537660
op4680530,op4646068
op4680416,op4673448
op4680533,op4669623
op4680534,op4645442
op4680534,op4644567
op4683650,op4688812
op4683650,op4641923
op4683650,op4639567
op4683451,op4667427
op4683453,op4673271
op4683453,op4653693
op4683651,op4693622
op4680417,op4682200
op4680417,op4657682
op4680418,op4675938
op4683456,op4670224
op4680419,op4683675
op4680541,op4653788
op4683652,op4702386
op4683652,op4669366
op4683652,op4673448
op4683652,op4639454
op4683652,op4641919
op4680420,op4686869
op4683653,op4691043
op4683653,op4682593
op4683654,op4688911
op4683463,op4661854
op4680421,op4671756
op4680421,op4639454
op4680422,op4690958
op4683655,op4688912
op4683655,op4646880
op4683655,op4651730
op4683655,op4639453
op2788632,op42925
op4680424,op4682207
op4680424,op4641336
op4683656,op4682183
op4683656,op4655813
op4683656,op4651730
op4683657,op4704038
op4683657,op4646880
op4680425,op4682208
op4680425,op4588363
op4680425,op4637812
op4680426,op4675853
op4680426,op4651822
op4680426,op4650013
op4680427,op4673459
op4680427,op4646844
op4680427,op4657682
op4680427,op4646877
op4680428,op4671763
op4680428,op4641336
op4683506,op4654271
op4683506,op4658369
op4683506,op4641399
op4683658,op4684836
op4683658,op4637782
op4683658,op4641336
op4683658,op4646844
op4683658,op4648139
op4683660,op4693631
op4683660,op4651822
op4683661,op4680291
op4683661,op4637812
op4682542,op77956
op4683662,op4690942
op4683663,op4684841
op4683663,op4641923
op4683664,op4686767
op4683665,op4675836
op4683665,op4651726
op4683666,op4698652
op4683666,op4657682
op4683666,op4646844
op4682568,op4682577
op4683668,op4694556
op4683668,op4646877
op4682577,op4682568
op4683670,op4673446
op4683670,op4537660
op4682584,op4688812
op4682584,op4641923
op4682584,op4639567
op4681796,op4642775
op4682585,op4693622
op4681799,op28428
op4683672,op4673448
op28442,op26075
op4682586,op4702386
op4682586,op4669366
op4682586,op4673448
op4682586,op4639454
op4682586,op4641919
op4682587,op4691043
op4682587,op4682593
op4682588,op4688911
op4683673,op4682200
op4683673,op4657682
op4683674,op4675938
op4682589,op4683655
op4682589,op4646880
op4682589,op4651730
op4682589,op4639453
op4683675,op4673451
op4682590,op4682183
op4682590,op4655813
op4682590,op4651730
op4683676,op4686869
op4683677,op4671756
op4683677,op4639454
op4683678,op4690958
op4683680,op4682207
op4683680,op4641336
op4682592,op4684836
op4682592,op4637782
op4682592,op4641336
op4682592,op4646844
op4682592,op4648139
op4683681,op4682208
op4683681,op4588363
op4683681,op4637812
op4682594,op4693631
op4682594,op4651822
op4683682,op4675853
op4683682,op4651822
op4683682,op4650013
op4683683,op4673459
op4683683,op4646844
op4683683,op4657682
op4683683,op4646877
op4683684,op4671763
op4683684,op4641336
op4682595,op4680291
op4682595,op4637812
op4683685,op4677975
op4683685,op4657682
op4682596,op4690942
op4682597,op4684841
op4682597,op4641923
op4683686,op4682138
op4683687,op4663178
op4683687,op4650013
op4682598,op4686767
op4682599,op4675836
op4682599,op4651726
op4683688,op4675859
op4683689,op4675953
op4683690,op4675861
op4683691,op4669366
op4682600,op4698652
op4682600,op4657682
op4682600,op4646844
op4682601,op4675838
op4683692,op4665204
op4683692,op4637778
op4683693,op4684871
op4683693,op4650017
op4682602,op4694556
op4682602,op4646877
op4683694,op4671773
op4682603,op4688831
op4682603,op4650017
op4682603,op4639453
op4683695,op4675959
op4682604,op4673446
op4682604,op4537660
op4683697,op4671756
op4682606,op4673448
op37091,op28170
op4682607,op4682200
op4682607,op4657682
op4682608,op4675938
op4682609,op4683675
op4644979,op895363
op4682610,op4686869
op4682611,op4671756
op4682611,op4639454
op4682612,op4690958
op4682614,op4682207
op4682614,op4641336
op4682615,op4682208
op4682615,op4588363
op4682615,op4637812
op4682616,op4675853
op4682616,op4651822
op4682616,op4650013
op4682617,op4673459
op4682617,op4646844
op4682617,op4657682
op4682617,op4646877
op4682618,op4671763
op4682618,op4641336
op4682619,op4677975
op4682619,op4657682
op4682620,op4682138
op4682621,op4663178
op4682621,op4650013
op4682622,op4675859
op4682623,op4675953
op4682624,op4675861
op4681615,op76190
op4682625,op4669366
op4682626,op4665204
op4682626,op4637778
op4682627,op4684871
op4682627,op4650017
op4682628,op4671773
op4682129,op4671756
op4682129,op4639454
op4682130,op4690958
op4682132,op4682207
op4682132,op4641336
op4682133,op4682208
op4682133,op4588363
op4682133,op4637812
op4682134,op4675853
op4682134,op4651822
op4682134,op4650013
op4682134,op4682616
op4682135,op4673459
op4682135,op4646844
op4682135,op4657682
op4682135,op4646877
op4682136,op4671763
op4682136,op4641336
op4682137,op4677975
op4682137,op4657682
op4682138,op4671765
op4683950,op38572
op4683951,op27038
op4682139,op4663178
op4682139,op4650013
op4682140,op4675859
op4684345,op4659014
op4684345,op4658145
op4684345,op4677510
op4682141,op4675953
op4682142,op4675861
op4682143,op4669366
op4684355,op47624
op4682144,op4665204
op4682144,op4637778
op4682145,op4684871
op4682145,op4650017
op4682146,op4671773
op4682147,op4675959
op4682148,op4673472
op4682148,op4641926
op4682149,op4677913
op4682149,op4641336
op4682150,op4665098
op4682150,op4657682
op4682153,op4669376
op4682154,op4655741
op4682154,op4650013
op4682155,op4665215
op4682155,op4651742
op4684406,op4650831
op4684406,op4539751
op4684406,op4650832
op4684406,op4650880
op4684407,op4661352
op4684407,op4650842
op4684407,op4650877
op4682177,op4688812
op4682177,op4641923
op4682177,op4639567
op4682178,op4693622
op4682463,op65383
op4682179,op4702386
op4682179,op4669366
op4682179,op4673448
op4682179,op4639454
op4682179,op4641919
op4682180,op4691043
op4682181,op4688911
op4682182,op4683655
op4682182,op4646880
op33877,op10024
op4682182,op4651730
op4682182,op4639453
op4682183,op4682590
op4682183,op4655813
op4682183,op4651730
op4682184,op4696778
op4682184,op4646880
op4682185,op4684836
op4682185,op4637782
op4682185,op4641336
op4682185,op4646844
op4682185,op4648139
op4682186,op4686852
op4682187,op4693631
op4682187,op4651822
op4682363,op4673900
op4682363,op4673894
op4682188,op4680291
op4682188,op4637812
op4682189,op4690942
op4682191,op4686767
op4682193,op4698652
op4682193,op4657682
op4682193,op4646844
op4684129,op4643945
op4682194,op4675838
op4682195,op4694556
op4682195,op4646877
op4682196,op4688831
op4682196,op4650017
op4682196,op4639453
op4682197,op4673446
op4682197,op4537660
op4683373,op64208
op4682199,op4673448
op4682200,op4677889
op4684571,op4639163
op4686576,op4644570
op4684834,op4682183
op4684834,op4655813
op4684834,op4651730
op4686753,op4688812
op4686753,op4641923
op4686753,op4639567
op4684574,op4644196
op4686754,op4693622
op4684835,op4696778
op4684835,op4646880
op4689434,op4661859
op4686389,op162985
op4686755,op4702386
op4686755,op4669366
op4686755,op4673448
op4686755,op4639454
op4686755,op4641919
op4687745,op75998
op4686756,op4691043
op4686757,op4688911
op4686092,op4647870
op4685796,op4661256
op4685796,op4638867
op4685796,op4644146
op4685796,op4664806
op4687569,op4644567
op4687569,op4665674
op4686400,op42925
op4685199,op51528
op4686758,op4683655
op4686758,op4646880
op4686758,op4651730
op4686758,op4639453
op4688929,op4673448
op4685800,op4539011
op4684836,op4693629
op4684836,op4637782
op4684836,op4641336
op4684836,op4646844
op4684836,op4648139
op4686759,op4682183
op4686759,op4655813
op4686759,op4651730
op4684838,op4693631
op4684838,op4651822
op4685406,op4644567
op4685406,op4651938
op4685406,op4651429
op4685406,op4655900
op4685406,op4667427
op4685407,op4636653
op4685407,op4644567
op4689740,op4689396
op4686760,op4696778
op4686760,op4646880
op4688441,op4656086
op4688441,op4639145
op4690237,op75622
op4690237,op75998
op4689046,op4639693
op4689046,op4648026
op4689046,op4667427
op4688930,op4682200
op4688930,op4657682
op4685409,op4645926
op4685409,op4645138
op4688931,op4675938
op4688446,op4657618
op4688932,op4683675
op4684839,op4680291
op4684839,op4637812
op4688619,op4653005
op4688449,op4656086
op4688449,op4643954
op4685414,op4678498
op4685414,op4669559
op4684840,op4690942
op4685415,op4640107
op4688933,op4686869
op4685416,op4675172
op4685416,op4664182
op4685416,op4672841
op4688620,op4641610
op4684841,op4680407
op4684841,op4641923
op4688934,op4671756
op4688934,op4639454
op4685417,op4645443
op4684842,op4686767
op4686761,op4684836
op4686761,op4637782
op4686761,op4641336
op4686761,op4646844
op4686761,op4648139
op4688622,op4677568
op4690929,op4702383
op4690929,op4655847
op4690929,op4639453
op4688935,op4690958
op4688654,op4656321
op4685418,op4653692
op4685418,op4643581
op4690930,op4688812
op4690930,op4641923
op4690930,op4639567
op4689159,op4667427
op4689159,op4644567
op4684843,op4675836
op4684843,op4651726
op4688937,op4682207
op4688937,op4641336
op4689062,op172192
op4691862,op4685410
op4686763,op4693631
op4686763,op4651822
op4688788,op75656
op4691029,op4692903
op4690931,op4693622
op4684825,op4688809
op4684825,op4690958
op4684825,op4641923
op4688789,op4658146
op4691030,op4704021
op4691030,op4655847
op4691030,op4682616
op4688655,op4655517
op4691863,op4650198
op4684826,op4655763
op4691031,op4696859
op4691031,op4686869
op4690731,op4645443
op4690731,op4662815
op4690731,op4664806
op4690731,op4654620
op4690731,op4644146
op4684844,op4698652
op4684844,op4657682
op4684844,op4646844
op4684827,op4702383
op4684827,op4655847
op4684827,op4639453
op4691032,op4651726
op4691032,op4675836
op4690932,op4702386
op4690932,op4669366
op4690932,op4673448
op4690932,op4639454
op4690932,op4641919
op4688938,op4682208
op4688938,op4588363
op4688938,op4637812
op4684845,op4675838
op4690933,op4691043
op4684828,op4688812
op4684828,op4641923
op4684828,op4639567
op4690934,op4688911
op4686764,op4680291
op4686764,op4637812
op4686765,op4690942
op4688939,op4675853
op4688939,op4651822
op4688939,op4650013
op4684846,op4694556
op4684846,op4646877
op4686766,op4684841
op4686766,op4641923
op4684847,op4688831
op4684847,op4650017
op4684847,op4639453
op4690935,op4683655
op4690935,op4646880
op4690935,op4651730
op4690935,op4639453
op4688940,op4673459
op4688940,op4646844
op4688940,op4657682
op4688940,op4646877
op4684848,op4673446
op4684848,op4537660
op4686767,op4686857
op4690936,op4682183
op4690936,op4655813
op4690936,op4651730
op4688941,op4671763
op4688941,op4641336
op4690732,op4636667
op4690733,op4662817
op4686768,op4675836
op4686768,op4651726
op4684850,op4673448
op4688942,op4677975
op4688942,op4657682
op4689090,op36489
op4690937,op4683657
op4690937,op4646880
op4691763,op4642950
op4691763,op4648105
op4691763,op4647073
op4691765,op4647867
op4688943,op4682138
op4692453,op4650826
op4692453,op4664572
op4692453,op4674562
op4688945,op77956
op4686769,op4698652
op4686769,op4657682
op4686769,op4646844
op4686770,op4675838
op4692830,op4704021
op4692830,op4655847
op4692830,op4675853
op4684851,op4682200
op4684851,op4657682
op4684852,op4675938
op4684853,op4683675
op4686771,op4694556
op4686771,op4646877
op4692831,op4691031
op4692831,op4686869
op4686772,op4688831
op4686772,op4650017
op4686772,op4639453
op4690938,op4684836
op4690938,op4637782
op4690938,op4641336
op4690938,op4646844
op4690938,op4648139
op39222,op23904
op223731,op77956
op4692832,op4651726
op4692832,op4675836
op4686773,op4673446
op4686773,op4537660
op4684854,op4686869
op4692244,op4677636
op4692244,op4667372
op4692244,op4684165
op4689119,op4640725
op4692651,op47928
op4690940,op4693631
op4690940,op4651822
op4691930,op4691153
op4686775,op4673448
op4684856,op4690958
op4684858,op4682207
op4684858,op4641336
op4690941,op4680291
op4690941,op4637812
op4690942,op4677776
op4686776,op4682200
op4686776,op4657682
op4686777,op4675938
op4692519,op4661324
op4692519,op4661345
op4690943,op4684841
op4690943,op4641923
op4686778,op4683675
op4684859,op4682208
op4684859,op4588363
op4684859,op4637812
op4692669,op4672844
op4690944,op4686767
op4686779,op4686869
op4684860,op4675853
op4684860,op4651822
op4684860,op4650013
op4690945,op4675836
op4690945,op4651726
op4692531,op4673598
op4692531,op4636636
op4686780,op4671756
op4686780,op4639454
op4693629,op4684836
op4693629,op4637782
op4693629,op4641336
op4693629,op4646844
op4693629,op4648139
op4692680,op4648311
op4684861,op4673459
op4684861,op4646844
op4684861,op4657682
op4684861,op4646877
op4686781,op4690958
op4693843,op4706585
op4684862,op4671763
op4684862,op4641336
op4692526,op4671271
op4692526,op4641610
op4686783,op4682207
op4686783,op4641336
op4692930,op4698652
op4692930,op4657682
op4692930,op4646844
op4690946,op4698652
op43104,op36489
op4690946,op4657682
op4690946,op4646844
op4693631,op4688822
op4693631,op4651822
op4684863,op4677975
op4684863,op4657682
op4692931,op4675838
op4684864,op4682138
op4684865,op4663178
op4684865,op4650013
op4692932,op4694556
op4692932,op4646877
op4692824,op4692897
op4692933,op4688831
op4692933,op4650017
op4692933,op4639453
op4686784,op4682208
op4686784,op4588363
op4686784,op4637812
op4692934,op4673446
op4692934,op4537660
op4684866,op4675859
op4684867,op4675953
op4693632,op4680291
op4693632,op4637812
op4692826,op4692900
op4692826,op4665114
op4692826,op4650013
op4684868,op4675861
op4693633,op4690942
op4686785,op4675853
op4686785,op4651822
op4686785,op4650013
op4693634,op4684841
op4693634,op4641923
op4693635,op4686767
op4686786,op4673459
op4686786,op4646844
op4686786,op4657682
op4686786,op4646877
op4684869,op4669366
op4692828,op4705985
op4684870,op4665204
op4684870,op4637778
op4686787,op4671763
op4686787,op4641336
op4693636,op4675836
op4693636,op4651726
op4684871,op4650017
op4686788,op4677975
op4686788,op4657682
op4684872,op4671773
op4694529,op4691031
op4694529,op4686869
op4693052,op4541412
op4684873,op4675959
op4686789,op4682138
op4694530,op4651726
op4694530,op4675836
op4693053,op4693054
op4686790,op4663178
op4686790,op4650013
op4692937,op4682200
op4692937,op4657682
op4692938,op4675938
op4693637,op4698652
op4693637,op4657682
op4693637,op4646844
op4694630,op4692900
op4694630,op4665114
op4694630,op4650013
op4693054,op4693053
op4693054,op4661868
op4693054,op4660483
op4692939,op4683675
op4686791,op4675859
op4686792,op4675953
op4686793,op4675861
op4692940,op4686869
op4693530,op4692897
op4693531,op4696852
op4693058,op4660483
op4693058,op4494584
op4692203,op162331
op36482,op28764
op4692941,op4671756
op4692941,op4639454
op4694632,op4705985
op4692207,op4636638
op4692942,op4690958
op4693533,op4692900
op4693533,op4665114
op4693533,op4650013
op4694633,op4692903
op4694634,op4704021
op4694634,op4655847
op4694634,op4675853
op39260,op26075
op4694635,op4691031
op4694635,op4686869
op4693535,op4705985
op4695236,op4660827
op4694636,op4651726
op4694636,op4675836
op4693536,op4692903
op4695244,op34430
op4693537,op4704021
op4693537,op4655847
op4693537,op4675853
op4694344,op4673226
op4693991,op4651106
op4695249,op210072
op4693538,op4691031
op4693538,op4686869
op4693539,op4651726
op4693539,op4675836
op4695252,op4689397
op4694347,op4664806
op4694347,op4671270
op4693092,op4640228
op4693092,op4639693
op4693092,op4648026
op4693092,op4667427
op4693092,op4683451
op4693092,op4685029
op4694013,op64524
op4693540,op4705990
op4693540,op4655847
op4693540,op4650013
op4693540,op4651730
op4694432,op4685716
op4693827,op71485
op4694351,op4651431
op4694433,op4541412
op4693541,op4696862
op4693541,op4650013
op4693097,op4650198
op4684915,op4636631
op4695266,op4640228
op4695266,op4681013
op4695266,op4644146
op4693542,op4700786
op4694025,op36489
op4684920,op4644567
op4684920,op4655900
op4695641,op4682368
op4694419,op4695722
op4695642,op4641858
op4684922,op4637235
op4684922,op4639552
op202482,op201454
op4696584,op4636637
op4696584,op4644567
op4696584,op4673593
op4696065,op4644567
op4693115,op36489
op4696069,op4640727
op4696585,op4655460
op4696585,op4645926
op4696585,op4641398
op4696071,op4674992
op4696071,op4648309
op4693543,op4704124
op4693543,op4641919
op4693543,op4651742
op4693543,op4537660
op4693543,op4639453
op4693543,op4637812
op4693544,op4688809
op4693544,op4690958
op4693544,op4641923
op4696591,op4666874
op4696189,op4648809
op4693545,op4655763
op4693546,op4702383
op4693546,op4655847
op4693546,op4639453
op4696599,op27242
op4693547,op4688812
op4693547,op4641923
op4693547,op4639567
op4696842,op4698652
op4696842,op4694556
op4693548,op4693622
op4695722,op4694419
op4693550,op4691043
op4693551,op4688911
op4696347,op210072
op4696708,op4672842
op4696709,op4644570
op4697018,op29319
op4693552,op4683655
op4693552,op4646880
op4693552,op4651730
op4693552,op4639453
op4693553,op4682183
op4693553,op4655813
op4693553,op4651730
op4696851,op4692897
op4696716,op75998
op4693554,op4683657
op4693554,op4646880
op4696854,op4692900
op4696854,op4665114
op4696854,op4650013
op4694521,op4692897
op4694522,op4696852
op4694524,op4692900
op4694524,op4665114
op4694524,op4650013
op4696856,op4705985
op4696857,op4692903
op4696858,op4704021
op4696858,op4655847
op4696858,op4675853
op4694526,op4705985
op4693555,op4684836
op4693555,op4637782
op4693555,op4641336
op4693555,op4646844
op4693555,op4648139
op4696859,op4691031
op4696859,op4686869
op4694527,op4692903
op4694528,op4704021
op4694528,op4655847
op4694528,op4675853
op4696860,op4651726
op4696860,op4675836
op4693557,op4693631
op4693557,op4651822
op4697174,op4678958
op4693558,op4680291
op4693558,op4637812
op4693559,op4690942
op4693560,op4684841
op4693560,op4641923
op4693561,op4686767
op4693562,op4675836
op4693562,op4651726
op4693563,op4698652
op4693563,op4657682
op4693563,op4646844
op4693564,op4675838
op4693566,op4688831
op4693566,op4650017
op4693566,op4639453
op4697217,op4644567
op4697217,op4672067
op4693570,op4682200
op4693570,op4657682
op4693572,op4683675
op4698530,op4692900
op4698530,op4665114
op4698530,op4650013
op4693573,op4686869
op4693574,op4671756
op4693574,op4639454
op4697987,op4643156
op4698532,op4705985
op4693575,op4690958
op4697800,op4638403
op4698533,op4692903
op4698534,op4704021
op4698534,op4655847
op4698534,op4675853
op4693580,op4682207
op4693580,op4671763
op4698535,op4691031
op4698535,op4686869
op4698536,op4651726
op4698536,op4675836
op4693582,op4651822
op4693585,op4655813
op4698537,op4705990
op4698537,op4655847
op4698537,op4650013
op4698537,op4651730
op4698629,op4705990
op4698629,op4655847
op4698629,op4650013
op4698629,op4651730
op4698397,op36489
op4698538,op4696862
op4698538,op4650013
op4698630,op4696862
op4698630,op4650013
op4698157,op4669073
op4698631,op4700786
op4698539,op4700786
op4698250,op4682379
op4693604,op4692897
op4693605,op4696852
op4698251,op4661259
op4698251,op4651429
op4693607,op4692900
op4693607,op4665114
op4693607,op4650013
op4698255,op4655459
op4698255,op4684922
op4698473,op4684649
op4698540,op4704124
op4698540,op4641919
op4698540,op4651742
op4698540,op4537660
op4698540,op4639453
op4698540,op4637812
op4698632,op4704124
op4698632,op4641919
op4698632,op4651742
op4698632,op4537660
op4698632,op4639453
op4698632,op4637812
op4697883,op4645922
op4697883,op4641399
op4693609,op4705985
op4697885,op4669556
op4697885,op4657047
op4697885,op4644567
op4698541,op4688809
op4698541,op4690958
op4698541,op4641923
op4698633,op4688809
op4698633,op4690958
op4698633,op4641923
op4697887,op4662522
op4693610,op4692903
op4699429,op4639453
op4699429,op4669366
op4698542,op4655763
op4698634,op4655763
op4693611,op4704021
op4693611,op4655847
op4693611,op4675853
op4698543,op4702383
op4698543,op4655847
op4698543,op4639453
op4698635,op4702383
op4698635,op4655847
op4698635,op4639453
op4699434,op4669510
op4699434,op4637812
op4693612,op4691031
op4693612,op4686869
op4698544,op4688812
op4698544,op4641923
op4698544,op4639567
op4699435,op4639453
op4698636,op4688812
op4698636,op4641923
op4698636,op4639567
op4693613,op4651726
op4693613,op4675836
op4698545,op4688813
op4698637,op4688813
op4693614,op4705990
op4693614,op4655847
op4693614,op4650013
op4693614,op4651730
op4699437,op4642951
op4698755,op4645926
op4698755,op4671885
op4693615,op4696862
op4693615,op4650013
op4698546,op4702386
op4698546,op4669366
op4698546,op4673448
op4698546,op4639454
op4698546,op4641919
op4698907,op61739
op4698756,op4674211
op4698756,op4680531
op4698756,op4646068
op4698638,op4702386
op4698638,op4669366
op4698638,op4673448
op4698638,op4639454
op4698638,op4641919
op4698547,op4691043
op4698639,op4691043
op4698548,op4688911
op4698640,op4688911
op4698505,op65020
op4699140,op4670144
op4699140,op4680724
op4698757,op4680530
op4693616,op4700786
op4698758,op4684922
op4698758,op4639552
op4698761,op4537673
op4698761,op4675655
op4698761,op4678067
op4698549,op4683655
op4698549,op4646880
op4698549,op4651730
op4698549,op4639453
op4698641,op4683655
op4698641,op4646880
op4698641,op4651730
op4698641,op4639453
op4699145,op4636646
op4699110,op4650412
op4699110,op4658369
op4698764,op43281
op4698550,op4682183
op4698550,op4655813
op4698550,op4651730
op4698642,op4682183
op4698642,op4655813
op4698642,op4651730
op4699150,op4688204
op4699150,op4648310
op4699114,op4660389
op4699114,op4675284
op4699114,op4658416
op4698551,op4683657
op4698551,op4646880
op4698643,op4683657
op4698643,op4646880
op4693617,op4704124
op4693617,op4641919
op4693617,op4651742
op4693617,op4537660
op4693617,op4639453
op4693617,op4637812
op4693618,op4688809
op4693618,op4690958
op4693618,op4641923
op4693619,op4655763
op4693620,op4702383
op4693620,op4655847
op4693620,op4639453
op4693621,op4688812
op4693621,op4641923
op4693621,op4639567
op4698552,op4684836
op4698552,op4637782
op4698552,op4641336
op4698552,op4646844
op4698552,op4648139
op4698644,op4684836
op4698644,op4637782
op4698644,op4641336
op4698644,op4646844
op4698644,op4648139
op4693622,op4688813
op4698646,op4693631
op4698646,op4651822
op4698554,op4693631
op4698554,op4651822
op4698518,op4698652
op4698518,op4694556
op4693623,op4702386
op4693623,op4669366
op4693623,op4673448
op4693623,op4639454
op4693623,op4641919
op4693624,op4691043
op4698807,op4663254
op4698807,op4645994
op4698807,op4670624
op4698808,op4666720
op4698808,op4648463
op4699208,op4665711
op4699651,op4689967
op4700531,op4672841
op4700531,op4504420
op4698810,op4645442
op4698810,op4683454
op4698555,op4680291
op4698555,op4637812
op4698647,op4680291
op4698647,op4637812
op4693626,op4683655
op4682200,op4657682
op4682201,op4675938
op4684164,op4645920
op4682202,op4683675
op4682203,op4686869
op4682204,op4671756
op4682204,op4639454
op4682205,op4690958
op4682207,op4667118
op4682207,op4641336
op4682208,op4588363
op4682208,op4637812
op4682209,op4675853
op4682209,op4651822
op4682209,op4650013
op4682210,op4673459
op4682210,op4646844
op4682210,op4657682
op4682210,op4646877
op4682211,op4671763
op4682211,op4641336
op4682212,op4677975
op4682212,op4657682
op4682213,op4682138
op4682214,op4663178
op4682214,op4650013
op4682215,op4675859
op4682216,op4675953
op4682217,op4675861
op4682218,op4669366
op4682219,op4665204
op4682219,op4637778
op4682220,op4684871
op4682220,op4650017
op4682221,op4671773
op4682222,op4675959
op4682223,op4673472
op4682223,op4641926
op4682224,op4677913
op4682224,op4641336
op4682225,op4665098
op4682225,op4657682
op4682227,op4665215
op4682227,op4651742
op4685030,op4665361
op4687141,op36489
op4685032,op4648024
op4685034,op4639694
op4684829,op4693622
op4686438,op4650834
op4687729,op4686869
op4687534,op4661301
op4684830,op4702386
op4684830,op4669366
op4684830,op4673448
op4684830,op4639454
op4684830,op4641919
op4685630,op4646844
op4685630,op4682207
op4685630,op4671763
op4684566,op4659654
op64819,op43281
op4684831,op4691043
op64821,op43281
op4684832,op4688911
op4684567,op4636667
op4684567,op4664806
op64840,op63260
op45558,op28170
op4686750,op4688809
op4686750,op4690958
op4686750,op4641923
op4687733,op4646844
op4687733,op4682207
op4687733,op4671763
op4685634,op4537660
op4685634,op4655847
op4686838,op4700786
op4685536,op4659015
op4686751,op4655763
op4683341,op4658371
op4684568,op4644567
op4688239,op43281
op4684833,op4683655
op4684833,op4646880
op4684833,op4651730
op4684833,op4639453
op4686752,op4702383
op4686752,op4655847
op4686752,op4639453
op4693626,op4646880
op4693626,op4651730
op4693626,op4639453
op4698556,op4690942
op4698648,op4690942
op4698815,op4682371
op4699210,op4676517
op4699211,op4663773
op4699211,op4667722
op4693627,op4682183
op4693627,op4655813
op4693627,op4651730
op4699655,op4684035
op4698649,op4684841
op4698649,op4641923
op4698557,op4684841
op4698557,op4641923
op4698558,op4686767
op4698650,op4686767
op4699965,op4639127
op4699965,op4663771
op4699965,op4677080
op4699966,op4700120
op4693628,op4683657
op4693628,op4646880
op4699968,op4665295
op4700395,op4645926
op4700395,op4675650
op4700396,op4657398
op4698559,op4675836
op4698559,op4651726
op4698651,op4675836
op4698651,op4651726
op4699970,op4665290
op4698527,op4692897
op4698528,op4696852
op4700287,op4643945
op4702431,op4643945
op4701852,op4701395
op4701852,op4645922
op4702830,op77956
op4702432,op4652203
op4699975,op4700013
op4698652,op4692856
op4698652,op4657682
op4698652,op4646844
op4699319,op4669510
op4699319,op4637812
op4698560,op4698652
op4698560,op4657682
op4698560,op4646844
op4699977,op4700158
op4699978,op4640098
op4699979,op4673198
op4698653,op4675838
op4700757,op4650013
op4702436,op4644567
op4702436,op4677281
op4699320,op4639453
op4699980,op4703477
op4699980,op4643945
op4698654,op4638746
op4698654,op4690314
op4700758,op4705964
op4700758,op4646877
op4700758,op4655820
op4702439,op4644567
op4702439,op4677281
op4699982,op4645112
op4700661,op4675836
op4700120,op4699966
op4700122,op4537676
op4700123,op4651432
op4700123,op4671892
op4700126,op4540268
op4700662,op4704002
op4700662,op4669510
op4700662,op4637787
op4700662,op4655813
op4700662,op4646880
op4702864,op4654177
op4702864,op4685414
op4702864,op4644567
op4702864,op4654179
op4700128,op4698473
op4701539,op4706581
op4701539,op4706585
op4701539,op4666797
op4704129,op4688813
op4702540,op4639552
op4700663,op4704003
op4700663,op4665204
op4700663,op4651730
op4703437,op76190
op4703237,op4027632
op4700158,op4699977
op4703238,op4656781
op4703933,op4644567
op4704130,op4702386
op4704130,op4669366
op4704130,op4673448
op4704130,op4639454
op4704130,op4641919
op4703758,op4643157
op4700763,op4704003
op4700763,op4665204
op4700763,op4651730
op4704131,op4691043
op4704132,op4688911
op4703762,op4660443
op4700664,op4684871
op4700664,op4650032
op4700664,op4680291
op4704342,op4651434
op4704343,op4653005
op4704030,op4702383
op4704030,op4655847
op4704030,op4639453
op50946,op32156
op4703256,op75472
op4704031,op4688812
op4704031,op4641923
op4704031,op4639567
op4704133,op4683655
op4704133,op4646880
op4704133,op4651730
op4704133,op4639453
op4704349,op4641618
op4700764,op4684871
op4700764,op4650032
op4700764,op4680291
op4703476,op4703596
op4703476,op4640871
op4703476,op4651107
op4703477,op4699980
op4703477,op4643945
op4704032,op4688813
op4704134,op4682183
op4704134,op4655813
op4704134,op4651730
op4704635,op4656005
op4704635,op4678613
op4700665,op4698652
op4700665,op4694556
op4704135,op4683657
op4704135,op4646880
op4703146,op4702088
op4700765,op4698652
op4700765,op4694556
op4704033,op4702386
op4704033,op4669366
op4704033,op4673448
op4704033,op4639454
op4704033,op4641919
op4704034,op4691043
op4701437,op170071
op4703596,op4703476
op4703596,op4640871
op4703596,op4651107
op4703964,op4669584
op4704035,op4688911
op4702032,op4671007
op4700013,op4699975
op4701441,op75998
op4702033,op4684407
op4702033,op4671009
op4705533,op4682363
op4702036,op4661321
op4702038,op4538334
op4704036,op4683655
op4704036,op4646880
op4704036,op4651730
op4704036,op4639453
op4700172,op4644567
op4700172,op4639693
op4700172,op4648026
op4700172,op4669663
op4700172,op4683451
op4700172,op4689046
op4700172,op4691180
op4700172,op4693092
op4704037,op4682183
op4704037,op4655813
op4704037,op4651730
op4702150,op4638136
op4700175,op4639695
op4700674,op4692897
op4700176,op4672067
op4700176,op4669663
op4700176,op4689159
op4700675,op4696852
op4704038,op4696778
op4704038,op4646880
op4705829,op4702383
op4705829,op4655847
op4705829,op4639453
op4702153,op4641399
op4700677,op4692900
op4700677,op4665114
op4700677,op4650013
op4705830,op4688812
op4705830,op4641923
op4705830,op4639567
op4700774,op4692897
op4700775,op4696852
op4702154,op4655459
op4702154,op4682371
op4702154,op4639161
op4705831,op4693622
op4700777,op4692900
op4700777,op4665114
op4700777,op4650013
op4700679,op4705985
op4704944,op4682512
op4705832,op4702386
op4705832,op4669366
op4705832,op4673448
op4705832,op4639454
op4705832,op4641919
op4700680,op4692903
op4700779,op4705985
op4700681,op4704021
op4700681,op4655847
op4700681,op4675853
op4700780,op4692903
op4700682,op4691031
op4700682,op4686869
op4701487,op73576
op4700781,op4704021
op4700781,op4655847
op4700781,op4675853
op4700683,op4651726
op4700683,op4675836
op4700782,op4691031
op4700782,op4686869
op201531,op76172
op4702349,op4693631
op4700783,op4651726
op4700783,op4675836
op4700684,op4705990
op4700684,op4655847
op4700684,op4650013
op4700684,op4651730
op4702350,op4650013
op67497,op14852
op67497,op62938
op4700685,op4696862
op4700685,op4650013
op4702351,op4705964
op4702351,op4646877
op4702351,op4655820
op4702087,op4673879
op4702087,op4673900
op4702087,op4682363
op4702087,op4673894
op4702352,op4673446
op67062,op77574
op4702088,op4703146
op4700686,op4700786
op4702353,op4704097
op4702353,op4653423
op4702354,op4675836
op4702250,op195859
op4702179,op43281
op4702181,op36015
op4702181,op69229
op4702355,op4704002
op4702355,op4669510
op4702355,op4637787
op4702355,op4655813
op4702355,op4646880
op4701518,op4697218
op4700687,op4704124
op4700687,op4641919
op4700687,op4651742
op4700687,op4537660
op4700687,op4639453
op4700687,op4637812
op4702356,op4665204
op4702356,op4651730
op4700688,op4688809
op4700688,op4690958
op4700688,op4641923
op4700689,op4655763
op4706030,op4664807
op4702272,op4705964
op4702272,op4646877
op4702272,op4655820
op69884,op66456
op4706031,op4644570
op4700690,op4702383
op4700690,op4655847
op4700690,op4639453
op4706032,op4694350
op4702357,op4684871
op4702357,op4650032
op4702357,op4680291
op4706883,op4661256
op4706883,op4675649
op4705397,op4644567
op4703194,op4706581
op4703194,op4706585
op4700691,op4688812
op4700691,op4641923
op4700691,op4639567
op4702274,op4704097
op4702274,op4653423
op4700692,op4693622
op4698694,op4666515
op4702275,op4675836
op4706036,op4664813
op4706036,op4662814
op4706036,op4651426
op4702217,op4655541
op4702358,op4698652
op4702358,op4694556
op4700693,op4702386
op4700693,op4669366
op60603,op11186
op4700693,op4673448
op4700693,op4639454
op4700693,op4641919
op4702276,op4704002
op4702276,op4669510
op4702276,op4637787
op4702276,op4655813
op4702276,op4646880
op4700694,op4691043
op4700695,op4688911
op4702277,op4665204
op4702277,op4651730
op4700696,op4683655
op4700696,op4646880
op4700696,op4651730
op4700696,op4639453
op4700697,op4682183
op4700697,op4655813
op4700697,op4651730
op4706994,op4698477
op4706995,op4698477
op4706995,op4644265
op4706999,op4659543
op4702278,op4684871
op4702278,op4650032
op4702278,op4680291
op4700698,op4696778
op4700698,op4646880
op4702367,op4692897
op4702368,op4696852
op4702279,op4698652
op4702279,op4694556
op4702370,op4692900
op4702370,op4665114
op4702370,op4650013
op4700699,op4684836
op4700699,op4637782
op4700699,op4641336
op4700699,op4646844
op4700699,op4648139
op4702372,op4705985
op4700701,op4693631
op4700701,op4651822
op4702373,op4692903
op4702374,op4704021
op4702374,op4655847
op4702374,op4675853
op4702375,op4691031
op4702375,op4686869
op4702376,op4651726
op4702376,op4675836
op4702288,op4692897
op4702289,op4696852
op4700702,op4680291
op4700702,op4637812
op4700703,op4690942
op4702291,op4692900
op4702291,op4665114
op4702291,op4650013
op4702377,op4705990
op4702377,op4655847
op4702377,op4650013
op4702377,op4651730
op4700704,op4684841
op4700704,op4641923
op4702378,op4696862
op4702378,op4650013
op4705309,op4674647
op4702293,op4705985
op4702379,op4700786
op4702294,op4692903
op4702295,op4704021
op4702295,op4655847
op4702295,op4675853
op4702296,op4691031
op4702296,op4686869
op4702297,op4651726
op4702297,op4675836
op4702380,op4704124
op4702380,op4641919
op4702380,op4651742
op4702380,op4537660
op4702380,op4639453
op4702380,op4637812
op4702381,op4688809
op4702381,op4690958
op4702381,op4641923
op4702382,op4655763
op4702383,op4696770
op4702383,op4655847
op4702383,op4639453
op4702384,op4688812
op4702384,op4641923
op4702384,op4639567
op4702385,op4693622
op4702386,op4688909
op4702386,op4669366
op4702386,op4673448
op4702386,op4639454
op4702386,op4641919
op4702388,op4688911
op4702389,op4683655
op4702389,op4646880
op4702389,op4651730
op4702389,op4639453
op4702390,op4682183
op4702390,op4655813
op4702390,op4651730
op4702391,op4683657
op4702391,op4646880
op4702392,op4684836
op4702392,op4637782
op4702392,op4641336
op4702392,op4646844
op4702392,op4648139
op4702394,op4693631
op4702394,op4651822
op4702395,op4684921
op4702395,op4644567
op4702395,op4692990
op62455,op75998
op1036489,op4339555
op4880921,op4661343
op4880921,op4650883
op4880921,op4650881
op4881028,op4657612
op4881028,op4541413
op4881029,op4660482
op4880951,op4637315
op4880953,op4645926
op4882594,op196327
op4880954,op4664813
op4880960,op4697800
op57428,op33403
op57468,op75998
op61811,op75998
op61888,op43281
op2716175,op64229
op70023,op30547
op70618,op26128
op69327,op61739
op70150,op66456
op6113260,op4696585
op6113260,op4644193
op6113262,op4690314
op6113263,op4666874
op6113266,op4680078
op6113267,op4636628
op6113472,op69269
op6113066,op74438
op6113518,op4705964
op6113518,op4641336
op6113518,op4655820
op6113521,op4693631
op6113257,op4677511
op6113259,op4700396
op6113522,op4675836
op6113522,op4705964
op6113522,op4673459
op6113606,op4671889
op6113606,op4678061
op6113523,op4691031
op6113523,op4637812
op6113523,op4682138
op6113524,op4680291
op6113527,op4650017
op6113527,op4688831
op6113529,op4653513
op6113530,op4655763
op6113530,op4637812
op6113531,op4637787
op6113531,op4655813
op6113531,op4650013
op6113532,op4651730
op6113533,op4637812
op6113654,op4643583
op6113654,op4644567
op6113654,op4682835
op175428,op65383
op217048,op67497
op217048,op64208
op68197,op47928
op66617,op75903
op64229,op52286
op68684,op64229
op68725,op66456
op2676984,op36489
op2676984,op70869
op4471271,op4501248
op4563205,op77881
op4563290,op62317
op4331647,op11692
op18270,op10024
op4340520,op70654
op4339875,op4339532
op4339875,op4339079
op4339875,op4339555
op4340399,op162319
op4501168,op163224
op4501248,op4471271
op4339449,op162319
op4340833,op162319
op4335828,op162319
op4330586,op70654
op4646873,op4644551
op4646864,op4562887
op4646865,op4639524
op4646869,op4537660
op4646867,op4588342
op4646866,op4644544
op4588292,op848682
op4588320,op849116
op4647976,op196503
op4647978,op76369
op4648142,op4644545
op4648123,op4641918
op4648117,op4646842
op4648127,op4637769
op4648126,op4639510
op4648124,op4641919
op4648143,op4588343
op4648120,op4644408
op4648148,op4562907
op4648118,op4641989
op4648121,op4639563
op4648144,op4639448
op4648119,op4641990
op4649960,op4639582
op4649961,op4644429
op4649959,op4639581
op4649958,op4639442
op4650011,op4641916
op4650020,op4637772
op4650010,op4649940
op4650017,op4639511
op4650006,op4644519
op4650021,op4588331
op4650014,op4644527
op4650012,op4639506
op4650022,op4642003
op4650028,op4471290
op4650009,op4641915
op4650029,op4637781
op4650019,op4641319
op4650015,op4639509
op4650024,op4639438
op4650008,op4641914
op4650013,op4644526
op4650016,op4588326
op4650025,op4639439
op4650035,op4639587
op4650007,op4648117
op4650048,op4648116
op4650058,op4641997
op4650063,op4642002
op4650074,op4639526
op4650056,op4641314
op4650070,op4639580
op4650052,op4650010
op4650050,op4646843
op4650073,op4639583
op4650064,op4639574
op4650054,op4644525
op4650057,op4644528
op4650057,op4503232
op4650055,op4641994
op4650060,op4641923
op4650075,op4639527
op4650059,op4641922
op4650062,op4641320
op4650053,op4644524
op4650049,op4646842
op4650291,op895363
op4650502,op4650501
op4650502,op4650500
op4650501,op4650502
op4650501,op4650500
op4650500,op4650501
op4650500,op4650502
op4639445,op4637783
op4639535,op4540850
op4639511,op4588327
op4639539,op4540857
op4639510,op4588326
op4639564,op4639506
op4639569,op4639431
op4639565,op4639507
op4639563,op4639505
op4639567,op4639509
op4639566,op4639508
op4639568,op4639430
op4651742,op4637780
op4651744,op4588340
op4651743,op4639523
op4651801,op4644523
op4651803,op4644410
op4651816,op4641325
op4651805,op4641995
op4651817,op4644424
op4651802,op4646846
op4651812,op4641321
op4651815,op4588334
op4651823,op4639584
op4651818,op4642008
op4651811,op4641925
op4651800,op4644522
op4651804,op4639565
op4651807,op4644529
op4651822,op4639525
op4651806,op4644413
op4651799,op4648118
op4651808,op4644530
op4651809,op4641318
op4651810,op4641924
op4651882,op4588338
op4651885,op4639445
op4651883,op4588339
op4340772,op4340062
op4337793,op162319
op4537555,op4537454
op4539280,op4501245
op4539761,op4538334
op4539760,op4538333
op4653450,op4639522
op4653517,op4639564
op4653527,op4644420
op4653516,op4639563
op4653524,op4644532
op4653513,op4641914
op4653512,op4648117
op4653511,op4648116
op4653518,op4648123
op4653515,op4649940
op4653526,op4639573
op4653514,op4650051
op4653522,op4639569
op4653525,op4588330
op4653523,op4644531
op4653520,op4639567
op4653521,op4639430
op4653584,op4653499
op4653587,op4653418
op4653586,op4651788
op4653612,op4644534
op4653606,op4648125
op4653614,op4642004
op4653608,op4646852
op4653605,op4648124
op4653600,op4650009
op4653598,op4650049
op4653599,op4650050
op4653588,op4651851
op4653585,op4641998
op4653617,op4639578
op4653611,op4644418
op4653603,op4648122
op4653602,op4650011
op4653613,op4637774
op4653619,op4641328
op4653601,op4650052
op4653607,op4646851
op4653610,op4588329
op4653597,op4650006
op4658582,op36489
op4658578,op27038
op4659603,op4635480
op4664200,op43281
op4664201,op36489
op4665201,op4663180
op4665224,op4653589
op4665215,op4665103
op4665198,op4665086
op4665218,op4657655
op4665218,op4650031
op4665216,op4653581
op4665204,op4665092
op4665204,op4637778
op4665227,op4655754
op4665219,op4653499
op4665219,op4469210
op4665200,op4665088
op4665200,op4650066
op4665205,op4665093
op4665205,op4655675
op4665222,op4655749
op4665222,op4540851
op4665220,op4657657
op4665220,op4648127
op4665209,op4657725
op4665217,op4655744
op4665213,op4657650
op4665210,op4657726
op4665210,op4639447
op4665214,op4657730
op4665214,op4651804
op4665207,op4665095
op4665195,op4665083
op4665195,op4641915
op4665195,op4637771
op4665195,op4637793
op4665194,op4639565
op4665196,op4665084
op4665196,op4588346
op4665206,op4665094
op4665203,op4665091
op4665199,op4665087
op4665199,op4641994
op4665225,op4655752
op4665212,op4655740
op4665197,op4665085
op4665197,op4644417
op4665211,op4663190
op4665208,op4657724
op4665208,op4650063
op4665226,op4655753
op4665202,op4665090
op4665221,op4653500
op4665373,op77978
op4666257,op2812403
op4337408,op162319
op4668808,op36489
op4336273,op162319
op4336288,op162319
op4339516,op4339079
op4339555,op4339079
op4339673,op162319
op4673915,op4538888
op4673914,op4673943
op4636523,op2812403
op4677304,op204047
op4677966,op4673452
op4677963,op4641924
op4677970,op4673456
op4677970,op4644434
op4677951,op4675925
op4677971,op4669475
op4677958,op4675932
op4677956,op4675837
op4677956,op4651810
op4677956,op4663214
op4677953,op4675927
op4677953,op4650060
op4677968,op4674111
op4677950,op4637783
op4677967,op4673453
op4677967,op4641945
op4677955,op4674098
op4677955,op4540968
op4677955,op4655837
op4639286,op36489
op4677959,op4673445
op4677959,op4655842
op4677959,op4639453
op4677949,op4677876
op4677960,op4674103
op4677965,op4675939
op4677961,op4674104
op4677954,op4675835
op4677952,op4675926
op4677948,op4651744
op4677948,op4639528
op4677948,op4644522
op4677948,op4651878
op4678114,op4658145
op4678105,op4661943
op4638558,op222098
op4639580,op4637780
op4681169,op4637798
op4681166,op4671755
op4681164,op4644439
op4638767,op77956
op4640788,op43281
op4640792,op69229
op4640791,op36489
op4641380,op222098
op4641959,op4637806
op4641994,op4641313
op4641997,op4639568
op4642006,op4588335
op4641992,op4639563
op4641989,op4641914
op4641990,op4641915
op4641998,op4637769
op4641996,op4641315
op4642002,op4639515
op4641995,op4641314
op4642008,op4639521
op4641993,op4641312
op4642003,op4639574
op4642001,op4637772
op4642694,op26626
op4644523,op4644408
op4644521,op4641914
op4644525,op4641312
op4644522,op4641990
op4644524,op4641311
op4644527,op4641314
op4644526,op4641994
op4682121,op4677885
op4682121,op4641998
op4682121,op4644552
op4682124,op4675936
op4682128,op4675940
op4682126,op4675938
op4682123,op4677887
op4682125,op4674106
op4682119,op4677883
op4682127,op4674108
op4682120,op4674101
op4682120,op4639518
op4682122,op4673446
op4682365,op4681223
op4685628,op4644522
op4685628,op4669478
op4685628,op4671764
op4687094,op4656087
op4687094,op4677507
op4689018,op4644569
op4689017,op4667296
op4689023,op4542306
op4689537,op4640866
op4690313,op4636636
op4690313,op4679342
op4701585,op886217
op4701595,op69229
op4691058,op4677782
op4691058,op4644537
op4691034,op4690924
op4691034,op4651727
op4691055,op4682117
op4691055,op4644435
op4691055,op4639506
op4691057,op4682119
op4691045,op4682589
op4691045,op4641345
op4691045,op4650058
op4691045,op4644552
op4691056,op4682118
op4691056,op4651810
op4691056,op4649939
op4691041,op4682103
op4691043,op4690933
op4691043,op4684837
op4691064,op4674107
op4691035,op4688807
op4691052,op4683662
op4691026,op4650042
op4691026,op4651804
op4691039,op4688811
op4691039,op4655680
op4691037,op4688809
op4691037,op4688840
op4691037,op4639570
op4691053,op4683663
op4691053,op4650060
op4691059,op4677783
op4691059,op4641317
op4691059,op4648149
op4691047,op4686760
op4691047,op4642026
op4691050,op4677950
op4691048,op4680402
op4691048,op4641935
op4691048,op4639450
op4691048,op4650034
op4691048,op4646844
op4691048,op4650071
op4691048,op4655849
op4691046,op4682590
op4691046,op4663193
op4691046,op4650016
op4691063,op4675937
op4691063,op4639513
op4691042,op4686755
op4691042,op4680435
op4691042,op4677888
op4691042,op4653519
op4691042,op4650034
op4691054,op4675928
op4691033,op4688900
op4691033,op4644535
op4691033,op4639565
op4691033,op4651730
op4691062,op4675843
op4691060,op4682122
op4691044,op4683654
op4691038,op4686841
op4691038,op4655668
op4691051,op4677951
op4691049,op4680403
op4691036,op4688808
op4691036,op4653605
op4691036,op4653533
op4691036,op4641339
op4691040,op4686843
op4691040,op4650015
op4691061,op4680415
op4701753,op76372
op4701820,op219520
op4702305,op4682584
op4702305,op4639432
op4702305,op4657757
op4692919,op4680399
op4692919,op4641950
op4692919,op4651807
op4692916,op4682586
op4692916,op4680321
op4692916,op4686775
op4692916,op4650056
op4692908,op4691034
op4692908,op4644526
op4692926,op4682596
op4692906,op4690922
op4692906,op4641917
op4692906,op4686768
op4692918,op4682106
op4692901,op4692827
op4692921,op4683657
op4692905,op4691031
op4692905,op4669470
op4692927,op4682115
op4692927,op4641999
op4692922,op4686851
op4692922,op4642011
op4692922,op4637786
op4692922,op4653431
op4692922,op4650029
op4692922,op4646859
op4692911,op4688904
op4692911,op4688935
op4692911,op4649948
op4692915,op4682585
op4692928,op4677778
op4692907,op4688900
op4692907,op4646857
op4692907,op4649943
op4692907,op4655674
op4692912,op4688810
op4692912,op4650010
op4692897,op4692824
op4692925,op4675925
op4692924,op4680404
op4692924,op4648141
op4692914,op4684828
op4692914,op4649948
op4692914,op4646850
op4692920,op4680400
op4692920,op4651870
op4692910,op4690926
op4692910,op4657756
op4692910,op4653619
op4692909,op4690925
op4692896,op4692823
op4692917,op4686846
op4692917,op4686852
op4692900,op4692826
op4692900,op4655753
op4692900,op4644411
op4692902,op4692828
op4692895,op4682185
op4692904,op4691030
op4692904,op4653527
op4692904,op4688939
op4692913,op4688906
op4692913,op4653527
op4692899,op4692825
op4700615,op4700614
op4700614,op4700615
op4702314,op4677876
op4702311,op4684834
op4702311,op4680332
op4702311,op4651730
op4702306,op4686754
op4702306,op4588372
op4702312,op4690937
op4702304,op4688906
op4702304,op4646857
op4693528,op4692895
op4693528,op4684836
op4702304,op4588349
op4702301,op4696864
op4702301,op4653436
op4702301,op4648138
op4702300,op4693616
op4702309,op4692844
op4702313,op4690938
op4702313,op4648140
op4702313,op4644547
op4702313,op4641915
op4702313,op4651743
op4702313,op4639438
op4702308,op4686756
op4702308,op4688916
op4702303,op4696769
op4702303,op4650052
op4702298,op4693540
op4702298,op4655847
op4702298,op4653604
op4702298,op4657758
op4697559,op4653630
op4697581,op4668317
op4697924,op62317
op4702302,op4684825
op4702302,op4683678
op4702302,op4639432
op4702299,op4690924
op4702299,op4641994
op4702307,op4686755
op4702307,op4667025
op4702307,op4691062
op4702307,op4657677
op4702307,op4646869
op4702906,op4645443
op4702906,op4667285
op4703079,op4537475
op4703072,op4677780
op4703072,op4669479
op4703077,op4663207
op4703075,op4677805
op4703080,op4666719
op4703071,op4671777
op4703602,op4636655
op4703602,op4646173
op4703677,op4678468
op4703699,op4703700
op4703920,op75622
op4704009,op4694622
op4704000,op4702353
op4704000,op4665115
op4704023,op4644550
op4704023,op4653517
op4704023,op4675929
op4703997,op4655766
op4704017,op4694630
op4704017,op4667048
op4704017,op4655766
op4704024,op4693614
op4704024,op4641927
op4704024,op4655766
op4704024,op4653521
op4704019,op4691028
op4704028,op4686750
op4704028,op4669353
op4704028,op4650018
op4704020,op4694633
op4704008,op4698613
op4704008,op4692923
op4704026,op4692835
op4704005,op4698610
op4704005,op4692856
op4704005,op4675932
op4704002,op4700662
op4704002,op4651793
op4704002,op4657730
op4704003,op4700663
op4704003,op4677806
op4704003,op4641997
op4704001,op4677779
op4704001,op4644435
op4704027,op4691036
op4704027,op4653519
op4704027,op4646863
op4704027,op4646874
op4704010,op4698615
op4704010,op4588334
op4703999,op4702352
op4703999,op4686773
op4704012,op4688820
op4704021,op4688897
op4704021,op4686785
op4704025,op4692834
op4704025,op4646848
op4703998,op4702351
op4703998,op4655653
op4704007,op4696844
op4704018,op4694525
op4704006,op4700666
op4703996,op4702349
op4703996,op4692924
op4704016,op4694629
op4704011,op4696751
op4704004,op4700764
op4704004,op4667131
op4704004,op4682188
op4704022,op4691031
op4704022,op4692940
op4704022,op4537614
op4704014,op4692897
op4704015,op4696852
op4704095,op4702272
op4704095,op4667147
op4704113,op4702369
op4704123,op4688902
op4704118,op4694528
op4704118,op4651876
op4704118,op4667120
op4704092,op4655769
op4704092,op4667119
op4704093,op4703996
op4704093,op4680404
op4704116,op4694526
op4704108,op4702285
op4704107,op4702363
op4704125,op4693544
op4704125,op4675942
op4704125,op4657760
op4704111,op4702367
op4704126,op4691038
op4704126,op4657752
op4704099,op4702276
op4704099,op4667226
op4704099,op4642016
op4704105,op4702361
op4704105,op4693556
op4704124,op4688808
op4704124,op4644527
op4704094,op4702350
op4704094,op4657676
op4704098,op4702354
op4704098,op4688827
op4704127,op4693620
op4704122,op4692908
op4704122,op4653518
op4704109,op4688915
op4704121,op4692833
op4704121,op4649952
op4704121,op4653435
op4704121,op4650016
op4704117,op4702373
op4704097,op4702274
op4704097,op4651715
op4704114,op4702291
op4704114,op4653591
op4704114,op4644526
op4704102,op4702279
op4704102,op4677882
op4704102,op4691058
op4704106,op4702362
op4704119,op4694529
op4704119,op4669470
op4704103,op4698519
op4704128,op4691040
op4704128,op4657760
op4704128,op4641996
op4704096,op4674103
op4704100,op4702277
op4704100,op4669486
op4704100,op4651730
op4704112,op4693605
op4704120,op4694530
op4704120,op4648147
op4704120,op4646847
op4704120,op4688922
op4704167,op4637303
op4704167,op4636636
op4704227,op4645926
op4704244,op4644567
op4704799,op4641332
op4704799,op4686863
op4704799,op4677807
op4704799,op4691045
op4704888,op172192
op4705114,op4684922
op4705114,op4643943
op4705115,op4668734
op4705110,op4674991
op4705110,op4668152
op4705109,op4636628
op4705111,op4645268
op4705106,op4657047
op4705106,op4644567
op4705319,op36489
op4705534,op4688428
op4705534,op4671038
op4705539,op4650833
op4705828,op4693545
op4705828,op4653515
op4705815,op4694523
op4705800,op4675836
op4705799,op4663206
op4705827,op4686840
op4705827,op4675849
op4705826,op4693617
op4705826,op4655839
op4705826,op4588349
op4705810,op4694624
op4705796,op4700757
op4705796,op4641313
op4705823,op4694531
op4705823,op4639516
op4705823,op4641313
op4705823,op4646851
op4705794,op4704092
op4705794,op4646851
op4705804,op4696842
op4705804,op4692930
op4705804,op4677782
op4705812,op4694626
op4705807,op4700668
op4705807,op4680289
op4705818,op4694632
op4705808,op4698522
op4705792,op4704090
op4705811,op4692895
op4705811,op4682592
op4705817,op4702292
op4705822,op4694636
op4705822,op4644525
op4705822,op4693636
op4705825,op4693542
op4705814,op4702289
op4705816,op4691026
op4705816,op4669389
op4705816,op4639507
op4705821,op4694635
op4705821,op4692866
op4705809,op4702284
op4705809,op4644537
op4705820,op4694634
op4705820,op4657685
op4705820,op4686875
op4705805,op4702359
op4705813,op4696754
op4705795,op4702349
op4705795,op4693557
op4705824,op4691034
op4705824,op4641994
op4705801,op4698607
op4705801,op4667226
op4705801,op4641335
op4705801,op4677992
op4705801,op4641345
op4705802,op4698608
op4705802,op4677982
op4705802,op4653607
op4705803,op4702357
op4705803,op4669368
op4705803,op4692925
op4705819,op4694527
op4705806,op4702360
op4705793,op4704091
op4705797,op4700758
op4705797,op4639536
op4705797,op4653586
op4705970,op4702278
op4705970,op4677807
op4705970,op4641937
op4705970,op4675925
op4705969,op4704100
op4705969,op4665092
op4705969,op4650058
op4705972,op4698611
op4705961,op4705794
op4705961,op4650016
op4705961,op4674114
op4705966,op4704000
op4705966,op4655659
op4705967,op4702275
op4705967,op4686768
op4705971,op4702358
op4705971,op4682193
op4705971,op4692932
op4705958,op4693562
op4705958,op4646872
op4705968,op4702355
op4705968,op4667050
op4705968,op4655813
op4705968,op4588355
op4705964,op4703998
op4705964,op4637794
op4705964,op4667043
op4705962,op4704093
op4705962,op4686853
op4705965,op4705798
op4705965,op4680414
op4705963,op4703997
op4705963,op4655671
op4705959,op4705792
op4706237,op156859
op4706364,op4683339
op4706641,op61739
op4880429,op4651566
op4880427,op4636682
op4880450,op4662810
op4654792,op4661944
op4494577,op169598
op4503774,op203315
op4649391,op196503
op4650392,op4648105
op4649397,op76369
op4650475,op6461
op4701395,op4701852
op4701395,op4645922
op4701396,op4645442
op4701396,op4694794
op4701396,op4663764
op4701399,op4678498
op4650408,op4650737
op4705002,op4643413
op4701401,op4667731
op4701402,op4691665
op4701403,op4685418
op4705003,op4664533
op4705003,op4680262
op4701404,op4678498
op4701404,op4661843
op4701404,op4644566
op4701404,op4667734
op4653589,op4665224
op4654620,op4640228
op4654620,op4644146
op4654620,op4636667
op4654620,op4639693
op4654620,op4636641
op4653590,op4650002
op4648104,op4645443
op4653591,op4665114
op4653592,op4653423
op4654020,op50946
op4648109,op4645920
op4648110,op4645920
op4653593,op4653507
op4653593,op4637782
op4653593,op4641956
op4653593,op4641354
op4653593,op4651822
op4653593,op4588363
op4653593,op4639470
op4649577,op36874
op4648113,op4637778
op4651177,op42925
op4653594,op4637778
op4649582,op36489
op4653499,op4655818
op4653500,op4651788
op4658371,op4642603
op4653501,op4651850
op4653502,op4673487
op4705974,op4702282
op4705974,op4682593
op4653503,op4665224
op4667421,op4644566
op4653504,op4650002
op4667424,op4644567
op4653505,op4665114
op4649902,op4639146
op4667426,op4651971
op4667426,op4647867
op4653506,op4653423
op4667427,op4645196
op4667427,op4644567
op4658680,op4655677
op4658680,op4641990
op4658681,op4644425
op4658682,op4646877
op4651788,op4674142
op4705980,op4692897
op4653507,op4669391
op4653507,op4637782
op4653507,op4641956
op4653507,op4641354
op4653507,op4651822
op4653507,op4588363
op4653507,op4639470
op4705981,op4696852
op4705982,op4694629
op4658686,op4651742
op4707030,op887086
op4651789,op4651850
op4697431,op75998
op4705983,op4692900
op4705983,op4665114
op4705983,op4663218
op4653508,op4637778
op4658687,op4651807
op4690920,op4696858
op4690920,op4655847
op4690920,op4682616
op4651790,op4650002
op4651791,op4665114
op4705985,op4702293
op4690921,op4692905
op4690921,op4682128
op4651792,op4653423
op4690922,op4651726
op4690922,op4682599
op4705986,op4692903
op4705987,op4696858
op4705987,op4655847
op4705987,op4682616
op4653557,op4670115
op4705988,op4692905
op4705988,op4682128
op4690923,op4705990
op4690923,op4655847
op4690923,op4663218
op4690923,op4651807
op4651793,op4653507
op4651793,op4637782
op4651793,op4641956
op4651793,op4641354
op4651793,op4651822
op4651793,op4588363
op4651793,op4639470
op4705989,op4651726
op4705989,op4682599
op4690924,op4696862
op4690924,op4663218
op4651794,op4637778
op4697461,op147620
op4705990,op4694637
op4705990,op4655847
op4705990,op4663218
op4705990,op4651807
op4690925,op4696863
op4705991,op4696862
op4705991,op4663218
op4695766,op29554
op4651824,op77956
op4705992,op4696863
op4695781,op4539011
op4690926,op4641919
op4690926,op4651742
op4690926,op4648149
op4707331,op4646877
op4707331,op4651788
op4690927,op4700788
op4690927,op4690958
op4690927,op4641923
op4707332,op4673446
op4690928,op4686841
op4690928,op4663215
op4705993,op4641919
op4705993,op4651742
op4705993,op4648149
op4650002,op4665225
op4707333,op4704097
op4707333,op4653423
op4707334,op4705800
op4707334,op4682599
op4705994,op4700788
op4705994,op4690958
op4705994,op4641923
op4650003,op4637778
op4705995,op4686841
op4705995,op4663215
op4705996,op4702383
op4705996,op4655847
op4705996,op4648149
op4707335,op4700662
op4707335,op4653507
op4707335,op4650035
op4707335,op4675966
op4707335,op4646880
op4705997,op4688812
op4705997,op4641923
op4705997,op4639567
op4707336,op4665204
op4707336,op4651807
op4706864,op4667424
op4706864,op4672426
op4705998,op4693622
op4691638,op4698643
op4691638,op4702386
op4691639,op4675966
op4650041,op4650002
op4705999,op4702386
op4705999,op4669366
op4705999,op4682199
op4705999,op4639454
op4705999,op4641919
op4705999,op4648144
op4691640,op4682616
op4650042,op4665114
op4707337,op4704101
op4707337,op4684871
op4707337,op4650032
op4707337,op4694655
op4691643,op4650032
op4650043,op4653423
op4691644,op4650032
op4707338,op4700665
op4707338,op4694660
op4707269,op4638867
op4707269,op4685796
op4707269,op4644146
op4707269,op4680540
op4707269,op4675250
op4707269,op4692990
op4707269,op4644567
op4707269,op4682835
op4650044,op4653507
op4650044,op4637782
op4650044,op4641956
op4650044,op4641354
op4650044,op4651822
op4650044,op4588363
op4650044,op4639470
op4707341,op4702282
op4707341,op4682593
op4661838,op4645134
op4650045,op4637778
op4661843,op4636641
op4661843,op4647078
op4691659,op4645476
op4691661,op4636726
op4691661,op4648105
op4691661,op4673195
op4661848,op76510
op4662832,op28791
op4691664,op4674533
op4707347,op4692897
op4707348,op4696852
op4706083,op4657406
op4707349,op4694629
op4707350,op4692900
op4707350,op4665114
op4707350,op4663218
op4706087,op4639622
op4706087,op4669624
op4706087,op4644567
op4706087,op4682864
op4706087,op4651938
op4706090,op4671886
op4707352,op4705985
op4707353,op4692903
op4707325,op4682599
op4707325,op4663174
op4661873,op4644567
op4707354,op4696858
op4707354,op4655847
op4707354,op4682616
op4707355,op4692905
op4707355,op4682128
op4707356,op4651726
op4707356,op4682599
op4707328,op4651807
op4707328,op4682208
op4690947,op4675838
op4707329,op4702315
op4690948,op4646877
op4690949,op4677783
op4690949,op4655842
op4690949,op4648149
op4692989,op4636628
op4692989,op4654177
op4692989,op4664531
op4690950,op4673446
op4668997,op69229
op4690951,op4692935
op4692990,op4644567
op4692990,op4651938
op4692990,op4655900
op4690952,op4682199
op4693003,op36489
op4690953,op4682200
op4690953,op4655677
op4690954,op4675938
op4690955,op4683675
op4690956,op4682128
op4698561,op4675838
op4690957,op4683677
op4690957,op4639454
op4690958,op4677968
op4690960,op4682207
op4690960,op4639530
op4690961,op4682208
op4690961,op4588363
op4690962,op4682616
op4690962,op4651822
op4690962,op4663218
op4698599,op849116
op4698607,op4700662
op4698607,op4653507
op4698607,op4650035
op4698607,op4675966
op4698607,op4646880
op4698608,op4665204
op4698608,op4651807
op4698609,op4704101
op4698609,op4684871
op4698609,op4650032
op4698609,op4694655
op4698610,op4700665
op4698610,op4694660
op4698613,op4702282
op4698613,op4682593
op4694627,op4692897
op4694628,op4696852
op4688807,op4696863
op4688808,op4641919
op4688808,op4651742
op4688808,op4648149
op4688809,op4700788
op4688809,op4690958
op4688809,op4641923
op4688810,op4686841
op4688810,op4663215
op4688811,op4702383
op4688811,op4655847
op4688811,op4648149
op4688812,op4682102
op4688812,op4641923
op4688812,op4639567
op4688813,op4693622
op4688814,op4702386
op4688814,op4669366
op4688814,op4682199
op4688814,op4639454
op4688814,op4641919
op4688814,op4648144
op4688816,op4688911
op4688817,op4683655
op4688817,op4646880
op4688817,op4651807
op4688817,op4648149
op4688818,op4683656
op4688818,op4675966
op4688818,op4651807
op4660827,op4636638
op4660827,op4640961
op4688819,op4698643
op4688819,op4646880
op4688820,op4683658
op4688820,op4637782
op4688820,op4639530
op4688820,op4648144
op4688820,op4641990
op4538333,op4539760
op4538334,op4539761
op4688821,op4682593
op4693410,op4644567
op4693410,op4651938
op4693410,op4651429
op4693410,op4670137
op4693411,op4644146
op4693411,op4647078
op4688822,op4702315
op4688822,op4651822
op4693412,op4672352
op4693412,op4663764
op4693412,op4647078
op4693412,op4644146
op4693412,op4664806
op4693412,op4681013
op4693417,op4636654
op4688823,op4694655
op4688824,op4690942
op4688825,op4684841
op4688825,op4641923
op4688826,op4686767
op4688827,op4682599
op4688827,op4651726
op4688828,op4694660
op4688828,op4655677
op4688828,op4641990
op4688829,op4675838
op4540355,op75870
op4688830,op4646877
op4688831,op4677783
op4688831,op4655842
op4688831,op4648149
op4695522,op4648149
op4688832,op4673446
op4688833,op4692935
op4688834,op4682199
op4688835,op4682200
op4688835,op4655677
op4688836,op4675938
op4688837,op4683675
op4688838,op4682128
op4688839,op4683677
op4688839,op4639454
op4688840,op4690958
op4688842,op4682207
op4688842,op4639530
op4540532,op43281
op4689570,op27194
op4687957,op75622
op4688843,op4682208
op4688843,op4588363
op4688844,op4682616
op4688844,op4651822
op4688844,op4663218
op4688845,op4663174
op4688845,op4641990
op4688845,op4655677
op4688845,op4646877
op802289,op162985
op4688020,op19795
op4696409,op4678837
op4672991,op4668962
op4687496,op4644196
op4687497,op4644567
op4687500,op4646074
op4687500,op4647073
op4687501,op4643943
op4687502,op4665665
op4687504,op4652720
op4687504,op4639220
op4697243,op38580
op4699703,op27242
op4673022,op4659014
op4687635,op203495
op4673028,op887086
op4687645,op2812403
op4687655,op4641990
op4687655,op4682207
op4687655,op4667194
op4677978,op4675859
op4677979,op4675953
op4677980,op4675861
op4686839,op4641919
op4686839,op4651742
op4686839,op4648149
op4677981,op4669366
op4686840,op4700788
op4686840,op4690958
op4686840,op4641923
op4677982,op4665204
op4677982,op4637778
op4686841,op4698634
op4686841,op4663215
op4677983,op4684871
op4677983,op4655842
op4677984,op4671773
op4686842,op4702383
op4686842,op4655847
op4686842,op4648149
op4677985,op4675959
op4686843,op4688812
op4686843,op4641923
op4686843,op4639567
op4677986,op4673472
op4677986,op4641926
op4686844,op4693622
op4677987,op4667031
op4677987,op4639530
op4686845,op4702386
op4686845,op4669366
op4686845,op4682199
op4686845,op4639454
op4686845,op4641919
op4686845,op4648144
op4686846,op4691043
op4686846,op4682593
op4686847,op4688911
op4677988,op4675869
op4677988,op4655677
op4677990,op4655740
op4677991,op4669376
op4686848,op4683655
op4686848,op4646880
op4686848,op4651807
op4686848,op4648149
op4686849,op4688818
op4686849,op4675966
op4686849,op4651807
op4686850,op4698643
op4686850,op4646880
op4677992,op4675966
op4677992,op4663218
op4677993,op4665215
op4677993,op4651742
op4677994,op4667142
op4677995,op4667215
op4677996,op4657734
op4677996,op4651822
op4677997,op4655818
op4677998,op4667042
op4677998,op4655842
op4686851,op4683658
op4686851,op4637782
op4686851,op4639530
op4686851,op4648144
op4686851,op4641990
op4686852,op4682593
op4686853,op4702315
op4686853,op4651822
op4678012,op4661574
op4678014,op4655459
op6113147,op4677509
op4686854,op4694655
op4686855,op4690942
op4686856,op4684841
op4686856,op4641923
op4686857,op4686767
op4686858,op4682599
op4686858,op4651726
op4686859,op4694660
op4686859,op4655677
op4686859,op4641990
op4686860,op4675838
op4686861,op4646877
op4686862,op4677783
op4686862,op4655842
op4686862,op4648149
op4686863,op4673446
op4686864,op4692935
op4686865,op4682199
op4686866,op4682200
op4686866,op4655677
op4686867,op4675938
op4686868,op4683675
op4686869,op4682128
op4686870,op4683677
op4686870,op4639454
op4686871,op4690958
op4686873,op4682207
op4686873,op4639530
op4686874,op4682208
op4686874,op4588363
op4686875,op4682616
op4686875,op4651822
op4686875,op4663218
op4686876,op4663174
op4686876,op4641990
op4686876,op4655677
op4686876,op4646877
op4686877,op4667194
op4686877,op4639530
op4686878,op4677975
op4686878,op4655677
op4686879,op4680430
op4686880,op4663178
op4686880,op4663218
op4686881,op4675859
op4686882,op4675953
op4686883,op4675861
op4685601,op4641990
op4685601,op4682207
op4685601,op4667194
op4880088,op4685417
op4880089,op4706386
op4880091,op4636725
op4880091,op4665652
op4691065,op4683675
op4880092,op4674529
op4880092,op4652206
op4691066,op4682128
op4688846,op4667194
op4688846,op4639530
op4691067,op4683677
op4691067,op4639454
op4688847,op4677975
op4688847,op4655677
op4691068,op4690958
op4664027,op4651788
op4688848,op4680430
op4691070,op4682207
op4691070,op4639530
op4880111,op4673594
op4691071,op4682208
op4691071,op4588363
op4691072,op4682616
op4691072,op4651822
op4691072,op4663218
op4670222,op4641399
op4670222,op4656001
op4670224,op4644567
op4670224,op4645443
op4694793,op4671886
op4694794,op4686977
op4694795,op4661579
op4694796,op4675649
op4880053,op29554
op4880053,op4654271
op4688886,op848682
op4701203,op4648149
op4701203,op4669366
op4701205,op4653507
op4697423,op4653507
op4880055,op4686975
op4880056,op4645922
op4880056,op4701395
op4880057,op4640099
op4880057,op4680975
op4688897,op4696858
op4688897,op4655847
op4688897,op4682616
op4689682,op4663218
op4688900,op4705990
op4688900,op4655847
op4688900,op4663218
op4688900,op4651807
op4688901,op4696862
op4688901,op4663218
op4688902,op4696863
op4689686,op4672353
op4689686,op4636628
op4689686,op4672325
op4706799,op4683655
op4706799,op4667031
op4698092,op36489
op4706800,op4650035
op4688903,op4641919
op4688903,op4651742
op4688903,op4648149
op4706801,op4671267
op4688904,op4700788
op4688904,op4690958
op4688904,op4641923
op4688905,op4698542
op4688905,op4663215
op4688906,op4702383
op4688906,op4655847
op4688906,op4648149
op4688907,op4688812
op4688907,op4641923
op4688907,op4639567
op4688908,op4693622
op4688909,op4702386
op4688909,op4669366
op4688909,op4682199
op4688909,op4639454
op4688909,op4641919
op4688909,op4648144
op4688910,op4691043
op4688910,op4682593
op4688911,op4682181
op4688912,op4683655
op4688912,op4646880
op4688912,op4651807
op4688912,op4648149
op4677972,op4682616
op4677972,op4651822
op4677972,op4663218
op4688913,op4688818
op4688913,op4675966
op4688913,op4651807
op4677973,op4663174
op4677973,op4641990
op4677973,op4655677
op4677973,op4646877
op4685926,op36489
op4677974,op4667194
op4677974,op4639530
op4688914,op4698643
op4688914,op4646880
op4677975,op4669360
op4677975,op4655677
op4677976,op4680430
op4677977,op4663178
op4677977,op4663218
op4706529,op4648355
op4706531,op4644567
op4706531,op4645443
op4692833,op4705990
op4692833,op4655847
op4692833,op4663218
op4692833,op4651807
op4700784,op4705990
op4700784,op4655847
op4700784,op4663218
op4700784,op4651807
op4692834,op4696862
op4692834,op4663218
op4700785,op4696862
op4700785,op4663218
op4688915,op4683658
op4688915,op4637782
op4688915,op4639530
op4688915,op4648144
op4688915,op4641990
op4698620,op4696852
op4688916,op4682593
op4692835,op4696863
op4700786,op4696863
op4685714,op4685716
op4688917,op4702315
op4688917,op4651822
op4685716,op4685714
op4698624,op4705985
op4701318,op4648149
op4701318,op4669366
op4685718,op4659605
op4685718,op4538049
op4698625,op4692903
op4688918,op4694655
op4698626,op4696858
op4698626,op4655847
op4698626,op4682616
op4701320,op4653507
op4688919,op4690942
op4692836,op4641919
op4692836,op4651742
op4692836,op4648149
op4700787,op4641919
op4700787,op4651742
op4700787,op4648149
op4688920,op4684841
op4688920,op4641923
op4698627,op4692905
op4698627,op4682128
op4701321,op4648149
op4694717,op77956
op4688921,op4686767
op4692837,op4700788
op4692837,op4690958
op4692837,op4641923
op4698628,op4651726
op4698628,op4682599
op4700788,op4692837
op4700788,op4690958
op4700788,op4641923
op4692838,op4698542
op4692838,op4663215
op4700789,op4698542
op4700789,op4663215
op4688922,op4682599
op4688922,op4651726
op4692839,op4702383
op4692839,op4655847
op4692839,op4648149
op4700790,op4702383
op4700790,op4655847
op4700790,op4648149
op4682102,op4688812
op4682102,op4641923
op4682102,op4639567
op4692840,op4688812
op4692840,op4641923
op4692840,op4639567
op4700791,op4688812
op4700791,op4641923
op4700791,op4639567
op4682103,op4693622
op4692841,op4693622
op4700792,op4693622
op4688923,op4694660
op4688923,op4655677
op4688923,op4641990
op4682104,op4702386
op4682104,op4669366
op4682104,op4682199
op4682104,op4639454
op4682104,op4641919
op4682104,op4648144
op4692842,op4702386
op4692842,op4669366
op4692842,op4682199
op4692842,op4639454
op4692842,op4641919
op4692842,op4648144
op4688925,op4646877
op4692843,op4691043
op4692843,op4682593
op4682105,op4691043
op4682105,op4682593
op4692844,op4688911
op4700794,op4691043
op4700794,op4682593
op4682106,op4688911
op4688926,op4677783
op4688926,op4655842
op4688926,op4648149
op4700795,op4688911
op4688927,op4673446
op4688928,op4692935
op4681219,op75998
op4692845,op4683655
op4692845,op4646880
op4692845,op4651807
op4692845,op4648149
op4682107,op4683655
op4682107,op4646880
op4682107,op4651807
op4682107,op4648149
op4700796,op4683655
op4700796,op4646880
op4700796,op4651807
op4700796,op4648149
op4692846,op4688818
op4692846,op4675966
op4692846,op4651807
op4682108,op4688818
op4682108,op4675966
op4682108,op4651807
op4700797,op4688818
op4700797,op4675966
op4700797,op4651807
op4681223,op4682365
op4692847,op4698643
op4692847,op4646880
op4682109,op4698643
op4682109,op4646880
op4700798,op4698643
op4700798,op4646880
op4692848,op4683658
op4692848,op4637782
op4692848,op4639530
op4692848,op4648144
op4692848,op4641990
op4700799,op4683658
op4700799,op4637782
op4700799,op4639530
op4700799,op4648144
op4700799,op4641990
op4682110,op4683658
op4682110,op4637782
op4682110,op4639530
op4682110,op4648144
op4682110,op4641990
op4692849,op4682593
op4700800,op4682593
op4692850,op4702315
op4692850,op4651822
op4700801,op4702315
op4700801,op4651822
op4682112,op4702315
op4682112,op4651822
op4702988,op4648149
op4702988,op4669366
op4700802,op4694655
op4692851,op4694655
op4682113,op4694655
op4700803,op4690942
op4692852,op4690942
op4702990,op4653507
op4695783,op4663259
op4682114,op4690942
op4700804,op4684841
op4700804,op4641923
op4692853,op4684841
op4692853,op4641923
op4682115,op4684841
op4682115,op4641923
op4695784,op4664183
op4692854,op4686767
op4702991,op4648149
op4703281,op887086
op4682116,op4686767
op4692855,op4682599
op4692855,op4651726
op4682117,op4682599
op4682117,op4651726
op4703297,op65771
op4703298,op27038
op4696742,op7390
op4704596,op4676415
op4692856,op4694660
op4692856,op4655677
op4692856,op4641990
op4704597,op4690314
op4682118,op4694660
op4682118,op4655677
op4682118,op4641990
op4692857,op4675838
op4689392,op4651938
op4689392,op4644567
op4689392,op4670137
op4693274,op76510
op4689393,op4670168
op4689393,op4678490
op4704603,op4684129
op4692858,op4646877
op4689396,op4689740
op4704604,op4685418
op4704604,op4652207
op4689398,op4685416
op4689398,op4678060
op4689398,op4663257
op4692859,op4677783
op4692859,op4655842
op4692859,op4648149
op4704605,op4640108
op4692860,op4673446
op4693284,op4674531
op4693638,op4675838
op4692861,op4692935
op4696754,op4692897
op4693639,op4646877
op4692862,op4682199
op4696755,op4696852
op4693640,op4677783
op4693640,op4655842
op4693640,op4648149
op4696756,op4694629
op4666295,op61739
op4693641,op4673446
op4696757,op4692900
op4696757,op4665114
op4696757,op4663218
op4693642,op4692935
op4693643,op4682199
op4696759,op4705985
op4692863,op4682200
op4692863,op4655677
op4692864,op4675938
op4696760,op4692903
op4696761,op4696858
op4696761,op4655847
op4696761,op4682616
op4696762,op4692905
op4696762,op4682128
op4696763,op4651726
op4696763,op4682599
op4693644,op4682200
op4693644,op4655677
op4693645,op4675938
op4689426,op4645138
op4693646,op4683675
op4693647,op4682128
op4699426,op4651788
op4693648,op4683677
op4693648,op4639454
op4699427,op4677975
op4693649,op4690958
op4674989,op4664589
op4674991,op4638743
op4674991,op4668152
op4674996,op2750419
op4880287,op4682599
op4699514,op4692524
op4691170,op4680533
op4691171,op4643945
op4691171,op4667290
op4691173,op4678061
op4691176,op4671890
op4705765,op4682514
op4691179,op4648030
op4691179,op4667424
op4705767,op4687987
op4691180,op4648026
op4691180,op4667427
op4691180,op4669663
op4691180,op4644567
op4880187,op4682599
op4880377,op4693031
op4880377,op4693029
op4880377,op4645234
op4880377,op4659642
op4880379,op4651932
op4880379,op4693025
op4704394,op36489
op4703393,op77956
op4678612,op4663773
op4678612,op4644567
op4688656,op4635480
op4692865,op4683675
op4692866,op4682128
op4692867,op4683677
op4692867,op4639454
op4692868,op4690958
op4700875,op4677567
op4700877,op4646131
op4697313,op75998
op4687573,op4666797
op4687573,op4706581
op4687573,op4706585
op4687618,op4650461
op4706388,op4652207
op4706388,op4660389
op4706388,op4685418
op31048,op27026
op30049,op23168
op32625,op25898
op4588355,op4646880
op4588355,op4503250
op4588361,op4641956
op4588364,op4641354
op4588366,op4639470
op4588370,op4637812
op4588375,op78267
op32110,op10024
op41195,op30593
op36645,op30593
op43005,op38970
op43009,op38572
op41224,op75622
op41820,op75656
op8270,op7390
op56876,op75622
op65771,op23168
op68876,op26128
op49874,op74438
op66194,op75998
op67453,op27242
op38572,op27771
op38572,op36874
op62589,op70592
op64324,op38572
op66371,op64229
op75998,op74438
op75998,op75622
op29554,op25898
op48813,op43281
op78492,op77956
op76167,op75998
op76170,op75998
op42933,op32621
op77447,op76372
op76190,op70884
op27035,op22787
op77956,op74438
op61125,op23168
op40446,op36489
op66925,op36489
op66345,op37735
