id,date_filed,case_name,case_name_short,docket_id,precedential_status,blocked
cl4838054,2020-12-10,Reinaldo Santos v. United States,,dk18733200,Published,f
cl4896884,2021-06-25,In re William R. Zutavern Revocable Trust,,dk60033569,Published,f
cl4782540,2020-08-21,State v. Wilson,Wilson,dk18411069,Published,f
cl4896882,2021-06-25,State v. Billingsley,Billingsley,dk60033567,Published,f
cl4896885,2021-06-25,In re Interest of Mateo L.,,dk60033570,Published,f
cl4896887,2021-06-18,State ex rel. Counsel for Dis. v. Primmer,Primmer,dk60033572,Published,f
cl4896895,2021-06-04,State ex rel. Counsel for Dis. v. Wickham,Wickham,dk60033580,Published,f
cl4782560,2020-07-24,In re Estate of Hutton,,dk18411089,Published,f
cl4896896,2021-06-04,State ex rel. Counsel for Dis. v. Bowers,Bowers,dk60033581,Published,f
cl4896900,2021-05-28,Darling Ingredients v. City of Bellevue,,dk60033585,Published,f
cl4896902,2021-05-21,Tierney v. Tierney,Tierney,dk60033587,Published,f
cl4896898,2021-05-28,Melton v. City of Holdrege,Melton,dk60033583,Published,f
cl4896901,2021-05-28,County of Sarpy v. City of Gretna,,dk60033586,Published,f
cl4896907,2021-05-14,Yagodinski v. Sutton,Yagodinski,dk60033592,Published,f
cl4896906,2021-05-21,Boring v. Zoetis LLC,Boring,dk60033591,Published,f
cl4896908,2021-05-14,McGill Restoration v. Lion Place Condo. Assn.,,dk60033593,Published,f
cl4896911,2021-05-07,Cornwell v. Cornwell,Cornwell,dk60033596,Published,f
cl4896912,2021-04-29,Tyrrell v. Frakes,Tyrrell,dk60033597,Published,f
cl4896910,2021-05-07,McCaulley v. C L Enters.,McCaulley,dk60033595,Published,f
cl4896909,2021-05-07,Porter v. Porter,Porter,dk60033594,Published,f
cl4896913,2021-04-29,"Ryan v. Streck, Inc.",Ryan,dk60033598,Published,f
cl4896914,2021-04-29,Korth v. Korth,Korth,dk60033599,Published,f
cl4896915,2021-04-23,Swicord v. Police Stds. Adv. Council,Swicord,dk60033600,Published,f
cl4896916,2021-04-23,State ex rel. Counsel for Dis. v. Birch,Birch,dk60033601,Published,f
cl69229,2009-11-10,Brewster v. Dretke,Dretke,dk1588797,Published,f
cl64229,2008-12-02,Brumfield v. Hollins,Brumfield,dk203261,Published,f
cl4896922,2021-04-16,Brown v. Morello,Brown,dk60033607,Published,f
cl4896924,2021-04-09,Evert v. Srb,Evert,dk60033609,Published,f
cl4896925,2021-04-09,Clason v. LOL Investments,Clason,dk60033610,Published,f
cl4889776,2021-04-16,State v. Malone,Malone,dk59967655,Published,f
cl4887147,2021-05-14,McGill Restoration v. Lion Place Condo. Assn.,,dk59944526,Published,f
cl47624,2006-12-21,Longoria v. State of Texas,Longoria,dk25107,Published,f
cl4896979,2021-07-02,State v. Greer,Greer,dk60033805,Published,f
cl4896984,2021-06-25,In re William R. Zutavern Revocable Trust,,dk60033810,Published,f
cl4896986,2021-06-18,State v. Estrada Comacho,,dk60033812,Published,f
cl4896985,2021-06-25,In re Interest of Mateo L.,,dk60033811,Published,f
cl4896995,2021-06-04,State ex rel. Counsel for Dis. v. Wickham,Wickham,dk60033821,Published,f
cl4896996,2021-06-04,State ex rel. Counsel for Dis. v. Bowers,Bowers,dk60033822,Published,f
cl4896998,2021-05-28,Melton v. City of Holdrege,Melton,dk60033824,Published,f
cl4897000,2021-05-28,Darling Ingredients v. City of Bellevue,,dk60033826,Published,f
cl4897002,2021-05-21,Tierney v. Tierney,Tierney,dk60033828,Published,f
cl4897001,2021-05-28,County of Sarpy v. City of Gretna,,dk60033827,Published,f
cl4897004,2021-05-21,State v. Hernandez,Hernandez,dk60033830,Published,f
cl4897006,2021-05-21,Boring v. Zoetis LLC,Boring,dk60033832,Published,f
cl4897007,2021-05-14,Yagodinski v. Sutton,Yagodinski,dk60033833,Published,f
cl4897008,2021-05-14,McGill Restoration v. Lion Place Condo. Assn.,,dk60033834,Published,f
cl4897009,2021-05-07,Porter v. Porter,Porter,dk60033835,Published,f
cl4897013,2021-04-29,"Ryan v. Streck, Inc.",Ryan,dk60033839,Published,f
cl4897012,2021-04-29,Tyrrell v. Frakes,Tyrrell,dk60033838,Published,f
cl4897010,2021-05-07,McCaulley v. C L Enters.,McCaulley,dk60033836,Published,f
cl4897015,2021-04-23,Swicord v. Police Stds. Adv. Council,Swicord,dk60033841,Published,f
cl4897017,2021-04-23,In re Interest of Victor L.,,dk60033843,Published,f
cl4897019,2021-04-23,Champion v. Hall County,Champion,dk60033845,Published,f
cl4897018,2021-04-23,In re Guardianship of Nicholas H.,,dk60033844,Published,f
cl4897021,2021-04-16,Great Northern Ins. Co. v. Transit Auth. of Omaha,,dk60033847,Published,f
cl4897024,2021-04-09,Evert v. Srb,Evert,dk60033855,Published,f
cl4897025,2021-04-09,Clason v. LOL Investments,Clason,dk60033856,Published,f
cl4897023,2021-04-09,Wayne L. Ryan Revocable Trust v. Ryan,Ryan,dk60033854,Published,f
cl4897022,2021-04-16,Brown v. Morello,Brown,dk60033848,Published,f
cl4892976,2021-06-04,State ex rel. Counsel for Dis. v. Bowers,Bowers,dk59996507,Published,f
cl4838137,2020-12-04,Weiland v. Weiland,Weiland,dk18734591,Published,f
cl4838138,2020-12-04,State v. Blocher,Blocher,dk18734592,Published,f
cl4838140,2020-12-04,Jaeger v. Jaeger,Jaeger,dk18734594,Published,f
cl4838141,2020-12-04,In re Estate of Marsh,,dk18734595,Published,f
cl4838142,2020-11-20,In re Interest of Seth C.,,dk18734596,Published,f
cl4838146,2020-11-13,State v. Jones,Jones,dk18734600,Published,f
cl4838144,2020-11-13,TDP Phase One v. The Club at the Yard,,dk18734598,Published,f
cl4838145,2020-11-13,State v. Stack,Stack,dk18734599,Published,f
cl4838147,2020-11-13,State v. Cox,Cox,dk18734601,Published,f
cl4838149,2020-11-06,State v. Teppert,Teppert,dk18734603,Published,f
cl4838148,2020-11-13,Higgins v. Currier,Higgins,dk18734602,Published,f
cl4838151,2020-11-06,"Douglas Cty. Sch. Dist. No. 10 v. Tribedo, LLC",,dk18734605,Published,f
cl4838158,2020-10-23,In re Interest of Leyton C. & Landyn C.,,dk18734613,Published,f
cl4838156,2020-10-23,State ex. rel. Malone v. Baldonado-Bellamy,Baldonado-Bellamy,dk18734611,Published,f
cl4838171,2020-10-02,In re Claim of Roberts for Attorney Fees,,dk18734626,Published,f
cl4838177,2020-09-25,Nolasco v. Malcom,Nolasco,dk18734632,Published,f
cl4838166,2020-10-02,Yori v. Helms,Yori,dk18734621,Published,f
cl4838180,2020-09-18,First State Bank Neb. v. MP Nexlevel,,dk18734635,Published,f
cl4838216,2020-12-04,Jaeger v. Jaeger,Jaeger,dk18734792,Published,f
cl4838224,2020-11-13,Higgins v. Currier,Higgins,dk18734801,Published,f
cl4838217,2020-12-04,In re Estate of Marsh,,dk18734793,Published,f
cl4838223,2020-11-13,State v. Cox,Cox,dk18734800,Published,f
cl4838222,2020-11-13,State v. Jones,Jones,dk18734799,Published,f
cl4838213,2020-12-04,Weiland v. Weiland,Weiland,dk18734789,Published,f
cl4838214,2020-12-04,State v. Blocher,Blocher,dk18734790,Published,f
cl4838225,2020-11-06,State v. Teppert,Teppert,dk18734802,Published,f
cl4838247,2020-10-02,In re Claim of Roberts for Attorney Fees,,dk18734824,Published,f
cl4838229,2020-10-30,State v. Andera,Andera,dk18734806,Published,f
cl4838211,2020-12-11,State v. Clausen,Clausen,dk18734787,Published,f
cl4838237,2020-10-16,Chaney v. Evnen,Chaney,dk18734814,Published,f
cl4838232,2020-10-23,State ex. rel. Malone v. Baldonado-Bellamy,Baldonado-Bellamy,dk18734809,Published,f
cl4897096,2021-07-02,State v. Wilcox,Wilcox,dk60034183,Published,f
cl4852871,2021-02-02,Direct Auto Insurance Co. v. Merx,Merx,dk58953849,Published,f
cl4782858,2020-09-04,Fallon Christina Paulk v. Tommy Ford,,dk18413275,Unpublished,f
cl4838493,2020-12-11,L.S. v. Scot Peterson,L.S.,dk18737430,Published,f
cl4847398,2021-01-13,Herndon v. Upton,Herndon,dk29102998,Published,f
cl4897098,2021-07-02,Miami Twp. Bd. of Trustees v. Weinle,Weinle,dk60034185,Published,f
cl4838860,2020-12-14,"Precision Strip, Inc. v. Dircksen",Dircksen,dk18739802,Published,f
cl4838915,2020-12-14,Kathryn MacEwen Conti v. Arrowood Indemnity Co.,,dk18740601,Published,f
cl4838993,2020-12-14,Reo v. Lindstedt,Reo,dk18741480,Published,f
cl4851198,2021-01-27,Munoz-Rivera v. Rosen,Munoz-Rivera,dk46083205,Published,f
cl4851193,2021-01-27,Ezaki Gliko Kabushiki Kaisha v. Lotte International America Co,,dk46082580,Published,f
cl4839026,2020-12-14,v. Bott,v. Bott,dk18741855,Published,f
cl4897739,2021-07-06,In re J.F.,In re J.F.,dk60038731,Published,t
cl4782943,2020-09-04,"Pete Russell v. Bobby Lumpkin, Director",,dk18414851,Unpublished,f
cl4851366,2021-01-27,State ex rel. Bohlen v. Halliday (Slip Opinion),,dk46546260,Published,f
cl4839487,2020-12-15,Project Veritas Action Fund v. Rollins,Rollins,dk18746215,Published,f
cl48258,2007-02-23,United States v. Hubbard,Hubbard,dk1162692,Published,f
cl4839544,2020-12-15,Jackpot Farms v. Johns Farms,,dk18746728,Published,f
cl4839802,2020-12-16,In re K.K.E.,In re K.K.E.,dk18748491,Published,t
cl4897760,2021-07-06,Personal Restraint Petition Of: Derrius Forcha-williams,,dk60039076,Published,f
cl4839888,2020-12-16,United States v. Brandon Pruitt,,dk18750004,Unpublished,f
cl4839908,2020-12-16,United States v. Ricky Fernetus,,dk18750025,Unpublished,f
cl4840167,2020-12-17,Gerrity v. Chervenak (Slip Opinion),Gerrity,dk18752190,Published,f
cl4840407,2020-12-17,Gerrity v. Chervenak (Slip Opinion),Gerrity,dk18753445,Published,f
cl4840412,2020-12-17,Yim v. Cuyahoga Cty. Bd. of Revision,Yim,dk18753452,Published,f
cl4840740,2020-12-18,Harts v. County of Knox,Harts,dk18756365,Published,f
cl4840537,2020-12-17,Three Aces Properties v. United Rentals,,dk18754562,Published,f
cl4840542,2020-12-17,Sather v. Sather,Sather,dk18754567,Published,f
cl4840549,2020-12-17,City of Fargo v. Hofer,Hofer,dk18754574,Published,f
cl4840546,2020-12-17,Kuntz v. Leiss,Kuntz,dk18754571,Published,f
cl4840636,2020-11-20,In re Interest of A.A.,,dk18756056,Published,f
cl4840631,2020-12-04,State v. Blocher,Blocher,dk18756051,Published,f
cl4840642,2020-11-06,State v. Teppert,Teppert,dk18756062,Published,f
cl4840640,2020-11-13,State v. Cox,Cox,dk18756060,Published,f
cl4840634,2020-12-04,In re Estate of Marsh,,dk18756054,Published,f
cl4840641,2020-11-13,Higgins v. Currier,Higgins,dk18756061,Published,f
cl4840646,2020-10-30,State v. Andera,Andera,dk18756066,Published,f
cl4840639,2020-11-13,State v. Jones,Jones,dk18756059,Published,f
cl4840630,2020-12-04,Weiland v. Weiland,Weiland,dk18756050,Published,f
cl4840644,2020-11-06,"Douglas Cty. Sch. Dist. No. 10 v. Tribedo, LLC",,dk18756064,Published,f
cl4840655,2020-10-09,State v. Dalton,Dalton,dk18756075,Published,f
cl4840638,2020-11-13,State v. Stack,Stack,dk18756058,Published,f
cl4840659,2020-10-02,Yori v. Helms,Yori,dk18756079,Published,f
cl4840653,2020-10-16,Cinatl v. Prososki,Cinatl,dk18756073,Published,f
cl4840650,2020-10-23,Kaiser v. Allstate Indemnity Co.,Kaiser,dk18756070,Published,f
cl4840651,2020-10-23,In re Interest of Leyton C. & Landyn C.,,dk18756071,Published,f
cl4840654,2020-10-16,Chaney v. Evnen,Chaney,dk18756074,Published,f
cl4840649,2020-10-23,State ex. rel. Malone v. Baldonado-Bellamy,Baldonado-Bellamy,dk18756069,Published,f
cl4840660,2020-10-02,State v. Hurd,Hurd,dk18756080,Published,f
cl4840661,2020-10-02,State v. Gray,Gray,dk18756081,Published,f
cl4840656,2020-10-09,State v. Chapman,Chapman,dk18756076,Published,f
cl4840648,2020-10-23,State v. Collins,Collins,dk18756068,Published,f
cl4840742,2020-12-11,Windham v. Kroll,Windham,dk18756367,Published,f
cl4840764,2020-10-23,State ex. rel. Malone v. Baldonado-Bellamy,Baldonado-Bellamy,dk18756397,Published,f
cl4840745,2020-12-04,Weiland v. Weiland,Weiland,dk18756371,Published,f
cl4840755,2020-11-13,State v. Cox,Cox,dk18756382,Published,f
cl4840756,2020-11-13,Higgins v. Currier,Higgins,dk18756383,Published,f
cl4840748,2020-12-04,Jaeger v. Jaeger,Jaeger,dk18756374,Published,f
cl4840749,2020-12-04,In re Estate of Marsh,,dk18756375,Published,f
cl4840746,2020-12-04,State v. Blocher,Blocher,dk18756372,Published,f
cl4840758,2020-11-06,State v. Senteney,Senteney,dk18756385,Published,f
cl4840766,2020-10-23,In re Interest of Leyton C. & Landyn C.,,dk18756399,Published,f
cl4840751,2020-11-20,In re Interest of A.A.,,dk18756377,Published,f
cl4840760,2020-11-06,Benjamin M. v. Jeri S.,,dk18756388,Published,f
cl4840765,2020-10-23,Kaiser v. Allstate Indemnity Co.,Kaiser,dk18756398,Published,f
cl4840757,2020-11-06,State v. Teppert,Teppert,dk18756384,Published,f
cl4840761,2020-10-30,State v. Andera,Andera,dk18756389,Published,f
cl4840629,2020-12-11,Fuelberth v. Heartland Heating & Air Conditioning,Fuelberth,dk18756049,Published,f
cl4840747,2020-12-04,Parks v. Hy-Vee,Parks,dk18756373,Published,f
cl4840774,2020-10-02,Yori v. Helms,Yori,dk18756419,Published,f
cl4840754,2020-11-13,State v. Jones,Jones,dk18756381,Published,f
cl4840770,2020-10-09,State v. Dalton,Dalton,dk18756405,Published,f
cl4840773,2020-10-09,Dycus v. Dycus,Dycus,dk18756418,Published,f
cl4840776,2020-10-02,State v. Gray,Gray,dk18756421,Published,f
cl4840763,2020-10-23,State v. Collins,Collins,dk18756396,Published,f
cl4840771,2020-10-09,State v. Chapman,Chapman,dk18756414,Published,f
cl4840772,2020-10-09,In re Guardianship & Conservatorship of J.F.,,dk18756415,Published,f
cl4840753,2020-11-13,State v. Stack,Stack,dk18756379,Published,f
cl4840862,2020-12-18,"PSSI Global Services, L.L.C. v. FCC",,dk18756765,Published,f
cl4840873,2020-12-18,State v. Genson,Genson,dk18756847,Published,t
cl4841200,2020-12-17,"John Dee Spicer, Chapter 7 Trustee for the Bankruptcy Estate of Misty Chaney Brady John Dee Spicer, Chapter 7 Trustee for the Bankruptcy Estate of BP Chaney John Dee Spicer, Chapter 7 Trustee for the Bankruptcy Estate of Texas RHH, LLC And Zera Inc. v. Maxus Healthcare Partners, LLC",,dk18761096,Published,f
cl4851575,2021-01-27,State ex rel. Bohlen v. Halliday (Slip Opinion),,dk50247041,Published,f
cl4841485,2020-12-21,Denver Health v. Houchin,Houchin,dk18762979,Published,f
cl4841545,2020-12-21,Pojoy-Deleon v. Barr,Pojoy-Deleon,dk18763787,Published,f
cl4841665,2020-12-22,State v. Kinney (Slip Opinion),,dk19461463,Published,f
cl4841686,2020-12-22,Darcy v. v. DeWolf,Darcy,dk19520412,Published,f
cl4841696,2020-12-22,State v. Turner (Slip Opinion),,dk19523323,Published,f
cl4897806,2021-07-06,State v. R. Hornback,,dk60040010,Unpublished,t
cl4897816,2021-07-06,Amos v. Jefferson,Amos,dk60040092,Unpublished,t
cl4842215,2020-12-23,State v. Henderson,,dk20622187,Published,f
cl4842233,2020-12-23,"Keynetik, Inc. v. Samsung Electronics Co., Ltd.",,dk20622409,Unpublished,f
cl4842232,2020-12-23,United States v. Christopher R. Glenn,,dk20622354,Unpublished,f
cl4842295,2020-12-23,In re L.M.W.,In re L.M.W.,dk20622541,Published,f
cl4842397,2020-12-23,State v. Fisher,Fisher,dk20623700,Published,f
cl4847652,2021-01-14,Pagano v. Case W. Res. Univ.,Pagano,dk29105417,Published,t
cl4842617,2020-12-23,Alaniz v. U.S. Renal Care,Alaniz,dk20943147,Unpublished,f
cl4842876,2020-12-24,State of Washington v. Michael Randall Lauderdale,,dk22291248,Unpublished,f
cl4843063,2020-12-18,Carroll v. Gould,Carroll,dk23236025,Published,f
cl4843062,2020-12-18,Harts v. County of Knox,Harts,dk23235987,Published,f
cl4843064,2020-12-11,Windham v. Kroll,Windham,dk23236085,Published,f
cl4843067,2020-12-04,Weiland v. Weiland,Weiland,dk23236264,Published,f
cl4843068,2020-12-04,State v. Blocher,Blocher,dk23236306,Published,f
cl4843073,2020-11-20,In re Interest of A.A.,,dk23236664,Published,f
cl4843071,2020-12-04,In re Estate of Marsh,,dk23236483,Published,f
cl4843077,2020-11-13,State v. Cox,Cox,dk23236877,Published,f
cl4843079,2020-11-06,State v. Teppert,Teppert,dk23236926,Published,f
cl4843082,2020-11-06,Benjamin M. v. Jeri S.,,dk23237186,Published,f
cl4843087,2020-10-23,Kaiser v. Allstate Indemnity Co.,Kaiser,dk23238473,Published,f
cl4843086,2020-10-23,State ex. rel. Malone v. Baldonado-Bellamy,Baldonado-Bellamy,dk23238233,Published,f
cl4843090,2020-10-16,Cinatl v. Prososki,Cinatl,dk23238740,Published,f
cl4843093,2020-10-09,State v. Chapman,Chapman,dk23238933,Published,f
cl4852998,2021-02-02,State v. Miller,,dk58968856,Published,f
cl4835787,2020-12-04,Jaeger v. Jaeger,Jaeger,dk18714683,Published,f
cl4843101,2020-10-02,In re Claim of Roberts for Attorney Fees,,dk23239358,Published,f
cl4853094,2021-02-02,United States v. Becerra,Becerra,dk58997538,Unpublished,f
cl4853095,2021-02-02,Tibakweitira v. Wilkinson,Tibakweitira,dk58997539,Published,f
cl4853097,2021-02-02,Sabre Indus v. Module X Solutions,,dk58997541,Unpublished,f
cl4843552,2020-12-29,McClellan v. McGary (Slip Opinion),McClellan,dk26386533,Published,f
cl4843554,2020-12-29,Cain v. Horn (Slip Opinion),Cain,dk26386536,Published,f
cl4853228,2021-02-03,PAUL EVAN BATES v. MAGDA JHOVANNA BATES,,dk59053858,Published,t
cl4851738,2021-01-28,v. Abad,v. Abad,dk50260975,Published,f
cl4897974,2021-07-07,Susan Khoury v. The Miami-Dade County School Board,,dk60041063,Published,f
cl4847935,2021-01-08,Rogers v. Jack's Supper Club,,dk29110432,Published,f
cl4847938,2020-12-31,Grothen v. Grothen,Grothen,dk29110435,Published,f
cl4847936,2021-01-08,In re Estate of Brinkman,,dk29110433,Published,f
cl4847934,2021-01-08,State v. Briggs,Briggs,dk29110431,Published,f
cl4847941,2020-12-18,Harts v. County of Knox,Harts,dk29110438,Published,f
cl4847942,2020-12-18,Carroll v. Gould,Carroll,dk29110439,Published,f
cl4847943,2020-12-11,Windham v. Kroll,Windham,dk29110440,Published,f
cl4847945,2020-12-11,Fuelberth v. Heartland Heating & Air Conditioning,Fuelberth,dk29110442,Published,f
cl4847946,2020-12-04,Weiland v. Weiland,Weiland,dk29110443,Published,f
cl4847944,2020-12-11,State v. Clausen,Clausen,dk29110441,Published,f
cl4847950,2020-12-04,In re Estate of Marsh,,dk29110447,Published,f
cl4847948,2020-12-04,Parks v. Hy-Vee,Parks,dk29110445,Published,f
cl4847952,2020-11-20,In re Interest of A.A.,,dk29110449,Published,f
cl4847955,2020-11-13,State v. Jones,Jones,dk29110452,Published,f
cl4847953,2020-11-13,TDP Phase One v. The Club at the Yard,,dk29110450,Published,f
cl4847956,2020-11-13,State v. Cox,Cox,dk29110453,Published,f
cl4847957,2020-11-13,Higgins v. Currier,Higgins,dk29110454,Published,f
cl4847961,2020-11-06,Benjamin M. v. Jeri S.,,dk29110458,Published,f
cl4847958,2020-11-06,State v. Teppert,Teppert,dk29110455,Published,f
cl4847960,2020-11-06,"Douglas Cty. Sch. Dist. No. 10 v. Tribedo, LLC",,dk29110457,Published,f
cl4847962,2020-10-30,State v. Andera,Andera,dk29110459,Published,f
cl4847964,2020-10-23,State v. Collins,Collins,dk29110461,Published,f
cl4847963,2020-10-30,Dick v. Koski Prof. Group,Dick,dk29110460,Published,f
cl4847965,2020-10-23,State ex. rel. Malone v. Baldonado-Bellamy,Baldonado-Bellamy,dk29110462,Published,f
cl4714800,2020-01-23,United States v. Berg,Berg,dk16745238,Published,f
cl4714806,2020-01-23,of Wright,of Wright,dk16745299,Published,f
cl4714807,2020-01-23,in Interest of S.R.N.J-S,,dk16745301,Published,t
cl4844197,2020-12-30,Yumori-Kaku v. City of Santa Clara,Yumori-Kaku,dk26949639,Published,f
cl32625,2003-09-15,United States v. Young,Young,dk53446,Unpublished,t
cl4844199,2020-12-30,Darrell Edgecomb v. Commissioner of Social Security,,dk26968327,Unpublished,f
cl4844246,2020-12-30,State v. Stevens,Stevens,dk26992735,Published,f
cl4844325,2020-12-31,State v. Ramsay (Slip Opinion),,dk27300474,Published,f
cl4844330,2020-12-31,Deck v. Durrani (Slip Opinion),Deck,dk27300481,Published,f
cl4844331,2020-12-31,Carr v. Durrani (Slip Opinion),Carr,dk27300482,Published,f
cl4844347,2020-11-20,In re Interest of Seth C.,,dk27318171,Published,f
cl4844334,2020-12-31,Grothen v. Grothen,Grothen,dk27317892,Published,f
cl4844338,2020-12-18,Carroll v. Gould,Carroll,dk27318040,Published,f
cl4844337,2020-12-18,Harts v. County of Knox,Harts,dk27317975,Published,f
cl4844343,2020-12-04,State v. Blocher,Blocher,dk27318110,Published,f
cl4844339,2020-12-11,Windham v. Kroll,Windham,dk27318073,Published,f
cl4844342,2020-12-04,Weiland v. Weiland,Weiland,dk27318106,Published,f
cl4844348,2020-11-20,In re Interest of A.A.,,dk27318257,Published,f
cl4844345,2020-12-04,Jaeger v. Jaeger,Jaeger,dk27318148,Published,f
cl4844346,2020-12-04,In re Estate of Marsh,,dk27318166,Published,f
cl4844351,2020-11-13,State v. Jones,Jones,dk27318353,Published,f
cl4844359,2020-10-30,Dick v. Koski Prof. Group,Dick,dk27319077,Published,f
cl4844357,2020-11-06,Benjamin M. v. Jeri S.,,dk27318571,Published,f
cl4844352,2020-11-13,State v. Cox,Cox,dk27318373,Published,f
cl4844354,2020-11-06,State v. Teppert,Teppert,dk27318382,Published,f
cl4844358,2020-10-30,State v. Andera,Andera,dk27318638,Published,f
cl4844362,2020-10-23,Kaiser v. Allstate Indemnity Co.,Kaiser,dk27319129,Published,f
cl4844361,2020-10-23,State ex. rel. Malone v. Baldonado-Bellamy,Baldonado-Bellamy,dk27319101,Published,f
cl4844364,2020-10-16,State v. Connelly,Connelly,dk27319145,Published,f
cl4844360,2020-10-23,State v. Collins,Collins,dk27319099,Published,f
cl4844369,2020-10-09,In re Guardianship & Conservatorship of J.F.,,dk27319268,Published,f
cl4844368,2020-10-09,State v. Chapman,Chapman,dk27319239,Published,f
cl4844365,2020-10-16,Cinatl v. Prososki,Cinatl,dk27319165,Published,f
cl4848012,2021-01-08,Rogers v. Jack's Supper Club,,dk29110687,Published,f
cl4848010,2021-01-15,State v. Bartel,Bartel,dk29110685,Published,f
cl4848009,2021-01-15,State v. Melton,Melton,dk29110684,Published,f
cl4844531,2020-12-31,State v. Yates,Yates,dk27337329,Published,f
cl4844538,2020-12-31,In the Matter of the Personal Restraint of: Eduardo Chavez,,dk27338979,Unpublished,f
cl4848020,2020-12-11,Windham v. Kroll,Windham,dk29110695,Published,f
cl4848015,2020-12-31,Grothen v. Grothen,Grothen,dk29110690,Published,f
cl4848023,2020-12-04,Weiland v. Weiland,Weiland,dk29110698,Published,f
cl4848033,2020-11-13,State v. Cox,Cox,dk29110708,Published,f
cl4848025,2020-12-04,Parks v. Hy-Vee,Parks,dk29110700,Published,f
cl4848032,2020-11-13,State v. Jones,Jones,dk29110707,Published,f
cl4848037,2020-11-06,"Douglas Cty. Sch. Dist. No. 10 v. Tribedo, LLC",,dk29110712,Published,f
cl4848038,2020-11-06,Benjamin M. v. Jeri S.,,dk29110713,Published,f
cl4848039,2020-10-30,State v. Andera,Andera,dk29110714,Published,f
cl4848028,2020-11-20,In re Interest of Seth C.,,dk29110703,Published,f
cl4848045,2021-01-15,United States v. Tesean Raynard James,,dk29110807,Unpublished,f
cl4851882,2020-12-31,Grothen v. Grothen,Grothen,dk51960891,Published,f
cl4851870,2021-01-22,State ex rel. Counsel for Dis. v. Nowak,Nowak,dk51959608,Published,f
cl4851869,2021-01-22,State ex rel. Counsel for Dis. v. Palagi,Palagi,dk51959509,Published,f
cl4851872,2021-01-22,In re Estate of Loder,,dk51959834,Published,f
cl4851878,2021-01-08,State v. Briggs,Briggs,dk51960430,Published,f
cl4851875,2021-01-15,State v. Bartel,Bartel,dk51960130,Published,f
cl4851874,2021-01-15,State v. Melton,Melton,dk51960020,Published,f
cl4851877,2021-01-15,Houghton v. Nebraska Dept. of Rev.,Houghton,dk51960304,Published,f
cl4851890,2020-12-04,Weiland v. Weiland,Weiland,dk51962226,Published,f
cl4851886,2020-12-18,Carroll v. Gould,Carroll,dk51961844,Published,f
cl4851885,2020-12-18,Harts v. County of Knox,Harts,dk51961739,Published,f
cl4851893,2020-12-04,Jaeger v. Jaeger,Jaeger,dk51962898,Published,f
cl4851901,2020-11-13,Higgins v. Currier,Higgins,dk51964104,Published,f
cl4851902,2020-11-06,State v. Teppert,Teppert,dk51964177,Published,f
cl4851900,2020-11-13,State v. Cox,Cox,dk51964019,Published,f
cl4851899,2020-11-13,State v. Jones,Jones,dk51963937,Published,f
cl4851896,2020-11-20,In re Interest of A.A.,,dk51963643,Published,f
cl4851904,2020-11-06,"Douglas Cty. Sch. Dist. No. 10 v. Tribedo, LLC",,dk51964390,Published,f
cl4851905,2020-11-06,Benjamin M. v. Jeri S.,,dk51964486,Published,f
cl4851895,2020-11-20,In re Interest of Seth C.,,dk51963393,Published,f
cl4838227,2020-11-06,"Douglas Cty. Sch. Dist. No. 10 v. Tribedo, LLC",,dk18734804,Published,f
cl4845080,2021-01-04,Espinoza-Villasenor v. Rosen,Espinoza-Villasenor,dk28977936,Unpublished,f
cl4845094,2021-01-04,United States v. Spence,Spence,dk28989198,Unpublished,f
cl4848090,2020-12-04,In re Estate of Marsh,,dk29110896,Published,f
cl4848095,2020-11-13,State v. Jones,Jones,dk29110901,Published,f
cl4848089,2020-12-04,Jaeger v. Jaeger,Jaeger,dk29110894,Published,f
cl4848091,2020-11-20,In re Interest of Seth C.,,dk29110897,Published,f
cl4848075,2021-01-08,Rogers v. Jack's Supper Club,,dk29110880,Published,f
cl4848072,2021-01-15,Mahlendorf v. Mahlendorf,Mahlendorf,dk29110877,Published,f
cl4848082,2020-12-18,Carroll v. Gould,Carroll,dk29110887,Published,f
cl4848081,2020-12-18,Harts v. County of Knox,Harts,dk29110886,Published,f
cl4851971,2021-01-15,Mahlendorf v. Mahlendorf,Mahlendorf,dk53268340,Published,f
cl4851969,2021-01-15,State v. Melton,Melton,dk53268139,Published,f
cl4851970,2021-01-15,State v. Bartel,Bartel,dk53268246,Published,f
cl4848078,2020-12-31,Grothen v. Grothen,Grothen,dk29110883,Published,f
cl4848074,2021-01-08,State v. Briggs,Briggs,dk29110879,Published,f
cl4848070,2021-01-15,State v. Melton,Melton,dk29110875,Published,f
cl4851963,2021-01-29,Dick v. Koski Prof. Group - supplemental opinion,Dick,dk53267601,Published,f
cl4851994,2020-11-13,State v. Jones,Jones,dk53270775,Published,f
cl4851995,2020-11-13,State v. Cox,Cox,dk53270865,Published,f
cl4851964,2021-01-22,State ex rel. Counsel for Dis. v. Palagi,Palagi,dk53267681,Published,f
cl4848086,2020-12-04,Weiland v. Weiland,Weiland,dk29110891,Published,f
cl4851997,2020-11-06,State v. Teppert,Teppert,dk53271056,Published,f
cl4848087,2020-12-04,State v. Blocher,Blocher,dk29110892,Published,f
cl4848094,2020-11-13,State v. Stack,Stack,dk29110900,Published,f
cl4851967,2021-01-22,In re Estate of Loder,,dk53267954,Published,f
cl4851974,2021-01-08,Rogers v. Jack's Supper Club,,dk53268668,Published,f
cl4851973,2021-01-08,State v. Briggs,Briggs,dk53268565,Published,f
cl4851968,2021-01-22,In re Estate of Larson,,dk53268056,Published,f
cl4851972,2021-01-15,Houghton v. Nebraska Dept. of Rev.,Houghton,dk53268437,Published,f
cl4851977,2020-12-31,Grothen v. Grothen,Grothen,dk53268985,Published,f
cl4851982,2020-12-11,Windham v. Kroll,Windham,dk53269470,Published,f
cl4851989,2020-12-04,In re Estate of Marsh,,dk53270239,Published,f
cl4851991,2020-11-20,In re Interest of A.A.,,dk53270490,Published,f
cl4851981,2020-12-18,Carroll v. Gould,Carroll,dk53269374,Published,f
cl4851980,2020-12-18,Harts v. County of Knox,Harts,dk53269265,Published,f
cl4851976,2021-01-08,Equestrian Ridge v. Equestrian Ridge Estates II,,dk53268896,Published,f
cl4851987,2020-12-04,Parks v. Hy-Vee,Parks,dk53269946,Published,f
cl4851985,2020-12-04,Weiland v. Weiland,Weiland,dk53269762,Published,f
cl4851983,2020-12-11,State v. Clausen,Clausen,dk53269590,Published,f
cl4851986,2020-12-04,State v. Blocher,Blocher,dk53269847,Published,f
cl4851988,2020-12-04,Jaeger v. Jaeger,Jaeger,dk53270045,Published,f
cl4851990,2020-11-20,In re Interest of Seth C.,,dk53270324,Published,f
cl4848101,2020-11-06,Benjamin M. v. Jeri S.,,dk29110907,Published,f
cl4848099,2020-11-06,State v. Senteney,Senteney,dk29110905,Published,f
cl4848097,2020-11-13,Higgins v. Currier,Higgins,dk29110903,Published,f
cl4848096,2020-11-13,State v. Cox,Cox,dk29110902,Published,f
cl4848098,2020-11-06,State v. Teppert,Teppert,dk29110904,Published,f
cl4848100,2020-11-06,"Douglas Cty. Sch. Dist. No. 10 v. Tribedo, LLC",,dk29110906,Published,f
cl4851999,2020-11-06,"Douglas Cty. Sch. Dist. No. 10 v. Tribedo, LLC",,dk53271242,Published,f
cl4852000,2020-11-06,Benjamin M. v. Jeri S.,,dk53271336,Published,f
cl4848102,2020-10-30,State v. Andera,Andera,dk29110908,Published,f
cl4852057,2020-12-04,Weiland v. Weiland,Weiland,dk53501218,Published,f
cl4852058,2020-12-04,State v. Blocher,Blocher,dk53501308,Published,f
cl4852032,2021-01-29,State v. Catlin,Catlin,dk53498587,Published,f
cl4852035,2021-01-29,Dick v. Koski Prof. Group - supplemental opinion,Dick,dk53498948,Published,f
cl4852036,2021-01-22,State ex rel. Counsel for Dis. v. Palagi,Palagi,dk53499012,Published,f
cl4852039,2021-01-22,In re Estate of Loder,,dk53499241,Published,f
cl4852038,2021-01-22,Mercer v. North Central Serv.,Mercer,dk53499165,Published,f
cl4852044,2021-01-15,Houghton v. Nebraska Dept. of Rev.,Houghton,dk53499710,Published,f
cl4852048,2021-01-08,Equestrian Ridge v. Equestrian Ridge Estates II,,dk53500199,Published,f
cl4852047,2021-01-08,In re Estate of Brinkman,,dk53500066,Published,f
cl4852049,2020-12-31,Grothen v. Grothen,Grothen,dk53500301,Published,f
cl4852052,2020-12-18,Harts v. County of Knox,Harts,dk53500632,Published,f
cl4852054,2020-12-11,Windham v. Kroll,Windham,dk53500865,Published,f
cl4852053,2020-12-18,Carroll v. Gould,Carroll,dk53500747,Published,f
cl4852060,2020-12-04,Jaeger v. Jaeger,Jaeger,dk53501521,Published,f
cl4852061,2020-12-04,In re Estate of Marsh,,dk53501643,Published,f
cl4852059,2020-12-04,Parks v. Hy-Vee,Parks,dk53501413,Published,f
cl4852066,2020-11-13,State v. Jones,Jones,dk53502199,Published,f
cl4852062,2020-11-20,In re Interest of Seth C.,,dk53501698,Published,f
cl4852064,2020-11-13,TDP Phase One v. The Club at the Yard,,dk53501978,Published,f
cl4852067,2020-11-13,State v. Cox,Cox,dk53502301,Published,f
cl4852071,2020-11-06,"Douglas Cty. Sch. Dist. No. 10 v. Tribedo, LLC",,dk53502698,Published,f
cl4852072,2020-11-06,Benjamin M. v. Jeri S.,,dk53502804,Published,f
cl4845254,2021-01-05,State v. Linwood,Linwood,dk29081568,Published,f
cl4845278,2021-01-05,Cheryl Kellogg v. Ball State University,,dk29081727,Published,f
cl4845283,2021-01-05,Simo Holdings Inc. v. Hong Kong Ucloudlink Network,,dk29081741,Published,f
cl4562279,2013-02-28,Smith v. Comm'r,Comm'r,dk8183484,Published,f
cl4845307,2021-01-05,Cheryl Kellogg v. Ball State University,,dk29081993,Published,f
cl4720841,2020-01-28,State v. Lebrick,Lebrick,dk16755153,Published,f
cl163224,2003-03-18,Cook v. McKune,Cook,dk197133,Published,f
cl4720918,2019-12-20,State v. Stanko,Stanko,dk16755559,Published,f
cl4720921,2019-12-13,State v. Dady,Dady,dk16755562,Published,f
cl4691918,2019-11-01,Burgardt v. Burgardt,Burgardt,dk16650080,Published,f
cl895363,2011-08-26,Epps v. Fowler,Epps,dk641008,Published,f
cl4848153,2021-01-15,y Centerra v. Poag & McEwen,,dk29111392,Published,f
cl4852126,2021-01-22,Lucas v. Whyte,Lucas,dk53744690,Published,f
cl36645,2004-10-21,United States v. Ramirez-Gomez,Ramirez-Gomez,dk205156,Unpublished,t
cl4845502,2021-01-05,Cheryl Kellogg v. Ball State University,,dk29083774,Published,f
cl4845504,2021-01-05,People v. Johnson,,dk29083834,Published,f
cl4723447,2020-01-31,Theidon v. Harvard University,Theidon,dk16790664,Published,f
cl4562263,2013-02-14,"6611, Ltd. v. Comm'r",Comm'r,dk8183454,Unpublished,f
cl41224,2010-01-22,Paul Ayuso v. United States,,dk152133,Unpublished,t
cl43005,2006-06-13,United States v. Hames,Hames,dk207388,Unpublished,t
cl4845612,2021-01-06,Clerveaux v. E. Ramapo Cent. Sch. Dist.,Clerveaux,dk29084816,Published,f
cl4845618,2021-01-06,"Tony Griffin v. Social Security Administration, Commissioner",,dk29084822,Unpublished,f
cl4845669,2021-01-06,Wolf v. State,Wolf,dk29084956,Published,f
cl4852141,2021-01-26,Ezaki Gliko Kabushiki Kaisha v. Lotte International America Co,,dk54117779,Published,f
cl4852140,2021-01-27,Ezaki Gliko Kabushiki Kaisha v. Lotte International America Co,,dk54117572,Published,f
cl4845798,2021-01-06,United States v. Mathes,Mathes,dk29087178,Unpublished,f
cl4845803,2021-01-06,Lopez Acosta v. Rosen,Rosen,dk29087183,Unpublished,f
cl4852221,2021-01-29,State v. Polizzi,Polizzi,dk54432241,Published,f
cl4852224,2021-01-29,"Rock House Fitness, Inc. v. Himes",Himes,dk54432357,Published,f
cl4757107,2020-05-22,Bierman v. Benjamin,Bierman,dk17203620,Published,f
cl4757128,2020-04-10,State v. Galvan,Galvan,dk17203641,Published,f
cl4757208,2020-05-22,Bierman v. Benjamin,Bierman,dk17204000,Published,f
cl4846123,2021-01-07,People v. Patel,Patel,dk29090075,Published,t
cl4846179,2020-10-30,Dick v. Koski Prof. Group,Dick,dk29090676,Published,f
cl4846154,2020-12-31,Grothen v. Grothen,Grothen,dk29090651,Published,f
cl4722923,2019-11-15,State v. Brye,Brye,dk16785341,Published,f
cl4846157,2020-12-18,Harts v. County of Knox,Harts,dk29090654,Published,f
cl4846159,2020-12-11,Windham v. Kroll,Windham,dk29090656,Published,f
cl4846166,2020-12-04,In re Estate of Marsh,,dk29090663,Published,f
cl4846163,2020-12-04,State v. Blocher,Blocher,dk29090660,Published,f
cl4846162,2020-12-04,Weiland v. Weiland,Weiland,dk29090659,Published,f
cl4846165,2020-12-04,Jaeger v. Jaeger,Jaeger,dk29090662,Published,f
cl4846161,2020-12-11,Fuelberth v. Heartland Heating & Air Conditioning,Fuelberth,dk29090658,Published,f
cl4846168,2020-11-20,In re Interest of A.A.,,dk29090665,Published,f
cl4846171,2020-11-13,State v. Jones,Jones,dk29090668,Published,f
cl4846172,2020-11-13,State v. Cox,Cox,dk29090669,Published,f
cl4846173,2020-11-13,Higgins v. Currier,Higgins,dk29090670,Published,f
cl4846174,2020-11-06,State v. Teppert,Teppert,dk29090671,Published,f
cl4846177,2020-11-06,Benjamin M. v. Jeri S.,,dk29090674,Published,f
cl4846181,2020-10-23,State ex. rel. Malone v. Baldonado-Bellamy,Baldonado-Bellamy,dk29090678,Published,f
cl4846176,2020-11-06,"Douglas Cty. Sch. Dist. No. 10 v. Tribedo, LLC",,dk29090673,Published,f
cl4846180,2020-10-23,State v. Collins,Collins,dk29090677,Published,f
cl4846178,2020-10-30,State v. Andera,Andera,dk29090675,Published,f
cl4846182,2020-10-23,Kaiser v. Allstate Indemnity Co.,Kaiser,dk29090679,Published,f
cl4846224,2020-12-31,Grothen v. Grothen,Grothen,dk29090879,Published,f
cl4846228,2020-12-18,Carroll v. Gould,Carroll,dk29090883,Published,f
cl4846238,2020-11-20,In re Interest of A.A.,,dk29090893,Published,f
cl4846232,2020-12-04,Weiland v. Weiland,Weiland,dk29090887,Published,f
cl4846227,2020-12-18,Harts v. County of Knox,Harts,dk29090882,Published,f
cl4846235,2020-12-04,Jaeger v. Jaeger,Jaeger,dk29090890,Published,f
cl4846236,2020-12-04,In re Estate of Marsh,,dk29090891,Published,f
cl4846241,2020-11-13,State v. Jones,Jones,dk29090896,Published,f
cl4846230,2020-12-11,State v. Clausen,Clausen,dk29090885,Published,f
cl4846233,2020-12-04,State v. Blocher,Blocher,dk29090888,Published,f
cl4846256,2020-10-16,Chaney v. Evnen,Chaney,dk29090912,Published,f
cl4846249,2020-10-30,Dick v. Koski Prof. Group,Dick,dk29090905,Published,f
cl4846243,2020-11-13,Higgins v. Currier,Higgins,dk29090899,Published,f
cl4846246,2020-11-06,"Douglas Cty. Sch. Dist. No. 10 v. Tribedo, LLC",,dk29090902,Published,f
cl4846252,2020-10-23,Kaiser v. Allstate Indemnity Co.,Kaiser,dk29090908,Published,f
cl4846245,2020-11-06,State v. Senteney,Senteney,dk29090901,Published,f
cl4846253,2020-10-23,In re Interest of Leyton C. & Landyn C.,,dk29090909,Published,f
cl4846242,2020-11-13,State v. Cox,Cox,dk29090898,Published,f
cl4846250,2020-10-23,State v. Collins,Collins,dk29090906,Published,f
cl4846240,2020-11-13,State v. Stack,Stack,dk29090895,Published,f
cl4846278,2020-12-04,In re Estate of Marsh,,dk29091092,Published,f
cl4846285,2020-11-13,Higgins v. Currier,Higgins,dk29091099,Published,f
cl4846284,2020-11-13,State v. Cox,Cox,dk29091098,Published,f
cl4846265,2021-01-08,Equestrian Ridge v. Equestrian Ridge Estates II,,dk29091079,Published,f
cl4846264,2021-01-08,In re Estate of Brinkman,,dk29091078,Published,f
cl4846266,2020-12-31,Grothen v. Grothen,Grothen,dk29091080,Published,f
cl4846274,2020-12-04,Weiland v. Weiland,Weiland,dk29091088,Published,f
cl4846277,2020-12-04,Jaeger v. Jaeger,Jaeger,dk29091091,Published,f
cl4846271,2020-12-11,Windham v. Kroll,Windham,dk29091085,Published,f
cl4846269,2020-12-18,Harts v. County of Knox,Harts,dk29091083,Published,f
cl4846270,2020-12-18,Carroll v. Gould,Carroll,dk29091084,Published,f
cl4846276,2020-12-04,Parks v. Hy-Vee,Parks,dk29091090,Published,f
cl4846283,2020-11-13,State v. Jones,Jones,dk29091097,Published,f
cl4846281,2020-11-13,TDP Phase One v. The Club at the Yard,,dk29091095,Published,f
cl4846273,2020-12-11,Fuelberth v. Heartland Heating & Air Conditioning,Fuelberth,dk29091087,Published,f
cl4846287,2020-11-06,State v. Senteney,Senteney,dk29091101,Published,f
cl4846294,2020-10-23,Kaiser v. Allstate Indemnity Co.,Kaiser,dk29091108,Published,f
cl4846296,2020-10-16,State v. Connelly,Connelly,dk29091110,Published,f
cl4846291,2020-10-30,Dick v. Koski Prof. Group,Dick,dk29091105,Published,f
cl4846292,2020-10-23,State v. Collins,Collins,dk29091106,Published,f
cl4757329,2020-05-04,"Talbott v. Condevco, Inc.",Talbott,dk17204287,Published,f
cl4852281,2021-01-29,People v. Aljohani,Aljohani,dk54718528,Published,f
cl4852307,2021-01-29,Rushton v. Department of Corrections,Rushton,dk54885859,Published,f
cl4852312,2021-01-29,Iwan Ries & Co. v. City of Chicago,,dk54886102,Published,f
cl74438,2000-03-07,United States v. Prather,Prather,dk1079981,Published,f
cl4846512,2021-01-07,"Builder Recovery Services LLC v. the Town of Westlake, Texas",,dk29094805,Published,f
cl4897424,2021-06-29,Nelson v. Richardson-Nelson,Richardson-Nelson,dk60037321,Published,t
cl4897426,2021-06-22,Kier v. County of Hall,Kier,dk60037323,Published,f
cl4852324,2021-01-29,Soares-Lino v. Wilkinson,Soares-Lino,dk55155041,Unpublished,f
cl4846613,2021-01-11,State v. Breucker,Breucker,dk29095087,Published,f
cl4846682,2021-01-08,State v. Bellamy,Bellamy,dk29095877,Published,t
cl4846696,2021-01-11,Echeverry v. Jazz Casino,Echeverry,dk29096057,Published,f
cl4846722,2021-01-11,In re Marriage of Hogsett & Neale,,dk29096373,Published,f
cl4846721,2021-01-11,In re Marriage of LaFleur & Pyfer,,dk29096372,Published,f
cl4846723,2021-01-11,In re Estate of Yudkin,,dk29096374,Published,f
cl4846775,2021-01-11,Al Amiri v. Rosen,Rosen,dk29097355,Published,f
cl4846883,2021-01-12,DeGeorge v. DiGiorgio's Sportswear,DeGeorge,dk29098331,Published,t
cl27194,2002-04-22,"LLEH Inc v. Wichita County, TX",,dk515125,Published,f
cl4897539,2021-06-29,Nelson v. Richardson-Nelson,Richardson-Nelson,dk60037518,Published,t
cl4897541,2021-06-22,Kier v. County of Hall,Kier,dk60037520,Published,f
cl4897542,2021-06-15,Taylor-Couchman v. DeWitt-Couchman,Taylor-Couchman,dk60037521,Published,t
cl4861337,2021-01-08,Equestrian Ridge v. Equestrian Ridge Estates II,,dk59707296,Published,f
cl33403,2003-12-23,Lewis v. Dretke,Lewis,dk200790,Published,f
cl4897616,2021-07-06,State v. Stevens,Stevens,dk60037740,Published,f
cl4846958,2021-01-07,Nelson v. Nelson,,dk29098902,Published,f
cl4897623,2021-07-06,In re K.L.F.,In re K.L.F.,dk60037750,Published,f
cl147620,2010-06-02,Harris v. City of New York,Harris,dk286500,Published,f
cl4757590,2020-05-28,SANDERS CARTER v. STATE OF ARKANSAS,,dk17211131,Published,f
cl4847048,2020-12-17,Three Aces Properties v. United Rentals,,dk29099440,Published,f
cl4847050,2020-12-17,State v. Rodriguez,Rodriguez,dk29099442,Published,f
cl4847054,2020-12-17,Sather v. Sather,Sather,dk29099446,Published,f
cl4847059,2020-12-17,Kuntz v. Leiss,Kuntz,dk29099451,Published,f
cl4852542,2021-02-01,v. Ross,v. Ross,dk58803862,Published,f
cl4840548,2020-12-17,Discover Bank v. Hornbacher,Hornbacher,dk18754573,Published,f
cl4847098,2021-01-12,Young v. Burleigh Morton Detention Center,Young,dk29099852,Published,f
cl4847100,2021-01-12,State v. Evanson,Evanson,dk29099854,Published,f
cl4847102,2021-01-12,State v. Aune,Aune,dk29099856,Published,f
cl4847104,2021-01-12,Potts v. City of Devils Lake,Potts,dk29099858,Published,f
cl4863952,2021-03-15,"Total Quality Logistics, L.L.C. v. Alliance Shippers, Inc.",,dk59732379,Published,f
cl4847118,2021-01-06,State v. Ervin,Ervin,dk29100189,Published,f
cl4897658,2021-07-06,"Zhu v. Commissioner, SSA",Zhu,dk60038121,Unpublished,t
cl4897662,2021-07-06,United States v. Derrick Coleman,,dk60038125,Unpublished,t
cl4847168,2021-01-12,Sissom v. Countrywide Home Loans,Sissom,dk29101115,Unpublished,f
cl4852592,2021-02-01,State v. Spratley,Spratley,dk58823633,Published,f
cl4852605,2021-02-01,State v. Miller,,dk58823715,Published,f
cl4897708,2021-07-06,Kelly Copen v. United States,,dk60038399,Published,f
cl42925,2006-06-06,United States v. Lares-Meraz,Lares-Meraz,dk201165,Published,f
cl4852612,2021-02-01,In re D.J.,In re D.J.,dk58823725,Published,f
cl4847327,2021-01-13,State v. Mills,Mills,dk29102151,Published,f
cl4852664,2021-02-01,Tibakweitira v. Wilkinson,Tibakweitira,dk58852975,Unpublished,f
cl4857542,2021-02-18,Stoddard v. Singer,Stoddard,dk59299814,Published,f
cl4758541,2020-06-04,State of Maine v. Jonathan Limary,,dk17222423,Published,f
cl4867228,2021-03-24,State v. Stands,Stands,dk59760155,Published,f
cl4758664,2020-06-04,Evans v. Ohio Dept. of Rehab. & Corr.,Evans,dk17223096,Published,f
cl4898308,2021-07-08,State of Maine v. F Daly,,dk60044186,Published,f
cl4898309,2021-07-08,In re Children of Kacee S.,,dk60044187,Published,f
cl222098,2011-07-28,Georgia-Pacific v. Kimberly-Clark,Georgia-Pacific,dk581174,Published,f
cl4758933,2020-03-20,State v. Thelen,Thelen,dk17225496,Published,f
cl4851013,2021-01-26,People v. Rowell,Rowell,dk43733659,Published,f
cl4759413,2020-06-02,Estate of Sande,Estate of Sande,dk17230929,Published,f
cl4759414,2020-06-02,Dellinger v. Wolf,Dellinger,dk17230930,Published,f
cl4757986,2020-06-02,Estate of Sande,Estate of Sande,dk17216147,Published,f
cl4759975,2020-06-10,"Castille v. Commissioner, SSA",Castille,dk17237394,Unpublished,f
cl170071,2007-12-12,Frantz v. Astrue,Frantz,dk2031045,Published,f
cl4760008,2020-06-10,"Vicky Nguyen v. Endologix, Inc.",,dk17237738,Published,f
cl4760185,2020-06-10,United States v. Andy Schuman,,dk17239835,Unpublished,f
cl4760272,2020-06-11,United States v. Bridges,Bridges,dk17241037,Unpublished,f
cl162331,2002-06-21,United States v. Hurlich,Hurlich,dk758811,Published,f
cl4760510,2020-03-27,State v. Kelley,Kelley,dk17243926,Published,f
cl4760504,2020-04-10,"HBI, L.L.C. v. Barnette",Barnette,dk17243920,Published,f
cl4760503,2020-04-10,State v. Galvan,Galvan,dk17243919,Published,f
cl4853473,2021-02-03,People v. Aljohani,Aljohani,dk59083765,Published,f
cl4760621,2020-06-12,State v. Vann,Vann,dk17244202,Published,f
cl4898371,2021-07-08,State v. Stone,,dk60044460,Published,f
cl4763071,2020-06-23,American Hospital Association v. Azar,Azar,dk17285917,Published,f
cl64722,2009-02-09,United States v. Rodriguez,Rodriguez,dk394650,Published,f
cl4853837,2021-02-04,West Bend Mutual Insurance Co. v. TRRS Corp.,,dk59160637,Published,f
cl4853839,2021-02-04,In re Elena Hernandez,,dk59160640,Published,f
cl4853840,2021-02-04,Hess v. Estate of Klamm,Hess,dk59160642,Published,f
cl4853870,2021-01-29,State v. Catlin,Catlin,dk59180636,Published,f
cl4853871,2021-01-29,Hawkins v. Delgado,Hawkins,dk59180638,Published,f
cl4853873,2021-01-29,Dick v. Koski Prof. Group - supplemental opinion,Dick,dk59180640,Published,f
cl4853875,2021-01-22,State ex rel. Counsel for Dis. v. Nowak,Nowak,dk59180642,Published,f
cl4853874,2021-01-22,State ex rel. Counsel for Dis. v. Palagi,Palagi,dk59180641,Published,f
cl4853877,2021-01-22,In re Estate of Loder,,dk59180644,Published,f
cl4853880,2021-01-15,State v. Bartel,Bartel,dk59180647,Published,f
cl4853882,2021-01-15,Houghton v. Nebraska Dept. of Rev.,Houghton,dk59180649,Published,f
cl4853885,2021-01-08,In re Estate of Brinkman,,dk59180652,Published,f
cl4853884,2021-01-08,Rogers v. Jack's Supper Club,,dk59180651,Published,f
cl4853879,2021-01-15,State v. Melton,Melton,dk59180646,Published,f
cl4853878,2021-01-22,In re Estate of Larson,,dk59180645,Published,f
cl4853892,2020-12-11,Windham v. Kroll,Windham,dk59180672,Published,f
cl4853887,2020-12-31,Grothen v. Grothen,Grothen,dk59180664,Published,f
cl4853890,2020-12-18,Harts v. County of Knox,Harts,dk59180670,Published,f
cl4853891,2020-12-18,Carroll v. Gould,Carroll,dk59180671,Published,f
cl4853895,2020-12-04,Weiland v. Weiland,Weiland,dk59180675,Published,f
cl4853883,2021-01-08,State v. Briggs,Briggs,dk59180650,Published,f
cl4853897,2020-12-04,Parks v. Hy-Vee,Parks,dk59180677,Published,f
cl4853904,2020-11-13,State v. Jones,Jones,dk59180684,Published,f
cl4853898,2020-12-04,Jaeger v. Jaeger,Jaeger,dk59180678,Published,f
cl4853899,2020-12-04,In re Estate of Marsh,,dk59180679,Published,f
cl4853906,2020-11-13,Higgins v. Currier,Higgins,dk59180686,Published,f
cl4853903,2020-11-13,State v. Stack,Stack,dk59180683,Published,f
cl4853902,2020-11-13,TDP Phase One v. The Club at the Yard,,dk59180682,Published,f
cl4853905,2020-11-13,State v. Cox,Cox,dk59180685,Published,f
cl4851965,2021-01-22,State ex rel. Counsel for Dis. v. Nowak,Nowak,dk53267757,Published,f
cl4834357,2020-11-30,State v. Sanchez,Sanchez,dk18696741,Published,t
cl4853945,2021-02-05,State v. Thomas,Thomas,dk59192607,Published,f
cl4853947,2021-02-05,State v. Johnson,,dk59192609,Published,f
cl4853950,2021-01-29,Hawkins v. Delgado,Hawkins,dk59192612,Published,f
cl4853959,2021-01-15,State v. Bartel,Bartel,dk59192626,Published,f
cl4853949,2021-01-29,State v. Catlin,Catlin,dk59192611,Published,f
cl4853952,2021-01-29,Dick v. Koski Prof. Group - supplemental opinion,Dick,dk59192614,Published,f
cl4853978,2020-12-04,In re Estate of Marsh,,dk59192650,Published,f
cl4853963,2021-01-08,Rogers v. Jack's Supper Club,,dk59192631,Published,f
cl4853962,2021-01-08,State v. Briggs,Briggs,dk59192630,Published,f
cl4853955,2021-01-22,Mercer v. North Central Serv.,Mercer,dk59192618,Published,f
cl4853953,2021-01-22,State ex rel. Counsel for Dis. v. Palagi,Palagi,dk59192616,Published,f
cl4853961,2021-01-15,Houghton v. Nebraska Dept. of Rev.,Houghton,dk59192629,Published,f
cl4853956,2021-01-22,In re Estate of Loder,,dk59192619,Published,f
cl4853954,2021-01-22,State ex rel. Counsel for Dis. v. Nowak,Nowak,dk59192617,Published,f
cl4853966,2020-12-31,Grothen v. Grothen,Grothen,dk59192634,Published,f
cl4853969,2020-12-18,Harts v. County of Knox,Harts,dk59192638,Published,f
cl4853970,2020-12-18,Carroll v. Gould,Carroll,dk59192639,Published,f
cl4853971,2020-12-11,Windham v. Kroll,Windham,dk59192640,Published,f
cl4853977,2020-12-04,Jaeger v. Jaeger,Jaeger,dk59192648,Published,f
cl4853974,2020-12-04,Weiland v. Weiland,Weiland,dk59192644,Published,f
cl4853985,2020-11-13,Higgins v. Currier,Higgins,dk59192658,Published,f
cl4853972,2020-12-11,State v. Clausen,Clausen,dk59192641,Published,f
cl4853982,2020-11-13,State v. Stack,Stack,dk59192654,Published,f
cl4853983,2020-11-13,State v. Jones,Jones,dk59192655,Published,f
cl4853984,2020-11-13,State v. Cox,Cox,dk59192656,Published,f
cl4853973,2020-12-11,Fuelberth v. Heartland Heating & Air Conditioning,Fuelberth,dk59192642,Published,f
cl4853976,2020-12-04,Parks v. Hy-Vee,Parks,dk59192646,Published,f
cl4849736,2020-12-11,Fuelberth v. Heartland Heating & Air Conditioning,Fuelberth,dk36424270,Published,f
cl4854057,2021-02-05,State v. White,White,dk59194194,Published,f
cl4854129,2021-02-05,Hester v. Ituah,Hester,dk59195877,Unpublished,f
cl4854130,2021-02-05,Cledera v. United States,Cledera,dk59195878,Unpublished,f
cl28791,2002-10-02,United States v. Baptiste,Baptiste,dk103243,Published,f
cl4854141,2021-02-05,Joshua Young v. City of Chicago,,dk59196708,Published,f
cl4898400,2021-07-08,United States v. Samson,Samson,dk60044878,Unpublished,t
cl4898402,2021-07-08,LaVergne v. Stutes,LaVergne,dk60044880,Unpublished,t
cl4854355,2021-02-05,United States v. Keneon Fitzroy Isaac,,dk59200260,Published,f
cl67062,2008-12-10,Kelly Mompremier v. U.S. Attorney General,,dk377133,Unpublished,t
cl64524,2009-01-20,United States v. Alfaro,Alfaro,dk1542901,Published,f
cl68197,2009-09-25,United States v. Turner,Turner,dk234446,Unpublished,t
cl64208,2008-12-18,United States v. Brown,Brown,dk1955798,Published,f
cl4898471,2021-07-08,United States v. Frey,Frey,dk60045817,Published,f
cl69327,2009-11-06,"Oceanic Expl Co v. Conocophillips Inc, et a",,dk209552,Unpublished,t
cl4898495,2021-07-02,Bohling v. Bohling,Bohling,dk60046724,Published,f
cl4898497,2021-06-25,SID No. 67 v. State,,dk60046726,Published,f
cl4898498,2021-06-25,In re William R. Zutavern Revocable Trust,,dk60046727,Published,f
cl4898500,2021-06-18,State v. Estrada Comacho,,dk60046729,Published,f
cl4898499,2021-06-25,In re Interest of Mateo L.,,dk60046728,Published,f
cl4898506,2021-06-11,In re Estate of Akerson,,dk60046735,Published,f
cl4898516,2021-05-21,Tierney v. Tierney,Tierney,dk60046745,Published,f
cl4898517,2021-05-21,State v. Munoz,Munoz,dk60046746,Published,f
cl4898512,2021-05-28,Melton v. City of Holdrege,Melton,dk60046741,Published,f
cl4898513,2021-05-28,Fraternal Order of Police v. City of York,,dk60046742,Published,f
cl4898510,2021-06-04,State ex rel. Counsel for Dis. v. Bowers,Bowers,dk60046739,Published,f
cl4898515,2021-05-28,County of Sarpy v. City of Gretna,,dk60046744,Published,f
cl4898514,2021-05-28,Darling Ingredients v. City of Bellevue,,dk60046743,Published,f
cl4898509,2021-06-04,State ex rel. Counsel for Dis. v. Wickham,Wickham,dk60046738,Published,f
cl4898518,2021-05-21,State v. Hernandez,Hernandez,dk60046747,Published,f
cl4898519,2021-05-21,Seivert v. Alli,Seivert,dk60046748,Published,f
cl4898525,2021-05-07,Cornwell v. Cornwell,Cornwell,dk60046754,Published,f
cl4898532,2021-04-23,In re Guardianship of Nicholas H.,,dk60046761,Published,f
cl4898522,2021-05-14,McGill Restoration v. Lion Place Condo. Assn.,,dk60046751,Published,f
cl4898527,2021-04-29,"Ryan v. Streck, Inc.",Ryan,dk60046756,Published,f
cl4898523,2021-05-07,Porter v. Porter,Porter,dk60046752,Published,f
cl4898526,2021-04-29,Tyrrell v. Frakes,Tyrrell,dk60046755,Published,f
cl4898528,2021-04-29,Korth v. Korth,Korth,dk60046757,Published,f
cl4898529,2021-04-23,Swicord v. Police Stds. Adv. Council,Swicord,dk60046758,Published,f
cl4898524,2021-05-07,McCaulley v. C L Enters.,McCaulley,dk60046753,Published,f
cl4898533,2021-04-23,Champion v. Hall County,Champion,dk60046762,Published,f
cl4863373,2021-01-08,Rogers v. Jack's Supper Club,,dk59726465,Published,f
cl4898536,2021-04-16,Brown v. Morello,Brown,dk60046765,Published,f
cl4898534,2021-04-16,State v. Malone,Malone,dk60046763,Published,f
cl4847937,2021-01-08,Equestrian Ridge v. Equestrian Ridge Estates II,,dk29110434,Published,f
cl4898570,2021-07-09,Beckner v. Urban,Beckner,dk60046954,Published,f
cl4898571,2021-07-02,State v. Hassan,Hassan,dk60046955,Published,f
cl4898574,2021-07-02,Bohling v. Bohling,Bohling,dk60046958,Published,f
cl4898578,2021-06-25,In re Interest of Mateo L.,,dk60046962,Published,f
cl4898580,2021-06-18,State ex rel. Counsel for Dis. v. Primmer,Primmer,dk60046964,Published,f
cl4898584,2021-06-11,State v. Childs,Childs,dk60046968,Published,f
cl4898583,2021-06-11,State v. Duncan,Duncan,dk60046967,Published,f
cl4898588,2021-06-04,State ex rel. Counsel for Dis. v. Wickham,Wickham,dk60046972,Published,f
cl4898593,2021-05-28,Darling Ingredients v. City of Bellevue,,dk60046977,Published,f
cl4898597,2021-05-21,State v. Hernandez,Hernandez,dk60046981,Published,f
cl4898590,2021-05-28,Vyhlidal v. Vyhlidal,Vyhlidal,dk60046974,Published,f
cl4898594,2021-05-28,County of Sarpy v. City of Gretna,,dk60046978,Published,f
cl4898591,2021-05-28,Melton v. City of Holdrege,Melton,dk60046975,Published,f
cl4898589,2021-06-04,State ex rel. Counsel for Dis. v. Bowers,Bowers,dk60046973,Published,f
cl4898600,2021-05-14,Yagodinski v. Sutton,Yagodinski,dk60046985,Published,f
cl4898601,2021-05-14,McGill Restoration v. Lion Place Condo. Assn.,,dk60046986,Published,f
cl4898596,2021-05-21,State v. Munoz,Munoz,dk60046980,Published,f
cl4898603,2021-05-07,McCaulley v. C L Enters.,McCaulley,dk60046988,Published,f
cl4898606,2021-04-29,"Ryan v. Streck, Inc.",Ryan,dk60046992,Published,f
cl4898604,2021-05-07,Cornwell v. Cornwell,Cornwell,dk60046989,Published,f
cl4898607,2021-04-29,Korth v. Korth,Korth,dk60046993,Published,f
cl4898612,2021-04-23,Champion v. Hall County,Champion,dk60046998,Published,f
cl4898611,2021-04-23,In re Guardianship of Nicholas H.,,dk60046997,Published,f
cl4898615,2021-04-16,Brown v. Morello,Brown,dk60047001,Published,f
cl4854799,2021-02-08,United States v. Medel-Guadalupe,Medel-Guadalupe,dk59237284,Published,f
cl4854803,2021-02-08,Singh v. Wilkinson,Singh,dk59237288,Unpublished,f
cl4898616,2021-07-09,State v. Jordan,Jordan,dk60047002,Published,t
cl4854901,2021-02-09,State v. Wiley,Wiley,dk59237775,Published,f
cl4854902,2021-02-09,State v. Lang,Lang,dk59237776,Published,f
cl4854903,2021-02-09,State v. Knecht,Knecht,dk59237777,Published,t
cl4854908,2021-02-09,In re Interest of Luis D.,,dk59237782,Published,f
cl4854907,2021-02-09,Kelly v. Kelly,Kelly,dk59237781,Published,t
cl4852046,2021-01-08,Rogers v. Jack's Supper Club,,dk53499965,Published,f
cl4853894,2020-12-11,Fuelberth v. Heartland Heating & Air Conditioning,Fuelberth,dk59180674,Published,f
cl4851881,2021-01-08,Equestrian Ridge v. Equestrian Ridge Estates II,,dk51960791,Published,f
cl4835744,2020-10-23,State v. Collins,Collins,dk18714494,Published,f
cl4898653,2021-06-30,State v. Jeter,Jeter,dk60047192,Published,f
cl4898657,2021-06-28,State v. Wells,Wells,dk60047196,Published,f
cl4898660,2021-06-25,State v. Riffle,Riffle,dk60047199,Published,f
cl4855062,2021-02-09,Personal Restraint Petition Of Andrew Steven Kennedy,,dk59239032,Published,f
cl4855167,2021-02-08,State v. Davis,Davis,dk59239323,Published,f
cl4855164,2021-02-09,State v. Fulford,Fulford,dk59239320,Published,t
cl4855337,2021-02-09,Welsh v. Correct Care Recovery,Welsh,dk59241474,Unpublished,f
cl4855343,2021-02-09,Lucio v. Lumpkin,Lucio,dk59241480,Published,f
cl4855392,2021-02-10,In re R.A.D.,In re R.A.D.,dk59241635,Published,f
cl75870,2002-06-24,Bonnie Joyce Rider v. Sandoz Pharmaceuticals,,dk2038785,Published,f
cl4898761,2021-07-09,"Shannack v. Yark Automotive Group, Inc.",Shannack,dk60048492,Published,f
cl4855677,2021-02-11,United States v. Goodin,Goodin,dk59244818,Unpublished,f
cl4855683,2021-02-11,Huang v. Huang,Huang,dk59244824,Unpublished,f
cl26075,2001-12-26,Reickenbacker v. Foster,Reickenbacker,dk24129,Published,f
cl4855762,2021-02-11,State v. Poff,Poff,dk59245212,Published,f
cl4855766,2021-02-10,State v. Ludwig,Ludwig,dk59245216,Published,f
cl4855826,2021-02-11,v. Marston,v. Marston,dk59245522,Published,f
cl4855824,2021-02-11,v. Roberts-Bicking,v. Roberts-Bicking,dk59245520,Published,f
cl4855863,2021-02-11,of Callison,of Callison,dk59245851,Published,t
cl884338,1997-05-29,State v. Perry,Perry,dk562337,Published,f
cl4856210,2021-02-12,State v. Foster,Foster,dk59248870,Published,f
cl4856215,2021-02-05,In re Adoption of C.L.G.,,dk59248875,Published,f
cl4856217,2021-01-26,Jabr v. Disciplinary Counsel,Jabr,dk59248879,Published,f
cl4856232,2021-02-12,State v. Thomas,Thomas,dk59249127,Published,f
cl4856234,2021-02-12,State v. McGowan,McGowan,dk59249129,Published,f
cl4848180,2021-01-15,Woods v. Ross Dress For Less,Woods,dk29111699,Unpublished,f
cl4848201,2021-01-15,United States v. Sebastian James,,dk29112011,Unpublished,f
cl4848215,2021-01-15,State v. Roberts,Roberts,dk29112138,Published,t
cl210108,2008-01-30,Oatey Co. v. IPS CORP.,,dk572680,Published,f
cl4898041,2021-07-07,Atlantic City Electric Co v. NLRB,,dk60041558,Published,f
cl4848358,2021-01-19,In re Interest of Kale H.,,dk29854419,Published,t
cl4848416,2021-01-19,State v. Roberts,Roberts,dk29959573,Published,t
cl4848425,2021-01-19,State v. Smith,,dk29964179,Published,f
cl4848436,2021-01-19,Lance v. Board of County Commissioners,Lance,dk30006016,Published,f
cl4848578,2021-01-19,"Dana Hickman v. Spirit of Athens, Alabama, Inc.",,dk30174571,Published,f
cl4848615,2021-01-19,United States v. Barrett,Barrett,dk30264787,Published,f
cl4848620,2021-01-19,People v. Johnson,,dk30267333,Published,f
cl4848622,2021-01-19,In re Estate of Ries,,dk30267426,Published,f
cl4848621,2021-01-19,Nichols v. Fahrenkamp,Nichols,dk30267344,Published,f
cl173232,2010-02-16,Alverson v. Workman,Alverson,dk1576421,Published,f
cl4848668,2021-01-20,NH Lottery Commission v. Rosen,Rosen,dk31027906,Published,f
cl4849228,2021-01-21,State v. Jenkins,Jenkins,dk33143619,Published,f
cl4849325,2021-01-21,United States v. Bradley Nelson,,dk33425231,Published,f
cl4856570,2021-02-16,State v. Osborn,Osborn,dk59292723,Published,t
cl4849565,2021-01-21,"Anthony O. Wint, Jr. v. State of Florida Palm Beach Sheriff",,dk33585584,Unpublished,f
cl4899051,2021-07-12,"United States v. Rufus Weasley James, II",,dk60050901,Unpublished,t
cl4849579,2021-01-21,Jamie Rashad Brown v. Ti'Andre Bellinger,,dk33695634,Unpublished,f
cl4849640,2021-01-15,Mahlendorf v. Mahlendorf,Mahlendorf,dk35190450,Published,f
cl4849641,2021-01-15,Houghton v. Nebraska Dept. of Rev.,Houghton,dk35190548,Published,f
cl4849639,2021-01-15,State v. Bartel,Bartel,dk35190382,Published,f
cl4849643,2021-01-08,Rogers v. Jack's Supper Club,,dk35190723,Published,f
cl4849646,2020-12-31,Grothen v. Grothen,Grothen,dk35190964,Published,f
cl4849649,2020-12-18,Harts v. County of Knox,Harts,dk35191213,Published,f
cl4849651,2020-12-11,Windham v. Kroll,Windham,dk35191386,Published,f
cl4849650,2020-12-18,Carroll v. Gould,Carroll,dk35191295,Published,f
cl4849652,2020-12-11,State v. Clausen,Clausen,dk35191468,Published,f
cl4849654,2020-12-04,Weiland v. Weiland,Weiland,dk35191600,Published,f
cl4849658,2020-12-04,In re Estate of Marsh,,dk35191891,Published,f
cl4849657,2020-12-04,Jaeger v. Jaeger,Jaeger,dk35191823,Published,f
cl4849659,2020-11-20,In re Interest of Seth C.,,dk35191982,Published,f
cl4849656,2020-12-04,Parks v. Hy-Vee,Parks,dk35191745,Published,f
cl4849655,2020-12-04,State v. Blocher,Blocher,dk35191668,Published,f
cl4849663,2020-11-13,State v. Jones,Jones,dk35192267,Published,f
cl4849666,2020-11-06,State v. Teppert,Teppert,dk35192463,Published,f
cl4849661,2020-11-13,TDP Phase One v. The Club at the Yard,,dk35192127,Published,f
cl4849669,2020-11-06,Benjamin M. v. Jeri S.,,dk35192681,Published,f
cl4849668,2020-11-06,"Douglas Cty. Sch. Dist. No. 10 v. Tribedo, LLC",,dk35192609,Published,f
cl4849664,2020-11-13,State v. Cox,Cox,dk35192337,Published,f
cl4849665,2020-11-13,Higgins v. Currier,Higgins,dk35192409,Published,f
cl4849671,2020-10-30,Dick v. Koski Prof. Group,Dick,dk35192964,Published,f
cl4848073,2021-01-15,Houghton v. Nebraska Dept. of Rev.,Houghton,dk29110878,Published,f
cl4849670,2020-10-30,State v. Andera,Andera,dk35192747,Published,f
cl4849720,2021-01-22,In re Estate of Loder,,dk36423378,Published,f
cl4849727,2021-01-08,In re Estate of Brinkman,,dk36423784,Published,f
cl4849726,2021-01-08,Rogers v. Jack's Supper Club,,dk36423739,Published,f
cl4849725,2021-01-08,State v. Briggs,Briggs,dk36423678,Published,f
cl4849729,2020-12-31,Grothen v. Grothen,Grothen,dk36423918,Published,f
cl4849724,2021-01-15,Houghton v. Nebraska Dept. of Rev.,Houghton,dk36423601,Published,f
cl4849721,2021-01-15,State v. Melton,Melton,dk36423440,Published,f
cl4849722,2021-01-15,State v. Bartel,Bartel,dk36423507,Published,f
cl4849732,2020-12-18,Harts v. County of Knox,Harts,dk36424072,Published,f
cl4849733,2020-12-18,Carroll v. Gould,Carroll,dk36424129,Published,f
cl4849737,2020-12-04,Weiland v. Weiland,Weiland,dk36424321,Published,f
cl4849738,2020-12-04,State v. Blocher,Blocher,dk36424371,Published,f
cl4849748,2020-11-13,Higgins v. Currier,Higgins,dk36425008,Published,f
cl4849741,2020-12-04,In re Estate of Marsh,,dk36424543,Published,f
cl4849740,2020-12-04,Jaeger v. Jaeger,Jaeger,dk36424485,Published,f
cl4849749,2020-11-06,State v. Teppert,Teppert,dk36425057,Published,f
cl4849747,2020-11-13,State v. Cox,Cox,dk36424944,Published,f
cl4849746,2020-11-13,State v. Jones,Jones,dk36424882,Published,f
cl4849751,2020-11-06,"Douglas Cty. Sch. Dist. No. 10 v. Tribedo, LLC",,dk36425182,Published,f
cl4849745,2020-11-13,State v. Stack,Stack,dk36424824,Published,f
cl4849753,2020-10-30,State v. Andera,Andera,dk36425325,Published,f
cl4849739,2020-12-04,Parks v. Hy-Vee,Parks,dk36424437,Published,f
cl4849754,2020-10-30,Dick v. Koski Prof. Group,Dick,dk36425522,Published,f
cl4849778,2021-01-22,"Steed v. Rezin Orthopedics and Sports Medicine, S.C.",Steed,dk36580366,Published,f
cl4849812,2021-01-08,Rogers v. Jack's Supper Club,,dk36597378,Published,f
cl4849805,2021-01-22,In re Estate of Loder,,dk36596855,Published,f
cl4849809,2021-01-15,Mahlendorf v. Mahlendorf,Mahlendorf,dk36597099,Published,f
cl4849810,2021-01-15,Houghton v. Nebraska Dept. of Rev.,Houghton,dk36597158,Published,f
cl4849802,2021-01-22,State ex rel. Counsel for Dis. v. Palagi,Palagi,dk36596664,Published,f
cl4849808,2021-01-15,State v. Bartel,Bartel,dk36597037,Published,f
cl4849806,2021-01-22,In re Estate of Larson,,dk36596931,Published,f
cl4849811,2021-01-08,State v. Briggs,Briggs,dk36597285,Published,f
cl4849819,2020-12-18,Carroll v. Gould,Carroll,dk36597897,Published,f
cl4849815,2020-12-31,Grothen v. Grothen,Grothen,dk36597602,Published,f
cl4849824,2020-12-04,State v. Blocher,Blocher,dk36598332,Published,f
cl4849820,2020-12-11,Windham v. Kroll,Windham,dk36597974,Published,f
cl4849818,2020-12-18,Harts v. County of Knox,Harts,dk36597821,Published,f
cl4849826,2020-12-04,Jaeger v. Jaeger,Jaeger,dk36598465,Published,f
cl4849823,2020-12-04,Weiland v. Weiland,Weiland,dk36598264,Published,f
cl4849814,2021-01-08,Equestrian Ridge v. Equestrian Ridge Estates II,,dk36597525,Published,f
cl4849834,2020-11-13,Higgins v. Currier,Higgins,dk36599052,Published,f
cl4849833,2020-11-13,State v. Cox,Cox,dk36598990,Published,f
cl4849827,2020-12-04,In re Estate of Marsh,,dk36598523,Published,f
cl4849829,2020-11-20,In re Interest of A.A.,,dk36598724,Published,f
cl4849832,2020-11-13,State v. Jones,Jones,dk36598930,Published,f
cl4849835,2020-11-06,State v. Teppert,Teppert,dk36599110,Published,f
cl4849838,2020-11-06,Benjamin M. v. Jeri S.,,dk36599319,Published,f
cl4849840,2020-10-30,Dick v. Koski Prof. Group,Dick,dk36599564,Published,f
cl4849831,2020-11-13,State v. Stack,Stack,dk36598880,Published,f
cl65020,2009-03-24,LaFleur v. Louisiana Health Service and Indem. Co.,LaFleur,dk204255,Published,f
cl4856612,2021-02-16,Geyer v. Clinton Cty. Dept. of Job & Family Servs.,Geyer,dk59292925,Published,f
cl4856610,2021-02-16,In re P.B.,In re P.B.,dk59292923,Published,f
cl4849913,2021-01-22,State v. Thomas,Thomas,dk36780199,Published,f
cl4850009,2021-01-20,"Windsor Med. Ctr., Inc. v. Time Warner Cable, Inc.",,dk37256121,Published,f
cl4850117,2021-01-22,"Petr Sedlacek v. Ocwen Loan Servicing, LLC",,dk37384866,Unpublished,f
cl4850199,2021-01-22,Robert Marks v. United States,,dk37707985,Unpublished,f
cl4850241,2021-01-22,Prantil v. Arkema,Prantil,dk38175811,Published,f
cl4850400,2021-01-25,State v. Day,Day,dk41955776,Published,f
cl4850492,2021-01-25,State v. Laws,Laws,dk41956125,Published,f
cl4898253,2021-07-08,State v. Lelm,Lelm,dk60043952,Published,f
cl4898257,2021-07-08,Scott v. Scott,Scott,dk60043956,Published,f
cl4850841,2021-01-20,State v. Halfhill,Halfhill,dk42791823,Published,f
cl4856704,2021-02-16,in Interest of A.M,,dk59293883,Published,f
cl4856703,2021-02-16,v. Shelter Mutual Insurance,,dk59293882,Published,f
cl4867230,2021-03-24,State v. Borland,Borland,dk59760157,Published,f
cl4807945,2020-11-19,Samuel J Randall v. Michigan High School Athletic Association,,dk18651391,Published,f
cl4807973,2020-11-19,Estate of Deborah Klapp v. Mark Alan Bono,,dk18651419,Unpublished,f
cl4807980,2020-11-20,In re Interest of A.A.,,dk18651549,Published,f
cl4807988,2020-11-06,"Douglas Cty. Sch. Dist. No. 10 v. Tribedo, LLC",,dk18651557,Published,f
cl4807996,2020-10-16,State v. Connelly,Connelly,dk18651565,Published,f
cl4807991,2020-10-30,Dick v. Koski Prof. Group,Dick,dk18651560,Published,f
cl4807984,2020-11-13,State v. Cox,Cox,dk18651553,Published,f
cl4807987,2020-11-06,State v. Senteney,Senteney,dk18651556,Published,f
cl4808008,2020-10-02,In re Claim of Roberts for Attorney Fees,,dk18651577,Published,f
cl4807995,2020-10-23,In re Interest of Leyton C. & Landyn C.,,dk18651564,Published,f
cl4807982,2020-11-13,State v. Stack,Stack,dk18651551,Published,f
cl4807999,2020-10-09,State v. Dalton,Dalton,dk18651568,Published,f
cl4807983,2020-11-13,State v. Jones,Jones,dk18651552,Published,f
cl4808017,2020-09-18,First State Bank Neb. v. MP Nexlevel,,dk18651586,Published,f
cl4808014,2020-09-25,Nolasco v. Malcom,Nolasco,dk18651583,Published,f
cl4808019,2020-09-10,State ex rel. Wagner v. Evnen,Evnen,dk18651588,Published,f
cl4807992,2020-10-23,State v. Collins,Collins,dk18651561,Published,f
cl4808028,2020-11-20,Jose Carlos Gonzales v. United States,,dk18651773,Published,f
cl4857050,2021-02-16,State v. Burk,Burk,dk59296017,Published,f
cl4857136,2021-02-17,Echeverry v. Jazz Casino,Echeverry,dk59296653,Published,f
cl4857316,2021-02-17,People v. Janusz,Janusz,dk59297953,Published,t
cl4857547,2021-02-18,Burr v. N.D. State Board of Dental Examiners,Burr,dk59299819,Published,f
cl4857546,2021-02-18,Grand Prairie Agriculture v. Pelican Township Board of Supervisors,,dk59299818,Published,f
cl4857561,2021-02-18,Willprecht v. Willprecht,Willprecht,dk59300115,Published,f
cl4857562,2021-02-18,Whetsel v. State,Whetsel,dk59300116,Published,f
cl4857598,2021-02-18,United States v. Joseph Orlando Hood,,dk59300366,Unpublished,f
cl4857610,2021-02-18,People v. Welling,Welling,dk59300954,Published,f
cl4857626,2021-02-18,Huerta-Cortes v. Wilkinson,Huerta-Cortes,dk59301252,Unpublished,f
cl4857796,2021-02-19,In re M.E.,In re M.E.,dk59302456,Published,t
cl4858059,2021-02-22,State v. Smith,,dk59671459,Published,f
cl4858069,2021-02-22,United States v. Gregory Olson,,dk59671620,Published,f
cl4858094,2021-02-22,State v. Gannon,Gannon,dk59672002,Published,f
cl4858159,2021-02-22,United States v. Arman Abovyan,,dk59672258,Published,f
cl4858164,2021-02-22,People v. Jackson,,dk59672337,Published,f
cl4858162,2021-02-22,"Whitaker v. Wedbush Securities, Inc.",Whitaker,dk59672335,Published,f
cl4858165,2021-02-22,People v. Hill,Hill,dk59672338,Published,f
cl4899127,2021-07-12,State v. Beard,Beard,dk60051628,Published,f
cl4858313,2021-02-23,In re Guardianship & Conservatorship of Stratbucker,,dk59674308,Published,f
cl4858314,2021-02-23,Borchman v. Burlington Capital Properties,Borchman,dk59674309,Published,f
cl4858666,2021-02-24,United States v. Jorge Ramon Newball May,,dk59677948,Unpublished,f
cl4859033,2021-02-23,Allerton v. Burns,Allerton,dk59682344,Published,f
cl4859037,2021-02-25,State v. Parker,Parker,dk59682368,Published,f
cl4859042,2021-02-19,State v. Kidd,Kidd,dk59682377,Published,f
cl4859053,2021-02-25,United States v. Hakeem Flax,,dk59682557,Published,f
cl4859215,2021-02-25,United States v. Khan,Khan,dk59683379,Published,f
cl4859288,2021-02-25,United States v. Deampret Leon Miller,,dk59684113,Unpublished,f
cl4859403,2021-02-12,Weaver v. Weaver,Weaver,dk59685934,Published,f
cl4859396,2021-02-26,State v. Russell,Russell,dk59685927,Published,f
cl4859398,2021-02-26,State v. Hill,Hill,dk59685929,Published,f
cl4859399,2021-02-19,State v. Wines,Wines,dk59685930,Published,f
cl4859411,2021-02-05,Garrison v. Otto,Garrison,dk59685942,Published,f
cl4859409,2021-02-05,State v. Reames,Reames,dk59685940,Published,f
cl4859397,2021-02-26,State v. Lowman,Lowman,dk59685928,Published,f
cl4859400,2021-02-19,State v. Madren,Madren,dk59685931,Published,f
cl4859410,2021-02-05,State v. Johnson,,dk59685941,Published,f
cl4859402,2021-02-19,State Farm Fire & Cas. Co. v. TFG Enters.,,dk59685933,Published,f
cl4859401,2021-02-19,State ex rel. Counsel for Dis. v. Bruno,Bruno,dk59685932,Published,f
cl4859426,2021-01-08,Rogers v. Jack's Supper Club,,dk59685957,Published,f
cl4859423,2021-01-15,Mahlendorf v. Mahlendorf,Mahlendorf,dk59685954,Published,f
cl4859395,2021-02-26,State v. Starks,Starks,dk59685926,Published,f
cl4859420,2021-01-22,In re Estate of Larson,,dk59685951,Published,f
cl4859425,2021-01-08,State v. Briggs,Briggs,dk59685956,Published,f
cl4859422,2021-01-15,State v. Bartel,Bartel,dk59685953,Published,f
cl4859417,2021-01-22,State ex rel. Counsel for Dis. v. Nowak,Nowak,dk59685948,Published,f
cl4859419,2021-01-22,In re Estate of Loder,,dk59685950,Published,f
cl4859416,2021-01-22,State ex rel. Counsel for Dis. v. Palagi,Palagi,dk59685947,Published,f
cl4859424,2021-01-15,Houghton v. Nebraska Dept. of Rev.,Houghton,dk59685955,Published,f
cl4859413,2021-01-29,Hawkins v. Delgado,Hawkins,dk59685944,Published,f
cl4859418,2021-01-22,Mercer v. North Central Serv.,Mercer,dk59685949,Published,f
cl4859421,2021-01-15,State v. Melton,Melton,dk59685952,Published,f
cl4859412,2021-01-29,State v. Catlin,Catlin,dk59685943,Published,f
cl4859428,2021-01-08,Equestrian Ridge v. Equestrian Ridge Estates II,,dk59685959,Published,f
cl4859429,2020-12-31,Grothen v. Grothen,Grothen,dk59685960,Published,f
cl4859434,2020-12-11,Windham v. Kroll,Windham,dk59685965,Published,f
cl4859432,2020-12-18,Harts v. County of Knox,Harts,dk59685963,Published,f
cl4859433,2020-12-18,Carroll v. Gould,Carroll,dk59685964,Published,f
cl4859437,2020-12-04,Weiland v. Weiland,Weiland,dk59685968,Published,f
cl4859441,2020-12-04,In re Estate of Marsh,,dk59685972,Published,f
cl4859440,2020-12-04,Jaeger v. Jaeger,Jaeger,dk59685971,Published,f
cl4859438,2020-12-04,State v. Blocher,Blocher,dk59685969,Published,f
cl4848029,2020-11-20,In re Interest of A.A.,,dk29110704,Published,f
cl4859475,2021-02-24,State v. Hunt,Hunt,dk59686178,Published,f
cl4859478,2021-02-25,State ex rel. Johnson v. Ohio Dept. of Rehab. & Corr.,,dk59686181,Published,f
cl4859581,2021-02-26,People v. Johnson,,dk59687468,Published,f
cl4899209,2021-06-29,Nelson v. Richardson-Nelson,Richardson-Nelson,dk60053320,Published,t
cl4899211,2021-06-22,Kier v. County of Hall,Kier,dk60053322,Published,f
cl4899212,2021-06-15,Taylor-Couchman v. DeWitt-Couchman,Taylor-Couchman,dk60053323,Published,t
cl4859720,2021-02-26,United States v. Lopez,Lopez,dk59690176,Published,f
cl4859992,2021-02-23,State ex rel. Youngstown Professional Firefighters IAFF Local 312 v. Youngstown,Youngstown,dk59692794,Published,f
cl4859997,2021-03-01,State v. Neanover,Neanover,dk59692800,Published,f
cl4563519,2017-07-11,Buckrey v. Comm'r,Buckrey,dk8184966,Unpublished,f
cl4860150,2021-02-23,State v. Ramos,Ramos,dk59695462,Published,f
cl4860248,2021-02-23,State v. Ramos,Ramos,dk59695873,Published,f
cl4860254,2021-03-02,State v. Thayer,Thayer,dk59696011,Published,f
cl4860260,2021-02-23,State v. Ramos,Ramos,dk59696017,Published,f
cl4860421,2021-03-02,United States v. Douglas,Douglas,dk59697138,Unpublished,f
cl4860422,2021-03-02,Lopez De Villeda v. Wilkinson,Wilkinson,dk59697139,Unpublished,f
cl4860512,2021-03-02,Brotze v. City of Carlinville,Brotze,dk59698478,Published,f
cl4860669,2021-03-03,United States v. Jennifer Riccardi,,dk59699852,Published,f
cl4860754,2021-02-26,Starkey v. Shoop,Starkey,dk59700002,Published,f
cl4860804,2021-03-03,Charles v. K-Patents,Charles,dk59700895,Unpublished,f
cl4860917,2021-03-03,In re Marriage of Levites,,dk59702583,Published,t
cl4861026,2021-03-01,State v. Kehoe,Kehoe,dk59704056,Published,f
cl4861033,2021-03-04,Hudson v. Greater Cleveland Regional Transit Auth.,Hudson,dk59704063,Published,f
cl4899300,2021-06-15,State v. McCain,McCain,dk60053573,Published,f
cl4861030,2021-03-04,State v. Kincaid,Kincaid,dk59704060,Published,f
cl4899292,2021-07-13,State v. Rivas Villanueva,,dk60053565,Published,f
cl4899293,2021-07-13,State v. Cox,Cox,dk60053566,Published,f
cl4899296,2021-06-29,Nelson v. Richardson-Nelson,Richardson-Nelson,dk60053569,Published,t
cl4899298,2021-06-22,Kier v. County of Hall,Kier,dk60053571,Published,f
cl4861308,2021-02-19,State v. Wines,Wines,dk59707266,Published,f
cl4861322,2021-01-29,Hawkins v. Delgado,Hawkins,dk59707281,Published,f
cl4861317,2021-02-05,State v. Thomas,Thomas,dk59707275,Published,f
cl4861311,2021-02-19,State Farm Fire & Cas. Co. v. TFG Enters.,,dk59707269,Published,f
cl4861305,2021-02-26,State v. Russell,Russell,dk59707263,Published,f
cl4861310,2021-02-19,State ex rel. Counsel for Dis. v. Bruno,Bruno,dk59707268,Published,f
cl4861312,2021-02-12,Weaver v. Weaver,Weaver,dk59707270,Published,f
cl4861319,2021-02-05,State v. Johnson,,dk59707277,Published,f
cl4861304,2021-02-26,State v. Starks,Starks,dk59707262,Published,f
cl4861307,2021-02-26,State v. Hill,Hill,dk59707265,Published,f
cl4861309,2021-02-19,State v. Madren,Madren,dk59707267,Published,f
cl4861306,2021-02-26,State v. Lowman,Lowman,dk59707264,Published,f
cl4861315,2021-02-12,Hogan v. Hogan,Hogan,dk59707273,Published,f
cl4861318,2021-02-05,State v. Reames,Reames,dk59707276,Published,f
cl4861313,2021-02-12,In re Trust Created by McGregor,,dk59707271,Published,f
cl4861316,2021-02-12,Dreesen Enters. v. Dreesen,Dreesen,dk59707274,Published,f
cl4861332,2021-01-15,Mahlendorf v. Mahlendorf,Mahlendorf,dk59707291,Published,f
cl4861336,2021-01-08,In re Estate of Brinkman,,dk59707295,Published,f
cl4861327,2021-01-22,Mercer v. North Central Serv.,Mercer,dk59707286,Published,f
cl4861326,2021-01-22,State ex rel. Counsel for Dis. v. Nowak,Nowak,dk59707285,Published,f
cl4861325,2021-01-22,State ex rel. Counsel for Dis. v. Palagi,Palagi,dk59707284,Published,f
cl4861333,2021-01-15,Houghton v. Nebraska Dept. of Rev.,Houghton,dk59707292,Published,f
cl4861328,2021-01-22,In re Estate of Loder,,dk59707287,Published,f
cl4861338,2020-12-31,Grothen v. Grothen,Grothen,dk59707297,Published,f
cl4861331,2021-01-15,State v. Bartel,Bartel,dk59707290,Published,f
cl4861334,2021-01-08,State v. Briggs,Briggs,dk59707293,Published,f
cl4861329,2021-01-22,In re Estate of Larson,,dk59707288,Published,f
cl4861343,2020-12-11,Windham v. Kroll,Windham,dk59707302,Published,f
cl4861341,2020-12-18,Harts v. County of Knox,Harts,dk59707300,Published,f
cl4861342,2020-12-18,Carroll v. Gould,Carroll,dk59707301,Published,f
cl4861371,2021-03-04,People of Michigan v. Ala Elia Dabish,,dk59707436,Unpublished,f
cl4861419,2021-02-26,State v. Hill,Hill,dk59707737,Published,f
cl4861433,2021-01-29,State v. Catlin,Catlin,dk59707751,Published,f
cl4861416,2021-02-26,State v. Starks,Starks,dk59707734,Published,f
cl4861431,2021-02-05,State v. Johnson,,dk59707749,Published,f
cl4861422,2021-02-19,State ex rel. Counsel for Dis. v. Bruno,Bruno,dk59707740,Published,f
cl4861428,2021-02-12,Dreesen Enters. v. Dreesen,Dreesen,dk59707746,Published,f
cl4861427,2021-02-12,Hogan v. Hogan,Hogan,dk59707745,Published,f
cl4861420,2021-02-19,State v. Wines,Wines,dk59707738,Published,f
cl4861435,2021-01-29,Edwards v. Douglas County,Edwards,dk59707753,Published,f
cl4861417,2021-02-26,State v. Russell,Russell,dk59707735,Published,f
cl4861436,2021-01-29,Dick v. Koski Prof. Group - supplemental opinion,Dick,dk59707754,Published,f
cl4861432,2021-02-05,Garrison v. Otto,Garrison,dk59707750,Published,f
cl4861429,2021-02-05,State v. Thomas,Thomas,dk59707747,Published,f
cl4861447,2021-01-08,Rogers v. Jack's Supper Club,,dk59707765,Published,f
cl4861424,2021-02-12,Weaver v. Weaver,Weaver,dk59707742,Published,f
cl4861421,2021-02-19,State v. Madren,Madren,dk59707739,Published,f
cl4861426,2021-02-12,In re Interest of Prince R.,,dk59707744,Published,f
cl4861434,2021-01-29,Hawkins v. Delgado,Hawkins,dk59707752,Published,f
cl4861449,2021-01-08,Equestrian Ridge v. Equestrian Ridge Estates II,,dk59707767,Published,f
cl4861440,2021-01-22,In re Estate of Loder,,dk59707758,Published,f
cl4861448,2021-01-08,In re Estate of Brinkman,,dk59707766,Published,f
cl4861439,2021-01-22,Mercer v. North Central Serv.,Mercer,dk59707757,Published,f
cl4861443,2021-01-15,State v. Bartel,Bartel,dk59707761,Published,f
cl4861438,2021-01-22,State ex rel. Counsel for Dis. v. Nowak,Nowak,dk59707756,Published,f
cl4861437,2021-01-22,State ex rel. Counsel for Dis. v. Palagi,Palagi,dk59707755,Published,f
cl4861450,2020-12-31,Grothen v. Grothen,Grothen,dk59707768,Published,f
cl4861446,2021-01-08,State v. Briggs,Briggs,dk59707764,Published,f
cl4861455,2020-12-11,Windham v. Kroll,Windham,dk59707773,Published,f
cl4861453,2020-12-18,Harts v. County of Knox,Harts,dk59707771,Published,f
cl4861454,2020-12-18,Carroll v. Gould,Carroll,dk59707772,Published,f
cl4861520,2021-03-04,Parker v. Ohio Dept Job & Family Serv.,Parker,dk59708404,Published,t
cl4861503,2021-03-05,State v. Brown,Brown,dk59708126,Published,t
cl4861515,2021-03-05,State v. Mundy,Mundy,dk59708399,Published,f
cl4861566,2021-03-05,United States v. Vigil,Vigil,dk59708958,Published,f
cl4861594,2021-03-05,Edeline Julmisse Prosper v. Anthony Martin,,dk59709303,Published,f
cl4861861,2021-03-08,Simpson v. Secretary of Health and Human Services,Simpson,dk59712405,Unpublished,f
cl4861889,2021-03-08,State v. Miller,,dk59712793,Published,t
cl4861886,2021-03-08,State v. Thompson,Thompson,dk59712790,Published,f
cl4861895,2021-03-04,State v. Allen,Allen,dk59712799,Published,f
cl4861899,2021-03-05,State v. Doughty,Doughty,dk59712803,Published,f
cl4861920,2021-03-08,Richards v. Bed Bath & Beyond,Richards,dk59712991,Unpublished,f
cl4861935,2021-03-08,State ex rel. Graham v. Pittman,Pittman,dk59713088,Published,f
cl4861934,2021-03-08,State v. Cassel,Cassel,dk59713087,Published,f
cl4862137,2021-03-09,In re Estate of Lowe,,dk59715115,Published,f
cl4862135,2021-03-09,State v. Montoya,Montoya,dk59715113,Published,t
cl4862166,2021-03-09,"Jin v. Shanghai Original, Inc.",Jin,dk59715393,Published,f
cl4862355,2021-03-09,State v. Wilcox,Wilcox,dk59716474,Published,f
cl4862414,2021-03-09,Joel Barcelona v. M. Escotto Rodriguez,,dk59717117,Unpublished,f
cl4862478,2021-03-09,People v. Kyles,Kyles,dk59717998,Published,f
cl4862516,2021-03-09,Aldridge v. MS Dept of Corrections,Aldridge,dk59718306,Published,f
cl4862712,2021-03-10,United States v. Anthony W. Knights,,dk59719453,Published,f
cl4862736,2021-03-09,State v. Hiles,Hiles,dk59719878,Published,f
cl4863427,2021-02-05,State v. Thomas,Thomas,dk59726682,Published,f
cl4863431,2021-01-29,State v. Catlin,Catlin,dk59726686,Published,f
cl4863029,2021-03-11,Carlos Granda v. United States,,dk59723261,Published,f
cl4863134,2021-03-11,v. Carter,v. Carter,dk59723988,Published,f
cl4863140,2021-03-04,Durst v. Nutter,Durst,dk59724063,Published,f
cl4863218,2021-03-11,People v. Jones,Jones,dk59725506,Published,f
cl4863217,2021-03-11,People v. Reynolds,Reynolds,dk59725505,Published,f
cl4863226,2021-03-11,Serrano v. Comstok-King,Serrano,dk59725854,Unpublished,f
cl4863242,2021-02-19,State v. Wines,Wines,dk59726169,Published,f
cl4863239,2021-02-26,State v. Russell,Russell,dk59726166,Published,f
cl4863241,2021-02-26,State v. Hill,Hill,dk59726168,Published,f
cl4863245,2021-02-19,State Farm Fire & Cas. Co. v. TFG Enters.,,dk59726172,Published,f
cl4863261,2021-01-22,Mercer v. North Central Serv.,Mercer,dk59726188,Published,f
cl4863247,2021-02-12,In re Trust Created by McGregor,,dk59726174,Published,f
cl4863243,2021-02-19,State v. Madren,Madren,dk59726170,Published,f
cl4863248,2021-02-12,In re Interest of Prince R.,,dk59726175,Published,f
cl4863238,2021-02-26,State v. Starks,Starks,dk59726165,Published,f
cl4863246,2021-02-12,Weaver v. Weaver,Weaver,dk59726173,Published,f
cl4863256,2021-01-29,Hawkins v. Delgado,Hawkins,dk59726183,Published,f
cl4863251,2021-02-05,State v. Thomas,Thomas,dk59726178,Published,f
cl4863255,2021-01-29,State v. Catlin,Catlin,dk59726182,Published,f
cl4863259,2021-01-22,State ex rel. Counsel for Dis. v. Palagi,Palagi,dk59726186,Published,f
cl4863260,2021-01-22,State ex rel. Counsel for Dis. v. Nowak,Nowak,dk59726187,Published,f
cl4863270,2021-01-08,In re Estate of Brinkman,,dk59726197,Published,f
cl4863269,2021-01-08,Rogers v. Jack's Supper Club,,dk59726196,Published,f
cl4863252,2021-02-05,State v. Reames,Reames,dk59726179,Published,f
cl4863253,2021-02-05,State v. Johnson,,dk59726180,Published,f
cl4863267,2021-01-15,Houghton v. Nebraska Dept. of Rev.,Houghton,dk59726194,Published,f
cl4863272,2020-12-31,Grothen v. Grothen,Grothen,dk59726199,Published,f
cl4863275,2020-12-18,Harts v. County of Knox,Harts,dk59726202,Published,f
cl4863276,2020-12-18,Carroll v. Gould,Carroll,dk59726203,Published,f
cl4863268,2021-01-08,State v. Briggs,Briggs,dk59726195,Published,f
cl4863301,2021-03-11,Estate of John Swanzy v. Edward J Kryshak Md,,dk59726316,Published,f
cl4863443,2021-01-15,Houghton v. Nebraska Dept. of Rev.,Houghton,dk59726698,Published,f
cl4863345,2021-02-26,State v. Hill,Hill,dk59726437,Published,f
cl4863343,2021-02-26,State v. Russell,Russell,dk59726435,Published,f
cl4863341,2021-03-05,Gonzales v. Nebraska Pediatric Practice,,dk59726433,Published,f
cl4863337,2021-03-12,Colwell v. Managed Care of North America,Colwell,dk59726429,Published,f
cl4863346,2021-02-19,State v. Wines,Wines,dk59726438,Published,f
cl4863347,2021-02-19,State v. Madren,Madren,dk59726439,Published,f
cl4863339,2021-03-05,State v. Combs,Combs,dk59726431,Published,f
cl4863342,2021-02-26,State v. Starks,Starks,dk59726434,Published,f
cl4863363,2021-01-22,State ex rel. Counsel for Dis. v. Palagi,Palagi,dk59726455,Published,f
cl4863351,2021-02-12,In re Trust Created by McGregor,,dk59726443,Published,f
cl4863360,2021-01-29,Hawkins v. Delgado,Hawkins,dk59726452,Published,f
cl4863349,2021-02-19,State Farm Fire & Cas. Co. v. TFG Enters.,,dk59726441,Published,f
cl4863353,2021-02-12,Hogan v. Hogan,Hogan,dk59726445,Published,f
cl4863348,2021-02-19,State ex rel. Counsel for Dis. v. Bruno,Bruno,dk59726440,Published,f
cl4863355,2021-02-05,State v. Thomas,Thomas,dk59726447,Published,f
cl4863356,2021-02-05,State v. Reames,Reames,dk59726448,Published,f
cl4863350,2021-02-12,Weaver v. Weaver,Weaver,dk59726442,Published,f
cl4863368,2021-01-15,State v. Melton,Melton,dk59726460,Published,f
cl4863369,2021-01-15,State v. Bartel,Bartel,dk59726461,Published,f
cl4863366,2021-01-22,In re Estate of Loder,,dk59726458,Published,f
cl4863370,2021-01-15,Mahlendorf v. Mahlendorf,Mahlendorf,dk59726462,Published,f
cl4863372,2021-01-08,State v. Briggs,Briggs,dk59726464,Published,f
cl4863371,2021-01-15,Houghton v. Nebraska Dept. of Rev.,Houghton,dk59726463,Published,f
cl4863376,2020-12-31,Grothen v. Grothen,Grothen,dk59726468,Published,f
cl4863364,2021-01-22,State ex rel. Counsel for Dis. v. Nowak,Nowak,dk59726456,Published,f
cl4863379,2020-12-18,Harts v. County of Knox,Harts,dk59726472,Published,f
cl4863365,2021-01-22,Mercer v. North Central Serv.,Mercer,dk59726457,Published,f
cl4863380,2020-12-18,Carroll v. Gould,Carroll,dk59726473,Published,f
cl4863421,2021-02-19,State Farm Fire & Cas. Co. v. TFG Enters.,,dk59726676,Published,f
cl4863442,2021-01-15,Mahlendorf v. Mahlendorf,Mahlendorf,dk59726697,Published,f
cl4863445,2021-01-08,Rogers v. Jack's Supper Club,,dk59726700,Published,f
cl4863441,2021-01-15,State v. Bartel,Bartel,dk59726696,Published,f
cl4863436,2021-01-22,State ex rel. Counsel for Dis. v. Nowak,Nowak,dk59726691,Published,f
cl4863428,2021-02-05,State v. Reames,Reames,dk59726683,Published,f
cl4863437,2021-01-22,Mercer v. North Central Serv.,Mercer,dk59726692,Published,f
cl4863440,2021-01-15,State v. Melton,Melton,dk59726695,Published,f
cl4863429,2021-02-05,State v. Johnson,,dk59726684,Published,f
cl4863435,2021-01-22,State ex rel. Counsel for Dis. v. Palagi,Palagi,dk59726690,Published,f
cl4863439,2021-01-22,In re Estate of Larson,,dk59726694,Published,f
cl4863409,2021-03-12,Colwell v. Managed Care of North America,Colwell,dk59726663,Published,f
cl4863415,2021-02-26,State v. Russell,Russell,dk59726669,Published,f
cl4863417,2021-02-26,State v. Hill,Hill,dk59726671,Published,f
cl4863411,2021-03-05,State v. Combs,Combs,dk59726665,Published,f
cl4863414,2021-02-26,State v. Starks,Starks,dk59726668,Published,f
cl4863407,2021-03-12,State v. Stelly,Stelly,dk59726661,Published,f
cl4863434,2021-01-29,Dick v. Koski Prof. Group - supplemental opinion,Dick,dk59726689,Published,f
cl4863438,2021-01-22,In re Estate of Loder,,dk59726693,Published,f
cl4863418,2021-02-19,State v. Wines,Wines,dk59726672,Published,f
cl4863448,2020-12-31,Grothen v. Grothen,Grothen,dk59726703,Published,f
cl4863451,2020-12-18,Harts v. County of Knox,Harts,dk59726706,Published,f
cl4863452,2020-12-18,Carroll v. Gould,Carroll,dk59726707,Published,f
cl4863510,2021-03-12,State v. Grieco,Grieco,dk59727003,Published,f
cl4863574,2021-03-12,United States v. Bernal,Bernal,dk59727894,Unpublished,f
cl4863575,2021-03-12,Theriot v. Bldg Trades Untd,Theriot,dk59727895,Unpublished,f
cl4863653,2021-03-12,United States v. Torres-Santana,Torres-Santana,dk59729145,Published,f
cl4899415,2021-07-13,"State Of Washington, V. Nathan Hughes",,dk60054405,Unpublished,t
cl4863899,2021-03-15,Blanca Telephone Company v. FCC,,dk59731720,Published,f
cl4863925,2021-03-15,Webb v. WYDOC Med. Corr. Inst. Warden,Webb,dk59731991,Unpublished,f
cl4864075,2021-03-15,United States v. Shilling,Shilling,dk59734384,Unpublished,f
cl4864233,2021-03-09,State v. Montoya,Montoya,dk59734808,Published,t
cl4864369,2021-03-09,State v. Montoya,Montoya,dk59735117,Published,t
cl4899459,2021-07-13,"BMW of N. Am., L.L.C. v. MacLean",MacLean,dk60054822,Published,f
cl4864556,2021-03-16,Anokwuru v. City of Houston,Anokwuru,dk59736388,Published,f
cl4864737,2021-03-16,United States v. Reece,Reece,dk59738402,Unpublished,f
cl4899477,2021-07-13,United States v. Jerome Curtis Stancil,,dk60055012,Published,f
cl4820964,2020-11-20,Xuejun Makhsous v. Pam Daye,,dk18667197,Published,f
cl4853002,2021-02-02,"Bill Jackson Roofing, Inc. v. Ohio Dept. of Job & Family Servs.",,dk58969025,Published,f
cl4865029,2021-03-17,Omwega v. Garland,Omwega,dk59740158,Unpublished,f
cl4865155,2021-03-17,United States v. Chelsey Mayweather,,dk59740964,Published,f
cl4865218,2021-03-17,Garcia v. Glenn,Garcia,dk59742066,Unpublished,f
cl4865581,2021-02-26,State v. Lowman,Lowman,dk59746087,Published,f
cl4865578,2021-03-05,Gonzales v. Nebraska Pediatric Practice,,dk59746084,Published,f
cl4865582,2021-02-26,State v. Hill,Hill,dk59746088,Published,f
cl4865574,2021-03-12,Colwell v. Managed Care of North America,Colwell,dk59746080,Published,f
cl4865583,2021-02-19,State v. Wines,Wines,dk59746089,Published,f
cl4865554,2021-03-18,v. Tun,v. Tun,dk59745549,Published,f
cl4865566,2021-03-18,United States v. Mobley,Mobley,dk59745734,Unpublished,f
cl4865580,2021-02-26,State v. Russell,Russell,dk59746086,Published,f
cl4865590,2021-02-12,Hogan v. Hogan,Hogan,dk59746096,Published,f
cl4865586,2021-02-19,State Farm Fire & Cas. Co. v. TFG Enters.,,dk59746092,Published,f
cl4865593,2021-02-05,State v. Reames,Reames,dk59746099,Published,f
cl4865587,2021-02-12,Weaver v. Weaver,Weaver,dk59746093,Published,f
cl4865589,2021-02-12,In re Interest of Prince R.,,dk59746095,Published,f
cl4865591,2021-02-12,Dreesen Enters. v. Dreesen,Dreesen,dk59746097,Published,f
cl4865603,2021-01-22,In re Estate of Loder,,dk59746109,Published,f
cl4865600,2021-01-22,State ex rel. Counsel for Dis. v. Palagi,Palagi,dk59746106,Published,f
cl4865607,2021-01-15,Mahlendorf v. Mahlendorf,Mahlendorf,dk59746113,Published,f
cl4865601,2021-01-22,State ex rel. Counsel for Dis. v. Nowak,Nowak,dk59746107,Published,f
cl4865596,2021-01-29,State v. Catlin,Catlin,dk59746102,Published,f
cl4865599,2021-01-29,Dick v. Koski Prof. Group - supplemental opinion,Dick,dk59746105,Published,f
cl4865597,2021-01-29,Hawkins v. Delgado,Hawkins,dk59746103,Published,f
cl4865602,2021-01-22,Mercer v. North Central Serv.,Mercer,dk59746108,Published,f
cl4865605,2021-01-15,State v. Melton,Melton,dk59746111,Published,f
cl4865608,2021-01-15,Houghton v. Nebraska Dept. of Rev.,Houghton,dk59746114,Published,f
cl4865598,2021-01-29,Edwards v. Douglas County,Edwards,dk59746104,Published,f
cl4865609,2021-01-08,State v. Briggs,Briggs,dk59746115,Published,f
cl4865604,2021-01-22,In re Estate of Larson,,dk59746110,Published,f
cl4865610,2021-01-08,Rogers v. Jack's Supper Club,,dk59746116,Published,f
cl4865613,2020-12-31,Grothen v. Grothen,Grothen,dk59746119,Published,f
cl4865612,2021-01-08,Equestrian Ridge v. Equestrian Ridge Estates II,,dk59746118,Published,f
cl4865697,2021-03-05,Gonzales v. Nebraska Pediatric Practice,,dk59746526,Published,f
cl4865702,2021-02-19,State v. Wines,Wines,dk59746531,Published,f
cl4865690,2021-03-19,OMNI Behavioral Health v. State,,dk59746519,Published,f
cl4865699,2021-02-26,State v. Russell,Russell,dk59746528,Published,f
cl4865701,2021-02-26,State v. Hill,Hill,dk59746530,Published,f
cl4865695,2021-03-05,State v. Combs,Combs,dk59746524,Published,f
cl4865689,2021-03-19,State ex rel. Counsel for Dis. v. Beauvais,Beauvais,dk59746518,Published,f
cl4865700,2021-02-26,State v. Lowman,Lowman,dk59746529,Published,f
cl4865696,2021-03-05,Rodriguez v. Lasting Hope Recovery Ctr.,Rodriguez,dk59746525,Published,f
cl4865703,2021-02-19,State v. Madren,Madren,dk59746532,Published,f
cl4865723,2021-01-22,In re Estate of Larson,,dk59746554,Published,f
cl4865715,2021-01-29,State v. Catlin,Catlin,dk59746545,Published,f
cl4865704,2021-02-19,State ex rel. Counsel for Dis. v. Bruno,Bruno,dk59746533,Published,f
cl4865716,2021-01-29,Hawkins v. Delgado,Hawkins,dk59746546,Published,f
cl4865706,2021-02-12,Weaver v. Weaver,Weaver,dk59746535,Published,f
cl4865712,2021-02-05,State v. Reames,Reames,dk59746542,Published,f
cl4865722,2021-01-22,In re Estate of Loder,,dk59746553,Published,f
cl4865726,2021-01-15,Mahlendorf v. Mahlendorf,Mahlendorf,dk59746557,Published,f
cl4865713,2021-02-05,State v. Johnson,,dk59746543,Published,f
cl4865724,2021-01-15,State v. Melton,Melton,dk59746555,Published,f
cl4865721,2021-01-22,Mercer v. North Central Serv.,Mercer,dk59746551,Published,f
cl4865719,2021-01-22,State ex rel. Counsel for Dis. v. Palagi,Palagi,dk59746549,Published,f
cl4865720,2021-01-22,State ex rel. Counsel for Dis. v. Nowak,Nowak,dk59746550,Published,f
cl4865727,2021-01-15,Houghton v. Nebraska Dept. of Rev.,Houghton,dk59746559,Published,f
cl4865718,2021-01-29,Dick v. Koski Prof. Group - supplemental opinion,Dick,dk59746548,Published,f
cl4865711,2021-02-05,State v. Thomas,Thomas,dk59746541,Published,f
cl4865709,2021-02-12,Hogan v. Hogan,Hogan,dk59746538,Published,f
cl4865730,2021-01-08,In re Estate of Brinkman,,dk59746562,Published,f
cl4865707,2021-02-12,In re Trust Created by McGregor,,dk59746536,Published,f
cl4865708,2021-02-12,In re Interest of Prince R.,,dk59746537,Published,f
cl4865710,2021-02-12,Dreesen Enters. v. Dreesen,Dreesen,dk59746539,Published,f
cl4865728,2021-01-08,State v. Briggs,Briggs,dk59746560,Published,f
cl4865732,2020-12-31,Grothen v. Grothen,Grothen,dk59746564,Published,f
cl4865731,2021-01-08,Equestrian Ridge v. Equestrian Ridge Estates II,,dk59746563,Published,f
cl4849728,2021-01-08,Equestrian Ridge v. Equestrian Ridge Estates II,,dk36423857,Published,f
cl4865781,2021-03-18,State v. Gray,Gray,dk59746862,Published,t
cl4865882,2021-03-19,State v. Mockensturm,Mockensturm,dk59748197,Published,f
cl4866141,2021-03-19,United States v. Kieffer,Kieffer,dk59749875,Published,f
cl4866378,2021-03-22,United States v. Jesus Manuel Vasquez Alvarez,,dk59751889,Unpublished,f
cl4866389,2021-03-22,State v. Fritts,Fritts,dk59751992,Published,f
cl4866528,2021-03-22,People v. Jackson,,dk59753660,Published,f
cl4866555,2021-03-22,Atkins v. CB&I,Atkins,dk59754031,Published,f
cl4866666,2021-03-22,State v. Chester,Chester,dk59755024,Published,f
cl4866726,2021-03-23,Mahmoud Rashad v. Fulton County,,dk59755256,Unpublished,f
cl4866739,2021-03-23,People v. Torrance,Torrance,dk59755339,Published,f
cl4866843,2021-03-23,State ex rel. Brust v. French,French,dk59755980,Published,f
cl4899502,2021-07-13,Sieben Ranch v. Adams,Adams,dk60055863,Published,f
cl4899518,2021-07-13,United States v. Gatson,Gatson,dk60055938,Unpublished,t
cl4899519,2021-07-13,United States v. Gaspar-Felipe,Gaspar-Felipe,dk60055939,Published,f
cl4867227,2021-03-24,State v. Walbert,Walbert,dk59760154,Published,f
cl4867235,2021-03-24,Pioneer State Mutual Insurance Co. v. Bear Creek Gravel,,dk59760162,Published,f
cl4867258,2021-03-24,State v. Neugebauer,Neugebauer,dk59760565,Published,f
cl4867492,2021-03-25,State v. Sari,Sari,dk59762932,Published,f
cl4867791,2021-03-25,West African Ventures v. SunTx Capital Part,,dk59764432,Unpublished,f
cl4867857,2021-03-25,Prutton v. Baumgart,Prutton,dk59765854,Published,t
cl4867975,2021-03-19,OMNI Behavioral Health v. State,,dk59767289,Published,f
cl4867976,2021-03-12,State v. Stelly,Stelly,dk59767290,Published,f
cl4867978,2021-03-12,Colwell v. Managed Care of North America,Colwell,dk59767292,Published,f
cl4867977,2021-03-12,Johnson v. Johnson,,dk59767291,Published,f
cl4867980,2021-03-05,State v. Combs,Combs,dk59767294,Published,f
cl4867984,2021-02-26,State v. Russell,Russell,dk59767298,Published,f
cl4867995,2021-02-12,Dreesen Enters. v. Dreesen,Dreesen,dk59767309,Published,f
cl4868002,2021-01-29,Edwards v. Douglas County,Edwards,dk59767316,Published,f
cl4867997,2021-02-05,State v. Reames,Reames,dk59767311,Published,f
cl4867989,2021-02-19,State ex rel. Counsel for Dis. v. Bruno,Bruno,dk59767303,Published,f
cl4867987,2021-02-19,State v. Wines,Wines,dk59767301,Published,f
cl4867990,2021-02-19,State Farm Fire & Cas. Co. v. TFG Enters.,,dk59767304,Published,f
cl4867991,2021-02-12,Weaver v. Weaver,Weaver,dk59767305,Published,f
cl4868003,2021-01-29,Dick v. Koski Prof. Group - supplemental opinion,Dick,dk59767317,Published,f
cl4868004,2021-01-22,State ex rel. Counsel for Dis. v. Palagi,Palagi,dk59767318,Published,f
cl4867996,2021-02-05,State v. Thomas,Thomas,dk59767310,Published,f
cl4868001,2021-01-29,Hawkins v. Delgado,Hawkins,dk59767315,Published,f
cl4867988,2021-02-19,State v. Madren,Madren,dk59767302,Published,f
cl4867992,2021-02-12,In re Trust Created by McGregor,,dk59767306,Published,f
cl4867993,2021-02-12,In re Interest of Prince R.,,dk59767307,Published,f
cl4868016,2021-01-08,Equestrian Ridge v. Equestrian Ridge Estates II,,dk59767330,Published,f
cl4868008,2021-01-22,In re Estate of Larson,,dk59767322,Published,f
cl4868014,2021-01-08,Rogers v. Jack's Supper Club,,dk59767328,Published,f
cl4868015,2021-01-08,In re Estate of Brinkman,,dk59767329,Published,f
cl4868007,2021-01-22,In re Estate of Loder,,dk59767321,Published,f
cl4868011,2021-01-15,Mahlendorf v. Mahlendorf,Mahlendorf,dk59767325,Published,f
cl4868006,2021-01-22,Mercer v. North Central Serv.,Mercer,dk59767320,Published,f
cl4868017,2020-12-31,Grothen v. Grothen,Grothen,dk59767331,Published,f
cl4868012,2021-01-15,Houghton v. Nebraska Dept. of Rev.,Houghton,dk59767326,Published,f
cl4868009,2021-01-15,State v. Melton,Melton,dk59767323,Published,f
cl4868010,2021-01-15,State v. Bartel,Bartel,dk59767324,Published,f
cl4852037,2021-01-22,State ex rel. Counsel for Dis. v. Nowak,Nowak,dk53499079,Published,f
cl4868106,2021-03-26,State v. Pacific,Pacific,dk59768249,Published,f
cl4868109,2021-03-26,State v. Coleman,Coleman,dk59768252,Published,f
cl4868111,2021-03-26,In re Adoption of A.L.E.,,dk59768254,Published,t
cl4869667,2021-03-26,In re Adoption of Yasmin S.,,dk59780688,Published,f
cl4868286,2021-03-22,State v. Chester,Chester,dk59769820,Published,f
cl4868388,2021-03-26,Valentine v. Collier,Valentine,dk59772097,Published,f
cl4868327,2021-03-26,Falcon v. Garland,Falcon,dk59770583,Unpublished,f
cl4868318,2021-03-26,Valentine v. Collier,Valentine,dk59770574,Published,f
cl4868351,2021-03-04,VINCENT HUSSEY v. STATE OF ARKANSAS,,dk59771084,Published,f
cl4869665,2021-03-26,State v. Wheeler,Wheeler,dk59780686,Published,f
cl4868449,2021-03-25,"Timothy Dean Stone, TDCJ 1177762 v. Warden Furr",,dk59772163,Published,f
cl4869674,2021-03-12,Johnson v. Johnson,,dk59780695,Published,f
cl4868546,2021-03-29,State v. Stutzman,Stutzman,dk59772490,Published,f
cl4869688,2021-02-12,Weaver v. Weaver,Weaver,dk59780709,Published,f
cl4868580,2021-03-29,In re A.S.,In re A.S.,dk59772746,Published,f
cl4868646,2021-03-29,State v. DeLuca,DeLuca,dk59773719,Published,f
cl4868649,2021-03-29,State v. Boss,Boss,dk59773722,Published,f
cl4899614,2021-07-14,"United States v. Robert L. Ignasiak, Jr.",,dk60056614,Unpublished,t
cl4868740,2021-03-29,State v. Romine,Romine,dk59774931,Published,t
cl4868753,2021-03-29,People v. Robinson,Robinson,dk59775294,Published,f
cl4868871,2021-03-23,"Hauptman, O'Brien v. Auto-Owners Ins. Co.",,dk59776261,Published,f
cl4868870,2021-03-23,State v. Kearns,Kearns,dk59776260,Published,t
cl4868865,2021-03-30,Ramsey v. Ramsey,Ramsey,dk59776255,Published,t
cl4868868,2021-03-30,Eicke v. Eicke,Eicke,dk59776258,Published,t
cl4868885,2021-03-30,Millard Gutter Co. v. Farm Bureau Prop. & Cas. Ins. Co.,,dk59776275,Published,f
cl4868884,2021-03-30,Ramsey v. Ramsey,Ramsey,dk59776274,Published,t
cl4868866,2021-03-30,Millard Gutter Co. v. Farm Bureau Prop. & Cas. Ins. Co.,,dk59776256,Published,f
cl4868863,2021-03-30,State v. Miller,,dk59776253,Published,t
cl4869067,2021-03-30,"The Northshore Corridor Association v. Knox County, Tennessee",,dk59777646,Published,f
cl4869243,2021-03-30,People v. James,James,dk59779735,Published,f
cl4869249,2021-03-30,Shelter Valley v. Russell,Russell,dk59779770,Unpublished,f
cl4869355,2021-03-31,United States v. Alexander Leo Rodgers,,dk59780228,Unpublished,f
cl4870354,2021-01-29,State v. Catlin,Catlin,dk59789140,Published,f
cl4899658,2021-07-14,Peter Davis v. Sheriff Tony Gregory,,dk60056920,Unpublished,t
cl4869410,2021-03-31,"Bridgecreek Condominium Assn., Inc. v. Robinson",Robinson,dk59780294,Published,f
cl4869440,2021-03-31,State v. Robinson,Robinson,dk59780330,Published,f
cl4869441,2021-03-31,State v. Noble,Noble,dk59780331,Published,f
cl4869444,2021-03-31,State v. Jordan,Jordan,dk59780334,Published,f
cl4869495,2021-03-31,State v. Pyle,Pyle,dk59780406,Published,f
cl4899697,2021-07-14,Hall v. GMS Mgt. Co.,Hall,dk60057078,Published,f
cl4899698,2021-06-30,State v. Ewing,Ewing,dk60057087,Published,t
cl4869607,2021-03-31,United States v. Ronald Hill,,dk59780578,Unpublished,f
cl4869635,2021-03-31,People v. Jones,Jones,dk59780627,Published,f
cl4869637,2021-03-31,People v. Collins,Collins,dk59780629,Published,f
cl4869644,2021-03-31,Green v. Chicago Police Department,Green,dk59780636,Published,f
cl4869677,2021-03-05,State v. Combs,Combs,dk59780698,Published,f
cl4869657,2021-03-31,Tran v. Garland,Tran,dk59780667,Unpublished,f
cl4869659,2021-03-31,Argueta-Canales v. Garland,Argueta-Canales,dk59780669,Unpublished,f
cl4869666,2021-03-26,In re Interest of A.A.,,dk59780687,Published,f
cl4869670,2021-03-19,State v. Warlick,Warlick,dk59780691,Published,f
cl4869672,2021-03-19,OMNI Behavioral Health v. State,,dk59780693,Published,f
cl4869675,2021-03-12,Colwell v. Managed Care of North America,Colwell,dk59780696,Published,f
cl4869698,2021-01-29,Hawkins v. Delgado,Hawkins,dk59780719,Published,f
cl4869681,2021-02-26,State v. Russell,Russell,dk59780702,Published,f
cl4869679,2021-03-05,Gonzales v. Nebraska Pediatric Practice,,dk59780700,Published,f
cl4869692,2021-02-12,Dreesen Enters. v. Dreesen,Dreesen,dk59780713,Published,f
cl4869686,2021-02-19,State ex rel. Counsel for Dis. v. Bruno,Bruno,dk59780707,Published,f
cl4869693,2021-02-05,State v. Thomas,Thomas,dk59780714,Published,f
cl4869691,2021-02-12,Hogan v. Hogan,Hogan,dk59780712,Published,f
cl4869683,2021-02-26,State v. Hill,Hill,dk59780704,Published,f
cl4869682,2021-02-26,State v. Lowman,Lowman,dk59780703,Published,f
cl4869684,2021-02-19,State v. Wines,Wines,dk59780705,Published,f
cl4869695,2021-02-05,State v. Johnson,,dk59780716,Published,f
cl4869687,2021-02-19,State Farm Fire & Cas. Co. v. TFG Enters.,,dk59780708,Published,f
cl4869697,2021-01-29,State v. Catlin,Catlin,dk59780718,Published,f
cl4869699,2021-01-29,Edwards v. Douglas County,Edwards,dk59780720,Published,f
cl4869690,2021-02-12,In re Interest of Prince R.,,dk59780711,Published,f
cl4869689,2021-02-12,In re Trust Created by McGregor,,dk59780710,Published,f
cl4869700,2021-01-29,Dick v. Koski Prof. Group - supplemental opinion,Dick,dk59780721,Published,f
cl4869701,2021-01-22,State ex rel. Counsel for Dis. v. Palagi,Palagi,dk59780722,Published,f
cl4869702,2021-01-22,State ex rel. Counsel for Dis. v. Nowak,Nowak,dk59780723,Published,f
cl4869703,2021-01-22,Mercer v. North Central Serv.,Mercer,dk59780724,Published,f
cl4869704,2021-01-22,In re Estate of Loder,,dk59780725,Published,f
cl4869705,2021-01-22,In re Estate of Larson,,dk59780726,Published,f
cl4869709,2021-01-15,Houghton v. Nebraska Dept. of Rev.,Houghton,dk59780730,Published,f
cl4869711,2021-01-08,Rogers v. Jack's Supper Club,,dk59780732,Published,f
cl4869713,2021-01-08,Equestrian Ridge v. Equestrian Ridge Estates II,,dk59780734,Published,f
cl4869708,2021-01-15,Mahlendorf v. Mahlendorf,Mahlendorf,dk59780729,Published,f
cl4869712,2021-01-08,In re Estate of Brinkman,,dk59780733,Published,f
cl4861314,2021-02-12,In re Interest of Prince R.,,dk59707272,Published,f
cl4869710,2021-01-08,State v. Briggs,Briggs,dk59780731,Published,f
cl4869814,2021-04-01,State v. Pate,Pate,dk59780862,Published,f
cl4869824,2021-03-29,In re A.S.,In re A.S.,dk59780873,Published,f
cl4870008,2021-04-01,Roque v. Harvel,Roque,dk59781128,Published,f
cl4870007,2021-04-01,Ross v. Judson Indep Sch Dist,Ross,dk59781127,Published,f
cl4870010,2021-04-01,Cruz Rodriguez v. Garland,,dk59781130,Published,f
cl4870101,2021-03-30,"Robert Charest v. Hydraulic Hose & Assemblies, LLC",,dk59787967,Published,f
cl4870117,2021-01-12,"Carol Cutting v. Down East Orthopedic Associates, P.A.",,dk59787984,Published,f
cl4870100,2021-04-01,State of Maine v. Sharon Carrillo,,dk59787966,Published,f
cl4870136,2020-06-04,State of Maine v. Jonathan Limary,,dk59788007,Published,f
cl4870135,2020-06-09,In re Children of Jamie P.,,dk59788006,Published,f
cl4870176,2019-03-12,Robbie M. Nason v. Timothy Pruchnic,,dk59788048,Published,f
cl4870169,2019-06-04,Tucker J. Cianchette v. Peggy A. Cianchette,,dk59788041,Published,f
cl4870164,2019-08-06,In re Children of Meagan C.,,dk59788035,Published,f
cl4870254,2021-04-01,In re Johnathan T.,,dk59788138,Published,t
cl4870280,2021-04-01,CBE Grp v. Lexington Law Firm,,dk59788391,Published,f
cl4870320,2021-04-02,State v. Figures,Figures,dk59789106,Published,f
cl4870322,2021-03-26,State v. Wheeler,Wheeler,dk59789108,Published,f
cl4870318,2021-04-02,Wizinsky v. State,Wizinsky,dk59789104,Published,f
cl4870321,2021-04-02,SID No. 2 of Knox Cty. v. Fischer,Fischer,dk59789107,Published,f
cl4870323,2021-03-26,In re Interest of A.A.,,dk59789109,Published,f
cl4870348,2021-02-12,Hogan v. Hogan,Hogan,dk59789134,Published,f
cl4870319,2021-04-02,State v. Jennings,Jennings,dk59789105,Published,f
cl4870334,2021-03-05,State v. Combs,Combs,dk59789120,Published,f
cl4870329,2021-03-19,OMNI Behavioral Health v. State,,dk59789115,Published,f
cl4870332,2021-03-12,Colwell v. Managed Care of North America,Colwell,dk59789118,Published,f
cl4870327,2021-03-19,State v. Warlick,Warlick,dk59789113,Published,f
cl4870325,2021-03-26,"Eletech, Inc. v. Conveyance Consulting Group",,dk59789111,Published,f
cl4870331,2021-03-12,Johnson v. Johnson,,dk59789117,Published,f
cl4870328,2021-03-19,State ex rel. Counsel for Dis. v. Beauvais,Beauvais,dk59789114,Published,f
cl4870330,2021-03-12,State v. Stelly,Stelly,dk59789116,Published,f
cl4870338,2021-02-26,State v. Russell,Russell,dk59789124,Published,f
cl4870341,2021-02-19,State v. Wines,Wines,dk59789127,Published,f
cl4870340,2021-02-26,State v. Hill,Hill,dk59789126,Published,f
cl4870339,2021-02-26,State v. Lowman,Lowman,dk59789125,Published,f
cl4870336,2021-03-05,Gonzales v. Nebraska Pediatric Practice,,dk59789122,Published,f
cl4870352,2021-02-05,State v. Johnson,,dk59789138,Published,f
cl4870351,2021-02-05,State v. Reames,Reames,dk59789137,Published,f
cl4870345,2021-02-12,Weaver v. Weaver,Weaver,dk59789131,Published,f
cl4870350,2021-02-05,State v. Thomas,Thomas,dk59789136,Published,f
cl4870343,2021-02-19,State ex rel. Counsel for Dis. v. Bruno,Bruno,dk59789129,Published,f
cl4870344,2021-02-19,State Farm Fire & Cas. Co. v. TFG Enters.,,dk59789130,Published,f
cl4870346,2021-02-12,In re Trust Created by McGregor,,dk59789132,Published,f
cl4870356,2021-01-29,Edwards v. Douglas County,Edwards,dk59789142,Published,f
cl4870347,2021-02-12,In re Interest of Prince R.,,dk59789133,Published,f
cl4870358,2021-01-22,State ex rel. Counsel for Dis. v. Palagi,Palagi,dk59789144,Published,f
cl4870359,2021-01-22,State ex rel. Counsel for Dis. v. Nowak,Nowak,dk59789145,Published,f
cl4870361,2021-01-22,In re Estate of Loder,,dk59789147,Published,f
cl4870365,2021-01-15,Mahlendorf v. Mahlendorf,Mahlendorf,dk59789151,Published,f
cl4870360,2021-01-22,Mercer v. North Central Serv.,Mercer,dk59789146,Published,f
cl4870362,2021-01-22,In re Estate of Larson,,dk59789148,Published,f
cl4870366,2021-01-15,Houghton v. Nebraska Dept. of Rev.,Houghton,dk59789152,Published,f
cl4870369,2021-01-08,In re Estate of Brinkman,,dk59789155,Published,f
cl4870370,2021-01-08,Equestrian Ridge v. Equestrian Ridge Estates II,,dk59789156,Published,f
cl4870368,2021-01-08,Rogers v. Jack's Supper Club,,dk59789154,Published,f
cl4870371,2021-04-02,United States v. Bobby Ricky Bible,,dk59789236,Unpublished,f
cl4870400,2021-04-02,Carl Richard Samson v. United States,,dk59789468,Unpublished,f
cl4870427,2021-04-02,In re H/B Children,,dk59789555,Published,f
cl4870435,2021-04-02,State v. Armstrong-Carter,Armstrong-Carter,dk59789563,Published,f
cl4870451,2021-04-02,People v. Jackson,,dk59789798,Published,f
cl4870749,2021-04-05,In re J.C.,In re J.C.,dk59793236,Published,f
cl4870796,2021-04-05,Trevathan v. Eppinger,Trevathan,dk59794094,Published,f
cl4870839,2021-04-05,Orellana-Recinos v. Barr,Orellana-Recinos,dk59794713,Published,f
cl4870890,2021-04-05,Rosenkrantz v. Inter-American Development Bank,Rosenkrantz,dk59795715,Published,f
cl4870895,2021-04-05,United States v. Navarro-Jusino,Navarro-Jusino,dk59796085,Published,f
cl4870905,2021-03-30,Millard Gutter Co. v. Farm Bureau Prop. & Cas. Ins. Co.,,dk59796397,Published,f
cl4870904,2021-03-30,Ramsey v. Ramsey,Ramsey,dk59796396,Published,t
cl4870995,2021-04-06,Bel Fury Investments Group v. Stewart,Stewart,dk59796633,Published,f
cl4870998,2021-03-30,Millard Gutter Co. v. Farm Bureau Prop. & Cas. Ins. Co.,,dk59796636,Published,f
cl4870994,2021-04-06,Bowen v. Bowen,Bowen,dk59796632,Published,t
cl4870997,2021-03-30,Ramsey v. Ramsey,Ramsey,dk59796635,Published,t
cl4870992,2021-04-06,Jacqueline E. v. Ryan E.,,dk59796630,Published,t
cl4899817,2021-07-14,Hall v. GMS Mgt. Co.,Hall,dk60058274,Published,f
cl4871210,2021-03-31,State v. Panezich,Panezich,dk59798117,Published,f
cl4871217,2021-03-29,"Valentine v. Ebay, Inc.",Valentine,dk59798124,Published,f
cl4871342,2021-04-06,Cloud v. Stone,Cloud,dk59799831,Published,f
cl4847328,2021-01-13,Kim v. Randal Lowry & Assocs.,Kim,dk29102152,Published,t
cl4871459,2021-04-07,Wade D. Pounds v. Teresita Dieguez,,dk59800998,Unpublished,f
cl4871469,2021-04-07,Dynak v. Board of Education of Wood Dale School District 7,Dynak,dk59801083,Published,f
cl4871473,2021-04-05,McCombs v. Dennis,McCombs,dk59801094,Published,f
cl4871471,2021-04-06,State v. Mills,Mills,dk59801092,Published,f
cl4871505,2021-04-07,In re K.G.,In re K.G.,dk59801397,Published,f
cl4871522,2021-04-07,Brown v. Brown,Brown,dk59801606,Unpublished,f
cl4871653,2021-04-07,Sanchez-Vasquez v. Garland,Sanchez-Vasquez,dk59802742,Published,f
cl4871679,2021-04-07,United States v. Canterbury,Canterbury,dk59803534,Unpublished,f
cl4871764,2021-04-08,Roque Island Gardner Homestead Corporation v. Town of Jonesport,,dk59804439,Published,f
cl4871811,2021-04-08,United States v. Danielle Edmonson El,,dk59804731,Unpublished,f
cl4871871,2021-04-08,State v. Ratliff,Ratliff,dk59804894,Published,f
cl4871955,2021-04-08,Covidien LP v. Esch,Esch,dk59805412,Published,f
cl4872056,2021-04-02,Wizinsky v. State,Wizinsky,dk59807619,Published,f
cl4872064,2021-03-26,Davis v. Moats,Davis,dk59807628,Published,f
cl4872060,2021-03-26,State v. Wheeler,Wheeler,dk59807624,Published,f
cl4872070,2021-03-12,Colwell v. Managed Care of North America,Colwell,dk59807634,Published,f
cl4872061,2021-03-26,In re Interest of A.A.,,dk59807625,Published,f
cl4872058,2021-04-02,State v. Figures,Figures,dk59807622,Published,f
cl4872069,2021-03-12,Johnson v. Johnson,,dk59807633,Published,f
cl4872067,2021-03-19,OMNI Behavioral Health v. State,,dk59807631,Published,f
cl4872065,2021-03-19,State v. Warlick,Warlick,dk59807629,Published,f
cl4872068,2021-03-12,State v. Stelly,Stelly,dk59807632,Published,f
cl4872062,2021-03-26,In re Adoption of Yasmin S.,,dk59807626,Published,f
cl4872078,2021-02-26,State v. Hill,Hill,dk59807642,Published,f
cl4872076,2021-02-26,State v. Russell,Russell,dk59807640,Published,f
cl4872079,2021-02-19,State v. Wines,Wines,dk59807643,Published,f
cl4872074,2021-03-05,Gonzales v. Nebraska Pediatric Practice,,dk59807638,Published,f
cl4872075,2021-02-26,State v. Starks,Starks,dk59807639,Published,f
cl4872073,2021-03-05,Rodriguez v. Lasting Hope Recovery Ctr.,Rodriguez,dk59807637,Published,f
cl4872072,2021-03-05,State v. Combs,Combs,dk59807636,Published,f
cl4872088,2021-02-05,State v. Thomas,Thomas,dk59807652,Published,f
cl4872092,2021-01-29,State v. Catlin,Catlin,dk59807656,Published,f
cl4872087,2021-02-12,Dreesen Enters. v. Dreesen,Dreesen,dk59807651,Published,f
cl4872085,2021-02-12,In re Interest of Prince R.,,dk59807649,Published,f
cl4872094,2021-01-29,Edwards v. Douglas County,Edwards,dk59807658,Published,f
cl4872080,2021-02-19,State v. Madren,Madren,dk59807644,Published,f
cl4872083,2021-02-12,Weaver v. Weaver,Weaver,dk59807647,Published,f
cl4872082,2021-02-19,State Farm Fire & Cas. Co. v. TFG Enters.,,dk59807646,Published,f
cl4872084,2021-02-12,In re Trust Created by McGregor,,dk59807648,Published,f
cl4872095,2021-01-29,Dick v. Koski Prof. Group - supplemental opinion,Dick,dk59807659,Published,f
cl4872096,2021-01-22,State ex rel. Counsel for Dis. v. Palagi,Palagi,dk59807660,Published,f
cl4872090,2021-02-05,State v. Johnson,,dk59807654,Published,f
cl4872097,2021-01-22,State ex rel. Counsel for Dis. v. Nowak,Nowak,dk59807661,Published,f
cl4872099,2021-01-22,In re Estate of Loder,,dk59807663,Published,f
cl4872103,2021-01-15,Mahlendorf v. Mahlendorf,Mahlendorf,dk59807667,Published,f
cl4872104,2021-01-15,Houghton v. Nebraska Dept. of Rev.,Houghton,dk59807668,Published,f
cl4872102,2021-01-15,State v. Bartel,Bartel,dk59807666,Published,f
cl4872101,2021-01-15,State v. Melton,Melton,dk59807665,Published,f
cl4872100,2021-01-22,In re Estate of Larson,,dk59807664,Published,f
cl4872147,2021-04-09,Evert v. Srb,Evert,dk59807859,Published,f
cl4872192,2021-01-22,In re Estate of Loder,,dk59807904,Published,f
cl4872153,2021-03-26,State v. Wheeler,Wheeler,dk59807865,Published,f
cl4872150,2021-04-02,State v. Jennings,Jennings,dk59807862,Published,f
cl4872149,2021-04-02,Wizinsky v. State,Wizinsky,dk59807861,Published,f
cl4872152,2021-04-02,SID No. 2 of Knox Cty. v. Fischer,Fischer,dk59807864,Published,f
cl4872157,2021-03-26,Davis v. Moats,Davis,dk59807869,Published,f
cl4872151,2021-04-02,State v. Figures,Figures,dk59807863,Published,f
cl4872163,2021-03-12,Colwell v. Managed Care of North America,Colwell,dk59807875,Published,f
cl4872160,2021-03-19,OMNI Behavioral Health v. State,,dk59807872,Published,f
cl4872178,2021-02-12,In re Interest of Prince R.,,dk59807890,Published,f
cl4872166,2021-03-05,Rodriguez v. Lasting Hope Recovery Ctr.,Rodriguez,dk59807878,Published,f
cl4872161,2021-03-12,State v. Stelly,Stelly,dk59807873,Published,f
cl4872165,2021-03-05,State v. Combs,Combs,dk59807877,Published,f
cl4872172,2021-02-19,State v. Wines,Wines,dk59807884,Published,f
cl4872175,2021-02-19,State Farm Fire & Cas. Co. v. TFG Enters.,,dk59807887,Published,f
cl4872169,2021-02-26,State v. Russell,Russell,dk59807881,Published,f
cl4872167,2021-03-05,Gonzales v. Nebraska Pediatric Practice,,dk59807879,Published,f
cl4872177,2021-02-12,In re Trust Created by McGregor,,dk59807889,Published,f
cl4872171,2021-02-26,State v. Hill,Hill,dk59807883,Published,f
cl4872197,2021-01-15,Houghton v. Nebraska Dept. of Rev.,Houghton,dk59807909,Published,f
cl4872170,2021-02-26,State v. Lowman,Lowman,dk59807882,Published,f
cl4872173,2021-02-19,State v. Madren,Madren,dk59807885,Published,f
cl4872168,2021-02-26,State v. Starks,Starks,dk59807880,Published,f
cl4872181,2021-02-05,State v. Thomas,Thomas,dk59807893,Published,f
cl4872179,2021-02-12,Hogan v. Hogan,Hogan,dk59807891,Published,f
cl4872185,2021-01-29,State v. Catlin,Catlin,dk59807897,Published,f
cl4872196,2021-01-15,Mahlendorf v. Mahlendorf,Mahlendorf,dk59807908,Published,f
cl4872186,2021-01-29,Hawkins v. Delgado,Hawkins,dk59807898,Published,f
cl4872188,2021-01-29,Dick v. Koski Prof. Group - supplemental opinion,Dick,dk59807900,Published,f
cl4872194,2021-01-15,State v. Melton,Melton,dk59807906,Published,f
cl4872189,2021-01-22,State ex rel. Counsel for Dis. v. Palagi,Palagi,dk59807901,Published,f
cl4872190,2021-01-22,State ex rel. Counsel for Dis. v. Nowak,Nowak,dk59807902,Published,f
cl4872195,2021-01-15,State v. Bartel,Bartel,dk59807907,Published,f
cl4872193,2021-01-22,In re Estate of Larson,,dk59807905,Published,f
cl4872183,2021-02-05,State v. Johnson,,dk59807895,Published,f
cl4863257,2021-01-29,Edwards v. Douglas County,Edwards,dk59726184,Published,f
cl4872380,2021-04-09,Pierce v. Collier,Pierce,dk59809369,Unpublished,f
cl4872449,2021-04-09,"Safety-Kleen Systems, Inc. v. Department of Revenue",,dk59810738,Published,f
cl4553333,1996-05-30,"University Medical Resident Servs., P.C. v. Commissioner",Commissioner,dk8173838,Unpublished,f
cl4872638,2021-04-12,State v. Kreischer,Kreischer,dk59812624,Published,f
cl4872658,2021-04-12,LNV Corporation v. Hook,Hook,dk59812822,Unpublished,f
cl4872878,2021-04-13,State v. Lux,Lux,dk59815681,Published,f
cl4872738,2021-04-12,State v. Gibson,Gibson,dk59813918,Published,f
cl4872740,2021-04-12,State v. Bair,Bair,dk59813920,Published,f
cl4872829,2021-04-06,Bowen v. Bowen,Bowen,dk59815506,Published,t
cl4872877,2021-04-13,State v. Taliaferro,Taliaferro,dk59815680,Published,f
cl4872879,2021-04-13,Midwest Renewable Energy v. B4 Grain,,dk59815682,Published,f
cl4872880,2021-04-13,Bowmaker v. Rollman,Bowmaker,dk59815683,Published,t
cl4872897,2021-04-06,Bowen v. Bowen,Bowen,dk59815801,Published,t
cl4872895,2021-04-13,Bowmaker v. Rollman,Bowmaker,dk59815799,Published,t
cl4899921,2021-07-15,Ramon v. Nebo School District,Ramon,dk60059755,Published,f
cl4873077,2021-04-13,State Of Washington v. S.D.H.,S.D.H.,dk59816987,Published,t
cl1072893,2000-12-07,Lafferty v. City of Winchester,Lafferty,dk945329,Published,f
cl4873223,2021-04-13,State v. D. Weisbarth,,dk59818523,Unpublished,f
cl4873254,2021-04-13,Estate of Frazier v. Miller,,dk59818775,Published,f
cl4873499,2021-04-09,State v. Brock,Brock,dk59820623,Published,f
cl4873525,2021-04-14,"Commw. School, Inc. v. Commw. Academy Holdings",,dk59821177,Published,f
cl4899979,2021-05-26,Skaggs v. Ohio Dept. of Rehab. & Corr.,Skaggs,dk60060099,Published,f
cl204047,2009-10-27,"Awuah v. COVERALL NORTH AMERICA, INC.",Awuah,dk566478,Published,f
cl4873695,2021-04-14,Hernandez Viera v. Garland,,dk59822957,Unpublished,f
cl4873728,2021-04-15,People v. Wise,Wise,dk59823596,Published,f
cl4873729,2021-04-15,People v. Palmer,,dk59823598,Published,f
cl4873731,2021-04-15,People v. Bass,Bass,dk59823600,Published,f
cl4873788,2021-04-15,State v. Cover,Cover,dk59823898,Published,f
cl4873884,2021-04-15,State v. M.S.,M.S.,dk59824274,Published,f
cl4873905,2021-04-15,"R & J Solutions, Inc. v. Moses",Moses,dk59824629,Published,f
cl4874126,2021-02-19,State ex rel. Counsel for Dis. v. Bruno,Bruno,dk59827494,Published,f
cl4873997,2021-04-09,Evert v. Srb,Evert,dk59827235,Published,f
cl4873999,2021-04-02,Wizinsky v. State,Wizinsky,dk59827237,Published,f
cl4874010,2021-03-19,OMNI Behavioral Health v. State,,dk59827248,Published,f
cl4874008,2021-03-19,State v. Warlick,Warlick,dk59827246,Published,f
cl4874002,2021-04-02,SID No. 2 of Knox Cty. v. Fischer,Fischer,dk59827240,Published,f
cl4874004,2021-03-26,In re Interest of A.A.,,dk59827242,Published,f
cl4874011,2021-03-12,State v. Stelly,Stelly,dk59827249,Published,f
cl4874007,2021-03-26,Davis v. Moats,Davis,dk59827245,Published,f
cl4874005,2021-03-26,In re Adoption of Yasmin S.,,dk59827243,Published,f
cl4874017,2021-03-05,Gonzales v. Nebraska Pediatric Practice,,dk59827255,Published,f
cl4874016,2021-03-05,Rodriguez v. Lasting Hope Recovery Ctr.,Rodriguez,dk59827254,Published,f
cl4874015,2021-03-05,State v. Combs,Combs,dk59827253,Published,f
cl4874021,2021-02-26,State v. Hill,Hill,dk59827259,Published,f
cl4874019,2021-02-26,State v. Russell,Russell,dk59827257,Published,f
cl4874022,2021-02-19,State v. Wines,Wines,dk59827260,Published,f
cl4874018,2021-02-26,State v. Starks,Starks,dk59827256,Published,f
cl4874024,2021-02-19,State ex rel. Counsel for Dis. v. Bruno,Bruno,dk59827262,Published,f
cl4874025,2021-02-19,State Farm Fire & Cas. Co. v. TFG Enters.,,dk59827263,Published,f
cl4874020,2021-02-26,State v. Lowman,Lowman,dk59827258,Published,f
cl4874027,2021-02-12,In re Trust Created by McGregor,,dk59827265,Published,f
cl4874035,2021-01-29,State v. Catlin,Catlin,dk59827273,Published,f
cl4874036,2021-01-29,Hawkins v. Delgado,Hawkins,dk59827274,Published,f
cl4874106,2021-03-26,In re Interest of A.A.,,dk59827474,Published,f
cl4874028,2021-02-12,In re Interest of Prince R.,,dk59827266,Published,f
cl4874043,2021-01-22,In re Estate of Larson,,dk59827281,Published,f
cl4874110,2021-03-19,State v. Warlick,Warlick,dk59827478,Published,f
cl4874123,2021-02-26,State v. Hill,Hill,dk59827491,Published,f
cl4874131,2021-02-12,Hogan v. Hogan,Hogan,dk59827499,Published,f
cl4874080,2021-04-15,Kathy Hahn v. Gary Vanduker,,dk59827364,Unpublished,f
cl4874133,2021-02-05,State v. Thomas,Thomas,dk59827501,Published,f
cl4874108,2021-03-26,"Eletech, Inc. v. Conveyance Consulting Group",,dk59827476,Published,f
cl4874100,2021-04-09,Clason v. LOL Investments,Clason,dk59827468,Published,f
cl4874105,2021-03-26,State v. Wheeler,Wheeler,dk59827473,Published,f
cl4874101,2021-04-02,Wizinsky v. State,Wizinsky,dk59827469,Published,f
cl4874104,2021-04-02,SID No. 2 of Knox Cty. v. Fischer,Fischer,dk59827472,Published,f
cl4874112,2021-03-19,OMNI Behavioral Health v. State,,dk59827480,Published,f
cl4874099,2021-04-09,Evert v. Srb,Evert,dk59827467,Published,f
cl4874124,2021-02-19,State v. Wines,Wines,dk59827492,Published,f
cl4874125,2021-02-19,State v. Madren,Madren,dk59827493,Published,f
cl4874127,2021-02-19,State Farm Fire & Cas. Co. v. TFG Enters.,,dk59827495,Published,f
cl4874128,2021-02-12,Weaver v. Weaver,Weaver,dk59827496,Published,f
cl4874130,2021-02-12,In re Interest of Prince R.,,dk59827498,Published,f
cl4874122,2021-02-26,State v. Lowman,Lowman,dk59827490,Published,f
cl4874129,2021-02-12,In re Trust Created by McGregor,,dk59827497,Published,f
cl4874109,2021-03-26,Davis v. Moats,Davis,dk59827477,Published,f
cl4874137,2021-01-29,State v. Catlin,Catlin,dk59827505,Published,f
cl4874138,2021-01-29,Hawkins v. Delgado,Hawkins,dk59827506,Published,f
cl4874140,2021-01-29,Dick v. Koski Prof. Group - supplemental opinion,Dick,dk59827508,Published,f
cl4874141,2021-01-22,State ex rel. Counsel for Dis. v. Palagi,Palagi,dk59827509,Published,f
cl4874142,2021-01-22,State ex rel. Counsel for Dis. v. Nowak,Nowak,dk59827510,Published,f
cl4874134,2021-02-05,State v. Reames,Reames,dk59827502,Published,f
cl4874135,2021-02-05,State v. Johnson,,dk59827503,Published,f
cl4874144,2021-01-22,In re Estate of Loder,,dk59827512,Published,f
cl4870335,2021-03-05,Rodriguez v. Lasting Hope Recovery Ctr.,Rodriguez,dk59789121,Published,f
cl4874145,2021-01-22,In re Estate of Larson,,dk59827513,Published,f
cl4874208,2021-02-05,State v. Reames,Reames,dk59827749,Published,f
cl4874169,2021-04-16,State v. Malone,Malone,dk59827710,Published,f
cl4874176,2021-04-02,State v. Jennings,Jennings,dk59827717,Published,f
cl4874172,2021-04-09,Wayne L. Ryan Revocable Trust v. Ryan,Ryan,dk59827713,Published,f
cl4874173,2021-04-09,Evert v. Srb,Evert,dk59827714,Published,f
cl4874174,2021-04-09,Clason v. LOL Investments,Clason,dk59827715,Published,f
cl4874175,2021-04-02,Wizinsky v. State,Wizinsky,dk59827716,Published,f
cl4874211,2021-01-29,State v. Catlin,Catlin,dk59827752,Published,f
cl4874212,2021-01-29,Hawkins v. Delgado,Hawkins,dk59827753,Published,f
cl4874188,2021-03-12,Johnson v. Johnson,,dk59827729,Published,f
cl4874170,2021-04-16,Great Northern Ins. Co. v. Transit Auth. of Omaha,,dk59827711,Published,f
cl4874179,2021-03-26,State v. Wheeler,Wheeler,dk59827720,Published,f
cl4874184,2021-03-19,State v. Warlick,Warlick,dk59827725,Published,f
cl4874180,2021-03-26,In re Interest of A.A.,,dk59827721,Published,f
cl4874186,2021-03-19,OMNI Behavioral Health v. State,,dk59827727,Published,f
cl4874189,2021-03-12,Colwell v. Managed Care of North America,Colwell,dk59827730,Published,f
cl4874202,2021-02-12,Weaver v. Weaver,Weaver,dk59827743,Published,f
cl4874197,2021-02-26,State v. Hill,Hill,dk59827738,Published,f
cl4874214,2021-01-29,Dick v. Koski Prof. Group - supplemental opinion,Dick,dk59827755,Published,f
cl4874215,2021-01-22,State ex rel. Counsel for Dis. v. Palagi,Palagi,dk59827756,Published,f
cl4874216,2021-01-22,State ex rel. Counsel for Dis. v. Nowak,Nowak,dk59827757,Published,f
cl4874218,2021-01-22,In re Estate of Loder,,dk59827759,Published,f
cl4874192,2021-03-05,Rodriguez v. Lasting Hope Recovery Ctr.,Rodriguez,dk59827733,Published,f
cl4874217,2021-01-22,Mercer v. North Central Serv.,Mercer,dk59827758,Published,f
cl4874203,2021-02-12,In re Trust Created by McGregor,,dk59827744,Published,f
cl4874191,2021-03-05,State v. Combs,Combs,dk59827732,Published,f
cl4874198,2021-02-19,State v. Wines,Wines,dk59827739,Published,f
cl4874200,2021-02-19,State ex rel. Counsel for Dis. v. Bruno,Bruno,dk59827741,Published,f
cl4874201,2021-02-19,State Farm Fire & Cas. Co. v. TFG Enters.,,dk59827742,Published,f
cl4874205,2021-02-12,Hogan v. Hogan,Hogan,dk59827746,Published,f
cl4874209,2021-02-05,State v. Johnson,,dk59827750,Published,f
cl4874207,2021-02-05,State v. Thomas,Thomas,dk59827748,Published,f
cl4874199,2021-02-19,State v. Madren,Madren,dk59827740,Published,f
cl4874204,2021-02-12,In re Interest of Prince R.,,dk59827745,Published,f
cl4874194,2021-02-26,State v. Starks,Starks,dk59827735,Published,f
cl4874206,2021-02-12,Dreesen Enters. v. Dreesen,Dreesen,dk59827747,Published,f
cl4874235,2021-04-16,"QFS Transp., L.L.C. v. Wall Street Sys., Inc.",,dk59827781,Published,f
cl4874326,2021-04-16,People v. Williams,,dk59828711,Published,f
cl4874335,2021-04-16,People v. Bobo,Bobo,dk59828720,Published,f
cl4559035,2007-01-17,Cosby v. Comm'r,Cosby,dk8180105,Unpublished,f
cl4832399,2020-09-25,People v. Kyles,Kyles,dk18687170,Published,f
cl4899898,2021-07-15,In re Resignation of Federle,,dk60059599,Published,f
cl1036489,2013-08-05,Santa v. Comm'r,Santa,dk919037,Unpublished,t
cl4899983,2021-05-17,Henderson v. Ohio Dept. of Rehab. & Corr.,,dk60060103,Published,f
cl4831525,2020-11-20,Xuejun Makhsous v. Pam Daye,,dk18679734,Published,f
cl4831578,2020-11-23,United States v. David Douglas Delgado,,dk18679987,Published,f
cl4832288,2020-11-04,Sullivan v. Village of Glenview,Sullivan,dk18687037,Published,f
cl4832386,2020-09-30,"Doe v. Lyft, Inc.",Doe,dk18687157,Published,f
cl4832557,2020-07-14,In re Estate of Martin,,dk18687345,Published,f
cl4832700,2020-06-15,People v. Craig,Craig,dk18687512,Published,t
cl4832682,2020-06-17,People v. Johnson,,dk18687494,Published,f
cl4832727,2020-06-08,In re T.R.,In re T.R.,dk18687539,Published,f
cl4832744,2020-06-05,People v. Fathauer,Fathauer,dk18687556,Published,f
cl4832854,2020-11-18,State v. Hutcherson,Hutcherson,dk18687685,Published,f
cl4832860,2020-11-10,In re D.Z.F.,In re D.Z.F.,dk18687691,Published,f
cl4832858,2020-11-10,State v. Williams,,dk18687689,Published,f
cl4832865,2020-11-20,State v. Chatterton,Chatterton,dk18687696,Published,f
cl4832876,2020-11-16,Sheehan v. Sheehan,Sheehan,dk18687707,Published,t
cl4832869,2020-11-20,In re J.A.,In re J.A.,dk18687700,Published,t
cl4832881,2020-10-29,In re Evans v. Evans-Sanford,Evans-Sanford,dk18687712,Published,f
cl4832874,2020-11-23,State v. Boroff,Boroff,dk18687705,Published,t
cl4832884,2020-11-19,State v. Morris,Morris,dk18687715,Published,t
cl4832938,2020-11-23,Fordeley v. Fordeley,Fordeley,dk18687772,Published,t
cl4832928,2020-11-10,State v. Mathews,Mathews,dk18687762,Published,f
cl4832939,2020-11-23,State v. Williams,,dk18687773,Published,f
cl4832946,2020-11-09,State v. Williams,,dk18687780,Published,f
cl4833534,2020-11-25,Jacobson v. Resnick,Jacobson,dk18690133,Published,f
cl4833721,2020-11-25,Buerkle v. VanAuken,Buerkle,dk18691541,Published,f
cl4833723,2020-11-25,Shields v. Plummer,Shields,dk18691545,Published,f
cl4833880,2020-11-25,United States v. Charlie L. Green,,dk18692823,Published,f
cl4834027,2020-09-18,First State Bank Neb. v. MP Nexlevel,,dk18694274,Published,f
cl4833996,2020-11-06,State v. Teppert,Teppert,dk18694242,Published,f
cl4833994,2020-11-13,State v. Cox,Cox,dk18694240,Published,f
cl4834007,2020-10-16,Cinatl v. Prososki,Cinatl,dk18694253,Published,f
cl4833998,2020-11-06,"Douglas Cty. Sch. Dist. No. 10 v. Tribedo, LLC",,dk18694244,Published,f
cl4833993,2020-11-13,State v. Jones,Jones,dk18694239,Published,f
cl4834015,2020-10-02,State v. Gray,Gray,dk18694262,Published,f
cl4833995,2020-11-13,Higgins v. Currier,Higgins,dk18694241,Published,f
cl4834001,2020-10-30,Dick v. Koski Prof. Group,Dick,dk18694247,Published,f
cl4834014,2020-10-02,State v. Hurd,Hurd,dk18694261,Published,f
cl4834004,2020-10-23,Kaiser v. Allstate Indemnity Co.,Kaiser,dk18694250,Published,f
cl4834003,2020-10-23,State ex. rel. Malone v. Baldonado-Bellamy,Baldonado-Bellamy,dk18694249,Published,f
cl4833992,2020-11-13,State v. Stack,Stack,dk18694238,Published,f
cl4834002,2020-10-23,State v. Collins,Collins,dk18694248,Published,f
cl4834000,2020-10-30,State v. Andera,Andera,dk18694246,Published,f
cl4834008,2020-10-16,Chaney v. Evnen,Chaney,dk18694255,Published,f
cl4834245,2020-11-30,Goebel v. Minster,Goebel,dk18696050,Published,f
cl4834553,2020-11-24,Smith v. King,King,dk18701419,Published,t
cl4834620,2020-11-24,Smith v. King,King,dk18701862,Published,t
cl4834619,2020-12-01,Johnson v. Frakes,Frakes,dk18701861,Published,f
cl4834749,2020-11-30,State v. Ray,Ray,dk18703207,Published,f
cl4834750,2020-11-30,Goebel v. Minster,Goebel,dk18703208,Published,f
cl4834779,2020-12-01,"James Donald v. Wexford Health Sources, Inc.",,dk18703515,Published,f
cl4834845,2020-12-01,"James Donald v. Wexford Health Sources, Inc.",,dk18704429,Published,f
cl4834988,2020-12-02,United States v. Jesus Francisco Hernandez Cisneros,,dk18706898,Unpublished,f
cl4835349,2020-12-03,Reister v. Gardner (Slip Opinion),Reister,dk18710479,Published,f
cl4835348,2020-12-03,"State ex rel. Delta Lookout, L.L.C. v. Cincinnati (Slip Opinion)",,dk18710478,Published,f
cl4835370,2020-12-03,Gillespie v. Edmier,Gillespie,dk18710609,Published,f
cl4835368,2020-12-03,People v. Knapp,Knapp,dk18710607,Published,f
cl4835507,2020-12-03,"Kamaluddin Nikpay v. William Barr, U. S. Atty Gen",,dk18711757,Unpublished,f
cl4835656,2020-11-13,State v. Cox,Cox,dk18714192,Published,f
cl4835658,2020-11-06,State v. Teppert,Teppert,dk18714194,Published,f
cl4835668,2020-10-16,State v. Connelly,Connelly,dk18714204,Published,f
cl4835659,2020-11-06,State v. Senteney,Senteney,dk18714195,Published,f
cl4835660,2020-11-06,"Douglas Cty. Sch. Dist. No. 10 v. Tribedo, LLC",,dk18714196,Published,f
cl4835657,2020-11-13,Higgins v. Currier,Higgins,dk18714193,Published,f
cl4835663,2020-10-30,Dick v. Koski Prof. Group,Dick,dk18714199,Published,f
cl4835666,2020-10-23,Kaiser v. Allstate Indemnity Co.,Kaiser,dk18714202,Published,f
cl4835662,2020-10-30,State v. Andera,Andera,dk18714198,Published,f
cl4835653,2020-11-13,TDP Phase One v. The Club at the Yard,,dk18714189,Published,f
cl4835661,2020-11-06,Benjamin M. v. Jeri S.,,dk18714197,Published,f
cl4835669,2020-10-16,Cinatl v. Prososki,Cinatl,dk18714205,Published,f
cl4835691,2020-09-10,State ex rel. Wagner v. Evnen,Evnen,dk18714227,Published,f
cl4835655,2020-11-13,State v. Jones,Jones,dk18714191,Published,f
cl4835652,2020-11-20,In re Interest of A.A.,,dk18714188,Published,f
cl4835671,2020-10-09,State v. Dalton,Dalton,dk18714207,Published,f
cl4835651,2020-11-20,In re Interest of Seth C.,,dk18714187,Published,f
cl4835654,2020-11-13,State v. Stack,Stack,dk18714190,Published,f
cl4835748,2020-10-16,State v. Connelly,Connelly,dk18714498,Published,f
cl4835749,2020-10-16,Cinatl v. Prososki,Cinatl,dk18714499,Published,f
cl4835745,2020-10-23,State ex. rel. Malone v. Baldonado-Bellamy,Baldonado-Bellamy,dk18714495,Published,f
cl4835734,2020-11-13,State v. Stack,Stack,dk18714484,Published,f
cl4835737,2020-11-13,Higgins v. Currier,Higgins,dk18714487,Published,f
cl4835746,2020-10-23,Kaiser v. Allstate Indemnity Co.,Kaiser,dk18714496,Published,f
cl4835730,2020-12-04,In re Estate of Marsh,,dk18714480,Published,f
cl4835732,2020-11-20,In re Interest of A.A.,,dk18714482,Published,f
cl4835729,2020-12-04,Jaeger v. Jaeger,Jaeger,dk18714479,Published,f
cl4835727,2020-12-04,State v. Blocher,Blocher,dk18714477,Published,f
cl4835739,2020-11-06,State v. Senteney,Senteney,dk18714489,Published,f
cl4835736,2020-11-13,State v. Cox,Cox,dk18714486,Published,f
cl4835726,2020-12-04,Welland v. Welland,Welland,dk18714476,Published,f
cl4835731,2020-11-20,In re Interest of Seth C.,,dk18714481,Published,f
cl4835742,2020-10-30,State v. Andera,Andera,dk18714492,Published,f
cl4835757,2020-10-02,State v. Gray,Gray,dk18714507,Published,f
cl4835760,2020-10-02,In re Claim of Roberts for Attorney Fees,,dk18714510,Published,f
cl4835756,2020-10-02,State v. Hurd,Hurd,dk18714506,Published,f
cl4835751,2020-10-09,State v. Dalton,Dalton,dk18714501,Published,f
cl4835785,2020-12-04,State v. Blocher,Blocher,dk18714681,Published,f
cl4835796,2020-11-06,State v. Teppert,Teppert,dk18714692,Published,f
cl4835801,2020-10-30,Dick v. Koski Prof. Group,Dick,dk18714697,Published,f
cl4835786,2020-12-04,Parks v. Hy-Vee,Parks,dk18714682,Published,f
cl4835799,2020-11-06,Benjamin M. v. Jeri S.,,dk18714695,Published,f
cl4835795,2020-11-13,Higgins v. Currier,Higgins,dk18714691,Published,f
cl4835804,2020-10-23,Kaiser v. Allstate Indemnity Co.,Kaiser,dk18714700,Published,f
cl4835803,2020-10-23,State ex. rel. Malone v. Baldonado-Bellamy,Baldonado-Bellamy,dk18714699,Published,f
cl4835790,2020-11-20,In re Interest of A.A.,,dk18714686,Published,f
cl4835784,2020-12-04,Weiland v. Weiland,Weiland,dk18714680,Published,f
cl4835794,2020-11-13,State v. Cox,Cox,dk18714690,Published,f
cl4835788,2020-12-04,In re Estate of Marsh,,dk18714684,Published,f
cl4835791,2020-11-13,TDP Phase One v. The Club at the Yard,,dk18714687,Published,f
cl4835808,2020-10-16,Chaney v. Evnen,Chaney,dk18714704,Published,f
cl4835802,2020-10-23,State v. Collins,Collins,dk18714698,Published,f
cl4835800,2020-10-30,State v. Andera,Andera,dk18714696,Published,f
cl4835805,2020-10-23,In re Interest of Leyton C. & Landyn C.,,dk18714701,Published,f
cl4835897,2020-12-04,United States v. Carlos A. Rodriguez Fernandez,,dk18715537,Unpublished,f
cl4835958,2020-12-04,John Roe v. United States,,dk18716250,Unpublished,f
cl4835959,2020-12-04,"Glenda Cruz-De Hernandez v. William Barr, U",,dk18716251,Unpublished,f
cl4835965,2020-12-04,Alfredo Valencia v. Cory Davis,,dk18716257,Unpublished,f
cl4836015,2020-12-04,Rueb v. Rich-Fredericks,Rueb,dk18717141,Published,f
cl4834818,2020-12-01,Sangeri v. Yerra,Sangeri,dk18704075,Published,t
cl4832895,2020-11-20,State v. Rybak,Rybak,dk18687729,Published,t
cl4835493,2020-12-03,Sangeri v. Yerra,Sangeri,dk18711572,Published,t
cl4869447,2021-03-29,In re Schenker,In re Schenker,dk59780337,Published,t
cl4873782,2021-04-15,State v. Thorpe,Thorpe,dk59823892,Published,t
cl4900251,2021-05-07,Cornwell v. Cornwell,Cornwell,dk60063114,Published,f
cl4900141,2021-07-15,Levi Stackhouse v. United States,,dk60061353,Unpublished,t
cl4900154,2021-07-15,State v. Green,Green,dk60061487,Published,f
cl4865805,2021-03-18,State v. Woody,Woody,dk59747150,Published,f
cl4900226,2021-06-18,State v. Estrada Comacho,,dk60063089,Published,f
cl4900220,2021-07-02,Guenther v. Walnut Grove Hillside Condo. Regime No. 3,Guenther,dk60063083,Published,f
cl4900218,2021-07-02,State v. Hassan,Hassan,dk60063081,Published,f
cl4900225,2021-06-25,In re Interest of Mateo L.,,dk60063088,Published,f
cl4900219,2021-07-02,State v. Greer,Greer,dk60063082,Published,f
cl4900217,2021-07-09,Beckner v. Urban,Beckner,dk60063080,Published,f
cl4900223,2021-06-25,SID No. 67 v. State,,dk60063086,Published,f
cl4900221,2021-07-02,Bohling v. Bohling,Bohling,dk60063084,Published,f
cl4900228,2021-06-18,Peterson v. Jacobitz,Peterson,dk60063091,Published,f
cl4900227,2021-06-18,State ex rel. Counsel for Dis. v. Primmer,Primmer,dk60063090,Published,f
cl4900236,2021-06-04,State ex rel. Counsel for Dis. v. Bowers,Bowers,dk60063099,Published,f
cl4900230,2021-06-11,State v. Duncan,Duncan,dk60063093,Published,f
cl4900231,2021-06-11,State v. Childs,Childs,dk60063094,Published,f
cl4900233,2021-06-04,State v. Malone (supplemental opinion),,dk60063096,Published,f
cl4900235,2021-06-04,State ex rel. Counsel for Dis. v. Wickham,Wickham,dk60063098,Published,f
cl4900232,2021-06-11,In re Estate of Akerson,,dk60063095,Published,f
cl4900238,2021-05-28,Melton v. City of Holdrege,Melton,dk60063101,Published,f
cl4900239,2021-05-28,Fraternal Order of Police v. City of York,,dk60063102,Published,f
cl4900241,2021-05-28,County of Sarpy v. City of Gretna,,dk60063104,Published,f
cl4900248,2021-05-14,McGill Restoration v. Lion Place Condo. Assn.,,dk60063111,Published,f
cl4900240,2021-05-28,Darling Ingredients v. City of Bellevue,,dk60063103,Published,f
cl4900242,2021-05-21,Tierney v. Tierney,Tierney,dk60063105,Published,f
cl4900247,2021-05-14,Yagodinski v. Sutton,Yagodinski,dk60063110,Published,f
cl4900244,2021-05-21,State v. Hernandez,Hernandez,dk60063107,Published,f
cl4900246,2021-05-21,Boring v. Zoetis LLC,Boring,dk60063109,Published,f
cl4900249,2021-05-07,Porter v. Porter,Porter,dk60063112,Published,f
cl4900253,2021-04-29,"Ryan v. Streck, Inc.",Ryan,dk60063116,Published,f
cl4900254,2021-04-29,Korth v. Korth,Korth,dk60063117,Published,f
cl4900255,2021-04-23,Swicord v. Police Stds. Adv. Council,Swicord,dk60063118,Published,f
cl4900256,2021-04-23,State ex rel. Counsel for Dis. v. Birch,Birch,dk60063119,Published,f
cl4900258,2021-04-23,In re Guardianship of Nicholas H.,,dk60063121,Published,f
cl4900252,2021-04-29,Tyrrell v. Frakes,Tyrrell,dk60063115,Published,f
cl4848014,2021-01-08,Equestrian Ridge v. Equestrian Ridge Estates II,,dk29110689,Published,f
cl4843084,2020-10-30,Dick v. Koski Prof. Group,Dick,dk23237890,Published,f
cl4898573,2021-07-02,Guenther v. Walnut Grove Hillside Condo. Regime No. 3,Guenther,dk60046957,Published,f
cl4900322,2021-06-25,In re Interest of Mateo L.,,dk60063359,Published,f
cl4900316,2021-07-02,State v. Greer,Greer,dk60063353,Published,f
cl4900314,2021-07-09,Beckner v. Urban,Beckner,dk60063351,Published,f
cl4900313,2021-07-16,Lewis v. MBC Constr. Co.,Lewis,dk60063350,Published,f
cl4900312,2021-07-16,Main St Properties v. City of Bellevue,,dk60063349,Published,f
cl4900315,2021-07-02,State v. Hassan,Hassan,dk60063352,Published,f
cl4900326,2021-06-18,In re Interest of Mekhi S.,,dk60063367,Published,f
cl4900321,2021-06-25,In re William R. Zutavern Revocable Trust,,dk60063358,Published,f
cl4900323,2021-06-18,State v. Estrada Comacho,,dk60063360,Published,f
cl4900327,2021-06-11,State v. Duncan,Duncan,dk60063368,Published,f
cl4900330,2021-06-04,State v. Malone (supplemental opinion),,dk60063371,Published,f
cl4900324,2021-06-18,State ex rel. Counsel for Dis. v. Primmer,Primmer,dk60063361,Published,f
cl4900329,2021-06-11,In re Estate of Akerson,,dk60063370,Published,f
cl4900332,2021-06-04,State ex rel. Counsel for Dis. v. Wickham,Wickham,dk60063373,Published,f
cl4900333,2021-06-04,State ex rel. Counsel for Dis. v. Bowers,Bowers,dk60063374,Published,f
cl4900334,2021-05-28,Vyhlidal v. Vyhlidal,Vyhlidal,dk60063375,Published,f
cl4900335,2021-05-28,Melton v. City of Holdrege,Melton,dk60063377,Published,f
cl4900341,2021-05-21,State v. Hernandez,Hernandez,dk60063383,Published,f
cl4900346,2021-05-07,Porter v. Porter,Porter,dk60063388,Published,f
cl4900350,2021-04-29,"Ryan v. Streck, Inc.",Ryan,dk60063392,Published,f
cl4900351,2021-04-29,Korth v. Korth,Korth,dk60063393,Published,f
cl4900349,2021-04-29,Tyrrell v. Frakes,Tyrrell,dk60063391,Published,f
cl4900352,2021-04-23,Swicord v. Police Stds. Adv. Council,Swicord,dk60063394,Published,f
cl4900353,2021-04-23,State ex rel. Counsel for Dis. v. Birch,Birch,dk60063395,Published,f
cl4900354,2021-04-23,In re Interest of Victor L.,,dk60063396,Published,f
cl4900355,2021-04-23,In re Guardianship of Nicholas H.,,dk60063397,Published,f
cl4863447,2021-01-08,Equestrian Ridge v. Equestrian Ridge Estates II,,dk59726702,Published,f
cl4900388,2021-07-16,"Lamar Advantage GP Co., L.L.C. v. Cincinnati",,dk60063536,Published,f
cl4900448,2021-07-16,State v. Brooks,Brooks,dk60064054,Published,f
cl4900570,2021-07-15,Brecksville v. Sadaghiani,Brecksville,dk60065008,Published,f
cl4900615,2021-07-16,Ramos-Martinez v. Garland,Ramos-Martinez,dk60066194,Unpublished,t
cl4900817,2021-07-19,State v. Agostinelli,Agostinelli,dk60067763,Published,f
cl4900818,2021-07-19,In re C.R.,In re C.R.,dk60067764,Published,f
cl4836639,2020-12-08,State v. Gills,Gills,dk18722868,Published,f
cl4872636,2021-04-12,State v. Vertrees,Vertrees,dk59812622,Published,t
cl4833531,2020-11-25,State v. Renode,Renode,dk18690130,Published,t
cl4835743,2020-10-30,Dick v. Koski Prof. Group,Dick,dk18714493,Published,f
cl4836320,2020-12-07,State v. Charles,Charles,dk18719229,Published,f
cl4836325,2020-12-07,State v. Osborne,Osborne,dk18719234,Published,f
cl4836327,2020-12-07,State v. Daniels,Daniels,dk18719236,Published,f
cl4841333,2020-12-21,In re P.C.,In re P.C.,dk18761434,Published,t
cl4836362,2020-12-07,"Harmon v. City of Norman, Oklahoma",,dk18719644,Published,f
cl4843340,2020-12-28,State v. Rohn,Rohn,dk26063098,Published,t
cl4836410,2020-12-07,v. Kent,v. Kent,dk18720295,Published,f
cl4836411,2020-12-07,People v. Arellano,Arellano,dk18720296,Published,f
cl4836442,2020-12-07,State v. Wagner,Wagner,dk18720667,Published,f
cl4900856,2021-07-19,Lucas v. Byers,Lucas,dk60068024,Published,t
cl4836576,2020-12-07,Rosemary Salazar v. Lubbock County Hospital Dist,,dk18722144,Published,f
cl4836623,2020-12-08,Evans v. Akron Gen. Med. Ctr. (Slip Opinion),Evans,dk18722735,Published,f
cl4836656,2020-12-08,Evans v. Akron Gen. Med. Ctr. (Slip Opinion),Evans,dk18722886,Published,f
cl4859031,2021-02-23,Green v. Evans,Green,dk59682342,Published,t
cl4860258,2021-03-02,In re Interest of Carlos G.,,dk59696015,Published,t
cl4836948,2020-11-25,State v. Chapman,Chapman,dk18725297,Published,f
cl4837009,2020-12-08,United States v. Zavion Nunley,,dk18725984,Unpublished,f
cl4837012,2020-12-08,"Roberto Mauricio-Benitez v. William Barr, U. S. At",,dk18725987,Unpublished,f
cl4837013,2020-12-08,Miguel Mendoza-Tarango v. Simona Flores,,dk18725988,Published,f
cl4837092,2020-12-09,"Hall v. GMS Mgt., Inc.",Hall,dk18726503,Published,f
cl4837213,2020-12-09,"Sandra Shepherd v. U.S. Bank, National Association",,dk18727425,Unpublished,f
cl4837268,2020-12-09,"Miguel Gaitan-Burgos v. William Barr, U. S. Atty G",,dk18727715,Unpublished,f
cl4837431,2020-12-09,"Nancy Knudtson v. Trempealeau County, Wisconsin",,dk18728882,Published,f
cl4837536,2020-12-04,In re Estate of Marsh,,dk18730065,Published,f
cl4837532,2020-12-04,Weiland v. Weiland,Weiland,dk18730061,Published,f
cl4837543,2020-11-13,Higgins v. Currier,Higgins,dk18730072,Published,f
cl4837533,2020-12-04,State v. Blocher,Blocher,dk18730062,Published,f
cl4837538,2020-11-20,In re Interest of A.A.,,dk18730067,Published,f
cl4837521,2020-12-09,United States v. Juan Cardona-Briseno,,dk18729724,Unpublished,f
cl4837541,2020-11-13,State v. Jones,Jones,dk18730070,Published,f
cl4837535,2020-12-04,Jaeger v. Jaeger,Jaeger,dk18730064,Published,f
cl4837542,2020-11-13,State v. Cox,Cox,dk18730071,Published,f
cl4837539,2020-11-13,TDP Phase One v. The Club at the Yard,,dk18730068,Published,f
cl4837537,2020-11-20,In re Interest of Seth C.,,dk18730066,Published,f
cl4837534,2020-12-04,Parks v. Hy-Vee,Parks,dk18730063,Published,f
cl4837544,2020-11-06,State v. Teppert,Teppert,dk18730073,Published,f
cl4837546,2020-11-06,"Douglas Cty. Sch. Dist. No. 10 v. Tribedo, LLC",,dk18730075,Published,f
cl4837560,2020-10-09,Dycus v. Dycus,Dycus,dk18730089,Published,f
cl4837566,2020-10-02,In re Claim of Roberts for Attorney Fees,,dk18730095,Published,f
cl4837549,2020-10-30,Dick v. Koski Prof. Group,Dick,dk18730078,Published,f
cl4837575,2020-09-18,First State Bank Neb. v. MP Nexlevel,,dk18730104,Published,f
cl4837540,2020-11-13,State v. Stack,Stack,dk18730069,Published,f
cl4837548,2020-10-30,State v. Andera,Andera,dk18730077,Published,f
cl4837547,2020-11-06,Benjamin M. v. Jeri S.,,dk18730076,Published,f
cl4837553,2020-10-23,In re Interest of Leyton C. & Landyn C.,,dk18730082,Published,f
cl4837601,2020-12-09,"Nancy Knudtson v. Trempealeau County, Wisconsin",,dk18730139,Published,f
cl4901020,2021-07-20,In re Interest of Diamond J.,,dk60070177,Published,t
cl4901109,2021-07-20,Maehr v. U.S. Department of State,Maehr,dk60070785,Published,f
cl4878733,2021-04-29,State ex rel. Franta v. Indus. Comm.,,dk59866326,Published,f
cl4901224,2021-07-09,Billman v. Fredericks,Billman,dk60072346,Published,f
cl4901327,2021-07-21,State v. Mimes,Mimes,dk60073393,Published,f
cl4901330,2021-07-21,State v. Cheatham,Cheatham,dk60073396,Published,f
cl4901331,2021-07-16,O'Kelley v. Rothenbuhler,O'Kelley,dk60073398,Published,f
cl4901332,2021-07-15,State v. Barnette,Barnette,dk60073399,Published,f
cl4901335,2021-07-21,State ex rel. Yeager v. McCarty,McCarty,dk60073402,Published,f
cl4871212,2021-03-31,O'Kelley v. Rothenbuhler,O'Kelley,dk59798119,Published,f
cl4901530,2021-07-13,State v. Montgomery,,dk60074126,Published,f
cl4870868,2021-03-23,State v. Curtis,Curtis,dk59795155,Published,f
cl4901540,2021-07-21,Alam v. Garland,Alam,dk60074561,Unpublished,t
cl4901618,2021-07-20,State v. Wharton,Wharton,dk60074992,Published,f
cl4901754,2021-07-22,State of Maine v. Dustan J. Bentley,,dk60076836,Published,f
cl4901760,2021-07-22,Froehlich v. Froehlich,Froehlich,dk60076842,Published,f
cl223731,2011-08-22,United States v. Mathis,Mathis,dk582477,Unpublished,t
cl4902050,2021-05-07,Cornwell v. Cornwell,Cornwell,dk60077316,Published,f
cl4901988,2021-07-22,Carter v. Ross,Carter,dk60077169,Published,t
cl4902014,2021-07-16,Main St Properties v. City of Bellevue,,dk60077280,Published,f
cl4902013,2021-07-16,Whittle v. State,Whittle,dk60077279,Published,f
cl4902027,2021-06-18,Peterson v. Jacobitz,Peterson,dk60077293,Published,f
cl4902033,2021-06-04,State v. Jacob,Jacob,dk60077299,Published,f
cl4902015,2021-07-16,Lewis v. MBC Constr. Co.,Lewis,dk60077281,Published,f
cl4902019,2021-07-02,Guenther v. Walnut Grove Hillside Condo. Regime No. 3,Guenther,dk60077285,Published,f
cl4902018,2021-07-02,State v. Greer,Greer,dk60077284,Published,f
cl4902043,2021-05-21,State v. Hernandez,Hernandez,dk60077309,Published,f
cl4902042,2021-05-21,State v. Munoz,Munoz,dk60077308,Published,f
cl4837556,2020-10-16,Chaney v. Evnen,Chaney,dk18730085,Published,f
cl4902024,2021-06-25,In re Interest of Mateo L.,,dk60077290,Published,f
cl4902041,2021-05-21,Tierney v. Tierney,Tierney,dk60077307,Published,f
cl4902026,2021-06-18,State ex rel. Counsel for Dis. v. Primmer,Primmer,dk60077292,Published,f
cl4902029,2021-06-11,State v. Duncan,Duncan,dk60077295,Published,f
cl4902032,2021-06-04,State v. Malone (supplemental opinion),,dk60077298,Published,f
cl4902034,2021-06-04,State ex rel. Counsel for Dis. v. Wickham,Wickham,dk60077300,Published,f
cl4902035,2021-06-04,State ex rel. Counsel for Dis. v. Bowers,Bowers,dk60077301,Published,f
cl4902037,2021-05-28,Melton v. City of Holdrege,Melton,dk60077303,Published,f
cl4902038,2021-05-28,Fraternal Order of Police v. City of York,,dk60077304,Published,f
cl4902040,2021-05-28,County of Sarpy v. City of Gretna,,dk60077306,Published,f
cl4902045,2021-05-21,Boring v. Zoetis LLC,Boring,dk60077311,Published,f
cl4902046,2021-05-14,Yagodinski v. Sutton,Yagodinski,dk60077312,Published,f
cl4902047,2021-05-14,McGill Restoration v. Lion Place Condo. Assn.,,dk60077313,Published,f
cl4902025,2021-06-18,State v. Estrada Comacho,,dk60077291,Published,f
cl4902052,2021-04-29,"Ryan v. Streck, Inc.",Ryan,dk60077318,Published,f
cl4902053,2021-04-29,Korth v. Korth,Korth,dk60077319,Published,f
cl4902016,2021-07-09,Beckner v. Urban,Beckner,dk60077282,Published,f
cl4902031,2021-06-11,In re Estate of Akerson,,dk60077297,Published,f
cl4902048,2021-05-07,Porter v. Porter,Porter,dk60077314,Published,f
cl4902049,2021-05-07,McCaulley v. C L Enters.,McCaulley,dk60077315,Published,f
cl4902044,2021-05-21,Seivert v. Alli,Seivert,dk60077310,Published,f
cl4902020,2021-07-02,Bohling v. Bohling,Bohling,dk60077286,Published,f
cl4902036,2021-05-28,Vyhlidal v. Vyhlidal,Vyhlidal,dk60077302,Published,f
cl4902028,2021-06-18,In re Interest of Mekhi S.,,dk60077294,Published,f
cl4902021,2021-06-25,State v. Billingsley,Billingsley,dk60077287,Published,f
cl4902022,2021-06-25,SID No. 67 v. State,,dk60077288,Published,f
cl4902017,2021-07-02,State v. Hassan,Hassan,dk60077283,Published,f
cl4902051,2021-04-29,Tyrrell v. Frakes,Tyrrell,dk60077317,Published,f
cl4902219,2021-04-29,"Ryan v. Streck, Inc.",Ryan,dk60077570,Published,f
cl4902192,2021-06-18,State v. Estrada Comacho,,dk60077543,Published,f
cl4902220,2021-04-29,Korth v. Korth,Korth,dk60077571,Published,f
cl4902184,2021-07-02,State v. Hassan,Hassan,dk60077535,Published,f
cl4902218,2021-04-29,Tyrrell v. Frakes,Tyrrell,dk60077569,Published,f
cl4902210,2021-05-21,State v. Hernandez,Hernandez,dk60077561,Published,f
cl4902193,2021-06-18,State ex rel. Counsel for Dis. v. Primmer,Primmer,dk60077544,Published,f
cl4902183,2021-07-09,Beckner v. Urban,Beckner,dk60077534,Published,f
cl4902201,2021-06-04,State ex rel. Counsel for Dis. v. Wickham,Wickham,dk60077552,Published,f
cl4902202,2021-06-04,State ex rel. Counsel for Dis. v. Bowers,Bowers,dk60077553,Published,f
cl4902204,2021-05-28,Melton v. City of Holdrege,Melton,dk60077555,Published,f
cl4902207,2021-05-28,County of Sarpy v. City of Gretna,,dk60077558,Published,f
cl4902217,2021-05-07,Cornwell v. Cornwell,Cornwell,dk60077568,Published,f
cl4902208,2021-05-21,Tierney v. Tierney,Tierney,dk60077559,Published,f
cl4902212,2021-05-21,Boring v. Zoetis LLC,Boring,dk60077563,Published,f
cl4902213,2021-05-14,Yagodinski v. Sutton,Yagodinski,dk60077564,Published,f
cl4902214,2021-05-14,McGill Restoration v. Lion Place Condo. Assn.,,dk60077565,Published,f
cl4902182,2021-07-16,Lewis v. MBC Constr. Co.,Lewis,dk60077533,Published,f
cl4902179,2021-07-23,State v. Coomes,Coomes,dk60077530,Published,f
cl4902215,2021-05-07,Porter v. Porter,Porter,dk60077566,Published,f
cl4902216,2021-05-07,McCaulley v. C L Enters.,McCaulley,dk60077567,Published,f
cl4902189,2021-06-25,SID No. 67 v. State,,dk60077540,Published,f
cl4902180,2021-07-16,Whittle v. State,Whittle,dk60077531,Published,f
cl4902185,2021-07-02,State v. Greer,Greer,dk60077536,Published,f
cl4902187,2021-07-02,Bohling v. Bohling,Bohling,dk60077538,Published,f
cl4902188,2021-06-25,State v. Billingsley,Billingsley,dk60077539,Published,f
cl4902191,2021-06-25,In re Interest of Mateo L.,,dk60077542,Published,f
cl4902206,2021-05-28,Darling Ingredients v. City of Bellevue,,dk60077557,Published,f
cl4902211,2021-05-21,Seivert v. Alli,Seivert,dk60077562,Published,f
cl4902252,2021-07-22,State ex rel. Lally v. Cleveland,,dk60077614,Published,f
cl4861028,2021-03-04,State v. Walker,Walker,dk59704058,Published,f
cl4847647,2021-01-14,Wiltz v. Cleveland Clinic,Wiltz,dk29105412,Published,t
cl4902308,2021-07-23,State v. Deberry,Deberry,dk60077689,Published,f
cl4902311,2021-07-23,Carr v. Carr,Carr,dk60077692,Published,t
cl4853627,2021-02-04,Cleveland v. Harris,Harris,dk59143275,Published,f
cl4902458,2021-07-22,Joeric Francisco Dority v. the State of Texas,,dk60077940,Published,f
cl4902609,2021-07-26,Reisinger v. Topping,Reisinger,dk60078333,Published,t
cl4848428,2021-01-19,Bonifield v. Bonifield,Bonifield,dk29964428,Published,t
cl4902752,2021-07-26,State v. Watson,Watson,dk60083395,Published,f
cl4902750,2021-07-26,State v. Willard,Willard,dk60083393,Published,f
cl4903575,2021-05-21,Tierney v. Tierney,Tierney,dk60092408,Published,f
cl4902862,2015-09-03,"J.S. v. Vill. Voice Media Holdings, LLC",J.S.,dk60084323,Published,f
cl4867488,2021-03-19,State v. Bennett,Bennett,dk59762928,Published,t
cl4903020,2021-07-27,In re Interest of Madeline C.,,dk60084906,Published,t
cl4903021,2021-07-20,Hinson v. Forehead,Hinson,dk60084907,Published,f
cl4903022,2021-07-20,State v. Wilds,Wilds,dk60084908,Published,f
cl4903085,2021-07-23,State v. Nye,Nye,dk60085392,Published,t
cl4903215,2021-07-27,Ward v. Ward,Ward,dk60086987,Published,t
cl4903220,2021-07-27,A.F. v. R.A.T.,A.F.,dk60086992,Published,f
cl4903251,2021-07-27,Miller v. State Fund,,dk60087853,Unpublished,t
cl4903490,2021-07-27,State v. Tupuola,Tupuola,dk60090209,Published,t
cl4903573,2021-05-28,Darling Ingredients v. City of Bellevue,,dk60092406,Published,f
cl4903559,2021-06-18,State v. Estrada Comacho,,dk60092392,Published,f
cl4903570,2021-05-28,Vyhlidal v. Vyhlidal,Vyhlidal,dk60092403,Published,f
cl4903562,2021-06-18,In re Interest of Mekhi S.,,dk60092395,Published,f
cl4903556,2021-06-25,SID No. 67 v. State,,dk60092389,Published,f
cl4903546,2021-07-23,State v. Coomes,Coomes,dk60092379,Published,f
cl4903555,2021-06-25,State v. Billingsley,Billingsley,dk60092388,Published,f
cl4903576,2021-05-21,State v. Munoz,Munoz,dk60092409,Published,f
cl4903568,2021-06-04,State ex rel. Counsel for Dis. v. Wickham,Wickham,dk60092401,Published,f
cl4903569,2021-06-04,State ex rel. Counsel for Dis. v. Bowers,Bowers,dk60092402,Published,f
cl4903571,2021-05-28,Melton v. City of Holdrege,Melton,dk60092404,Published,f
cl4903574,2021-05-28,County of Sarpy v. City of Gretna,,dk60092407,Published,f
cl4903550,2021-07-09,Beckner v. Urban,Beckner,dk60092383,Published,f
cl4865729,2021-01-08,Rogers v. Jack's Supper Club,,dk59746561,Published,f
cl4903549,2021-07-16,Lewis v. MBC Constr. Co.,Lewis,dk60092382,Published,f
cl4903554,2021-07-02,Bohling v. Bohling,Bohling,dk60092387,Published,f
cl4900317,2021-07-02,Guenther v. Walnut Grove Hillside Condo. Regime No. 3,Guenther,dk60063354,Published,f
cl4843088,2020-10-23,In re Interest of Leyton C. & Landyn C.,,dk23238688,Published,f
cl4858485,2021-02-23,State v. Agee,Agee,dk59675602,Published,f
cl4859318,2021-02-25,v. Forgette,v. Forgette,dk59684572,Published,f
cl4900338,2021-05-28,County of Sarpy v. City of Gretna,,dk60063380,Published,f
cl4859469,2021-02-26,"H&R Properties, L.L.C. v. Fontain",Fontain,dk59686167,Published,f
cl4562420,2013-12-05,Katz v. Comm'r,Katz,dk8183737,Unpublished,t
cl48813,2007-03-12,United States v. Lopez,Lopez,dk2021975,Unpublished,t
cl4835912,2020-12-04,State v. Smallwood,Smallwood,dk18715656,Published,f
cl4840759,2020-11-06,"Douglas Cty. Sch. Dist. No. 10 v. Tribedo, LLC",,dk18756386,Published,f
cl4833537,2020-11-25,Cleveland Mun. School Dist. Bd. of Edn. v. Cuyahoga Cty. Bd. of Revision,,dk18690136,Published,f
cl4558575,2006-02-21,Symonds v. Comm'r,Symonds,dk8179619,Unpublished,t
cl62589,2008-06-16,Enrique Acosta v. Scott A. Middlebrooks,,dk388469,Unpublished,t
cl4878445,2021-02-05,State v. Reames,Reames,dk59864309,Published,f
cl4841666,2020-12-22,In re Adoption of Y.E.F. (Slip Opinion),,dk19461475,Published,f
cl4859436,2020-12-11,Fuelberth v. Heartland Heating & Air Conditioning,Fuelberth,dk59685967,Published,f
cl4860795,2021-02-18,Whetsel v. State,Whetsel,dk59700690,Published,f
cl4868575,2021-03-29,Evans v. Shawnee Twp. Bd. of Trustees,Evans,dk59772740,Published,f
cl4833522,2020-11-25,In re A.F.,In re A.F.,dk18690121,Published,t
cl4844089,2020-12-30,O'Brien v. Great Parks of Hamilton Cty.,O'Brien,dk26874824,Published,f
cl6246345,2022-01-14,State v. Grant,Grant,dk62634998,Published,f
cl4837557,2020-10-09,State v. Dalton,Dalton,dk18730086,Published,f
cl4846234,2020-12-04,Parks v. Hy-Vee,Parks,dk29090889,Published,f
cl4879055,2021-04-28,"Janson v. Christ Hops., Inc.",Janson,dk59869473,Published,f
cl4899367,2021-07-08,In re Children of Kacee S.,,dk60053932,Published,f
cl4849734,2020-12-11,Windham v. Kroll,Windham,dk36424198,Published,f
cl4853900,2020-11-20,In re Interest of Seth C.,,dk59180680,Published,f
cl4835674,2020-10-09,Dycus v. Dycus,Dycus,dk18714210,Published,f
cl4757313,2020-03-06,Seldin v. Estate of Silverman,Seldin,dk17204270,Published,f
cl4865584,2021-02-19,State v. Madren,Madren,dk59746090,Published,f
cl4852041,2021-01-15,State v. Melton,Melton,dk53499403,Published,f
cl4834033,2020-09-04,AVG Partners I v. Genesis Health Clubs,,dk18694280,Published,f
cl4877192,2021-04-26,State v. Foster,Foster,dk59852410,Published,f
cl4855765,2021-02-10,State v. Spicer,Spicer,dk59245215,Published,f
cl42933,2006-06-08,United States v. Moore,Moore,dk169667,Published,f
cl4870783,2021-04-05,Kaspari v. Kaspari,Kaspari,dk59793838,Published,f
cl4900564,2021-07-15,State v. White,White,dk60064997,Published,f
cl4873789,2021-04-15,State v. Adkins,Adkins,dk59823899,Published,f
cl4876752,2021-04-23,State v. Sellars,Sellars,dk59848544,Published,f
cl4882996,2021-03-26,Davis v. Moats,Davis,dk59906382,Published,f
cl4843076,2020-11-13,State v. Jones,Jones,dk23236787,Published,f
cl4901986,2021-07-22,Russell v. Ryan,Russell,dk60077166,Published,f
cl4900257,2021-04-23,In re Interest of Victor L.,,dk60063120,Published,f
cl4863271,2021-01-08,Equestrian Ridge v. Equestrian Ridge Estates II,,dk59726198,Published,f
cl4892930,2021-06-17,"JBK Ventures, Inc. v. Ohio Dept. of Pub. Safety",,dk59994625,Published,f
cl4863375,2021-01-08,Equestrian Ridge v. Equestrian Ridge Estates II,,dk59726467,Published,f
cl4832855,2020-11-18,State v. Hayes,Hayes,dk18687686,Published,f
cl4865777,2021-03-19,State v. Bronson,Bronson,dk59746858,Published,f
cl4857048,2021-02-17,In re D.G,In re D.G,dk59296015,Published,f
cl4856213,2021-02-12,"Geloff v. R.C. Hemm's Glass Shops, Inc.",Geloff,dk59248873,Published,f
cl4841661,2020-12-22,"Total Quality Logistics, L.L.C. v. JK & R Express, L.L.C. (Slip Opinion)",,dk19461351,Published,f
cl4874720,2021-04-19,State v. Derifield,Derifield,dk59832642,Published,f
cl4888084,2021-06-01,"Key Realty, Ltd. v. Hall",Hall,dk59952413,Published,f
cl4844093,2020-12-30,"Norman v. Kellie Auto Sales, Inc.",Norman,dk26875044,Published,f
cl4851871,2021-01-22,Mercer v. North Central Serv.,Mercer,dk51959726,Published,f
cl4902253,2021-07-22,O'Brien v. Shorey,O'Brien,dk60077615,Published,t
cl4900563,2021-07-15,Story v. Story,Story,dk60064996,Published,t
cl4834242,2020-11-30,State v. Ray,Ray,dk18696047,Published,f
cl4835984,2020-12-04,State v. Smallwood,Smallwood,dk18716398,Published,f
cl4863446,2021-01-08,In re Estate of Brinkman,,dk59726701,Published,f
cl4865577,2021-03-05,Rodriguez v. Lasting Hope Recovery Ctr.,Rodriguez,dk59746083,Published,f
cl4861034,2021-03-04,Cleveland v. Taylor,Taylor,dk59704064,Published,t
cl4898259,2021-07-08,Eubanks v. Fisketjon,Eubanks,dk60043958,Published,f
cl4853264,2021-02-03,State v. Veite,Veite,dk59058595,Published,f
cl4851685,2021-01-28,State v. Carson,Carson,dk50259792,Published,f
cl4848026,2020-12-04,Jaeger v. Jaeger,Jaeger,dk29110701,Published,f
cl4863018,2021-03-11,In re Pers. Restraint of Monschke,,dk59723061,Published,f
cl4900465,2021-07-16,State v. Hicks,Hicks,dk60064335,Published,f
cl4881143,2021-05-07,Newman v. Univ. of Dayton,Newman,dk59889248,Published,f
cl4897625,2021-06-28,State v. Singh,Singh,dk60037752,Published,t
cl4901165,2021-07-20,"State ex rel. Waste Mgt. of Ohio, Inc. v. Indus. Comm.",,dk60071711,Published,f
cl4866390,2021-03-22,Johnson v. Stone,,dk59751993,Published,f
cl4842396,2020-12-23,State v. Mejia,Mejia,dk20623699,Published,f
cl4870363,2021-01-15,State v. Melton,Melton,dk59789149,Published,f
cl819762,2013-02-05,Vokovan v. Comm'r,Vokovan,dk883300,Unpublished,t
cl4876551,2021-01-29,State v. Catlin,Catlin,dk59847819,Published,f
cl4872158,2021-03-19,State v. Warlick,Warlick,dk59807870,Published,f
cl4868000,2021-01-29,State v. Catlin,Catlin,dk59767314,Published,f
cl4878374,2021-01-29,Hawkins v. Delgado,Hawkins,dk59864048,Published,f
cl4878399,2021-04-29,"Ryan v. Streck, Inc.",Ryan,dk59864263,Published,f
cl4878416,2021-03-26,State v. Wheeler,Wheeler,dk59864280,Published,f
cl4878851,2021-02-05,State v. Thomas,Thomas,dk59868472,Published,f
cl4879907,2021-02-26,State v. Hill,Hill,dk59878567,Published,f
cl4881851,2021-05-11,State v. Anthony,Anthony,dk59896153,Published,f
cl4883066,2021-04-29,Korth v. Korth,Korth,dk59906630,Published,f
cl4883100,2021-02-26,State v. Hill,Hill,dk59906664,Published,f
cl4883101,2021-02-19,State v. Wines,Wines,dk59906665,Published,f
cl4874736,2021-04-19,Robert Dale Harris v. Michael D. Chapman,,dk59832798,Unpublished,f
cl4874737,2021-04-19,Robert Dale Harris v. Kasey P. Wingo,,dk59832799,Unpublished,f
cl4874562,2021-04-14,Cedric Dewayne Thompson v. State,,dk59832043,Published,f
cl4852226,2021-01-29,Lucas v. Byers,Lucas,dk54432422,Published,t
cl4856897,2021-02-16,People v. Royer,Royer,dk59294854,Published,t
cl4832913,2020-11-12,In re J.L.,In re J.L.,dk18687747,Published,t
cl4865024,2021-03-15,In re Adoption of J.M.M.,,dk59739956,Published,t
cl4841646,2020-12-22,Swartos v. Stephen,Swartos,dk19457914,Published,t
cl46725,2006-11-17,Wright v. Quarterman,Wright,dk154583,Published,f
cl4874689,2021-04-19,In re Resignation of Wiggins,,dk59832271,Published,f
cl4874715,2021-04-19,State v. Contreras,Contreras,dk59832637,Published,f
cl4874711,2021-04-19,State v. Wolfe,Wolfe,dk59832633,Published,f
cl4874834,2021-04-19,State ex rel. L.N.B. v. Lawson,Lawson,dk59833955,Published,f
cl4874833,2021-04-19,State v. Burton,Burton,dk59833954,Published,f
cl4874924,2021-04-19,Sealed v. Sealed,Sealed,dk59835528,Unpublished,f
cl4874931,2021-04-13,Bowmaker v. Rollman,Bowmaker,dk59835918,Published,f
cl4874933,2021-04-06,Bowen v. Bowen,Bowen,dk59835920,Published,f
cl4838210,2020-12-11,Windham v. Kroll,Windham,dk18734786,Published,f
cl4874999,2021-04-19,Paktin Construction Company v. United States,,dk59836095,Published,f
cl4875006,2021-04-20,Seizys v. Seizys,Seizys,dk59836117,Published,f
cl4875009,2021-04-20,In re Interest of Tre'Sean W.,,dk59836120,Published,f
cl4875015,2021-04-06,Bowen v. Bowen,Bowen,dk59836126,Published,f
cl4808002,2020-10-09,Dycus v. Dycus,Dycus,dk18651571,Published,f
cl4840633,2020-12-04,Jaeger v. Jaeger,Jaeger,dk18756053,Published,f
cl4875058,2021-04-20,"City of Old Town v. Expera Old Town, LLC",,dk59836525,Published,f
cl4875170,2021-04-20,N.B. v. Terwilliger,N.B.,dk59837398,Published,f
cl4875255,2021-04-20,"John Ham, Jr. v. Warden M. Breckon",,dk59837680,Published,f
cl4875270,2021-04-20,United States v. Marcus Jenkins,,dk59837701,Unpublished,f
cl4875273,2021-04-20,N.B. v. Terwilliger,N.B.,dk59837830,Published,f
cl4885046,2021-04-09,Clason v. LOL Investments,Clason,dk59924816,Published,f
cl4875537,2021-04-21,United States v. Adrian Guillermo Cuartas,,dk59840043,Unpublished,f
cl75394,2001-06-25,United States v. Audain,Audain,dk653000,Published,f
cl4875544,2021-04-21,United States v. Jesus Bolanos Rodriguez,,dk59840168,Unpublished,f
cl4885067,2021-02-26,State v. Russell,Russell,dk59924837,Published,f
cl4885047,2021-04-02,Wizinsky v. State,Wizinsky,dk59924817,Published,f
cl4875648,2021-04-21,United States v. Perrault,Perrault,dk59841045,Published,f
cl4885056,2021-03-19,State v. Warlick,Warlick,dk59924826,Published,f
cl4885138,2021-04-16,Brown v. Morello,Brown,dk59925083,Published,f
cl4876190,2021-04-22,United States v. Jacques Jeanty,,dk59844611,Unpublished,f
cl4876295,2021-04-22,State v. Zsigray,Zsigray,dk59845062,Published,f
cl4876301,2021-04-22,Jackson v. State,,dk59845068,Published,f
cl4876533,2021-03-05,Gonzales v. Nebraska Pediatric Practice,,dk59847801,Published,f
cl4876498,2021-04-22,Walker v. Barron,Walker,dk59847058,Published,f
cl4876504,2021-04-22,Hernandez v. Garland,Hernandez,dk59847453,Unpublished,f
cl4849780,2021-01-22,Board of Education of the City of Chicago v. Moore,Moore,dk36580431,Published,f
cl4876537,2021-02-26,State v. Hill,Hill,dk59847805,Published,f
cl4876535,2021-02-26,State v. Russell,Russell,dk59847803,Published,f
cl4876532,2021-03-05,Rodriguez v. Lasting Hope Recovery Ctr.,Rodriguez,dk59847800,Published,f
cl4876511,2021-04-16,Brown v. Morello,Brown,dk59847779,Published,f
cl4876523,2021-03-26,Davis v. Moats,Davis,dk59847791,Published,f
cl4876517,2021-04-02,State v. Figures,Figures,dk59847785,Published,f
cl4876538,2021-02-19,State v. Wines,Wines,dk59847806,Published,f
cl4876514,2021-04-09,Clason v. LOL Investments,Clason,dk59847782,Published,f
cl4876512,2021-04-09,Wayne L. Ryan Revocable Trust v. Ryan,Ryan,dk59847780,Published,f
cl4876520,2021-03-26,In re Interest of A.A.,,dk59847788,Published,f
cl4876518,2021-04-02,SID No. 2 of Knox Cty. v. Fischer,Fischer,dk59847786,Published,f
cl4876519,2021-03-26,State v. Wheeler,Wheeler,dk59847787,Published,f
cl4876534,2021-02-26,State v. Starks,Starks,dk59847802,Published,f
cl4876516,2021-04-02,State v. Jennings,Jennings,dk59847784,Published,f
cl4876515,2021-04-02,Wizinsky v. State,Wizinsky,dk59847783,Published,f
cl4876531,2021-03-05,State v. Combs,Combs,dk59847799,Published,f
cl4876526,2021-03-19,OMNI Behavioral Health v. State,,dk59847794,Published,f
cl4876536,2021-02-26,State v. Lowman,Lowman,dk59847804,Published,f
cl4876524,2021-03-19,State v. Warlick,Warlick,dk59847792,Published,f
cl4876513,2021-04-09,Evert v. Srb,Evert,dk59847781,Published,f
cl4876529,2021-03-12,Colwell v. Managed Care of North America,Colwell,dk59847797,Published,f
cl4876540,2021-02-19,State ex rel. Counsel for Dis. v. Bruno,Bruno,dk59847808,Published,f
cl4876541,2021-02-19,State Farm Fire & Cas. Co. v. TFG Enters.,,dk59847809,Published,f
cl4846280,2020-11-20,In re Interest of A.A.,,dk29091094,Published,f
cl4876545,2021-02-12,Hogan v. Hogan,Hogan,dk59847813,Published,f
cl4876546,2021-02-12,Dreesen Enters. v. Dreesen,Dreesen,dk59847814,Published,f
cl4876548,2021-02-05,State v. Reames,Reames,dk59847816,Published,f
cl4876547,2021-02-05,State v. Thomas,Thomas,dk59847815,Published,f
cl4876549,2021-02-05,State v. Johnson,,dk59847817,Published,f
cl4863416,2021-02-26,State v. Lowman,Lowman,dk59726670,Published,f
cl4876539,2021-02-19,State v. Madren,Madren,dk59847807,Published,f
cl4876525,2021-03-19,State ex rel. Counsel for Dis. v. Beauvais,Beauvais,dk59847793,Published,f
cl4876528,2021-03-12,Johnson v. Johnson,,dk59847796,Published,f
cl4876527,2021-03-12,State v. Stelly,Stelly,dk59847795,Published,f
cl4876552,2021-01-29,Hawkins v. Delgado,Hawkins,dk59847820,Published,f
cl4876554,2021-01-29,Dick v. Koski Prof. Group - supplemental opinion,Dick,dk59847822,Published,f
cl4865592,2021-02-05,State v. Thomas,Thomas,dk59746098,Published,f
cl4861321,2021-01-29,State v. Catlin,Catlin,dk59707280,Published,f
cl4865705,2021-02-19,State Farm Fire & Cas. Co. v. TFG Enters.,,dk59746534,Published,f
cl4848103,2020-10-30,Dick v. Koski Prof. Group,Dick,dk29110909,Published,f
cl4863362,2021-01-29,Dick v. Koski Prof. Group - supplemental opinion,Dick,dk59726454,Published,f
cl4870349,2021-02-12,Dreesen Enters. v. Dreesen,Dreesen,dk59789135,Published,f
cl4853946,2021-02-05,State v. Reames,Reames,dk59192608,Published,f
cl4874193,2021-03-05,Gonzales v. Nebraska Pediatric Practice,,dk59827734,Published,f
cl4876543,2021-02-12,In re Trust Created by McGregor,,dk59847811,Published,f
cl4876553,2021-01-29,Edwards v. Douglas County,Edwards,dk59847821,Published,f
cl4865691,2021-03-12,State v. Stelly,Stelly,dk59746520,Published,f
cl4876544,2021-02-12,In re Interest of Prince R.,,dk59847812,Published,f
cl4807993,2020-10-23,State ex. rel. Malone v. Baldonado-Bellamy,Baldonado-Bellamy,dk18651562,Published,f
cl4870337,2021-02-26,State v. Starks,Starks,dk59789123,Published,f
cl4865573,2021-03-12,Johnson v. Johnson,,dk59746079,Published,f
cl4848021,2020-12-11,State v. Clausen,Clausen,dk29110696,Published,f
cl4869685,2021-02-19,State v. Madren,Madren,dk59780706,Published,f
cl4835728,2020-12-04,Parks v. Hy-Vee,Parks,dk18714478,Published,f
cl4876651,2021-02-26,State v. Hill,Hill,dk59848067,Published,f
cl4876621,2021-04-23,In re Guardianship of Nicholas H.,,dk59848037,Published,f
cl4876620,2021-04-23,In re Interest of Victor L.,,dk59848036,Published,f
cl4876618,2021-04-23,Swicord v. Police Stds. Adv. Council,Swicord,dk59848034,Published,f
cl4876649,2021-02-26,State v. Russell,Russell,dk59848065,Published,f
cl4876663,2021-02-05,State v. Johnson,,dk59848079,Published,f
cl4876662,2021-02-05,State v. Reames,Reames,dk59848078,Published,f
cl4876650,2021-02-26,State v. Lowman,Lowman,dk59848066,Published,f
cl4876656,2021-02-12,Weaver v. Weaver,Weaver,dk59848072,Published,f
cl4876627,2021-04-09,Evert v. Srb,Evert,dk59848043,Published,f
cl4876633,2021-03-26,State v. Wheeler,Wheeler,dk59848049,Published,f
cl4876647,2021-03-05,Gonzales v. Nebraska Pediatric Practice,,dk59848063,Published,f
cl4876634,2021-03-26,In re Interest of A.A.,,dk59848050,Published,f
cl4876630,2021-04-02,State v. Jennings,Jennings,dk59848046,Published,f
cl4876657,2021-02-12,In re Trust Created by McGregor,,dk59848073,Published,f
cl4876658,2021-02-12,In re Interest of Prince R.,,dk59848074,Published,f
cl4876641,2021-03-12,State v. Stelly,Stelly,dk59848057,Published,f
cl4876648,2021-02-26,State v. Starks,Starks,dk59848064,Published,f
cl4876635,2021-03-26,In re Adoption of Yasmin S.,,dk59848051,Published,f
cl4876623,2021-04-16,State v. Malone,Malone,dk59848039,Published,f
cl4876636,2021-03-26,"Eletech, Inc. v. Conveyance Consulting Group",,dk59848052,Published,f
cl4876637,2021-03-26,Davis v. Moats,Davis,dk59848053,Published,f
cl4876652,2021-02-19,State v. Wines,Wines,dk59848068,Published,f
cl4876645,2021-03-05,State v. Combs,Combs,dk59848061,Published,f
cl4876654,2021-02-19,State ex rel. Counsel for Dis. v. Bruno,Bruno,dk59848070,Published,f
cl4876655,2021-02-19,State Farm Fire & Cas. Co. v. TFG Enters.,,dk59848071,Published,f
cl4876659,2021-02-12,Hogan v. Hogan,Hogan,dk59848075,Published,f
cl4876632,2021-04-02,SID No. 2 of Knox Cty. v. Fischer,Fischer,dk59848048,Published,f
cl4876661,2021-02-05,State v. Thomas,Thomas,dk59848077,Published,f
cl4876629,2021-04-02,Wizinsky v. State,Wizinsky,dk59848045,Published,f
cl4876638,2021-03-19,State v. Warlick,Warlick,dk59848054,Published,f
cl4876640,2021-03-19,OMNI Behavioral Health v. State,,dk59848056,Published,f
cl4876643,2021-03-12,Colwell v. Managed Care of North America,Colwell,dk59848059,Published,f
cl4876665,2021-01-29,State v. Catlin,Catlin,dk59848081,Published,f
cl4876666,2021-01-29,Hawkins v. Delgado,Hawkins,dk59848082,Published,f
cl4876668,2021-01-29,Dick v. Koski Prof. Group - supplemental opinion,Dick,dk59848084,Published,f
cl4859415,2021-01-29,Dick v. Koski Prof. Group - supplemental opinion,Dick,dk59685946,Published,f
cl4876626,2021-04-09,Wayne L. Ryan Revocable Trust v. Ryan,Ryan,dk59848042,Published,f
cl4876642,2021-03-12,Johnson v. Johnson,,dk59848058,Published,f
cl4876639,2021-03-19,State ex rel. Counsel for Dis. v. Beauvais,Beauvais,dk59848055,Published,f
cl4876653,2021-02-19,State v. Madren,Madren,dk59848069,Published,f
cl4876660,2021-02-12,Dreesen Enters. v. Dreesen,Dreesen,dk59848076,Published,f
cl4876628,2021-04-09,Clason v. LOL Investments,Clason,dk59848044,Published,f
cl4873998,2021-04-09,Clason v. LOL Investments,Clason,dk59827236,Published,f
cl4861423,2021-02-19,State Farm Fire & Cas. Co. v. TFG Enters.,,dk59707741,Published,f
cl4848036,2020-11-06,State v. Senteney,Senteney,dk29110711,Published,f
cl4847951,2020-11-20,In re Interest of Seth C.,,dk29110448,Published,f
cl4876509,2021-04-16,State v. Malone,Malone,dk59847777,Published,f
cl4861323,2021-01-29,Edwards v. Douglas County,Edwards,dk59707282,Published,f
cl4848106,2020-10-23,Kaiser v. Allstate Indemnity Co.,Kaiser,dk29110912,Published,f
cl4848088,2020-12-04,Parks v. Hy-Vee,Parks,dk29110893,Published,f
cl4873996,2021-04-09,Wayne L. Ryan Revocable Trust v. Ryan,Ryan,dk59827234,Published,f
cl4851891,2020-12-04,State v. Blocher,Blocher,dk51962309,Published,f
cl4876748,2021-04-23,McClain v. State,McClain,dk59848540,Published,f
cl4876754,2021-04-23,State v. Harris,Harris,dk59848546,Published,f
cl4876755,2021-04-23,State v. Clark,,dk59848547,Published,f
cl4876762,2021-04-22,"Navistar, Inc. v. Dutchmaid Logistics, Inc.",,dk59848555,Published,f
cl4876761,2021-04-22,State v. Hunter,Hunter,dk59848554,Published,f
cl4876945,2021-04-23,State v. Wilson,Wilson,dk59850231,Published,f
cl4877196,2021-04-26,State v. Little,Little,dk59852414,Published,f
cl4877198,2021-04-26,State v. Murrill,Murrill,dk59852416,Published,f
cl4877233,2021-04-26,State v. Zsigray,Zsigray,dk59852883,Published,f
cl4877235,2021-04-26,Reo v. Lindstedt,Reo,dk59852885,Published,f
cl4877385,2021-04-27,State v. Richardson,,dk59855624,Published,f
cl4877387,2021-04-27,State v. Anderson,Anderson,dk59855626,Published,f
cl4877390,2021-04-27,Amsden v. Amsden,Amsden,dk59855630,Published,f
cl4877440,2021-04-27,United States v. Antonio Moreno-Membache,,dk59855930,Published,f
cl4877444,2021-04-27,"Meridian Medical Systems, LLC v. Epix Therapeutics, Inc.",,dk59855994,Published,t
cl4877478,2021-04-27,People v. Wilson,Wilson,dk59856258,Published,f
cl4877559,2021-04-27,United States v. Clark,,dk59856852,Unpublished,f
cl4877631,2021-04-27,Personal Restraint Petition Of Mario Marshawn Steele,,dk59857420,Unpublished,f
cl4877712,2021-04-27,In re Parentage of D.S.,,dk59858560,Published,f
cl4877713,2021-04-27,"Harleysville Insurance Co. v. Mohr Architecture, Inc.",,dk59858561,Published,f
cl4877727,2021-04-27,State ex rel. Summit Cty. Republican Party Executive Commt. v. LaRose (Slip Opinion),,dk59858897,Published,f
cl4877836,2021-04-28,Christopher Chestnut v. Charles Canady,,dk59859641,Unpublished,f
cl4877858,2021-04-22,State v. Christy,Christy,dk59859685,Published,f
cl4878017,2021-04-21,E. Liverpool v. Owners Ins. Co.,,dk59860828,Published,f
cl4878020,2021-04-28,United States v. Onyeri,Onyeri,dk59861017,Published,f
cl4878325,2021-04-29,Korth v. Korth,Korth,dk59863999,Published,f
cl4878324,2021-04-29,"Ryan v. Streck, Inc.",Ryan,dk59863998,Published,f
cl4878330,2021-04-23,Champion v. Hall County,Champion,dk59864004,Published,f
cl4878323,2021-04-29,Tyrrell v. Frakes,Tyrrell,dk59863997,Published,f
cl4878329,2021-04-23,In re Guardianship of Nicholas H.,,dk59864003,Published,f
cl4878327,2021-04-23,State ex rel. Counsel for Dis. v. Birch,Birch,dk59864001,Published,f
cl4878368,2021-02-12,Dreesen Enters. v. Dreesen,Dreesen,dk59864042,Published,f
cl4878355,2021-03-05,Gonzales v. Nebraska Pediatric Practice,,dk59864029,Published,f
cl4878364,2021-02-12,Weaver v. Weaver,Weaver,dk59864038,Published,f
cl4878357,2021-02-26,State v. Russell,Russell,dk59864031,Published,f
cl4878360,2021-02-19,State v. Wines,Wines,dk59864034,Published,f
cl4878362,2021-02-19,State ex rel. Counsel for Dis. v. Bruno,Bruno,dk59864036,Published,f
cl4878363,2021-02-19,State Farm Fire & Cas. Co. v. TFG Enters.,,dk59864037,Published,f
cl4878367,2021-02-12,Hogan v. Hogan,Hogan,dk59864041,Published,f
cl4878369,2021-02-05,State v. Thomas,Thomas,dk59864043,Published,f
cl4878347,2021-03-19,State ex rel. Counsel for Dis. v. Beauvais,Beauvais,dk59864021,Published,f
cl4878361,2021-02-19,State v. Madren,Madren,dk59864035,Published,f
cl4878328,2021-04-23,In re Interest of Victor L.,,dk59864002,Published,f
cl4878366,2021-02-12,In re Interest of Prince R.,,dk59864040,Published,f
cl4878353,2021-03-05,State v. Combs,Combs,dk59864027,Published,f
cl4878376,2021-01-29,Dick v. Koski Prof. Group - supplemental opinion,Dick,dk59864050,Published,f
cl4878335,2021-04-09,Evert v. Srb,Evert,dk59864009,Published,f
cl4878337,2021-04-02,Wizinsky v. State,Wizinsky,dk59864011,Published,f
cl4878340,2021-04-02,SID No. 2 of Knox Cty. v. Fischer,Fischer,dk59864014,Published,f
cl4878348,2021-03-19,OMNI Behavioral Health v. State,,dk59864022,Published,f
cl4878336,2021-04-09,Clason v. LOL Investments,Clason,dk59864010,Published,f
cl4878346,2021-03-19,State v. Warlick,Warlick,dk59864020,Published,f
cl4878351,2021-03-12,Colwell v. Managed Care of North America,Colwell,dk59864025,Published,f
cl4878359,2021-02-26,State v. Hill,Hill,dk59864033,Published,f
cl4878342,2021-03-26,In re Interest of A.A.,,dk59864016,Published,f
cl4878341,2021-03-26,State v. Wheeler,Wheeler,dk59864015,Published,f
cl4878334,2021-04-09,Wayne L. Ryan Revocable Trust v. Ryan,Ryan,dk59864008,Published,f
cl4878370,2021-02-05,State v. Reames,Reames,dk59864044,Published,f
cl4878358,2021-02-26,State v. Lowman,Lowman,dk59864032,Published,f
cl4878371,2021-02-05,State v. Johnson,,dk59864045,Published,f
cl4878338,2021-04-02,State v. Jennings,Jennings,dk59864012,Published,f
cl4878350,2021-03-12,Johnson v. Johnson,,dk59864024,Published,f
cl4878349,2021-03-12,State v. Stelly,Stelly,dk59864023,Published,f
cl4878333,2021-04-16,Brown v. Morello,Brown,dk59864007,Published,f
cl4876622,2021-04-23,Champion v. Hall County,Champion,dk59848038,Published,f
cl4861324,2021-01-29,Dick v. Koski Prof. Group - supplemental opinion,Dick,dk59707283,Published,f
cl4849752,2020-11-06,Benjamin M. v. Jeri S.,,dk36425268,Published,f
cl4867986,2021-02-26,State v. Hill,Hill,dk59767300,Published,f
cl4846275,2020-12-04,State v. Blocher,Blocher,dk29091089,Published,f
cl4843095,2020-10-09,Dycus v. Dycus,Dycus,dk23239051,Published,f
cl4878423,2021-03-19,OMNI Behavioral Health v. State,,dk59864287,Published,f
cl4863235,2021-03-05,State v. Combs,Combs,dk59726162,Published,f
cl4874013,2021-03-12,Colwell v. Managed Care of North America,Colwell,dk59827251,Published,f
cl4693959,2019-10-18,Krejci v. Krejci,Krejci,dk16677048,Published,f
cl4878400,2021-04-29,Korth v. Korth,Korth,dk59864264,Published,f
cl4878410,2021-04-09,Evert v. Srb,Evert,dk59864274,Published,f
cl4878406,2021-04-16,State v. Malone,Malone,dk59864270,Published,f
cl4878401,2021-04-23,Swicord v. Police Stds. Adv. Council,Swicord,dk59864265,Published,f
cl4878432,2021-02-26,State v. Russell,Russell,dk59864296,Published,f
cl4878417,2021-03-26,In re Interest of A.A.,,dk59864281,Published,f
cl4878404,2021-04-23,In re Guardianship of Nicholas H.,,dk59864268,Published,f
cl4878434,2021-02-26,State v. Hill,Hill,dk59864298,Published,f
cl4878435,2021-02-19,State v. Wines,Wines,dk59864299,Published,f
cl4878421,2021-03-19,State v. Warlick,Warlick,dk59864285,Published,f
cl4878437,2021-02-19,State ex rel. Counsel for Dis. v. Bruno,Bruno,dk59864301,Published,f
cl4878402,2021-04-23,State ex rel. Counsel for Dis. v. Birch,Birch,dk59864266,Published,f
cl4878438,2021-02-19,State Farm Fire & Cas. Co. v. TFG Enters.,,dk59864302,Published,f
cl4878433,2021-02-26,State v. Lowman,Lowman,dk59864297,Published,f
cl4878403,2021-04-23,In re Interest of Victor L.,,dk59864267,Published,f
cl4878412,2021-04-02,Wizinsky v. State,Wizinsky,dk59864276,Published,f
cl4878415,2021-04-02,SID No. 2 of Knox Cty. v. Fischer,Fischer,dk59864279,Published,f
cl4878426,2021-03-12,Colwell v. Managed Care of North America,Colwell,dk59864290,Published,f
cl4878430,2021-03-05,Gonzales v. Nebraska Pediatric Practice,,dk59864294,Published,f
cl4878428,2021-03-05,State v. Combs,Combs,dk59864292,Published,f
cl4878422,2021-03-19,State ex rel. Counsel for Dis. v. Beauvais,Beauvais,dk59864286,Published,f
cl4878405,2021-04-23,Champion v. Hall County,Champion,dk59864269,Published,f
cl4878436,2021-02-19,State v. Madren,Madren,dk59864300,Published,f
cl4878418,2021-03-26,In re Adoption of Yasmin S.,,dk59864282,Published,f
cl4878408,2021-04-16,Brown v. Morello,Brown,dk59864272,Published,f
cl4878398,2021-04-29,Tyrrell v. Frakes,Tyrrell,dk59864262,Published,f
cl4878443,2021-02-12,Dreesen Enters. v. Dreesen,Dreesen,dk59864307,Published,f
cl4878446,2021-02-05,State v. Johnson,,dk59864310,Published,f
cl4878442,2021-02-12,Hogan v. Hogan,Hogan,dk59864306,Published,f
cl4878444,2021-02-05,State v. Thomas,Thomas,dk59864308,Published,f
cl4878448,2021-01-29,Dick v. Koski Prof. Group - supplemental opinion,Dick,dk59864312,Published,f
cl4878439,2021-02-12,Weaver v. Weaver,Weaver,dk59864303,Published,f
cl4878440,2021-02-12,In re Trust Created by McGregor,,dk59864304,Published,f
cl4878441,2021-02-12,In re Interest of Prince R.,,dk59864305,Published,f
cl4852070,2020-11-06,State v. Senteney,Senteney,dk53502589,Published,f
cl4874003,2021-03-26,State v. Wheeler,Wheeler,dk59827241,Published,f
cl4878326,2021-04-23,Swicord v. Police Stds. Adv. Council,Swicord,dk59864000,Published,f
cl4863412,2021-03-05,Rodriguez v. Lasting Hope Recovery Ctr.,Rodriguez,dk59726666,Published,f
cl4863249,2021-02-12,Hogan v. Hogan,Hogan,dk59726176,Published,f
cl4878491,2021-04-29,"Hjalmar Rodriguez, Jr. v. William Powell",,dk59864531,Unpublished,f
cl4843070,2020-12-04,Jaeger v. Jaeger,Jaeger,dk23236425,Published,f
cl4878589,2021-04-28,State v. Schubert,Schubert,dk59865090,Published,f
cl4878586,2021-04-27,"Meridian Medical Systems, LLC v. Epix Therapeutics, Inc.",,dk59865086,Published,t
cl4878584,2021-04-29,State of Maine v. Noah Gaston,,dk59865084,Published,f
cl4870121,2020-12-22,State of Maine v. John De St. Croix,,dk59787992,Published,f
cl4870115,2021-01-14,State of Maine v. Anthony S. Leng,,dk59787982,Published,f
cl4878684,2021-04-29,Hinson v. Martin,Hinson,dk59865743,Unpublished,f
cl4878763,2021-04-29,"United States v. James Edward Phillips, III",,dk59866582,Unpublished,f
cl4878811,2021-04-23,In re Guardianship of Nicholas H.,,dk59868432,Published,f
cl4878806,2021-04-29,"Ryan v. Streck, Inc.",Ryan,dk59868427,Published,f
cl4878821,2021-04-02,State v. Figures,Figures,dk59868442,Published,f
cl4878825,2021-03-26,In re Adoption of Yasmin S.,,dk59868446,Published,f
cl4878816,2021-04-09,Wayne L. Ryan Revocable Trust v. Ryan,Ryan,dk59868437,Published,f
cl4878809,2021-04-23,State ex rel. Counsel for Dis. v. Birch,Birch,dk59868430,Published,f
cl4878807,2021-04-29,Korth v. Korth,Korth,dk59868428,Published,f
cl4878808,2021-04-23,Swicord v. Police Stds. Adv. Council,Swicord,dk59868429,Published,f
cl4878836,2021-03-05,Rodriguez v. Lasting Hope Recovery Ctr.,Rodriguez,dk59868457,Published,f
cl4878846,2021-02-12,Weaver v. Weaver,Weaver,dk59868467,Published,f
cl4878837,2021-03-05,Gonzales v. Nebraska Pediatric Practice,,dk59868458,Published,f
cl4878841,2021-02-26,State v. Hill,Hill,dk59868462,Published,f
cl4878828,2021-03-19,State v. Warlick,Warlick,dk59868449,Published,f
cl4878839,2021-02-26,State v. Russell,Russell,dk59868460,Published,f
cl4878823,2021-03-26,State v. Wheeler,Wheeler,dk59868444,Published,f
cl4878830,2021-03-19,OMNI Behavioral Health v. State,,dk59868451,Published,f
cl4878840,2021-02-26,State v. Lowman,Lowman,dk59868461,Published,f
cl4878852,2021-02-05,State v. Reames,Reames,dk59868473,Published,f
cl4878842,2021-02-19,State v. Wines,Wines,dk59868463,Published,f
cl4878844,2021-02-19,State ex rel. Counsel for Dis. v. Bruno,Bruno,dk59868465,Published,f
cl4878845,2021-02-19,State Farm Fire & Cas. Co. v. TFG Enters.,,dk59868466,Published,f
cl4878849,2021-02-12,Hogan v. Hogan,Hogan,dk59868470,Published,f
cl4878832,2021-03-12,Johnson v. Johnson,,dk59868453,Published,f
cl4878847,2021-02-12,In re Trust Created by McGregor,,dk59868468,Published,f
cl4878815,2021-04-16,Brown v. Morello,Brown,dk59868436,Published,f
cl4878848,2021-02-12,In re Interest of Prince R.,,dk59868469,Published,f
cl4878843,2021-02-19,State v. Madren,Madren,dk59868464,Published,f
cl4878835,2021-03-05,State v. Combs,Combs,dk59868456,Published,f
cl4878810,2021-04-23,In re Interest of Victor L.,,dk59868431,Published,f
cl4878813,2021-04-16,State v. Malone,Malone,dk59868434,Published,f
cl4878827,2021-03-26,Davis v. Moats,Davis,dk59868448,Published,f
cl4878831,2021-03-12,State v. Stelly,Stelly,dk59868452,Published,f
cl4878822,2021-04-02,SID No. 2 of Knox Cty. v. Fischer,Fischer,dk59868443,Published,f
cl4878818,2021-04-09,Clason v. LOL Investments,Clason,dk59868439,Published,f
cl4878817,2021-04-09,Evert v. Srb,Evert,dk59868438,Published,f
cl4878833,2021-03-12,Colwell v. Managed Care of North America,Colwell,dk59868454,Published,f
cl4878819,2021-04-02,Wizinsky v. State,Wizinsky,dk59868440,Published,f
cl4878824,2021-03-26,In re Interest of A.A.,,dk59868445,Published,f
cl4838220,2020-11-13,TDP Phase One v. The Club at the Yard,,dk18734796,Published,f
cl4846169,2020-11-13,TDP Phase One v. The Club at the Yard,,dk29090666,Published,f
cl4878829,2021-03-19,State ex rel. Counsel for Dis. v. Beauvais,Beauvais,dk59868450,Published,f
cl4851892,2020-12-04,Parks v. Hy-Vee,Parks,dk51962694,Published,f
cl4865693,2021-03-12,Colwell v. Managed Care of North America,Colwell,dk59746522,Published,f
cl4879053,2021-04-30,State v. Cole-Walker,Cole-Walker,dk59869471,Published,f
cl4879056,2021-04-29,State v. Pettorini,Pettorini,dk59869475,Published,f
cl4879086,2021-04-30,State v. Lammers,Lammers,dk59869935,Published,f
cl4879088,2021-04-30,State v. Garst,Garst,dk59869937,Published,f
cl4879560,2021-05-03,State v. Dumas,Dumas,dk59875599,Published,f
cl4879562,2021-05-03,Hamrick v. Maloof,Hamrick,dk59875601,Published,f
cl4879594,2021-05-03,United States v. Harinder Singh,,dk59875985,Published,f
cl4879677,2021-04-30,State v. Farrell,Farrell,dk59876405,Published,f
cl4879675,2021-04-30,State v. Leveck,Leveck,dk59876403,Published,f
cl4879684,2021-05-03,State v. Mallory,Mallory,dk59876412,Published,f
cl4879884,2021-04-09,Clason v. LOL Investments,Clason,dk59878544,Published,f
cl4879897,2021-03-12,State v. Stelly,Stelly,dk59878557,Published,f
cl4879899,2021-03-12,Colwell v. Managed Care of North America,Colwell,dk59878559,Published,f
cl4879889,2021-03-26,State v. Wheeler,Wheeler,dk59878549,Published,f
cl4879872,2021-04-29,"Ryan v. Streck, Inc.",Ryan,dk59878531,Published,f
cl4879894,2021-03-19,State v. Warlick,Warlick,dk59878554,Published,f
cl4879896,2021-03-19,OMNI Behavioral Health v. State,,dk59878556,Published,f
cl4879887,2021-04-02,State v. Figures,Figures,dk59878547,Published,f
cl4879874,2021-04-23,Swicord v. Police Stds. Adv. Council,Swicord,dk59878533,Published,f
cl4879881,2021-04-16,Brown v. Morello,Brown,dk59878541,Published,f
cl4879876,2021-04-23,In re Interest of Victor L.,,dk59878535,Published,f
cl4879883,2021-04-09,Evert v. Srb,Evert,dk59878543,Published,f
cl4879882,2021-04-09,Wayne L. Ryan Revocable Trust v. Ryan,Ryan,dk59878542,Published,f
cl4879885,2021-04-02,Wizinsky v. State,Wizinsky,dk59878545,Published,f
cl4879873,2021-04-29,Korth v. Korth,Korth,dk59878532,Published,f
cl4879877,2021-04-23,In re Guardianship of Nicholas H.,,dk59878536,Published,f
cl4879875,2021-04-23,State ex rel. Counsel for Dis. v. Birch,Birch,dk59878534,Published,f
cl4879898,2021-03-12,Johnson v. Johnson,,dk59878558,Published,f
cl4879879,2021-04-16,State v. Malone,Malone,dk59878539,Published,f
cl4879878,2021-04-23,Champion v. Hall County,Champion,dk59878538,Published,f
cl4879893,2021-03-26,Davis v. Moats,Davis,dk59878553,Published,f
cl4879895,2021-03-19,State ex rel. Counsel for Dis. v. Beauvais,Beauvais,dk59878555,Published,f
cl4879871,2021-04-29,Tyrrell v. Frakes,Tyrrell,dk59878530,Published,f
cl4879904,2021-02-26,State v. Starks,Starks,dk59878564,Published,f
cl4879903,2021-03-05,Gonzales v. Nebraska Pediatric Practice,,dk59878563,Published,f
cl4879906,2021-02-26,State v. Lowman,Lowman,dk59878566,Published,f
cl4879916,2021-02-12,Dreesen Enters. v. Dreesen,Dreesen,dk59878576,Published,f
cl4879908,2021-02-19,State v. Wines,Wines,dk59878568,Published,f
cl4879910,2021-02-19,State ex rel. Counsel for Dis. v. Bruno,Bruno,dk59878570,Published,f
cl4879911,2021-02-19,State Farm Fire & Cas. Co. v. TFG Enters.,,dk59878571,Published,f
cl4879902,2021-03-05,Rodriguez v. Lasting Hope Recovery Ctr.,Rodriguez,dk59878562,Published,f
cl4879905,2021-02-26,State v. Russell,Russell,dk59878565,Published,f
cl4879915,2021-02-12,Hogan v. Hogan,Hogan,dk59878575,Published,f
cl4879918,2021-05-04,Rodgers v. Rodgers,Rodgers,dk59878578,Published,f
cl4843080,2020-11-06,State v. Senteney,Senteney,dk23236965,Published,f
cl4879909,2021-02-19,State v. Madren,Madren,dk59878569,Published,f
cl4879913,2021-02-12,In re Trust Created by McGregor,,dk59878573,Published,f
cl4879912,2021-02-12,Weaver v. Weaver,Weaver,dk59878572,Published,f
cl4879914,2021-02-12,In re Interest of Prince R.,,dk59878574,Published,f
cl4846239,2020-11-13,TDP Phase One v. The Club at the Yard,,dk29090894,Published,f
cl4867970,2021-03-26,In re Interest of A.A.,,dk59767284,Published,f
cl4843094,2020-10-09,In re Guardianship & Conservatorship of J.F.,,dk23238991,Published,f
cl4808023,2020-09-04,AVG Partners I v. Genesis Health Clubs,,dk18651592,Published,f
cl4880171,2021-05-04,United States v. Fuentes-Perez,Fuentes-Perez,dk59881326,Unpublished,f
cl4880172,2021-05-04,United States v. Fausto Martinez-Lopez,,dk59881327,Unpublished,f
cl4880385,2021-05-04,Mercer v. Keane,Mercer,dk59882763,Published,f
cl4880386,2021-05-04,In re A.H.,In re A.H.,dk59882764,Published,f
cl4880566,2021-05-05,People v. Little,Little,dk59884417,Published,f
cl4880576,2021-05-05,Alvarez v. Akwitti,Alvarez,dk59884831,Published,f
cl4847053,2020-12-17,State v. Bolme,Bolme,dk29099445,Published,f
cl4847052,2020-12-17,State v. Foote,Foote,dk29099444,Published,f
cl4759404,2020-06-02,State v. Powley,Powley,dk17230920,Published,f
cl4847101,2021-01-12,State v. Casatelli,Casatelli,dk29099855,Published,f
cl4847063,2020-12-17,Curtiss v. State,Curtiss,dk29099455,Published,f
cl4880795,2021-05-06,State v. Fisher,Fisher,dk59886268,Published,f
cl4880792,2021-05-06,State v. Ketchum,Ketchum,dk59886265,Published,f
cl4880789,2021-05-06,State v. York,York,dk59886262,Published,f
cl4880787,2021-05-03,State v. Cutright,Cutright,dk59886259,Published,f
cl4880870,2021-05-06,Covington v. Butcher,Covington,dk59886562,Published,f
cl4881051,2021-04-29,Korth v. Korth,Korth,dk59889014,Published,f
cl4881049,2021-04-29,Tyrrell v. Frakes,Tyrrell,dk59889012,Published,f
cl4881048,2021-05-07,Cornwell v. Cornwell,Cornwell,dk59889011,Published,f
cl4881060,2021-04-09,Wayne L. Ryan Revocable Trust v. Ryan,Ryan,dk59889023,Published,f
cl4881055,2021-04-23,In re Guardianship of Nicholas H.,,dk59889018,Published,f
cl4881054,2021-04-23,In re Interest of Victor L.,,dk59889017,Published,f
cl4881052,2021-04-23,Swicord v. Police Stds. Adv. Council,Swicord,dk59889015,Published,f
cl4881050,2021-04-29,"Ryan v. Streck, Inc.",Ryan,dk59889013,Published,f
cl4881061,2021-04-09,Evert v. Srb,Evert,dk59889024,Published,f
cl4881063,2021-04-02,Wizinsky v. State,Wizinsky,dk59889026,Published,f
cl4881068,2021-03-26,In re Interest of A.A.,,dk59889031,Published,f
cl4881077,2021-03-12,Colwell v. Managed Care of North America,Colwell,dk59889040,Published,f
cl4881067,2021-03-26,State v. Wheeler,Wheeler,dk59889030,Published,f
cl4881084,2021-02-26,State v. Lowman,Lowman,dk59889047,Published,f
cl4881046,2021-05-07,Porter v. Porter,Porter,dk59889009,Published,f
cl4881057,2021-04-16,State v. Malone,Malone,dk59889020,Published,f
cl4881047,2021-05-07,McCaulley v. C L Enters.,McCaulley,dk59889010,Published,f
cl4881059,2021-04-16,Brown v. Morello,Brown,dk59889022,Published,f
cl4881062,2021-04-09,Clason v. LOL Investments,Clason,dk59889025,Published,f
cl4881065,2021-04-02,State v. Figures,Figures,dk59889028,Published,f
cl4881064,2021-04-02,State v. Jennings,Jennings,dk59889027,Published,f
cl4881082,2021-02-26,State v. Starks,Starks,dk59889045,Published,f
cl4881072,2021-03-19,State v. Warlick,Warlick,dk59889035,Published,f
cl4881081,2021-03-05,Gonzales v. Nebraska Pediatric Practice,,dk59889044,Published,f
cl4881074,2021-03-19,OMNI Behavioral Health v. State,,dk59889037,Published,f
cl4881090,2021-02-12,Weaver v. Weaver,Weaver,dk59889053,Published,f
cl4881083,2021-02-26,State v. Russell,Russell,dk59889046,Published,f
cl4881080,2021-03-05,Rodriguez v. Lasting Hope Recovery Ctr.,Rodriguez,dk59889043,Published,f
cl4881085,2021-02-26,State v. Hill,Hill,dk59889048,Published,f
cl4881086,2021-02-19,State v. Wines,Wines,dk59889049,Published,f
cl4881088,2021-02-19,State ex rel. Counsel for Dis. v. Bruno,Bruno,dk59889051,Published,f
cl4881089,2021-02-19,State Farm Fire & Cas. Co. v. TFG Enters.,,dk59889052,Published,f
cl4881093,2021-02-12,Hogan v. Hogan,Hogan,dk59889056,Published,f
cl4881094,2021-02-12,Dreesen Enters. v. Dreesen,Dreesen,dk59889057,Published,f
cl4881073,2021-03-19,State ex rel. Counsel for Dis. v. Beauvais,Beauvais,dk59889036,Published,f
cl4881091,2021-02-12,In re Trust Created by McGregor,,dk59889054,Published,f
cl4881087,2021-02-19,State v. Madren,Madren,dk59889050,Published,f
cl4843085,2020-10-23,State v. Collins,Collins,dk23238000,Published,f
cl4840637,2020-11-13,TDP Phase One v. The Club at the Yard,,dk18756057,Published,f
cl4881079,2021-03-05,State v. Combs,Combs,dk59889042,Published,f
cl4881069,2021-03-26,In re Adoption of Yasmin S.,,dk59889032,Published,f
cl4872086,2021-02-12,Hogan v. Hogan,Hogan,dk59807650,Published,f
cl4881142,2021-05-07,State v. Coffman,Coffman,dk59889244,Published,f
cl4881141,2021-05-07,State v. Duchenois,Duchenois,dk59889241,Published,f
cl4881136,2021-05-07,He v. Half Price Heating & Air,He,dk59889235,Published,f
cl4881250,2021-05-07,State v. Rottman,Rottman,dk59890330,Published,f
cl4881251,2021-05-07,State v. Porter,Porter,dk59890331,Published,f
cl4881253,2021-05-07,State v. Martin,Martin,dk59890333,Published,f
cl4881255,2021-05-07,State v. Bursley,Bursley,dk59890335,Published,f
cl4881420,2021-05-07,United States v. Haggerty,Haggerty,dk59892061,Published,f
cl4881631,2021-05-10,In re J.G.,In re J.G.,dk59892973,Published,f
cl4881630,2021-05-10,In re R.R.,In re R.R.,dk59892972,Published,f
cl4881636,2021-05-10,State v. Martin-Paley,Martin-Paley,dk59892978,Published,f
cl4881757,2021-05-10,Muldrow v. Barron,Muldrow,dk59893158,Published,f
cl4881822,2021-05-11,State v. Anthony,Anthony,dk59895994,Published,f
cl4881849,2021-05-11,State v. Khalaf,Khalaf,dk59896150,Published,f
cl4881855,2021-05-11,Bhatia v. Thomas-Bhatia,Bhatia,dk59896158,Published,f
cl4881939,2021-05-11,v. Ambrose,v. Ambrose,dk59896989,Published,f
cl4881937,2021-05-11,v. Baker,v. Baker,dk59896987,Published,f
cl4881935,2021-05-11,v. People,v. People,dk59896985,Published,f
cl4757702,2020-06-01,on v. People,on,dk17212070,Published,f
cl4841455,2020-12-21,Elder v. Williams,Elder,dk18762603,Published,f
cl4882017,2021-05-11,State v. King,King,dk59897641,Published,f
cl4882021,2021-05-11,Jackson v. Ohio Dept. of Rehab. & Corr.,,dk59897646,Published,f
cl4882147,2021-05-11,Antunez-Pineda v. Garland,Antunez-Pineda,dk59898916,Unpublished,f
cl4882610,2021-05-12,"Mark Allen Geralds v. Attorney General, State of Florida",,dk59901917,Unpublished,f
cl4882621,2021-05-12,United States v. Gassaway,Gassaway,dk59902341,Unpublished,f
cl4882659,2021-05-13,Zander v. Morsette,Zander,dk59902790,Published,f
cl4847055,2020-12-17,Rentz v. BNSF Railway Co.,Rentz,dk29099447,Published,f
cl4882797,2021-05-13,Bodnar v. Regional Income Tax Agency,Bodnar,dk59903474,Published,f
cl4882971,2021-05-07,Porter v. Porter,Porter,dk59906357,Published,f
cl4882975,2021-04-29,"Ryan v. Streck, Inc.",Ryan,dk59906361,Published,f
cl4882977,2021-04-23,Swicord v. Police Stds. Adv. Council,Swicord,dk59906363,Published,f
cl4882976,2021-04-29,Korth v. Korth,Korth,dk59906362,Published,f
cl4882979,2021-04-23,In re Interest of Victor L.,,dk59906365,Published,f
cl4882974,2021-04-29,Tyrrell v. Frakes,Tyrrell,dk59906360,Published,f
cl4882973,2021-05-07,Cornwell v. Cornwell,Cornwell,dk59906359,Published,f
cl4882990,2021-04-02,State v. Figures,Figures,dk59906376,Published,f
cl4883002,2021-03-12,Colwell v. Managed Care of North America,Colwell,dk59906388,Published,f
cl4882980,2021-04-23,In re Guardianship of Nicholas H.,,dk59906366,Published,f
cl4882988,2021-04-02,Wizinsky v. State,Wizinsky,dk59906374,Published,f
cl4883006,2021-03-05,Gonzales v. Nebraska Pediatric Practice,,dk59906392,Published,f
cl4883008,2021-02-26,State v. Russell,Russell,dk59906394,Published,f
cl4883007,2021-02-26,State v. Starks,Starks,dk59906393,Published,f
cl4882993,2021-03-26,In re Interest of A.A.,,dk59906379,Published,f
cl4883010,2021-02-26,State v. Hill,Hill,dk59906396,Published,f
cl4882992,2021-03-26,State v. Wheeler,Wheeler,dk59906378,Published,f
cl4882997,2021-03-19,State v. Warlick,Warlick,dk59906383,Published,f
cl4882999,2021-03-19,OMNI Behavioral Health v. State,,dk59906385,Published,f
cl4883011,2021-02-19,State v. Wines,Wines,dk59906397,Published,f
cl4883013,2021-02-19,State ex rel. Counsel for Dis. v. Bruno,Bruno,dk59906399,Published,f
cl4883014,2021-02-19,State Farm Fire & Cas. Co. v. TFG Enters.,,dk59906400,Published,f
cl4883009,2021-02-26,State v. Lowman,Lowman,dk59906395,Published,f
cl4882989,2021-04-02,State v. Jennings,Jennings,dk59906375,Published,f
cl4882998,2021-03-19,State ex rel. Counsel for Dis. v. Beauvais,Beauvais,dk59906384,Published,f
cl4883012,2021-02-19,State v. Madren,Madren,dk59906398,Published,f
cl4882984,2021-04-16,Brown v. Morello,Brown,dk59906370,Published,f
cl4883001,2021-03-12,Johnson v. Johnson,,dk59906387,Published,f
cl4882981,2021-04-23,Champion v. Hall County,Champion,dk59906367,Published,f
cl4882994,2021-03-26,In re Adoption of Yasmin S.,,dk59906380,Published,f
cl4883004,2021-03-05,State v. Combs,Combs,dk59906390,Published,f
cl4883000,2021-03-12,State v. Stelly,Stelly,dk59906386,Published,f
cl4882982,2021-04-16,State v. Malone,Malone,dk59906368,Published,f
cl4872081,2021-02-19,State ex rel. Counsel for Dis. v. Bruno,Bruno,dk59807645,Published,f
cl4882986,2021-04-09,Evert v. Srb,Evert,dk59906372,Published,f
cl4882987,2021-04-09,Clason v. LOL Investments,Clason,dk59906373,Published,f
cl4882991,2021-04-02,SID No. 2 of Knox Cty. v. Fischer,Fischer,dk59906377,Published,f
cl4840744,2020-12-11,Fuelberth v. Heartland Heating & Air Conditioning,Fuelberth,dk18756370,Published,f
cl4883070,2021-04-23,In re Guardianship of Nicholas H.,,dk59906634,Published,f
cl4883075,2021-04-09,Wayne L. Ryan Revocable Trust v. Ryan,Ryan,dk59906639,Published,f
cl4883059,2021-05-14,Yagodinski v. Sutton,Yagodinski,dk59906623,Published,f
cl4883067,2021-04-23,Swicord v. Police Stds. Adv. Council,Swicord,dk59906631,Published,f
cl4883068,2021-04-23,State ex rel. Counsel for Dis. v. Birch,Birch,dk59906632,Published,f
cl4883064,2021-04-29,Tyrrell v. Frakes,Tyrrell,dk59906628,Published,f
cl4883060,2021-05-14,McGill Restoration v. Lion Place Condo. Assn.,,dk59906624,Published,f
cl4883063,2021-05-07,Cornwell v. Cornwell,Cornwell,dk59906627,Published,f
cl4883062,2021-05-07,McCaulley v. C L Enters.,McCaulley,dk59906626,Published,f
cl4883065,2021-04-29,"Ryan v. Streck, Inc.",Ryan,dk59906629,Published,f
cl4883076,2021-04-09,Evert v. Srb,Evert,dk59906640,Published,f
cl4883077,2021-04-09,Clason v. LOL Investments,Clason,dk59906641,Published,f
cl4883083,2021-03-26,In re Interest of A.A.,,dk59906647,Published,f
cl4883098,2021-02-26,State v. Russell,Russell,dk59906662,Published,f
cl4883092,2021-03-12,Colwell v. Managed Care of North America,Colwell,dk59906656,Published,f
cl4883087,2021-03-19,State v. Warlick,Warlick,dk59906651,Published,f
cl4883078,2021-04-02,Wizinsky v. State,Wizinsky,dk59906642,Published,f
cl4883089,2021-03-19,OMNI Behavioral Health v. State,,dk59906653,Published,f
cl4883079,2021-04-02,State v. Jennings,Jennings,dk59906643,Published,f
cl4883099,2021-02-26,State v. Lowman,Lowman,dk59906663,Published,f
cl4883072,2021-04-16,State v. Malone,Malone,dk59906636,Published,f
cl4883088,2021-03-19,State ex rel. Counsel for Dis. v. Beauvais,Beauvais,dk59906652,Published,f
cl4883061,2021-05-07,Porter v. Porter,Porter,dk59906625,Published,f
cl4883074,2021-04-16,Brown v. Morello,Brown,dk59906638,Published,f
cl4883084,2021-03-26,In re Adoption of Yasmin S.,,dk59906648,Published,f
cl4883094,2021-03-05,State v. Combs,Combs,dk59906658,Published,f
cl4883103,2021-02-19,State ex rel. Counsel for Dis. v. Bruno,Bruno,dk59906667,Published,f
cl4883104,2021-02-19,State Farm Fire & Cas. Co. v. TFG Enters.,,dk59906668,Published,f
cl4883085,2021-03-26,"Eletech, Inc. v. Conveyance Consulting Group",,dk59906649,Published,f
cl4883097,2021-02-26,State v. Starks,Starks,dk59906661,Published,f
cl4883081,2021-04-02,SID No. 2 of Knox Cty. v. Fischer,Fischer,dk59906645,Published,f
cl4883096,2021-03-05,Gonzales v. Nebraska Pediatric Practice,,dk59906660,Published,f
cl4883095,2021-03-05,Rodriguez v. Lasting Hope Recovery Ctr.,Rodriguez,dk59906659,Published,f
cl4883080,2021-04-02,State v. Figures,Figures,dk59906644,Published,f
cl4865688,2021-03-19,State v. Warlick,Warlick,dk59746517,Published,f
cl4883091,2021-03-12,Johnson v. Johnson,,dk59906655,Published,f
cl4883090,2021-03-12,State v. Stelly,Stelly,dk59906654,Published,f
cl4883086,2021-03-26,Davis v. Moats,Davis,dk59906650,Published,f
cl4883315,2021-05-14,People v. Hines,Hines,dk59909564,Published,f
cl4852308,2021-01-29,People v. Eubanks,Eubanks,dk54885920,Published,f
cl4883362,2021-05-15,Ortiz-Hernandez v. Garland,Ortiz-Hernandez,dk59910585,Unpublished,f
cl4883723,2021-05-17,State v. Brasher,Brasher,dk59911640,Published,f
cl4883717,2021-05-17,State v. Wells,Wells,dk59911634,Published,f
cl4883721,2021-05-17,State v. Crawford,Crawford,dk59911638,Published,f
cl4883722,2021-05-17,Liberatore v. Castorani,Liberatore,dk59911639,Published,f
cl4883725,2021-05-17,In re K.K.,In re K.K.,dk59911643,Published,f
cl4883718,2021-05-17,State v. Lewis,Lewis,dk59911635,Published,f
cl4883790,2021-05-10,State v. Rothwell,Rothwell,dk59912470,Published,f
cl4883794,2021-05-17,"State Of Washington, V. Michael J. Rogers, Iii",,dk59912537,Published,f
cl4883839,2021-05-17,State v. Blue,Blue,dk59912824,Published,f
cl4883856,2021-05-17,Gonzalez Barrera v. Garland,,dk59913078,Unpublished,f
cl4883866,2021-05-17,People v. McMillen,McMillen,dk59913443,Published,f
cl4874195,2021-02-26,State v. Russell,Russell,dk59827736,Published,f
cl4883876,2021-05-11,State v. Anthony,Anthony,dk59914097,Published,f
cl4883950,2021-05-18,State v. Johnson,,dk59914324,Published,f
cl4883954,2021-05-11,State v. Anthony,Anthony,dk59914328,Published,f
cl4883966,2021-05-18,United States v. Fabian Perpall,,dk59914388,Unpublished,f
cl4884178,2021-05-18,Jose Gonzalez v. United States,,dk59915994,Unpublished,f
cl75622,2001-09-25,Chester McCoy v. United States,,dk38087,Published,f
cl4884241,2021-05-18,Acdmy of Allergy v. Quest,Quest,dk59917070,Published,f
cl4884460,2021-05-19,United States v. Russell,Russell,dk59918811,Unpublished,f
cl4884667,2021-05-20,"Palos Community Hospital v. Humana Insurance Co., Inc.",,dk59921433,Published,f
cl4840175,2020-12-17,Barrall v. Board of Trustees of John A. Logan Community College,Barrall,dk18752320,Published,f
cl4884875,2021-05-20,v. Cox,v. Cox,dk59922431,Published,f
cl4884877,2021-05-20,of County Commissioners of Boulder County v. Crestone Peak Resources Operating LLC,,dk59922433,Published,f
cl4884876,2021-05-20,v. Alemayehu,v. Alemayehu,dk59922432,Published,f
cl4885009,2021-05-20,"Mazharul Islam v. Secretary, Department of Homeland Security",,dk59924039,Published,f
cl4885010,2021-05-20,People v. Reynolds,Reynolds,dk59924135,Published,f
cl4885050,2021-04-02,SID No. 2 of Knox Cty. v. Fischer,Fischer,dk59924820,Published,f
cl4885037,2021-04-23,State ex rel. Counsel for Dis. v. Birch,Birch,dk59924807,Published,f
cl4885054,2021-03-26,"Eletech, Inc. v. Conveyance Consulting Group",,dk59924824,Published,f
cl4885035,2021-04-29,Korth v. Korth,Korth,dk59924805,Published,f
cl4885032,2021-05-07,Cornwell v. Cornwell,Cornwell,dk59924802,Published,f
cl4885051,2021-03-26,State v. Wheeler,Wheeler,dk59924821,Published,f
cl4885045,2021-04-09,Evert v. Srb,Evert,dk59924815,Published,f
cl4885068,2021-02-26,State v. Lowman,Lowman,dk59924838,Published,f
cl4885059,2021-03-12,State v. Stelly,Stelly,dk59924829,Published,f
cl4885066,2021-02-26,State v. Starks,Starks,dk59924836,Published,f
cl4885053,2021-03-26,In re Adoption of Yasmin S.,,dk59924823,Published,f
cl4885031,2021-05-07,McCaulley v. C L Enters.,McCaulley,dk59924801,Published,f
cl4885058,2021-03-19,OMNI Behavioral Health v. State,,dk59924828,Published,f
cl4885034,2021-04-29,"Ryan v. Streck, Inc.",Ryan,dk59924804,Published,f
cl4885063,2021-03-05,State v. Combs,Combs,dk59924833,Published,f
cl4885039,2021-04-23,In re Guardianship of Nicholas H.,,dk59924809,Published,f
cl4885033,2021-04-29,Tyrrell v. Frakes,Tyrrell,dk59924803,Published,f
cl4885069,2021-02-26,State v. Hill,Hill,dk59924839,Published,f
cl4885052,2021-03-26,In re Interest of A.A.,,dk59924822,Published,f
cl4885061,2021-03-12,Colwell v. Managed Care of North America,Colwell,dk59924831,Published,f
cl4885028,2021-05-14,Yagodinski v. Sutton,Yagodinski,dk59924798,Published,f
cl4885044,2021-04-09,Wayne L. Ryan Revocable Trust v. Ryan,Ryan,dk59924814,Published,f
cl4885065,2021-03-05,Gonzales v. Nebraska Pediatric Practice,,dk59924835,Published,f
cl4885060,2021-03-12,Johnson v. Johnson,,dk59924830,Published,f
cl4885048,2021-04-02,State v. Jennings,Jennings,dk59924818,Published,f
cl4885055,2021-03-26,Davis v. Moats,Davis,dk59924825,Published,f
cl4885057,2021-03-19,State ex rel. Counsel for Dis. v. Beauvais,Beauvais,dk59924827,Published,f
cl4885043,2021-04-16,Brown v. Morello,Brown,dk59924813,Published,f
cl4885030,2021-05-07,Porter v. Porter,Porter,dk59924800,Published,f
cl4885049,2021-04-02,State v. Figures,Figures,dk59924819,Published,f
cl4885040,2021-04-23,Champion v. Hall County,Champion,dk59924810,Published,f
cl4885107,2021-05-20,Candi Ottgen v. Abdalmaijid Katranji Md,,dk59924971,Unpublished,f
cl4885127,2021-05-07,Cornwell v. Cornwell,Cornwell,dk59925072,Published,f
cl4885130,2021-04-29,Korth v. Korth,Korth,dk59925075,Published,f
cl4885129,2021-04-29,"Ryan v. Streck, Inc.",Ryan,dk59925074,Published,f
cl4885122,2021-05-21,Boring v. Zoetis LLC,Boring,dk59925067,Published,f
cl4885125,2021-05-07,Porter v. Porter,Porter,dk59925070,Published,f
cl4885128,2021-04-29,Tyrrell v. Frakes,Tyrrell,dk59925073,Published,f
cl4885123,2021-05-14,Yagodinski v. Sutton,Yagodinski,dk59925068,Published,f
cl4885118,2021-05-21,Tierney v. Tierney,Tierney,dk59925063,Published,f
cl4885124,2021-05-14,McGill Restoration v. Lion Place Condo. Assn.,,dk59925069,Published,f
cl4885131,2021-04-23,Swicord v. Police Stds. Adv. Council,Swicord,dk59925076,Published,f
cl4885029,2021-05-14,McGill Restoration v. Lion Place Condo. Assn.,,dk59924799,Published,f
cl4885162,2021-02-26,State v. Russell,Russell,dk59925107,Published,f
cl4885146,2021-03-26,State v. Wheeler,Wheeler,dk59925091,Published,f
cl4885140,2021-04-09,Evert v. Srb,Evert,dk59925085,Published,f
cl4885141,2021-04-09,Clason v. LOL Investments,Clason,dk59925086,Published,f
cl4885142,2021-04-02,Wizinsky v. State,Wizinsky,dk59925087,Published,f
cl4885151,2021-03-19,State v. Warlick,Warlick,dk59925096,Published,f
cl4885153,2021-03-19,OMNI Behavioral Health v. State,,dk59925098,Published,f
cl4885158,2021-03-05,State v. Combs,Combs,dk59925103,Published,f
cl4885164,2021-02-26,State v. Hill,Hill,dk59925109,Published,f
cl4885156,2021-03-12,Colwell v. Managed Care of North America,Colwell,dk59925101,Published,f
cl4885147,2021-03-26,In re Interest of A.A.,,dk59925092,Published,f
cl4885143,2021-04-02,State v. Jennings,Jennings,dk59925088,Published,f
cl4885163,2021-02-26,State v. Lowman,Lowman,dk59925108,Published,f
cl4885159,2021-03-05,Rodriguez v. Lasting Hope Recovery Ctr.,Rodriguez,dk59925104,Published,f
cl4885126,2021-05-07,McCaulley v. C L Enters.,McCaulley,dk59925071,Published,f
cl4885152,2021-03-19,State ex rel. Counsel for Dis. v. Beauvais,Beauvais,dk59925097,Published,f
cl4885161,2021-02-26,State v. Starks,Starks,dk59925106,Published,f
cl4885148,2021-03-26,In re Adoption of Yasmin S.,,dk59925093,Published,f
cl4885154,2021-03-12,State v. Stelly,Stelly,dk59925099,Published,f
cl4885136,2021-04-16,State v. Malone,Malone,dk59925081,Published,f
cl4885149,2021-03-26,"Eletech, Inc. v. Conveyance Consulting Group",,dk59925094,Published,f
cl4840752,2020-11-13,TDP Phase One v. The Club at the Yard,,dk18756378,Published,f
cl4885135,2021-04-23,Champion v. Hall County,Champion,dk59925080,Published,f
cl4885160,2021-03-05,Gonzales v. Nebraska Pediatric Practice,,dk59925105,Published,f
cl4885134,2021-04-23,In re Guardianship of Nicholas H.,,dk59925079,Published,f
cl4885133,2021-04-23,In re Interest of Victor L.,,dk59925078,Published,f
cl4885166,2021-05-21,United States v. James Taylor,,dk59925184,Published,f
cl4885150,2021-03-26,Davis v. Moats,Davis,dk59925095,Published,f
cl4885155,2021-03-12,Johnson v. Johnson,,dk59925100,Published,f
cl4843074,2020-11-13,TDP Phase One v. The Club at the Yard,,dk23236678,Published,f
cl4885238,2021-05-21,State v. Taylor,Taylor,dk59925520,Published,f
cl4885244,2021-05-21,"MWL Ents., L.L.C. v. Mid-Miami Invest. Co.",,dk59925526,Published,f
cl4885267,2021-05-21,State v. Perry,Perry,dk59925836,Published,f
cl4885283,2021-05-21,Bird v. Hill,Bird,dk59926014,Unpublished,f
cl4885311,2021-05-21,Rubio v. Garland,Rubio,dk59926342,Unpublished,f
cl4885340,2021-05-21,State v. Anthony,Anthony,dk59926827,Published,f
cl4885614,2021-05-24,State v. Conner,Conner,dk59929772,Published,f
cl4885617,2021-05-24,State v. Jamison,Jamison,dk59929780,Published,f
cl4885619,2021-05-24,State v. Johnson,,dk59929783,Published,f
cl4866358,2021-03-22,State v. Denoyer,Denoyer,dk59751703,Published,f
cl4885655,2021-05-24,Pugh v. Fender,Pugh,dk59930238,Published,f
cl4858080,2021-02-22,McCruter v. Travelers Home & Marine Ins. Co.,McCruter,dk59671723,Published,f
cl4841359,2020-12-21,In re Dn.R.,In re Dn.R.,dk18761711,Published,t
cl4885758,2021-05-24,Stark Cty. Bd. of Elections v. Stark Cty. Bd. of Commrs. (Slip Opinion),,dk59931281,Published,f
cl4837087,2020-12-09,"State ex rel. Omni Energy Group, L.L.C. v. Ohio Dept. of Natural Resources, Div. of Oil & Gas Resources Mgt. (Slip Opinion)",,dk18726498,Published,f
cl4885791,2021-05-24,Watkins v. Three Admin Remedy,Watkins,dk59931904,Published,f
cl4885903,2021-05-25,Liljestrand v. Dell Enters.,Liljestrand,dk59932473,Published,f
cl4885907,2021-05-25,State v. Azeen (Slip Opinion),,dk59932477,Published,f
cl4868574,2021-03-29,State v. Baker,Baker,dk59772739,Published,f
cl4886188,2021-05-25,State v. Fabal,Fabal,dk59934566,Published,f
cl4886458,2021-05-26,Yency Nunez v. United States,,dk59936856,Unpublished,f
cl4886534,2021-05-26,"U.S. Bank, N.A. v. Higbee Lancoms, L.P.",,dk59937317,Published,f
cl4886954,2021-05-27,Figgie v. Figgie,Figgie,dk59941856,Published,f
cl4840367,2020-12-15,State v. Ramey,Ramey,dk18753060,Published,f
cl4859036,2021-02-25,State v. Shepherd,Shepherd,dk59682366,Published,f
cl4859038,2021-02-25,Lakeside Produce Distrib. v. Wirtz,Wirtz,dk59682371,Published,t
cl4887150,2021-05-07,Cornwell v. Cornwell,Cornwell,dk59944529,Published,f
cl4887152,2021-04-29,"Ryan v. Streck, Inc.",Ryan,dk59944531,Published,f
cl4887149,2021-05-07,McCaulley v. C L Enters.,McCaulley,dk59944528,Published,f
cl4887173,2021-03-26,Davis v. Moats,Davis,dk59944552,Published,f
cl4887156,2021-04-23,In re Interest of Victor L.,,dk59944535,Published,f
cl4887159,2021-04-16,State v. Malone,Malone,dk59944538,Published,f
cl4887151,2021-04-29,Tyrrell v. Frakes,Tyrrell,dk59944530,Published,f
cl4887142,2021-05-21,State v. Munoz,Munoz,dk59944521,Published,f
cl4887167,2021-04-02,State v. Figures,Figures,dk59944546,Published,f
cl4887169,2021-03-26,State v. Wheeler,Wheeler,dk59944548,Published,f
cl4887164,2021-04-09,Clason v. LOL Investments,Clason,dk59944543,Published,f
cl4887168,2021-04-02,SID No. 2 of Knox Cty. v. Fischer,Fischer,dk59944547,Published,f
cl4887179,2021-03-12,Colwell v. Managed Care of North America,Colwell,dk59944558,Published,f
cl4887163,2021-04-09,Evert v. Srb,Evert,dk59944542,Published,f
cl4887183,2021-03-05,Gonzales v. Nebraska Pediatric Practice,,dk59944562,Published,f
cl4887166,2021-04-02,State v. Jennings,Jennings,dk59944545,Published,f
cl4887162,2021-04-09,Wayne L. Ryan Revocable Trust v. Ryan,Ryan,dk59944541,Published,f
cl4887146,2021-05-14,Yagodinski v. Sutton,Yagodinski,dk59944525,Published,f
cl4887157,2021-04-23,In re Guardianship of Nicholas H.,,dk59944536,Published,f
cl4887165,2021-04-02,Wizinsky v. State,Wizinsky,dk59944544,Published,f
cl4887174,2021-03-19,State v. Warlick,Warlick,dk59944553,Published,f
cl4887176,2021-03-19,OMNI Behavioral Health v. State,,dk59944555,Published,f
cl4887154,2021-04-23,Swicord v. Police Stds. Adv. Council,Swicord,dk59944533,Published,f
cl4887153,2021-04-29,Korth v. Korth,Korth,dk59944532,Published,f
cl4887155,2021-04-23,State ex rel. Counsel for Dis. v. Birch,Birch,dk59944534,Published,f
cl4882978,2021-04-23,State ex rel. Counsel for Dis. v. Birch,Birch,dk59906364,Published,f
cl4887170,2021-03-26,In re Interest of A.A.,,dk59944549,Published,f
cl4887141,2021-05-21,Tierney v. Tierney,Tierney,dk59944520,Published,f
cl4887182,2021-03-05,Rodriguez v. Lasting Hope Recovery Ctr.,Rodriguez,dk59944561,Published,f
cl4887178,2021-03-12,Johnson v. Johnson,,dk59944557,Published,f
cl4887145,2021-05-21,Boring v. Zoetis LLC,Boring,dk59944524,Published,f
cl4887175,2021-03-19,State ex rel. Counsel for Dis. v. Beauvais,Beauvais,dk59944554,Published,f
cl4887161,2021-04-16,Brown v. Morello,Brown,dk59944540,Published,f
cl4887144,2021-05-21,Seivert v. Alli,Seivert,dk59944523,Published,f
cl4887148,2021-05-07,Porter v. Porter,Porter,dk59944527,Published,f
cl4887177,2021-03-12,State v. Stelly,Stelly,dk59944556,Published,f
cl4887158,2021-04-23,Champion v. Hall County,Champion,dk59944537,Published,f
cl4887143,2021-05-21,State v. Hernandez,Hernandez,dk59944522,Published,f
cl4887181,2021-03-05,State v. Combs,Combs,dk59944560,Published,f
cl4887172,2021-03-26,"Eletech, Inc. v. Conveyance Consulting Group",,dk59944551,Published,f
cl4843066,2020-12-11,Fuelberth v. Heartland Heating & Air Conditioning,Fuelberth,dk23236224,Published,f
cl4887250,2021-05-28,County of Sarpy v. City of Gretna,,dk59944824,Published,f
cl4887258,2021-05-07,Porter v. Porter,Porter,dk59944832,Published,f
cl4853981,2020-11-13,TDP Phase One v. The Club at the Yard,,dk59192653,Published,f
cl4887256,2021-05-14,Yagodinski v. Sutton,Yagodinski,dk59944830,Published,f
cl4887270,2021-04-16,Great Northern Ins. Co. v. Transit Auth. of Omaha,,dk59944844,Published,f
cl4887288,2021-03-12,Johnson v. Johnson,,dk59944862,Published,f
cl4887279,2021-03-26,State v. Wheeler,Wheeler,dk59944853,Published,f
cl4887283,2021-03-26,Davis v. Moats,Davis,dk59944857,Published,f
cl4887249,2021-05-28,Darling Ingredients v. City of Bellevue,,dk59944823,Published,f
cl4887287,2021-03-12,State v. Stelly,Stelly,dk59944861,Published,f
cl4887257,2021-05-14,McGill Restoration v. Lion Place Condo. Assn.,,dk59944831,Published,f
cl4887253,2021-05-21,State v. Hernandez,Hernandez,dk59944827,Published,f
cl4887277,2021-04-02,State v. Figures,Figures,dk59944851,Published,f
cl4887263,2021-04-29,Korth v. Korth,Korth,dk59944837,Published,f
cl4887280,2021-03-26,In re Interest of A.A.,,dk59944854,Published,f
cl4887264,2021-04-23,Swicord v. Police Stds. Adv. Council,Swicord,dk59944838,Published,f
cl4887267,2021-04-23,In re Guardianship of Nicholas H.,,dk59944841,Published,f
cl4887266,2021-04-23,In re Interest of Victor L.,,dk59944840,Published,f
cl4887260,2021-05-07,Cornwell v. Cornwell,Cornwell,dk59944834,Published,f
cl4887247,2021-05-28,Melton v. City of Holdrege,Melton,dk59944821,Published,f
cl4887255,2021-05-21,Boring v. Zoetis LLC,Boring,dk59944829,Published,f
cl4887262,2021-04-29,"Ryan v. Streck, Inc.",Ryan,dk59944836,Published,f
cl4887265,2021-04-23,State ex rel. Counsel for Dis. v. Birch,Birch,dk59944839,Published,f
cl4887259,2021-05-07,McCaulley v. C L Enters.,McCaulley,dk59944833,Published,f
cl4887268,2021-04-23,Champion v. Hall County,Champion,dk59944842,Published,f
cl4887269,2021-04-16,State v. Malone,Malone,dk59944843,Published,f
cl4887261,2021-04-29,Tyrrell v. Frakes,Tyrrell,dk59944835,Published,f
cl4887273,2021-04-09,Evert v. Srb,Evert,dk59944847,Published,f
cl4887291,2021-03-05,State v. Combs,Combs,dk59944865,Published,f
cl4887275,2021-04-02,Wizinsky v. State,Wizinsky,dk59944849,Published,f
cl4887278,2021-04-02,SID No. 2 of Knox Cty. v. Fischer,Fischer,dk59944852,Published,f
cl4887284,2021-03-19,State v. Warlick,Warlick,dk59944858,Published,f
cl4887286,2021-03-19,OMNI Behavioral Health v. State,,dk59944860,Published,f
cl4887289,2021-03-12,Colwell v. Managed Care of North America,Colwell,dk59944863,Published,f
cl4846263,2021-01-08,Rogers v. Jack's Supper Club,,dk29091077,Published,f
cl4887293,2021-03-05,Gonzales v. Nebraska Pediatric Practice,,dk59944867,Published,f
cl4887285,2021-03-19,State ex rel. Counsel for Dis. v. Beauvais,Beauvais,dk59944859,Published,f
cl4881058,2021-04-16,Great Northern Ins. Co. v. Transit Auth. of Omaha,,dk59889021,Published,f
cl4887274,2021-04-09,Clason v. LOL Investments,Clason,dk59944848,Published,f
cl4887374,2021-05-28,In re R.V.,In re R.V.,dk59945351,Published,f
cl4887391,2021-05-28,State v. Terrell,Terrell,dk59945713,Published,f
cl4887401,2021-05-28,State v. Shepard,Shepard,dk59945723,Published,f
cl4887397,2021-05-28,In re Adoption of E.A.K.,,dk59945719,Published,f
cl4887400,2021-05-28,State v. Wiredu,Wiredu,dk59945722,Published,f
cl4865884,2021-03-19,State v. Bothuel,Bothuel,dk59748199,Published,f
cl4863648,2021-03-12,State v. Acosta,Acosta,dk59728848,Published,f
cl4863645,2021-03-12,State v. Stein,Stein,dk59728845,Published,f
cl4887865,2021-06-01,In re Interest of Destiny U.,,dk59951162,Published,f
cl4887859,2021-06-01,Young v. Zobrist,Young,dk59951156,Published,f
cl4887860,2021-06-01,Pieper v. State,Pieper,dk59951157,Published,f
cl4887861,2021-06-01,Ollis v. Ambassador Real Estate Co.,Ollis,dk59951158,Published,f
cl4887864,2021-06-01,In re Interest of McKenzie D.,,dk59951161,Published,f
cl4887880,2021-06-01,Gatlin v. Harmon,Gatlin,dk59951179,Published,f
cl4887886,2021-06-01,In re L.D.M.,In re L.D.M.,dk59951185,Published,f
cl4887984,2021-06-01,State v. Gideon,Gideon,dk59951665,Published,f
cl4887986,2021-06-01,Myers v. Haviland,Myers,dk59951667,Published,f
cl4843294,2020-12-28,State v. Wrasman,Wrasman,dk26029194,Published,f
cl4888083,2021-06-01,State v. Johnson,,dk59952412,Published,f
cl4846419,2021-01-08,"Key Realty, Ltd. v. Hall",Hall,dk29092641,Published,f
cl4888151,2021-05-28,In re R.V.,In re R.V.,dk59952779,Published,f
cl4868579,2021-03-29,In re M.G.,In re M.G.,dk59772745,Published,t
cl4873857,2021-04-14,In re O.M.,In re O.M.,dk59824227,Published,t
cl4888424,2021-06-02,United States v. Dominguez,Dominguez,dk59954837,Published,f
cl4888465,2021-06-02,In re J.C.,In re J.C.,dk59955520,Published,f
cl4888428,2021-06-02,In re L.Z.,In re L.Z.,dk59954944,Published,f
cl4888674,2021-06-03,Tesoro Great Plains Gathering & Marketing v. Mountain Peak Builders,,dk59957707,Published,f
cl4847047,2020-12-17,Twete v. Mullin,Twete,dk29099439,Published,f
cl4888740,2021-06-03,Guardianship and Conservatorship of S.M.H.,,dk59957968,Published,f
cl4888745,2021-06-03,State v. Miller,,dk59957979,Published,f
cl4888747,2021-06-03,State v. Fields,Fields,dk59957981,Published,f
cl4888872,2021-06-03,United States v. Hyde,Hyde,dk59958745,Unpublished,f
cl4869065,2021-03-30,Phillips v. Ratchet Automotive & Performance,Phillips,dk59777643,Published,f
cl4888890,2021-06-03,"Lane v. U.S. Bank, N.A.",Lane,dk59958844,Published,f
cl4888901,2021-06-03,United States v. Joshua Walker,,dk59959012,Unpublished,f
cl4889154,2021-03-26,In re Interest of A.A.,,dk59961003,Published,f
cl4889063,2021-04-29,Korth v. Korth,Korth,dk59960836,Published,f
cl4889062,2021-04-29,"Ryan v. Streck, Inc.",Ryan,dk59960835,Published,f
cl4889064,2021-04-23,Swicord v. Police Stds. Adv. Council,Swicord,dk59960837,Published,f
cl4889052,2021-05-21,State v. Munoz,Munoz,dk59960825,Published,f
cl4889053,2021-05-21,State v. Hernandez,Hernandez,dk59960826,Published,f
cl4889057,2021-05-14,McGill Restoration v. Lion Place Condo. Assn.,,dk59960830,Published,f
cl4889060,2021-05-07,Cornwell v. Cornwell,Cornwell,dk59960833,Published,f
cl4889044,2021-06-04,State v. Jacob,Jacob,dk59960817,Published,f
cl4889045,2021-06-04,State ex rel. Counsel for Dis. v. Wickham,Wickham,dk59960818,Published,f
cl4889067,2021-04-23,In re Guardianship of Nicholas H.,,dk59960840,Published,f
cl4889048,2021-05-28,Fraternal Order of Police v. City of York,,dk59960821,Published,f
cl4889047,2021-05-28,Melton v. City of Holdrege,Melton,dk59960820,Published,f
cl4889080,2021-03-26,In re Interest of A.A.,,dk59960853,Published,f
cl4889051,2021-05-21,Tierney v. Tierney,Tierney,dk59960824,Published,f
cl4889079,2021-03-26,State v. Wheeler,Wheeler,dk59960852,Published,f
cl4889056,2021-05-14,Yagodinski v. Sutton,Yagodinski,dk59960829,Published,f
cl4889073,2021-04-09,Evert v. Srb,Evert,dk59960846,Published,f
cl4889075,2021-04-02,Wizinsky v. State,Wizinsky,dk59960848,Published,f
cl4889078,2021-04-02,SID No. 2 of Knox Cty. v. Fischer,Fischer,dk59960851,Published,f
cl4889046,2021-05-28,Vyhlidal v. Vyhlidal,Vyhlidal,dk59960819,Published,f
cl4889072,2021-04-09,Wayne L. Ryan Revocable Trust v. Ryan,Ryan,dk59960845,Published,f
cl4889065,2021-04-23,State ex rel. Counsel for Dis. v. Birch,Birch,dk59960838,Published,f
cl4889059,2021-05-07,McCaulley v. C L Enters.,McCaulley,dk59960832,Published,f
cl4889054,2021-05-21,Seivert v. Alli,Seivert,dk59960827,Published,f
cl4889071,2021-04-16,Brown v. Morello,Brown,dk59960844,Published,f
cl4889070,2021-04-16,Great Northern Ins. Co. v. Transit Auth. of Omaha,,dk59960843,Published,f
cl4889058,2021-05-07,Porter v. Porter,Porter,dk59960831,Published,f
cl4889081,2021-03-26,In re Adoption of Yasmin S.,,dk59960854,Published,f
cl4889061,2021-04-29,Tyrrell v. Frakes,Tyrrell,dk59960834,Published,f
cl4889068,2021-04-23,Champion v. Hall County,Champion,dk59960841,Published,f
cl4889069,2021-04-16,State v. Malone,Malone,dk59960842,Published,f
cl4889084,2021-03-19,State v. Warlick,Warlick,dk59960857,Published,f
cl4889083,2021-03-26,Davis v. Moats,Davis,dk59960856,Published,f
cl4889086,2021-03-19,OMNI Behavioral Health v. State,,dk59960859,Published,f
cl4889127,2021-05-21,State v. Hernandez,Hernandez,dk59960976,Published,f
cl4889089,2021-03-12,Colwell v. Managed Care of North America,Colwell,dk59960863,Published,f
cl4889123,2021-05-28,Darling Ingredients v. City of Bellevue,,dk59960972,Published,f
cl4889088,2021-03-12,Johnson v. Johnson,,dk59960862,Published,f
cl4889085,2021-03-19,State ex rel. Counsel for Dis. v. Beauvais,Beauvais,dk59960858,Published,f
cl4889087,2021-03-12,State v. Stelly,Stelly,dk59960861,Published,f
cl4889118,2021-06-04,State ex rel. Counsel for Dis. v. Wickham,Wickham,dk59960967,Published,f
cl4889116,2021-06-04,State v. Malone (supplemental opinion),,dk59960965,Published,f
cl4889121,2021-05-28,Melton v. City of Holdrege,Melton,dk59960970,Published,f
cl4889122,2021-05-28,Fraternal Order of Police v. City of York,,dk59960971,Published,f
cl4889125,2021-05-21,Tierney v. Tierney,Tierney,dk59960974,Published,f
cl4889117,2021-06-04,State v. Jacob,Jacob,dk59960966,Published,f
cl4889126,2021-05-21,State v. Munoz,Munoz,dk59960975,Published,f
cl4889151,2021-04-02,State v. Figures,Figures,dk59961000,Published,f
cl4889153,2021-03-26,State v. Wheeler,Wheeler,dk59961002,Published,f
cl4889134,2021-05-07,Cornwell v. Cornwell,Cornwell,dk59960983,Published,f
cl4889136,2021-04-29,"Ryan v. Streck, Inc.",Ryan,dk59960985,Published,f
cl4889138,2021-04-23,Swicord v. Police Stds. Adv. Council,Swicord,dk59960987,Published,f
cl4889130,2021-05-14,Yagodinski v. Sutton,Yagodinski,dk59960979,Published,f
cl4889129,2021-05-21,Boring v. Zoetis LLC,Boring,dk59960978,Published,f
cl4889120,2021-05-28,Vyhlidal v. Vyhlidal,Vyhlidal,dk59960969,Published,f
cl4889140,2021-04-23,In re Interest of Victor L.,,dk59960989,Published,f
cl4889142,2021-04-23,Champion v. Hall County,Champion,dk59960991,Published,f
cl4889135,2021-04-29,Tyrrell v. Frakes,Tyrrell,dk59960984,Published,f
cl4889128,2021-05-21,Seivert v. Alli,Seivert,dk59960977,Published,f
cl4889132,2021-05-07,Porter v. Porter,Porter,dk59960981,Published,f
cl4889146,2021-04-09,Wayne L. Ryan Revocable Trust v. Ryan,Ryan,dk59960995,Published,f
cl4889145,2021-04-16,Brown v. Morello,Brown,dk59960994,Published,f
cl4889139,2021-04-23,State ex rel. Counsel for Dis. v. Birch,Birch,dk59960988,Published,f
cl4889162,2021-03-12,Johnson v. Johnson,,dk59961011,Published,f
cl4889131,2021-05-14,McGill Restoration v. Lion Place Condo. Assn.,,dk59960980,Published,f
cl4889137,2021-04-29,Korth v. Korth,Korth,dk59960986,Published,f
cl4889147,2021-04-09,Evert v. Srb,Evert,dk59960996,Published,f
cl4889148,2021-04-09,Clason v. LOL Investments,Clason,dk59960997,Published,f
cl4889149,2021-04-02,Wizinsky v. State,Wizinsky,dk59960998,Published,f
cl4889152,2021-04-02,SID No. 2 of Knox Cty. v. Fischer,Fischer,dk59961001,Published,f
cl4889158,2021-03-19,State v. Warlick,Warlick,dk59961007,Published,f
cl4889160,2021-03-19,OMNI Behavioral Health v. State,,dk59961009,Published,f
cl4889163,2021-03-12,Colwell v. Managed Care of North America,Colwell,dk59961012,Published,f
cl4889141,2021-04-23,In re Guardianship of Nicholas H.,,dk59960990,Published,f
cl4889156,2021-03-26,"Eletech, Inc. v. Conveyance Consulting Group",,dk59961005,Published,f
cl4889159,2021-03-19,State ex rel. Counsel for Dis. v. Beauvais,Beauvais,dk59961008,Published,f
cl4883073,2021-04-16,Great Northern Ins. Co. v. Transit Auth. of Omaha,,dk59906637,Published,f
cl4889155,2021-03-26,In re Adoption of Yasmin S.,,dk59961004,Published,f
cl4889133,2021-05-07,McCaulley v. C L Enters.,McCaulley,dk59960982,Published,f
cl4843078,2020-11-13,Higgins v. Currier,Higgins,dk23236896,Published,f
cl4889049,2021-05-28,Darling Ingredients v. City of Bellevue,,dk59960822,Published,f
cl4889279,2021-06-04,in Interest of E.S,,dk59962481,Published,f
cl4889224,2021-06-04,Colindres-Zelaya v. Garland,Colindres-Zelaya,dk59962091,Unpublished,f
cl4889246,2021-06-04,"Auto-Owners Ins. Co. v. Bolt Factory Lofts Owners Ass'n, Inc",,dk59962185,Published,f
cl4889250,2021-06-04,v Zacheis,v Zacheis,dk59962189,Published,f
cl4889252,2021-06-04,Ragan v. Ragan,Ragan,dk59962191,Published,f
cl4889273,2021-06-04,v. People,v. People,dk59962446,Published,f
cl4889274,2021-06-04,in Int. of S.A.G,,dk59962447,Published,f
cl4889275,2021-06-04,in Int. of B.H,,dk59962448,Published,f
cl4858089,2021-02-22,v. Thompson,v. Thompson,dk59671939,Published,f
cl4889336,2021-06-04,Singh v. Garland,Singh,dk59963763,Unpublished,f
cl4889318,2021-06-04,"Key Realty, Ltd. v. Hall",Hall,dk59962856,Published,f
cl4889495,2021-06-07,United States v. Robert Christopher Sunmonu,,dk59964872,Unpublished,f
cl4889763,2021-05-14,Yagodinski v. Sutton,Yagodinski,dk59967642,Published,f
cl4889758,2021-05-21,Tierney v. Tierney,Tierney,dk59967637,Published,f
cl4889633,2021-06-07,State v. Floyd,Floyd,dk59966664,Published,f
cl4889632,2021-06-07,State v. Gossman,Gossman,dk59966663,Published,f
cl4889638,2021-06-07,Grater v. Damascus Twp. Trustees,Grater,dk59966669,Published,f
cl4889631,2021-06-07,State v. Ward,Ward,dk59966662,Published,f
cl4889775,2021-04-23,Champion v. Hall County,Champion,dk59967654,Published,f
cl4832875,2020-11-23,State ex rel. Unterbrink v. Elida Local Schools Bd. of Edn.,,dk18687706,Published,f
cl4889760,2021-05-21,State v. Hernandez,Hernandez,dk59967639,Published,f
cl4889756,2021-05-28,Darling Ingredients v. City of Bellevue,,dk59967635,Published,f
cl4889767,2021-05-07,Cornwell v. Cornwell,Cornwell,dk59967646,Published,f
cl4889759,2021-05-21,State v. Munoz,Munoz,dk59967638,Published,f
cl4889762,2021-05-21,Boring v. Zoetis LLC,Boring,dk59967641,Published,f
cl4889751,2021-06-04,State ex rel. Counsel for Dis. v. Wickham,Wickham,dk59967630,Published,f
cl4889772,2021-04-23,State ex rel. Counsel for Dis. v. Birch,Birch,dk59967651,Published,f
cl4889752,2021-06-04,State ex rel. Counsel for Dis. v. Bowers,Bowers,dk59967631,Published,f
cl4889774,2021-04-23,In re Guardianship of Nicholas H.,,dk59967653,Published,f
cl4889749,2021-06-04,State v. Malone (supplemental opinion),,dk59967628,Published,f
cl4889769,2021-04-29,"Ryan v. Streck, Inc.",Ryan,dk59967648,Published,f
cl4889771,2021-04-23,Swicord v. Police Stds. Adv. Council,Swicord,dk59967650,Published,f
cl4889757,2021-05-28,County of Sarpy v. City of Gretna,,dk59967636,Published,f
cl4889754,2021-05-28,Melton v. City of Holdrege,Melton,dk59967633,Published,f
cl4889780,2021-04-09,Evert v. Srb,Evert,dk59967659,Published,f
cl4889781,2021-04-09,Clason v. LOL Investments,Clason,dk59967660,Published,f
cl4889782,2021-04-02,Wizinsky v. State,Wizinsky,dk59967661,Published,f
cl4889124,2021-05-28,County of Sarpy v. City of Gretna,,dk59960973,Published,f
cl4889785,2021-04-02,SID No. 2 of Knox Cty. v. Fischer,Fischer,dk59967664,Published,f
cl4889787,2021-03-26,In re Interest of A.A.,,dk59967666,Published,f
cl4889791,2021-03-19,State v. Warlick,Warlick,dk59967670,Published,f
cl4889793,2021-03-19,OMNI Behavioral Health v. State,,dk59967672,Published,f
cl4889796,2021-03-12,Colwell v. Managed Care of North America,Colwell,dk59967675,Published,f
cl4889795,2021-03-12,Johnson v. Johnson,,dk59967674,Published,f
cl4889761,2021-05-21,Seivert v. Alli,Seivert,dk59967640,Published,f
cl4889784,2021-04-02,State v. Figures,Figures,dk59967663,Published,f
cl4889794,2021-03-12,State v. Stelly,Stelly,dk59967673,Published,f
cl4889801,2021-06-08,State v. Castillas,Castillas,dk59967680,Published,f
cl4889803,2021-06-08,Richardson v. Omni Behavioral Health,,dk59967682,Published,f
cl4889806,2021-06-01,Pieper v. State,Pieper,dk59967685,Published,f
cl4889834,2021-05-21,State v. Hernandez,Hernandez,dk59967833,Published,f
cl4840664,2020-10-02,In re Claim of Roberts for Attorney Fees,,dk18756085,Published,f
cl4889830,2021-05-28,Darling Ingredients v. City of Bellevue,,dk59967829,Published,f
cl4889841,2021-05-07,Cornwell v. Cornwell,Cornwell,dk59967840,Published,f
cl4889844,2021-04-29,Korth v. Korth,Korth,dk59967843,Published,f
cl4889826,2021-06-04,State ex rel. Counsel for Dis. v. Bowers,Bowers,dk59967823,Published,f
cl4889838,2021-05-14,McGill Restoration v. Lion Place Condo. Assn.,,dk59967837,Published,f
cl4889842,2021-04-29,Tyrrell v. Frakes,Tyrrell,dk59967841,Published,f
cl4889831,2021-05-28,County of Sarpy v. City of Gretna,,dk59967830,Published,f
cl4889828,2021-05-28,Melton v. City of Holdrege,Melton,dk59967825,Published,f
cl4889825,2021-06-04,State ex rel. Counsel for Dis. v. Wickham,Wickham,dk59967822,Published,f
cl4889845,2021-04-23,Swicord v. Police Stds. Adv. Council,Swicord,dk59967844,Published,f
cl4889843,2021-04-29,"Ryan v. Streck, Inc.",Ryan,dk59967842,Published,f
cl4851984,2020-12-11,Fuelberth v. Heartland Heating & Air Conditioning,Fuelberth,dk53269673,Published,f
cl4889832,2021-05-21,Tierney v. Tierney,Tierney,dk59967831,Published,f
cl4889840,2021-05-07,McCaulley v. C L Enters.,McCaulley,dk59967839,Published,f
cl4889848,2021-04-23,In re Guardianship of Nicholas H.,,dk59967847,Published,f
cl4889837,2021-05-14,Yagodinski v. Sutton,Yagodinski,dk59967836,Published,f
cl4889854,2021-04-09,Evert v. Srb,Evert,dk59967853,Published,f
cl4889836,2021-05-21,Boring v. Zoetis LLC,Boring,dk59967835,Published,f
cl4889839,2021-05-07,Porter v. Porter,Porter,dk59967838,Published,f
cl4889850,2021-04-16,State v. Malone,Malone,dk59967849,Published,f
cl4889833,2021-05-21,State v. Munoz,Munoz,dk59967832,Published,f
cl4889863,2021-03-26,"Eletech, Inc. v. Conveyance Consulting Group",,dk59967863,Published,f
cl4889868,2021-03-12,State v. Stelly,Stelly,dk59967868,Published,f
cl4889855,2021-04-09,Clason v. LOL Investments,Clason,dk59967855,Published,f
cl4889856,2021-04-02,Wizinsky v. State,Wizinsky,dk59967856,Published,f
cl4889859,2021-04-02,SID No. 2 of Knox Cty. v. Fischer,Fischer,dk59967859,Published,f
cl4889853,2021-04-09,Wayne L. Ryan Revocable Trust v. Ryan,Ryan,dk59967852,Published,f
cl4889861,2021-03-26,In re Interest of A.A.,,dk59967861,Published,f
cl4889860,2021-03-26,State v. Wheeler,Wheeler,dk59967860,Published,f
cl4889865,2021-03-19,State v. Warlick,Warlick,dk59967865,Published,f
cl4889867,2021-03-19,OMNI Behavioral Health v. State,,dk59967867,Published,f
cl4889870,2021-03-12,Colwell v. Managed Care of North America,Colwell,dk59967870,Published,f
cl4889866,2021-03-19,State ex rel. Counsel for Dis. v. Beauvais,Beauvais,dk59967866,Published,f
cl4889864,2021-03-26,Davis v. Moats,Davis,dk59967864,Published,f
cl4889849,2021-04-23,Champion v. Hall County,Champion,dk59967848,Published,f
cl4889862,2021-03-26,In re Adoption of Yasmin S.,,dk59967862,Published,f
cl4849822,2020-12-11,Fuelberth v. Heartland Heating & Air Conditioning,Fuelberth,dk36598202,Published,f
cl4890048,2021-06-08,Sandra White v. United States,,dk59969051,Unpublished,f
cl4890064,2021-06-08,Personal Restraint Petition Of: Matthew Butler,,dk59969136,Unpublished,f
cl4890212,2021-06-09,State v. Mills,Mills,dk59971165,Published,f
cl4890234,2021-06-09,United States v. Joseph Harris,,dk59971611,Published,f
cl4890246,2021-06-09,Hercules v. Garland,Hercules,dk59971891,Unpublished,f
cl4890571,2021-06-10,Kennedy v. Stadtlander,Stadtlander,dk59974830,Published,f
cl4890572,2021-06-10,Fredieu v. Case W. Res. Univ.,Fredieu,dk59974831,Published,f
cl4890640,2021-06-09,State v. Bates,,dk59975143,Published,f
cl4832852,2020-11-18,William Powell Co. v. OneBeacon Ins. Co.,,dk18687683,Published,f
cl4890653,2021-06-10,in Interest of J.R,,dk59975350,Published,f
cl4890654,2021-06-10,"Colo. Judicial Dep't, Eighteenth Judicial Dist. v. Colo. Judicial Dep't Personnel Bd. of Review",,dk59975351,Published,f
cl4890751,2021-05-21,State v. Hernandez,Hernandez,dk59977255,Published,f
cl4890746,2021-05-28,Fraternal Order of Police v. City of York,,dk59977250,Published,f
cl4890747,2021-05-28,Darling Ingredients v. City of Bellevue,,dk59977251,Published,f
cl4890748,2021-05-28,County of Sarpy v. City of Gretna,,dk59977252,Published,f
cl4890745,2021-05-28,Melton v. City of Holdrege,Melton,dk59977249,Published,f
cl4890749,2021-05-21,Tierney v. Tierney,Tierney,dk59977253,Published,f
cl4890743,2021-06-04,State ex rel. Counsel for Dis. v. Bowers,Bowers,dk59977247,Published,f
cl4890742,2021-06-04,State ex rel. Counsel for Dis. v. Wickham,Wickham,dk59977246,Published,f
cl4890752,2021-05-21,Seivert v. Alli,Seivert,dk59977256,Published,f
cl4890744,2021-05-28,Vyhlidal v. Vyhlidal,Vyhlidal,dk59977248,Published,f
cl4890750,2021-05-21,State v. Munoz,Munoz,dk59977254,Published,f
cl4890777,2021-03-26,State v. Wheeler,Wheeler,dk59977281,Published,f
cl4890847,2021-06-04,State v. Jacob,Jacob,dk59977488,Published,f
cl4890853,2021-05-28,Darling Ingredients v. City of Bellevue,,dk59977495,Published,f
cl4890855,2021-05-21,Tierney v. Tierney,Tierney,dk59977497,Published,f
cl4890851,2021-05-28,Melton v. City of Holdrege,Melton,dk59977493,Published,f
cl4890854,2021-05-28,County of Sarpy v. City of Gretna,,dk59977496,Published,f
cl4890856,2021-05-21,State v. Munoz,Munoz,dk59977498,Published,f
cl4890849,2021-06-04,State ex rel. Counsel for Dis. v. Bowers,Bowers,dk59977490,Published,f
cl4890848,2021-06-04,State ex rel. Counsel for Dis. v. Wickham,Wickham,dk59977489,Published,f
cl4890843,2021-06-11,State v. Duncan,Duncan,dk59977484,Published,f
cl4890850,2021-05-28,Vyhlidal v. Vyhlidal,Vyhlidal,dk59977491,Published,f
cl4890845,2021-06-11,In re Estate of Akerson,,dk59977486,Published,f
cl4890858,2021-05-21,Seivert v. Alli,Seivert,dk59977500,Published,f
cl4890938,2021-06-11,United States v. Luis Fernandez Morales,,dk59977844,Unpublished,f
cl4891015,2021-06-11,State v. Maston,Maston,dk59978286,Published,f
cl4891014,2021-06-11,State v. Webb,Webb,dk59978285,Published,f
cl4891016,2021-06-11,State v. Johnson,,dk59978287,Published,f
cl4891457,2021-06-04,In re L.G.,In re L.G.,dk59982374,Published,f
cl4891465,2021-06-14,Jonathan Gould v. Albert Bond,,dk59982504,Published,f
cl4891470,2021-06-14,Gross v. Secretary of Health and Human Services,Gross,dk59982509,Published,f
cl4891473,2021-06-14,State v. Glisson,Glisson,dk59982592,Published,f
cl4891487,2021-06-14,State v. Moran,Moran,dk59982812,Published,f
cl4891743,2021-06-15,Taylor-Couchman v. DeWitt-Couchman,Taylor-Couchman,dk59985062,Published,f
cl4891863,2021-06-10,State v. Young,Young,dk59985572,Published,f
cl4891987,2021-06-15,United States v. Michael Brian Anderson,,dk59986643,Published,f
cl4892002,2021-06-15,McDougald v. Ohio Dept. of Rehab. & Corr.,McDougald,dk59986754,Published,f
cl4892286,2021-06-14,State v. Benson,Benson,dk59989180,Published,f
cl4892290,2021-06-11,State v. Chapman,Chapman,dk59989184,Published,f
cl4892410,2021-06-16,State v. Kirks,Kirks,dk59990157,Published,f
cl4892568,2021-06-17,Arellano v. McDonough,Arellano,dk59992706,Published,f
cl4892812,2021-06-17,In re T.S.,In re T.S.,dk59993558,Published,t
cl4892820,2021-06-17,Alamo Forensic Srv v. Bexar Cty,,dk59993812,Unpublished,t
cl4892937,2021-06-17,United States v. Pedro Dino Cedado Nunez,,dk59994814,Published,f
cl4892977,2021-05-28,Vyhlidal v. Vyhlidal,Vyhlidal,dk59996508,Published,f
cl4892975,2021-06-04,State ex rel. Counsel for Dis. v. Wickham,Wickham,dk59996506,Published,f
cl4892978,2021-05-28,Melton v. City of Holdrege,Melton,dk59996509,Published,f
cl4892963,2021-06-17,Craaybeek v. Lumpkin,Craaybeek,dk59996214,Unpublished,t
cl4892981,2021-05-28,County of Sarpy v. City of Gretna,,dk59996512,Published,f
cl4892991,2021-05-07,Cornwell v. Cornwell,Cornwell,dk59996522,Published,f
cl4892999,2021-04-23,Champion v. Hall County,Champion,dk59996530,Published,f
cl4892980,2021-05-28,Darling Ingredients v. City of Bellevue,,dk59996511,Published,f
cl4892984,2021-05-21,State v. Hernandez,Hernandez,dk59996515,Published,f
cl4892982,2021-05-21,Tierney v. Tierney,Tierney,dk59996513,Published,f
cl4892990,2021-05-07,McCaulley v. C L Enters.,McCaulley,dk59996521,Published,f
cl4893065,2021-06-18,Peterson v. Jacobitz,Peterson,dk59996678,Published,f
cl4893073,2021-06-04,State ex rel. Counsel for Dis. v. Bowers,Bowers,dk59996686,Published,f
cl4893072,2021-06-04,State ex rel. Counsel for Dis. v. Wickham,Wickham,dk59996685,Published,f
cl4893078,2021-05-28,County of Sarpy v. City of Gretna,,dk59996692,Published,f
cl4893081,2021-05-21,State v. Hernandez,Hernandez,dk59996695,Published,f
cl4893075,2021-05-28,Melton v. City of Holdrege,Melton,dk59996688,Published,f
cl4893080,2021-05-21,State v. Munoz,Munoz,dk59996694,Published,f
cl4893063,2021-06-18,State v. Estrada Comacho,,dk59996676,Published,f
cl4893077,2021-05-28,Darling Ingredients v. City of Bellevue,,dk59996690,Published,f
cl4893079,2021-05-21,Tierney v. Tierney,Tierney,dk59996693,Published,f
cl4893083,2021-05-21,Boring v. Zoetis LLC,Boring,dk59996697,Published,f
cl4893085,2021-05-14,McGill Restoration v. Lion Place Condo. Assn.,,dk59996699,Published,f
cl4893084,2021-05-14,Yagodinski v. Sutton,Yagodinski,dk59996698,Published,f
cl4893239,2021-06-18,Morris v. Lumpkin,Morris,dk59998721,Unpublished,t
cl4893439,2021-06-21,In re S.W.,In re S.W.,dk60000039,Published,f
cl4893438,2021-06-21,State v. Allen,Allen,dk60000038,Published,f
cl4893464,2021-06-21,United States v. Ramos,Ramos,dk60000509,Unpublished,t
cl4893534,2021-06-21,"South Grand View Development Company, Inc. v. City of Alabaster, Alabama",,dk60001456,Published,f
cl4893644,2021-06-22,Kier v. County of Hall,Kier,dk60002754,Published,f
cl4853886,2021-01-08,Equestrian Ridge v. Equestrian Ridge Estates II,,dk59180657,Published,f
cl4893652,2021-06-21,"South Grand View Development Company, Inc. v. City of Alabaster, Alabama",,dk60002829,Published,f
cl4893682,2021-06-22,Jones v. Cuomo,Jones,dk60003040,Published,f
cl4849851,2021-01-22,Steele v. Steele,Steele,dk36606389,Published,t
cl4864538,2021-03-16,In re J.B.,In re J.B.,dk59736210,Published,t
cl4834624,2020-12-01,In re Determination of Existence of Significantly Excessive Earnings for 2017 Under the Elec. Sec. Plan of Ohio Edison Co. (Slip Opinion),,dk18701866,Published,f
cl4894106,2021-06-23,State v. Denney,Denney,dk60006595,Published,f
cl4894108,2021-06-23,Omobien v. Flinn,Omobien,dk60006598,Published,f
cl4894145,2021-06-23,Guidry v. Lumpkin,Guidry,dk60007371,Published,f
cl4894208,2021-06-22,Weiler v. Knox Community Hosp.,Weiler,dk60007510,Published,f
cl4894313,2021-06-23,Tawani v. Garland,Tawani,dk60009141,Unpublished,t
cl4894476,2021-06-24,Daher v. Cuyahoga Community College Dist.,Daher,dk60010058,Published,f
cl4894618,2021-06-24,Musoko Tshidibi v. Garland,,dk60010924,Unpublished,t
cl4894694,2021-06-24,Myles v. Twin Valley Behavior Healthcare,Myles,dk60011831,Published,f
cl4894726,2021-06-24,Clark v. CertainTeed,CertainTeed,dk60012778,Unpublished,t
cl4894781,2021-04-02,State v. Figures,Figures,dk60013082,Published,f
cl4894776,2021-04-09,Wayne L. Ryan Revocable Trust v. Ryan,Ryan,dk60013077,Published,f
cl4894760,2021-05-14,Yagodinski v. Sutton,Yagodinski,dk60013061,Published,f
cl4894764,2021-05-07,Cornwell v. Cornwell,Cornwell,dk60013065,Published,f
cl4894739,2021-06-18,State v. Estrada Comacho,,dk60013040,Published,f
cl4894755,2021-05-21,Tierney v. Tierney,Tierney,dk60013056,Published,f
cl4894757,2021-05-21,State v. Hernandez,Hernandez,dk60013058,Published,f
cl4894743,2021-06-11,State v. Duncan,Duncan,dk60013044,Published,f
cl4894761,2021-05-14,McGill Restoration v. Lion Place Condo. Assn.,,dk60013062,Published,f
cl4894780,2021-04-02,State v. Jennings,Jennings,dk60013081,Published,f
cl4894773,2021-04-16,State v. Malone,Malone,dk60013074,Published,f
cl4894862,2021-04-23,In re Interest of Victor L.,,dk60013290,Published,f
cl4894775,2021-04-16,Brown v. Morello,Brown,dk60013076,Published,f
cl4894759,2021-05-21,Boring v. Zoetis LLC,Boring,dk60013060,Published,f
cl4894772,2021-04-23,Champion v. Hall County,Champion,dk60013073,Published,f
cl4894751,2021-05-28,Melton v. City of Holdrege,Melton,dk60013052,Published,f
cl4894749,2021-06-04,State ex rel. Counsel for Dis. v. Bowers,Bowers,dk60013050,Published,f
cl4894754,2021-05-28,County of Sarpy v. City of Gretna,,dk60013055,Published,f
cl4894753,2021-05-28,Darling Ingredients v. City of Bellevue,,dk60013054,Published,f
cl4894748,2021-06-04,State ex rel. Counsel for Dis. v. Wickham,Wickham,dk60013049,Published,f
cl4894740,2021-06-18,State ex rel. Counsel for Dis. v. Primmer,Primmer,dk60013041,Published,f
cl4894766,2021-04-29,"Ryan v. Streck, Inc.",Ryan,dk60013067,Published,f
cl4894767,2021-04-29,Korth v. Korth,Korth,dk60013068,Published,f
cl4894777,2021-04-09,Evert v. Srb,Evert,dk60013078,Published,f
cl4894778,2021-04-09,Clason v. LOL Investments,Clason,dk60013079,Published,f
cl4894779,2021-04-02,Wizinsky v. State,Wizinsky,dk60013080,Published,f
cl4894782,2021-04-02,SID No. 2 of Knox Cty. v. Fischer,Fischer,dk60013083,Published,f
cl4894768,2021-04-23,Swicord v. Police Stds. Adv. Council,Swicord,dk60013069,Published,f
cl4894769,2021-04-23,State ex rel. Counsel for Dis. v. Birch,Birch,dk60013070,Published,f
cl4894770,2021-04-23,In re Interest of Victor L.,,dk60013071,Published,f
cl4894762,2021-05-07,Porter v. Porter,Porter,dk60013063,Published,f
cl4894765,2021-04-29,Tyrrell v. Frakes,Tyrrell,dk60013066,Published,f
cl4894763,2021-05-07,McCaulley v. C L Enters.,McCaulley,dk60013064,Published,f
cl4878814,2021-04-16,Great Northern Ins. Co. v. Transit Auth. of Omaha,,dk59868435,Published,f
cl4894861,2021-04-23,State ex rel. Counsel for Dis. v. Birch,Birch,dk60013289,Published,f
cl4894846,2021-05-28,County of Sarpy v. City of Gretna,,dk60013273,Published,f
cl4894820,2021-06-24,Lynn Beth Baum v. David Baum,,dk60013182,Unpublished,t
cl4894856,2021-05-07,Cornwell v. Cornwell,Cornwell,dk60013284,Published,f
cl4894853,2021-05-14,McGill Restoration v. Lion Place Condo. Assn.,,dk60013281,Published,f
cl4894848,2021-05-21,State v. Munoz,Munoz,dk60013275,Published,f
cl4894849,2021-05-21,State v. Hernandez,Hernandez,dk60013276,Published,f
cl4894850,2021-05-21,Seivert v. Alli,Seivert,dk60013277,Published,f
cl4894868,2021-04-09,Wayne L. Ryan Revocable Trust v. Ryan,Ryan,dk60013296,Published,f
cl4894829,2021-06-25,In re William R. Zutavern Revocable Trust,,dk60013256,Published,f
cl4894852,2021-05-14,Yagodinski v. Sutton,Yagodinski,dk60013280,Published,f
cl4894867,2021-04-16,Brown v. Morello,Brown,dk60013295,Published,f
cl4894851,2021-05-21,Boring v. Zoetis LLC,Boring,dk60013279,Published,f
cl4894832,2021-06-18,State ex rel. Counsel for Dis. v. Primmer,Primmer,dk60013259,Published,f
cl4894858,2021-04-29,"Ryan v. Streck, Inc.",Ryan,dk60013286,Published,f
cl4894859,2021-04-29,Korth v. Korth,Korth,dk60013287,Published,f
cl4894860,2021-04-23,Swicord v. Police Stds. Adv. Council,Swicord,dk60013288,Published,f
cl4894836,2021-06-11,State v. Childs,Childs,dk60013263,Published,f
cl4894847,2021-05-21,Tierney v. Tierney,Tierney,dk60013274,Published,f
cl4894854,2021-05-07,Porter v. Porter,Porter,dk60013282,Published,f
cl4894834,2021-06-18,In re Interest of Mekhi S.,,dk60013261,Published,f
cl4894830,2021-06-25,In re Interest of Mateo L.,,dk60013257,Published,f
cl4894857,2021-04-29,Tyrrell v. Frakes,Tyrrell,dk60013285,Published,f
cl4894863,2021-04-23,In re Guardianship of Nicholas H.,,dk60013291,Published,f
cl4894841,2021-06-04,State ex rel. Counsel for Dis. v. Bowers,Bowers,dk60013268,Published,f
cl4894845,2021-05-28,Darling Ingredients v. City of Bellevue,,dk60013272,Published,f
cl4894869,2021-04-09,Evert v. Srb,Evert,dk60013297,Published,f
cl4894831,2021-06-18,State v. Estrada Comacho,,dk60013258,Published,f
cl4894870,2021-04-09,Clason v. LOL Investments,Clason,dk60013298,Published,f
cl4894871,2021-04-02,Wizinsky v. State,Wizinsky,dk60013299,Published,f
cl4894874,2021-04-02,SID No. 2 of Knox Cty. v. Fischer,Fischer,dk60013302,Published,f
cl4851879,2021-01-08,Rogers v. Jack's Supper Club,,dk51960556,Published,f
cl4894855,2021-05-07,McCaulley v. C L Enters.,McCaulley,dk60013283,Published,f
cl4894915,2021-06-24,State v. Newman,Newman,dk60013718,Published,f
cl4894977,2021-06-25,State v. Moore,Moore,dk60014269,Published,f
cl4874288,2021-04-16,Cline v. Tecumseh Local Bd. of Edn.,Cline,dk59828380,Published,f
cl4870432,2021-04-02,State v. Moore,Moore,dk59789560,Published,f
cl4835773,2020-12-03,Reister v. Gardner (Slip Opinion),Reister,dk18714524,Published,f
cl4757326,2020-05-29,Pendry v. Troy Police Dept.,Pendry,dk17204284,Published,f
cl4894985,2021-06-25,United States v. Freeman,Freeman,dk60014441,Unpublished,t
cl4895031,2021-06-25,State v. Ivey,Ivey,dk60014904,Published,f
cl4895036,2021-06-25,Reynolds v. Reynolds,Reynolds,dk60014909,Published,t
cl4866845,2021-03-23,J.J. v. Kilgore,J.J.,dk59755982,Published,f
cl4844684,2020-12-31,"LRC Realty, Inc. v. B.E.B. Properties",,dk27368036,Published,f
cl4895128,2021-06-25,"in Re Facebook, Inc. and Facebook, Inc. D/B/A Instagram",,dk60017592,Published,f
cl61739,2008-05-16,"Doe v. MySpace, Inc.",Doe,dk27703,Published,f
cl4895335,2021-06-28,In re K.G.,In re K.G.,dk60018394,Published,f
cl4846633,2021-01-11,State v. Henson,Henson,dk29095323,Published,f
cl4854590,2021-02-01,State v. Blair,Blair,dk59234855,Published,f
cl4895361,2021-06-28,State v. Guzman,Guzman,dk60018640,Published,f
cl4895366,2021-06-28,Gainer v. Cavanaugh,Gainer,dk60018645,Published,f
cl4895371,2021-06-28,State v. Brown,Brown,dk60018657,Published,t
cl4866365,2021-03-22,State v. Lay,Lay,dk59751710,Published,f
cl4832867,2020-11-20,Powlette v. Dayton Bd. of Bldg. Appeals,Powlette,dk18687698,Published,f
cl4895429,2021-06-28,State v. Zemljic,Zemljic,dk60019277,Published,f
cl4895431,2021-06-28,State v. Perry,Perry,dk60019279,Published,f
cl4895647,2021-06-29,State v. Staudenmaier,Staudenmaier,dk60021264,Published,f
cl4895540,2021-06-22,Kier v. County of Hall,Kier,dk60020975,Published,f
cl4895541,2021-06-15,Taylor-Couchman v. DeWitt-Couchman,Taylor-Couchman,dk60020976,Published,t
cl4895648,2021-06-29,State v. Sanchez,Sanchez,dk60021265,Published,f
cl4895650,2021-06-29,Nelson v. Richardson-Nelson,Richardson-Nelson,dk60021267,Published,t
cl4895655,2021-06-22,Kier v. County of Hall,Kier,dk60021272,Published,f
cl4895656,2021-06-15,Taylor-Couchman v. DeWitt-Couchman,Taylor-Couchman,dk60021273,Published,t
cl4839172,2020-12-15,Menorah Park Ctr. for Senior Living v. Rolston (Slip Opinion),,dk18743567,Published,f
cl4895735,2021-06-29,State v. Bost,Bost,dk60021971,Published,f
cl4895872,2021-06-29,State v. Long,Long,dk60023315,Published,f
cl4895876,2021-06-29,Craig v. Gilchrist,Craig,dk60023319,Published,t
cl4895924,2021-06-29,Oliver v. Arnold,Oliver,dk60024447,Published,f
cl4896186,2021-06-30,"State ex rel. Delta Lookout, L.L.C. v. Cincinnati",,dk60025676,Published,f
cl4896187,2021-06-30,"Danopulos v. Am. Trading II, L.L.C.",Danopulos,dk60025677,Published,f
cl4896201,2021-06-30,State v. Ewing,Ewing,dk60025713,Published,t
cl4896191,2021-06-30,State v. Culberson,Culberson,dk60025682,Published,f
cl4896200,2021-06-30,State v. Finch-Ball,Finch-Ball,dk60025712,Published,f
cl4896196,2021-06-30,State v. Stultz,Stultz,dk60025704,Published,f
cl4896198,2021-06-30,State v. Kimbrough,Kimbrough,dk60025710,Published,f
cl4873301,2021-04-14,State ex rel. Whittaker v. Lucas Cty. Prosecutor's Office (Slip Opinion),,dk59819519,Published,f
cl4861511,2021-03-05,State v. Wright,Wright,dk59708395,Published,f
cl4836319,2020-12-07,State v. Kibble,Kibble,dk18719228,Published,f
cl4861516,2021-03-05,State v. Butler,,dk59708400,Published,f
cl4896343,2021-06-30,Browne v. Artex Oil Co.,Browne,dk60027273,Published,t
cl4896344,2021-06-30,Wright v. Brice,Wright,dk60027276,Published,f
cl4896347,2021-06-30,State ex rel. Covington v. Woods,Woods,dk60027279,Published,f
cl4896349,2021-06-30,Pointer v. Smith,Pointer,dk60027281,Published,f
cl4896379,2021-06-30,State v. Kimbrough,Kimbrough,dk60027809,Published,f
cl4896396,2021-06-30,State v. Gunn,Gunn,dk60028469,Published,f
cl4896397,2021-06-30,State v. Brandt,Brandt,dk60028470,Published,f
cl4896752,2021-07-01,State ex rel. Weeks v. Phipps,Phipps,dk60031892,Published,f
cl4896835,2021-07-01,Alarm Protection v. Crandall,Crandall,dk60032558,Published,f
cl4896836,2021-07-01,Alarm Protection v. Bradburn,Bradburn,dk60032559,Published,f
cl4846629,2021-01-11,Nelson v. Nelson,,dk29095319,Published,f
cl4849915,2021-01-22,State v. Halka,Halka,dk36780251,Published,f
cl4874718,2021-04-19,State v. Shaibi,Shaibi,dk59832640,Published,f
cl4881056,2021-04-23,Champion v. Hall County,Champion,dk59889019,Published,f
cl4852034,2021-01-29,Edwards v. Douglas County,Edwards,dk53498876,Published,f
cl4861888,2021-03-08,State v. Richcreek,Richcreek,dk59712792,Published,f
cl4889766,2021-05-07,McCaulley v. C L Enters.,McCaulley,dk59967645,Published,f
cl4902186,2021-07-02,Guenther v. Walnut Grove Hillside Condo. Regime No. 3,Guenther,dk60077537,Published,f
cl4846170,2020-11-13,State v. Stack,Stack,dk29090667,Published,f
cl4885380,2021-05-21,State v. Penn,Penn,dk59927267,Published,f
cl5064675,2021-08-30,State v. Hardy,Hardy,dk60321771,Published,f
cl5064672,2021-08-30,State v. Thompson,Thompson,dk60321768,Published,f
cl5064674,2021-08-30,State v. Richard,Richard,dk60321770,Published,f
cl5064676,2021-08-30,State v. Pedraza,Pedraza,dk60321772,Published,f
cl4898073,2021-07-06,State v. Stevens,Stevens,dk60041660,Published,f
cl5064707,2021-08-30,State v. Smith,,dk60322362,Published,t
cl5064710,2021-08-30,State v. Covington,Covington,dk60322365,Published,f
cl4863367,2021-01-22,In re Estate of Larson,,dk59726459,Published,f
cl4870750,2021-04-05,State v. Tipton,Tipton,dk59793238,Published,f
cl4861873,2021-03-08,State v. Smith,,dk59712517,Published,f
cl4869815,2021-04-01,State v. Parker,Parker,dk59780863,Published,f
cl5064730,2021-08-23,State v. Snowden,Snowden,dk60322645,Published,f
cl5064806,2021-08-24,State v. Hoops,Hoops,dk60324820,Published,f
cl5064906,2021-08-24,State v. Hoops,Hoops,dk60325098,Published,f
cl5064996,2021-08-31,v. Center for Excellence,,dk60326213,Published,f
cl5065046,2021-08-31,State v. Williams,,dk60326727,Published,f
cl5065048,2021-08-31,State ex rel. Battigaglia v. Bur. of Sentence Computation,,dk60326729,Published,f
cl4832903,2020-11-06,State v. Carpenter,Carpenter,dk18687737,Published,t
cl5065069,2021-08-31,In re M.R.,In re M.R.,dk60327256,Published,f
cl5065570,2021-09-02,T.R.H. v. A.D.H.,T.R.H.,dk60333926,Published,t
cl5065572,2021-09-02,State v. Tobias,Tobias,dk60333928,Published,f
cl5065573,2021-09-02,State v. Hill,Hill,dk60333929,Published,f
cl5065647,2021-09-02,v. Pellegrin,v. Pellegrin,dk60334552,Published,f
cl5065648,2021-09-02,k v. Esperanza Architecture,k,dk60334553,Published,f
cl4853833,2021-02-04,Peo v. Plemmons,Peo,dk59157958,Published,f
cl5067201,2021-09-02,United States v. Perez-Rodriguez,Perez-Rodriguez,dk60337169,Published,f
cl4849742,2020-11-20,In re Interest of Seth C.,,dk36424606,Published,f
cl4896617,2021-07-01,State v. Kamal,Kamal,dk60031100,Published,f
cl4878592,2021-04-29,V.C. v. O.C.,V.C.,dk59865096,Published,f
cl4875179,2021-04-20,Cirino v. Bur. of Workers' Comp.,Cirino,dk59837410,Published,f
cl4835747,2020-10-23,In re Interest of Leyton C. & Landyn C.,,dk18714497,Published,f
cl4889847,2021-04-23,In re Interest of Victor L.,,dk59967846,Published,f
cl4865714,2021-02-05,Garrison v. Otto,Garrison,dk59746544,Published,f
cl4878820,2021-04-02,State v. Jennings,Jennings,dk59868441,Published,f
cl4851993,2020-11-13,State v. Stack,Stack,dk53270683,Published,f
cl4892630,2021-06-17,"Fair Elections Portland, Inc. v. City of Portland",,dk59992861,Published,f
cl4852043,2021-01-15,Mahlendorf v. Mahlendorf,Mahlendorf,dk53499596,Published,f
cl4845030,2021-01-04,State v. Wood,Wood,dk28956409,Published,f
cl4840835,2020-12-18,Landis v. Landis,Landis,dk18756601,Published,t
cl4859468,2021-02-26,State v. Jackson,,dk59686166,Published,f
cl4865776,2021-03-19,State v. Conley,Conley,dk59746857,Published,f
cl4869492,2021-03-31,State v. Wheeler,Wheeler,dk59780403,Published,f
cl4861415,2021-03-05,Gonzales v. Nebraska Pediatric Practice,,dk59707733,Published,f
cl4861330,2021-01-15,State v. Melton,Melton,dk59707289,Published,f
cl4892004,2021-06-15,Clarke v. Royal,Clarke,dk59986756,Published,f
cl4851975,2021-01-08,In re Estate of Brinkman,,dk53268764,Published,f
cl4885121,2021-05-21,Seivert v. Alli,Seivert,dk59925066,Published,f
cl4898530,2021-04-23,State ex rel. Counsel for Dis. v. Birch,Birch,dk60046759,Published,f
cl4853957,2021-01-22,In re Estate of Larson,,dk59192621,Published,f
cl4859414,2021-01-29,Edwards v. Douglas County,Edwards,dk59685945,Published,f
cl4898582,2021-06-18,In re Interest of Mekhi S.,,dk60046966,Published,f
cl4898602,2021-05-07,Porter v. Porter,Porter,dk60046987,Published,f
cl4878805,2021-04-29,Tyrrell v. Frakes,Tyrrell,dk59868426,Published,f
cl4872155,2021-03-26,In re Adoption of Yasmin S.,,dk59807867,Published,f
cl4879901,2021-03-05,State v. Combs,Combs,dk59878561,Published,f
cl4903553,2021-07-02,Guenther v. Walnut Grove Hillside Condo. Regime No. 3,Guenther,dk60092386,Published,f
cl22787,2001-01-08,Blow v. San Antonio,Blow,dk238892,Published,f
cl4838136,2020-12-11,State v. Clausen,Clausen,dk18734590,Published,f
cl4853979,2020-11-20,In re Interest of Seth C.,,dk59192651,Published,f
cl4878354,2021-03-05,Rodriguez v. Lasting Hope Recovery Ctr.,Rodriguez,dk59864028,Published,f
cl4863374,2021-01-08,In re Estate of Brinkman,,dk59726466,Published,f
cl4889783,2021-04-02,State v. Jennings,Jennings,dk59967662,Published,f
cl4852040,2021-01-22,In re Estate of Larson,,dk53499308,Published,f
cl36015,2004-08-20,Collins v. Ainsworth,Collins,dk284035,Published,f
cl4849662,2020-11-13,State v. Stack,Stack,dk35192206,Published,f
cl4900243,2021-05-21,State v. Munoz,Munoz,dk60063106,Published,f
cl4861456,2020-12-11,State v. Clausen,Clausen,dk59707774,Published,f
cl4874026,2021-02-12,Weaver v. Weaver,Weaver,dk59827264,Published,f
cl4896886,2021-06-18,State v. Estrada Comacho,,dk60033571,Published,f
cl4863413,2021-03-05,Gonzales v. Nebraska Pediatric Practice,,dk59726667,Published,f
cl47928,2007-01-16,United States v. Jones,Jones,dk59798,Published,f
cl4878409,2021-04-09,Wayne L. Ryan Revocable Trust v. Ryan,Ryan,dk59864273,Published,f
cl4851887,2020-12-11,Windham v. Kroll,Windham,dk51961940,Published,f
cl4851876,2021-01-15,Mahlendorf v. Mahlendorf,Mahlendorf,dk51960219,Published,f
cl4833990,2020-11-20,In re Interest of A.A.,,dk18694236,Published,f
cl4874000,2021-04-02,State v. Jennings,Jennings,dk59827238,Published,f
cl4895331,2021-06-28,State v. Fluhart,Fluhart,dk60018390,Published,f
cl4869416,2021-03-31,State v. Pittman,Pittman,dk59780300,Published,f
cl4861418,2021-02-26,State v. Lowman,Lowman,dk59707736,Published,f
cl4883082,2021-03-26,State v. Wheeler,Wheeler,dk59906646,Published,f
cl4902806,2020-09-17,In re Pers. Restraint of Domingo-Cornelio,,dk60083885,Published,f
cl4902802,2020-09-17,In re Pers. Restraint of Ali,,dk60083808,Published,f
cl4844576,2020-12-31,State v. Nelson,,dk27353990,Published,f
cl4834964,2020-12-02,West v. Bode (Slip Opinion),West,dk18706594,Published,f
cl4898374,2021-07-08,State v. Carner,Carner,dk60044463,Published,f
cl4885139,2021-04-09,Wayne L. Ryan Revocable Trust v. Ryan,Ryan,dk59925084,Published,f
cl4879886,2021-04-02,State v. Jennings,Jennings,dk59878546,Published,f
cl4853960,2021-01-15,Mahlendorf v. Mahlendorf,Mahlendorf,dk59192628,Published,f
cl4889779,2021-04-09,Wayne L. Ryan Revocable Trust v. Ryan,Ryan,dk59967658,Published,f
cl4846160,2020-12-11,State v. Clausen,Clausen,dk29090657,Published,f
cl4876625,2021-04-16,Brown v. Morello,Brown,dk59848041,Published,f
cl4876646,2021-03-05,Rodriguez v. Lasting Hope Recovery Ctr.,Rodriguez,dk59848062,Published,f
cl4898575,2021-06-25,State v. Billingsley,Billingsley,dk60046959,Published,f
cl4846279,2020-11-20,In re Interest of Seth C.,,dk29091093,Published,f
cl4861441,2021-01-22,In re Estate of Larson,,dk59707759,Published,f
cl4896508,2021-07-01,State v. Worley (Slip Opinion),,dk60030698,Published,f
cl4884840,2021-05-20,State v. Medina,Medina,dk59922064,Published,f
cl4835384,2020-12-03,State v. Sayles,Sayles,dk18710681,Published,t
cl4847061,2020-12-17,Everett v. State,Everett,dk29099453,Published,f
cl4849821,2020-12-11,State v. Clausen,Clausen,dk36598143,Published,f
cl4863262,2021-01-22,In re Estate of Loder,,dk59726189,Published,f
cl4846229,2020-12-11,Windham v. Kroll,Windham,dk29090884,Published,f
cl4838219,2020-11-20,In re Interest of A.A.,,dk18734795,Published,f
cl4898579,2021-06-18,State v. Estrada Comacho,,dk60046963,Published,f
cl4849723,2021-01-15,Mahlendorf v. Mahlendorf,Mahlendorf,dk36423550,Published,f
cl4853893,2020-12-11,State v. Clausen,Clausen,dk59180673,Published,f
cl4853901,2020-11-20,In re Interest of A.A.,,dk59180681,Published,f
cl4838135,2020-12-11,Windham v. Kroll,Windham,dk18734589,Published,f
cl4898581,2021-06-18,Peterson v. Jacobitz,Peterson,dk60046965,Published,f
cl4863266,2021-01-15,Mahlendorf v. Mahlendorf,Mahlendorf,dk59726193,Published,f
cl4897011,2021-05-07,Cornwell v. Cornwell,Cornwell,dk60033837,Published,f
cl4896189,2021-06-30,State v. Tyree,Tyree,dk60025680,Published,t
cl4897622,2021-07-06,"Investor Support Serv., L.L.C. v. Dawoud",Dawoud,dk60037749,Published,f
cl4848941,2021-01-19,In re Z.S.,In re Z.S.,dk31070067,Published,f
cl4861344,2020-12-11,State v. Clausen,Clausen,dk59707303,Published,f
cl203315,2008-06-05,Negrón-Almeda v. Santiago,Negrón-Almeda,dk565962,Published,f
cl4887272,2021-04-09,Wayne L. Ryan Revocable Trust v. Ryan,Ryan,dk59944846,Published,f
cl4849743,2020-11-20,In re Interest of A.A.,,dk36424700,Published,f
cl4903557,2021-06-25,In re William R. Zutavern Revocable Trust,,dk60092390,Published,f
cl4840743,2020-12-11,State v. Clausen,Clausen,dk18756369,Published,f
cl4842348,2020-12-23,"State ex rel. Banker's Choice, L.L.C. v. Cincinnati",,dk20622904,Published,f
cl4879672,2021-04-30,State v. Savage,Savage,dk59876399,Published,f
cl4889313,2021-06-04,State v. Zambrano,Zambrano,dk59962851,Published,f
cl4891017,2021-06-11,State v. Fisk,Fisk,dk59978288,Published,f
cl4835914,2020-12-04,State v. Montgomery,,dk18715658,Published,f
cl4835843,2020-12-04,State v. White,White,dk18714742,Published,f
cl4835915,2020-12-04,State v. McClellan,McClellan,dk18715659,Published,f
cl4843297,2020-12-28,State v. Lewis,Lewis,dk26029208,Published,f
cl4868573,2021-03-29,State v. Oliver,Oliver,dk59772738,Published,t
cl4840486,2020-12-17,State v. Thompson,Thompson,dk18753835,Published,f
cl4863944,2021-03-15,State v. Hall,Hall,dk59732371,Published,f
cl4898577,2021-06-25,In re William R. Zutavern Revocable Trust,,dk60046961,Published,f
cl4848013,2021-01-08,In re Estate of Brinkman,,dk29110688,Published,f
cl4853980,2020-11-20,In re Interest of A.A.,,dk59192652,Published,f
cl4872146,2021-04-09,Wayne L. Ryan Revocable Trust v. Ryan,Ryan,dk59807858,Published,f
cl4894979,2021-06-25,Simpson v. Voiture Nationale La Societe Des Quarante Hommes,Simpson,dk60014271,Published,f
cl4887394,2021-05-28,State v. Karns,Karns,dk59945716,Published,f
cl4868107,2021-03-26,State v. Hemming,Hemming,dk59768250,Published,t
cl4846158,2020-12-18,Carroll v. Gould,Carroll,dk29090655,Published,f
cl4895029,2021-06-25,"Valentine v. Cedar Fair, L.P.",Valentine,dk60014902,Published,f
cl4894472,2021-06-24,State v. Houk,Houk,dk60010054,Published,f
cl4844340,2020-12-11,State v. Clausen,Clausen,dk27318087,Published,f
cl4848027,2020-12-04,In re Estate of Marsh,,dk29110702,Published,f
cl4849660,2020-11-20,In re Interest of A.A.,,dk35192053,Published,f
cl4900337,2021-05-28,Darling Ingredients v. City of Bellevue,,dk60063379,Published,f
cl4900342,2021-05-21,Seivert v. Alli,Seivert,dk60063384,Published,f
cl4859435,2020-12-11,State v. Clausen,Clausen,dk59685966,Published,f
cl4865780,2021-03-18,State v. Whitehead,Whitehead,dk59746861,Published,t
cl4843342,2020-12-28,State v. Miles,Miles,dk26063100,Published,f
cl4836449,2020-12-07,State v. Ferguson,Ferguson,dk18720674,Published,t
cl4847655,2021-01-14,J.E.M. v. D.N.M.,J.E.M.,dk29105420,Published,t
cl4860793,2021-03-03,Lund v. Swanson,Lund,dk59700688,Published,f
cl4862940,2021-03-11,State ex rel. Thomas v. Nestor (Slip Opinion),,dk59722544,Published,f
cl4844353,2020-11-13,Higgins v. Currier,Higgins,dk27318380,Published,f
cl4902190,2021-06-25,In re William R. Zutavern Revocable Trust,,dk60077541,Published,f
cl4851894,2020-12-04,In re Estate of Marsh,,dk51963018,Published,f
cl4859439,2020-12-04,Parks v. Hy-Vee,Parks,dk59685970,Published,f
cl4900348,2021-05-07,Cornwell v. Cornwell,Cornwell,dk60063390,Published,f
cl4902039,2021-05-28,Darling Ingredients v. City of Bellevue,,dk60077305,Published,f
cl4859545,2021-02-26,People v. Lusby,Lusby,dk59687079,Published,f
cl4884670,2021-05-20,Cooke v. Illinois State Board of Elections,Cooke,dk59921436,Published,f
cl4855235,2021-02-09,People v. Gayden,Gayden,dk59240229,Published,f
cl4832947,2020-11-09,State v. Tenbrook,Tenbrook,dk18687781,Published,f
cl4848192,2021-01-15,State v. Lamb,Lamb,dk29111791,Published,f
cl4884662,2021-05-20,"West Bend Mutual Insurance Co. v. Krishna Schaumburg Tan, Inc.",,dk59921428,Published,f
cl4863647,2021-03-12,State v. Misch,Misch,dk59728847,Published,f
cl4879054,2021-04-30,State v. Barber,Barber,dk59869472,Published,f
cl4853267,2021-02-03,State v. Hill,Hill,dk59058601,Published,f
cl4856220,2021-01-07,Viola v. Cuyahoga Cty. Prosecutor's Office,Viola,dk59248882,Published,f
cl4861931,2021-03-08,State v. Sands,Sands,dk59713084,Published,f
cl4900339,2021-05-21,Tierney v. Tierney,Tierney,dk60063381,Published,f
cl4834852,2020-12-01,Horsehead Corp. v. Department of Revenue,,dk18704463,Published,f
cl4858066,2021-02-22,"Chasteen v. Dix Road Property Mgt., L.L.C.",Chasteen,dk59671488,Published,f
cl4866366,2021-03-22,State v. Baston,Baston,dk59751711,Published,f
cl4900826,2021-07-19,Avila v. Hughes,Avila,dk60067775,Published,f
cl4863506,2021-03-12,State v. Stumph,Stumph,dk59726999,Published,t
cl4842143,2020-12-23,State v. Pendleton (Slip Opinion),,dk20621956,Published,f
cl4900259,2021-04-23,Champion v. Hall County,Champion,dk60063122,Published,f
cl4861457,2020-12-11,Fuelberth v. Heartland Heating & Air Conditioning,Fuelberth,dk59707775,Published,f
cl4860751,2021-03-03,White v. Durrani,White,dk59699999,Published,f
cl4836946,2020-12-03,State v. Miner,Miner,dk18725295,Published,f
cl4843258,2020-12-28,Jacobs v. Equity Trust Co.,Jacobs,dk26011823,Published,f
cl4843324,2020-12-16,State v. Anderson,Anderson,dk26045014,Published,f
cl4851996,2020-11-13,Higgins v. Currier,Higgins,dk53271028,Published,f
cl4846237,2020-11-20,In re Interest of Seth C.,,dk29090892,Published,f
cl4848085,2020-12-11,Fuelberth v. Heartland Heating & Air Conditioning,Fuelberth,dk29110890,Published,f
cl4848092,2020-11-20,In re Interest of A.A.,,dk29110898,Published,f
cl4848022,2020-12-11,Fuelberth v. Heartland Heating & Air Conditioning,Fuelberth,dk29110697,Published,f
cl4900356,2021-04-23,Champion v. Hall County,Champion,dk60063398,Published,f
cl4863642,2021-03-12,State v. Rosemond,Rosemond,dk59728842,Published,f
cl4888752,2021-06-03,Benkovits v. Bandi,Benkovits,dk59957986,Published,f
cl4869212,2021-03-30,State ex rel. Cincinnati Action for Hous. Now v. Hamilton Cty. Bd. of Elections (Slip Opinion),,dk59778968,Published,f
cl4837834,2020-12-10,Lemons v. State,Lemons,dk18731656,Published,f
cl4885038,2021-04-23,In re Interest of Victor L.,,dk59924808,Published,f
cl4869409,2021-03-31,In re M.H.,In re M.H.,dk59780293,Published,t
cl4854090,2021-02-05,Clovernook Health Care Pavilion v. Dept. of Medicaid,,dk59194807,Published,f
cl4863352,2021-02-12,In re Interest of Prince R.,,dk59726444,Published,f
cl4887271,2021-04-16,Brown v. Morello,Brown,dk59944845,Published,f
cl4867974,2021-03-19,State ex rel. Counsel for Dis. v. Beauvais,Beauvais,dk59767288,Published,f
cl4887292,2021-03-05,Rodriguez v. Lasting Hope Recovery Ctr.,Rodriguez,dk59944866,Published,f
cl4554394,1998-02-17,Reed Smith Shaw & McClay v. Commissioner,Commissioner,dk8175007,Unpublished,t
cl4869669,2021-03-26,Davis v. Moats,Davis,dk59780690,Published,f
cl4843072,2020-11-20,In re Interest of Seth C.,,dk23236573,Published,f
cl4900229,2021-06-18,In re Interest of Mekhi S.,,dk60063092,Published,f
cl4874213,2021-01-29,Edwards v. Douglas County,Edwards,dk59827754,Published,f
cl4865576,2021-03-05,State v. Combs,Combs,dk59746082,Published,f
cl4559020,2007-01-03,Poehlein v. Comm'r,Poehlein,dk8180090,Unpublished,f
cl4870324,2021-03-26,In re Adoption of Yasmin S.,,dk59789110,Published,f
cl4900318,2021-07-02,Bohling v. Bohling,Bohling,dk60063355,Published,f
cl4879891,2021-03-26,In re Adoption of Yasmin S.,,dk59878551,Published,f
cl4852055,2020-12-11,State v. Clausen,Clausen,dk53501005,Published,f
cl4838139,2020-12-04,Parks v. Hy-Vee,Parks,dk18734593,Published,f
cl4846223,2021-01-08,State v. Briggs,Briggs,dk29090878,Published,f
cl4693940,2019-12-13,State v. Dady,Dady,dk16677029,Published,f
cl4833989,2020-11-20,In re Interest of Seth C.,,dk18694235,Published,f
cl4849735,2020-12-11,State v. Clausen,Clausen,dk36424245,Published,f
cl4563267,2016-12-12,Cmty. Educ. Found. v. Comm'r,Comm'r,dk8184708,Unpublished,t
cl4865579,2021-02-26,State v. Starks,Starks,dk59746085,Published,f
cl4878431,2021-02-26,State v. Starks,Starks,dk59864295,Published,f
cl4563146,2016-08-10,Cappel v. Comm'r,Cappel,dk8184586,Unpublished,t
cl4882985,2021-04-09,Wayne L. Ryan Revocable Trust v. Ryan,Ryan,dk59906371,Published,f
cl4889869,2021-03-12,Johnson v. Johnson,,dk59967869,Published,f
cl4870326,2021-03-26,Davis v. Moats,Davis,dk59789112,Published,f
cl4902203,2021-05-28,Vyhlidal v. Vyhlidal,Vyhlidal,dk60077554,Published,f
cl4896905,2021-05-21,Seivert v. Alli,Seivert,dk60033590,Published,f
cl4898598,2021-05-21,Seivert v. Alli,Seivert,dk60046982,Published,f
cl4853951,2021-01-29,Edwards v. Douglas County,Edwards,dk59192613,Published,f
cl4851889,2020-12-11,Fuelberth v. Heartland Heating & Air Conditioning,Fuelberth,dk51962143,Published,f
cl4846231,2020-12-11,Fuelberth v. Heartland Heating & Air Conditioning,Fuelberth,dk29090886,Published,f
cl75998,2002-09-04,United States v. Pedro Luis Christopher Tinoco,,dk67871,Published,f
cl4870364,2021-01-15,State v. Bartel,Bartel,dk59789150,Published,f
cl195859,1995-01-25,Ernst & Young v. Depositors Economic,,dk605469,Published,f
cl4874196,2021-02-26,State v. Lowman,Lowman,dk59827737,Published,f
cl4859404,2021-02-12,In re Trust Created by McGregor,,dk59685935,Published,f
cl76372,2003-11-26,Albert Darruthy v. City of Miami,,dk922029,Published,f
cl4863240,2021-02-26,State v. Lowman,Lowman,dk59726167,Published,f
cl4843083,2020-10-30,State v. Andera,Andera,dk23237273,Published,f
cl4869707,2021-01-15,State v. Bartel,Bartel,dk59780728,Published,f
cl4900343,2021-05-21,Boring v. Zoetis LLC,Boring,dk60063385,Published,f
cl4889773,2021-04-23,In re Interest of Victor L.,,dk59967652,Published,f
cl4861430,2021-02-05,State v. Reames,Reames,dk59707748,Published,f
cl4889143,2021-04-16,State v. Malone,Malone,dk59960992,Published,f
cl4900328,2021-06-11,State v. Childs,Childs,dk60063369,Published,f
cl4889765,2021-05-07,Porter v. Porter,Porter,dk59967644,Published,f
cl4851888,2020-12-11,State v. Clausen,Clausen,dk51962067,Published,f
cl4889076,2021-04-02,State v. Jennings,Jennings,dk59960849,Published,f
cl4898595,2021-05-21,Tierney v. Tierney,Tierney,dk60046979,Published,f
cl4876542,2021-02-12,Weaver v. Weaver,Weaver,dk59847810,Published,f
cl4900319,2021-06-25,State v. Billingsley,Billingsley,dk60063356,Published,f
cl4846272,2020-12-11,State v. Clausen,Clausen,dk29091086,Published,f
cl4889852,2021-04-16,Brown v. Morello,Brown,dk59967851,Published,f
cl4863263,2021-01-22,In re Estate of Larson,,dk59726190,Published,f
cl4898613,2021-04-16,State v. Malone,Malone,dk60046999,Published,f
cl4757267,2020-05-29,State v. Parnell,Parnell,dk17204223,Published,f
cl4844370,2020-10-09,Dycus v. Dycus,Dycus,dk27319301,Published,f
cl4876619,2021-04-23,State ex rel. Counsel for Dis. v. Birch,Birch,dk59848035,Published,f
cl4872162,2021-03-12,Johnson v. Johnson,,dk59807874,Published,f
cl4883005,2021-03-05,Rodriguez v. Lasting Hope Recovery Ctr.,Rodriguez,dk59906391,Published,f
cl4878365,2021-02-12,In re Trust Created by McGregor,,dk59864039,Published,f
cl4889055,2021-05-21,Boring v. Zoetis LLC,Boring,dk59960828,Published,f
cl4849638,2021-01-15,State v. Melton,Melton,dk35190283,Published,f
cl4870342,2021-02-19,State v. Madren,Madren,dk59789128,Published,f
cl70592,1996-01-23,Dolihite v. Maughon,Dolihite,dk1700236,Published,f
cl4865588,2021-02-12,In re Trust Created by McGregor,,dk59746094,Published,f
cl4872191,2021-01-22,Mercer v. North Central Serv.,Mercer,dk59807903,Published,f
cl4874001,2021-04-02,State v. Figures,Figures,dk59827239,Published,f
cl4863419,2021-02-19,State v. Madren,Madren,dk59726673,Published,f
cl887086,2005-12-20,McConkey v. Flathead Electric Co-Op.,McConkey,dk578415,Published,f
cl4887276,2021-04-02,State v. Jennings,Jennings,dk59944850,Published,f
cl4874098,2021-04-09,Wayne L. Ryan Revocable Trust v. Ryan,Ryan,dk59827466,Published,f
cl4878343,2021-03-26,In re Adoption of Yasmin S.,,dk59864017,Published,f
cl4889074,2021-04-09,Clason v. LOL Investments,Clason,dk59960847,Published,f
cl4859427,2021-01-08,In re Estate of Brinkman,,dk59685958,Published,f
cl6461,1994-05-25,Graham v. Amoco Oil Co.,Graham,dk1977017,Published,f
cl4867982,2021-03-05,Gonzales v. Nebraska Pediatric Practice,,dk59767296,Published,f
cl6246354,2021-12-17,Williams v. State,,dk62635007,Published,f
cl4897020,2021-04-16,State v. Malone,Malone,dk60033846,Published,f
cl4898505,2021-06-11,State v. Childs,Childs,dk60046734,Published,f
cl4865725,2021-01-15,State v. Bartel,Bartel,dk59746556,Published,f
cl4878838,2021-02-26,State v. Starks,Starks,dk59868459,Published,f
cl4878375,2021-01-29,Edwards v. Douglas County,Edwards,dk59864049,Published,f
cl4894864,2021-04-23,Champion v. Hall County,Champion,dk60013292,Published,f
cl4852045,2021-01-08,State v. Briggs,Briggs,dk53499832,Published,f
cl4881075,2021-03-12,State v. Stelly,Stelly,dk59889038,Published,f
cl4872089,2021-02-05,State v. Reames,Reames,dk59807653,Published,f
cl4900237,2021-05-28,Vyhlidal v. Vyhlidal,Vyhlidal,dk60063100,Published,f
cl4865692,2021-03-12,Johnson v. Johnson,,dk59746521,Published,f
cl4898610,2021-04-23,In re Interest of Victor L.,,dk60046996,Published,f
cl4858163,2021-02-22,People v. McLaurin,McLaurin,dk59672336,Published,f
cl4854367,2021-02-05,People v. King,King,dk59202430,Published,f
cl4878356,2021-02-26,State v. Starks,Starks,dk59864030,Published,f
cl6246355,2021-12-17,State v. Hofmann,Hofmann,dk62635008,Published,f
cl4851966,2021-01-22,Mercer v. North Central Serv.,Mercer,dk53267858,Published,f
cl4874139,2021-01-29,Edwards v. Douglas County,Edwards,dk59827507,Published,f
cl4900320,2021-06-25,SID No. 67 v. State,,dk60063357,Published,f
cl4848076,2021-01-08,In re Estate of Brinkman,,dk29110881,Published,f
cl4885064,2021-03-05,Rodriguez v. Lasting Hope Recovery Ctr.,Rodriguez,dk59924834,Published,f
cl4874171,2021-04-16,Brown v. Morello,Brown,dk59827712,Published,f
cl66345,2009-05-08,Ngochi v. Holder,Ngochi,dk2031233,Unpublished,t
cl4874143,2021-01-22,Mercer v. North Central Serv.,Mercer,dk59827511,Published,f
cl4898496,2021-06-25,State v. Billingsley,Billingsley,dk60046725,Published,f
cl4897005,2021-05-21,Seivert v. Alli,Seivert,dk60033831,Published,f
cl43281,2006-06-28,United States v. Candia,Candia,dk2016311,Published,f
cl4839436,2020-12-15,People v. Bates,,dk18745416,Published,f
cl4887171,2021-03-26,In re Adoption of Yasmin S.,,dk59944550,Published,f
cl202482,2006-11-03,Orelien v. Gonzales,Orelien,dk96139,Published,f
cl4848011,2021-01-08,State v. Briggs,Briggs,dk29110686,Published,f
cl4869673,2021-03-12,State v. Stelly,Stelly,dk59780694,Published,f
cl4894756,2021-05-21,State v. Munoz,Munoz,dk60013057,Published,f
cl4840769,2020-10-16,Chaney v. Evnen,Chaney,dk18756402,Published,f
cl4857707,2021-02-19,People v. Birge,Birge,dk59301878,Published,f
cl4898609,2021-04-23,State ex rel. Counsel for Dis. v. Birch,Birch,dk60046995,Published,f
cl27247,2002-04-22,Omagah v. Ashcroft,Omagah,dk140304,Published,f
cl4863433,2021-01-29,Edwards v. Douglas County,Edwards,dk59726688,Published,f
cl4838218,2020-11-20,In re Interest of Seth C.,,dk18734794,Published,f
cl4892972,2021-06-11,In re Estate of Akerson,,dk59996503,Published,f
cl4848084,2020-12-11,State v. Clausen,Clausen,dk29110889,Published,f
cl4848071,2021-01-15,State v. Bartel,Bartel,dk29110876,Published,f
cl4897016,2021-04-23,State ex rel. Counsel for Dis. v. Birch,Birch,dk60033842,Published,f
cl4849644,2021-01-08,In re Estate of Brinkman,,dk35190789,Published,f
cl4896917,2021-04-23,In re Interest of Victor L.,,dk60033602,Published,f
cl4861442,2021-01-15,State v. Melton,Melton,dk59707760,Published,f
cl4898520,2021-05-21,Boring v. Zoetis LLC,Boring,dk60046749,Published,f
cl4859041,2021-02-25,Berryhill v. Khouri,Berryhill,dk59682375,Published,f
cl4874012,2021-03-12,Johnson v. Johnson,,dk59827250,Published,f
cl4871869,2021-04-08,State v. Speights,Speights,dk59804892,Published,f
cl4894471,2021-06-24,State v. Lawrence,Lawrence,dk60010053,Published,f
cl4883102,2021-02-19,State v. Madren,Madren,dk59906666,Published,f
cl4900311,2021-07-16,Whittle v. State,Whittle,dk60063348,Published,f
cl4900347,2021-05-07,McCaulley v. C L Enters.,McCaulley,dk60063389,Published,f
cl4900222,2021-06-25,State v. Billingsley,Billingsley,dk60063085,Published,f
cl4840750,2020-11-20,In re Interest of Seth C.,,dk18756376,Published,f
cl4865611,2021-01-08,In re Estate of Brinkman,,dk59746117,Published,f
cl4876751,2021-04-23,State v. Whaley,Whaley,dk59848543,Published,f
cl4844363,2020-10-23,In re Interest of Leyton C. & Landyn C.,,dk27319138,Published,f
cl4857545,2021-02-18,Johnson v. Menard,Menard,dk59299817,Published,f
cl4860794,2021-03-03,Friesz v. State,Friesz,dk59700689,Published,f
cl4898254,2021-07-08,State v. Jensen,Jensen,dk60043953,Published,f
cl6245889,2022-01-27,United States v. Sylvia Ana Guerra,,dk62631684,Unpublished,t
cl6245970,2022-01-27,People v. Daniel,Daniel,dk62631979,Unpublished,t
cl6246080,2022-01-27,In re L.S.,In re L.S.,dk62632323,Published,t
cl6246083,2022-01-27,State v. Majid,Majid,dk62632349,Published,f
cl6246085,2022-01-27,In re Z.M.,In re Z.M.,dk62632351,Published,t
cl6246090,2022-01-27,Cleveland v. Gross,Gross,dk62632356,Published,t
cl6246086,2022-01-27,In re V.G.,In re V.G.,dk62632352,Published,t
cl4840414,2020-12-17,State v. Stewart,Stewart,dk18753454,Published,f
cl4876299,2021-04-22,Molnar v. Wong,Molnar,dk59845066,Published,f
cl6246295,2022-01-27,Danziger v. Morgan,Danziger,dk62634517,Published,f
cl6246347,2022-01-14,Bohac v. Benes Service Co.,Bohac,dk62635000,Published,f
cl6246350,2022-01-07,In re Interest of A.A.,,dk62635003,Published,f
cl6246344,2022-01-21,Beckner v. Urban - supplemental opinion,Beckner,dk62634997,Published,f
cl6246346,2022-01-14,State v. Burries,Burries,dk62634999,Published,f
cl6246356,2021-12-17,Seid v. Seid,Seid,dk62635009,Published,f
cl6246352,2021-12-23,State on behalf of Daphnie F. v. Christina C.,,dk62635005,Published,f
cl6246353,2021-12-17,de Vries v. L & L Custom Builders,,dk62635006,Published,f
cl6246429,2022-01-28,State v. Delong,Delong,dk62635564,Published,f
cl4868110,2021-03-26,State v. Benedict,Benedict,dk59768253,Published,f
cl6246477,2022-01-27,State v. Grannon,Grannon,dk62635857,Published,f
cl4895432,2021-06-28,State v. Loparo,Loparo,dk60019280,Published,f
cl4866336,2021-03-22,"Steed v. Rezin Orthopedics and Sports Medicine, S.C.",Steed,dk59751420,Published,f
cl4885647,2021-05-24,In re X.S.,In re X.S.,dk59930020,Published,f
cl4861932,2021-03-08,State v. Hastings,Hastings,dk59713085,Published,f
cl4833528,2020-11-24,In re C.K.,In re C.K.,dk18690127,Published,t
cl4894976,2021-06-25,State v. Sage,Sage,dk60014268,Published,f
cl4874281,2021-04-16,State v. Johnson,,dk59828373,Published,f
cl4838143,2020-11-20,In re Interest of A.A.,,dk18734597,Published,f
cl4853965,2021-01-08,Equestrian Ridge v. Equestrian Ridge Estates II,,dk59192633,Published,f
cl4871042,2021-04-01,WCPO-TV v. Ohio Dept. of Health,WCPO-TV,dk59797078,Published,f
cl4900224,2021-06-25,In re William R. Zutavern Revocable Trust,,dk60063087,Published,f
cl4849807,2021-01-15,State v. Melton,Melton,dk36596978,Published,f
cl4863265,2021-01-15,State v. Bartel,Bartel,dk59726192,Published,f
cl4843075,2020-11-13,State v. Stack,Stack,dk23236706,Published,f
cl4863357,2021-02-05,State v. Johnson,,dk59726449,Published,f
cl4851880,2021-01-08,In re Estate of Brinkman,,dk51960655,Published,f
cl4869694,2021-02-05,State v. Reames,Reames,dk59780715,Published,f
cl4889161,2021-03-12,State v. Stelly,Stelly,dk59961010,Published,f
cl4863236,2021-03-05,Rodriguez v. Lasting Hope Recovery Ctr.,Rodriguez,dk59726163,Published,f
cl4863408,2021-03-12,Johnson v. Johnson,,dk59726662,Published,f
cl4885144,2021-04-02,State v. Figures,Figures,dk59925089,Published,f
cl4881053,2021-04-23,State ex rel. Counsel for Dis. v. Birch,Birch,dk59889016,Published,f
cl4846167,2020-11-20,In re Interest of Seth C.,,dk29090664,Published,f
cl4890857,2021-05-21,State v. Hernandez,Hernandez,dk59977499,Published,f
cl4889857,2021-04-02,State v. Jennings,Jennings,dk59967857,Published,f
cl4846262,2021-01-08,State v. Briggs,Briggs,dk29091076,Published,f
cl4853964,2021-01-08,In re Estate of Brinkman,,dk59192632,Published,f
cl4840787,2020-12-18,State v. Simpson (Slip Opinion),,dk18756442,Published,f
cl4842144,2020-12-23,State v. Lingle (Slip Opinion),,dk20621957,Published,f
cl4865294,2021-03-18,State ex rel. Hunley v. Wainwright (Slip Opinion),,dk59742572,Published,f
cl76366,2003-10-07,Kirkland v. Greene County Board of Ed.,Kirkland,dk397812,Published,f
cl4847787,2021-01-14,State ex rel. Parker Bey v. Ohio Bur. of Sentence Computation,,dk29105595,Published,f
cl4896903,2021-05-21,State v. Munoz,Munoz,dk60033588,Published,f
cl4849645,2021-01-08,Equestrian Ridge v. Equestrian Ridge Estates II,,dk35190892,Published,f
cl4861345,2020-12-11,Fuelberth v. Heartland Heating & Air Conditioning,Fuelberth,dk59707304,Published,f
cl4879727,2021-05-03,State v. Shurelds,Shurelds,dk59876739,Published,f
cl4856214,2021-02-08,State v. Loy,Loy,dk59248874,Published,f
cl4901223,2021-07-13,State v. Campbell,Campbell,dk60072345,Published,f
cl75903,2002-07-24,Charles McCorvey v. Baxter Healthcare Corp.,,dk1221727,Published,f
cl4885961,2021-05-24,State v. Jamison,Jamison,dk59932900,Published,f
cl4877234,2021-04-26,State v. Lavean,Lavean,dk59852884,Published,f
cl4867981,2021-03-05,Rodriguez v. Lasting Hope Recovery Ctr.,Rodriguez,dk59767295,Published,f
cl4874023,2021-02-19,State v. Madren,Madren,dk59827261,Published,f
cl4887251,2021-05-21,Tierney v. Tierney,Tierney,dk59944825,Published,f
cl4863237,2021-03-05,Gonzales v. Nebraska Pediatric Practice,,dk59726164,Published,f
cl4807979,2020-11-20,In re Interest of Seth C.,,dk18651548,Published,f
cl4722905,2020-01-17,Eddy v. Builders Supply Co.,Eddy,dk16785323,Published,f
cl4863344,2021-02-26,State v. Lowman,Lowman,dk59726436,Published,f
cl4849642,2021-01-08,State v. Briggs,Briggs,dk35190634,Published,f
cl4894828,2021-06-25,SID No. 67 v. State,,dk60013255,Published,f
cl4898521,2021-05-14,Yagodinski v. Sutton,Yagodinski,dk60046750,Published,f
cl4902023,2021-06-25,In re William R. Zutavern Revocable Trust,,dk60077289,Published,f
cl4865347,2021-03-03,Friesz v. State,Friesz,dk59742963,Published,f
cl4841664,2020-12-22,State v. Patrick (Slip Opinion),,dk19461435,Published,f
cl4861874,2021-03-08,State v. Myers,Myers,dk59712518,Published,t
cl4832908,2020-11-19,In re J.C-A.,In re J.C-A.,dk18687742,Published,t
cl4834363,2020-11-23,Fordeley v. Fordeley,Fordeley,dk18696747,Published,t
cl4896923,2021-04-09,Wayne L. Ryan Revocable Trust v. Ryan,Ryan,dk60033608,Published,f
cl4863264,2021-01-15,State v. Melton,Melton,dk59726191,Published,f
cl4898599,2021-05-21,Boring v. Zoetis LLC,Boring,dk60046984,Published,f
cl4900245,2021-05-21,Seivert v. Alli,Seivert,dk60063108,Published,f
cl4853876,2021-01-22,Mercer v. North Central Serv.,Mercer,dk59180643,Published,f
cl4894771,2021-04-23,In re Guardianship of Nicholas H.,,dk60013072,Published,f
cl4865606,2021-01-15,State v. Bartel,Bartel,dk59746112,Published,f
cl4878331,2021-04-16,State v. Malone,Malone,dk59864005,Published,f
cl4902030,2021-06-11,State v. Childs,Childs,dk60077296,Published,f
cl4897003,2021-05-21,State v. Munoz,Munoz,dk60033829,Published,f
cl4872182,2021-02-05,State v. Reames,Reames,dk59807894,Published,f
cl4840635,2020-11-20,In re Interest of Seth C.,,dk18756055,Published,f
cl4896616,2021-07-01,State v. Rogers,,dk60031099,Published,f
cl4863593,2021-03-11,In re L.G.,In re L.G.,dk59728028,Published,t
cl4872098,2021-01-22,Mercer v. North Central Serv.,Mercer,dk59807662,Published,f
cl4852042,2021-01-15,State v. Bartel,Bartel,dk53499517,Published,f
cl4878853,2021-02-05,State v. Johnson,,dk59868474,Published,f
cl4874181,2021-03-26,In re Adoption of Yasmin S.,,dk59827722,Published,f
cl4849813,2021-01-08,In re Estate of Brinkman,,dk36597431,Published,f
cl4896918,2021-04-23,In re Guardianship of Nicholas H.,,dk60033603,Published,f
cl4872077,2021-02-26,State v. Lowman,Lowman,dk59807641,Published,f
cl4863444,2021-01-08,State v. Briggs,Briggs,dk59726699,Published,f
cl4894021,2021-06-23,Gabbard v. Madison Local School Dist. Bd. of Edn. (Slip Opinion),Gabbard,dk60006053,Published,f
cl4897620,2021-07-06,State v. Brown Suber,,dk60037747,Published,f
cl4835921,2020-12-04,Halliwell v. Halliwell,Halliwell,dk18715665,Published,t
cl4861445,2021-01-15,Houghton v. Nebraska Dept. of Rev.,Houghton,dk59707763,Published,f
cl4832888,2020-11-18,State v. Cochran,Cochran,dk18687719,Published,f
cl4843776,2020-12-29,"Humanus Corp. v. Dir., Ohio Dept. of Job & Family Servs.",,dk26500205,Published,f
cl4837831,2020-12-10,State v. Maldonado,Maldonado,dk18731653,Published,t
cl4841697,2020-12-22,In re Adoption of Y.E.F. (Slip Opinion),,dk19523324,Published,f
cl4844575,2020-12-31,State v. Williamson,Williamson,dk27353988,Published,f
cl4837182,2020-12-09,In re F.B.,In re F.B.,dk18726967,Published,f
cl4848043,2020-10-23,Kaiser v. Allstate Indemnity Co.,Kaiser,dk29110718,Published,f
cl4857572,2021-02-18,Burr v. N.D. State Board of Dental Examiners,Burr,dk59300126,Published,f
cl4896234,2021-06-30,State v. Stultz,Stultz,dk60026404,Published,f
cl4853181,2021-01-29,State v. Polizzi,Polizzi,dk59046586,Published,f
cl4846359,2021-01-08,State v. Bozarth,Bozarth,dk29091640,Published,f
cl4838324,2020-12-11,State v. Crossley,Crossley,dk18735622,Published,f
cl4757987,2020-06-02,Dellinger v. Wolf,Dellinger,dk17216148,Published,f
cl4761959,2020-06-18,"Lamar Advantage GP Co., L.L.C. v. Cincinnati",,dk17259881,Published,f
cl4841488,2020-12-18,State v. Moschell,Moschell,dk18763060,Published,f
cl4838995,2020-12-14,Lucas v. Byers,Lucas,dk18741482,Published,t
cl4838333,2020-12-11,State v. Brooks,Brooks,dk18735632,Published,f
cl4844088,2020-12-30,State v. Klein,Klein,dk26874823,Published,f
cl4841417,2020-12-21,State v. Johnson,,dk18762394,Published,f
cl4896883,2021-06-25,SID No. 67 v. State,,dk60033568,Published,f
cl4848083,2020-12-11,Windham v. Kroll,Windham,dk29110888,Published,f
cl4859480,2021-02-25,McGraw v. Jarvis,McGraw,dk59686183,Published,t
cl4839377,2020-12-15,Moore v. Mt. Carmel Health Sys.,Moore,dk18745075,Published,f
cl4841662,2020-12-22,State v. Turner (Slip Opinion),,dk19461378,Published,f
cl4852222,2021-01-29,State v. Davis,Davis,dk54432305,Published,f
cl4838824,2020-12-14,Alonso v. Thomas,Alonso,dk18739538,Published,t
cl4848291,2021-01-12,State v. Evanson,Evanson,dk29113729,Published,f
cl4855169,2021-02-08,State v. Beatty,Beatty,dk59239325,Published,f
cl4851961,2021-01-29,State v. Catlin,Catlin,dk53267355,Published,f
cl4883198,2021-05-14,State v. Nicholas,Nicholas,dk59907350,Published,f
cl4857800,2021-02-19,State v. Almeyda,Almeyda,dk59302461,Published,f
cl4871870,2021-04-08,State v. Smith,,dk59804893,Published,f
cl4872159,2021-03-19,State ex rel. Counsel for Dis. v. Beauvais,Beauvais,dk59807871,Published,f
cl4836328,2020-12-07,State v. Baughn,Baughn,dk18719237,Published,t
cl4860403,2021-03-02,"State ex rel. Bryant v. Warden, Franklin Med. Ctr.",,dk59696965,Published,f
cl4896341,2021-06-30,"Danopulos v. Am. Trading II, L.L.C.",Danopulos,dk60027271,Published,f
cl4891943,2021-06-14,State v. Bates,,dk59985924,Published,f
cl4869063,2021-03-30,State v. McCall,McCall,dk59777641,Published,f
cl4844530,2020-12-31,"Smith v. Collectors Triangle, Ltd.",,dk27337232,Published,f
cl4871213,2021-03-31,Erzurum v. Erzurum,Erzurum,dk59798120,Published,f
cl4857049,2021-02-17,"Cummins & Brown, L.L.C. v. Cummins",Cummins,dk59296016,Published,f
cl210072,2008-02-12,Zatuchni v. Secretary of Health and Human Services,Zatuchni,dk572622,Published,f
cl4885618,2021-05-24,State v. Rickett,Rickett,dk59929782,Published,f
cl4844127,2020-12-30,State v. Stutz,Stutz,dk26892929,Published,f
cl4837619,2020-12-10,State v. Townsend (Slip Opinion),,dk18730377,Published,f
cl4872174,2021-02-19,State ex rel. Counsel for Dis. v. Bruno,Bruno,dk59807886,Published,f
cl4863929,2021-03-15,In re Adoption of J.M.M.,,dk59732089,Published,t
cl4841355,2020-12-21,State v. Lane,Lane,dk18761707,Published,f
cl4724093,2020-02-04,State v. Bryant,Bryant,dk16803464,Published,f
cl4840547,2020-12-17,Everett v. State,Everett,dk18754572,Published,f
cl4852225,2021-01-29,N. Kingsville v. Carter,Carter,dk54432390,Published,f
cl4843344,2020-12-28,State v. Herrick,Herrick,dk26063105,Published,f
cl4843310,2020-12-28,State v. Hinkston,Hinkston,dk26029404,Published,f
cl4844681,2020-12-31,State v. Jones,Jones,dk27368032,Published,f
cl4853268,2021-02-03,State v. Anderson,Anderson,dk59058602,Published,f
cl4855391,2021-02-10,State v. Harris,Harris,dk59241634,Published,f
cl4834356,2020-11-30,State v. Sands,Sands,dk18696740,Published,f
cl4832859,2020-11-10,In re S.G.,In re S.G.,dk18687690,Published,f
cl4857522,2021-02-18,Gahanna v. Ohio Mun. Joint Self-Ins. Pool,Gahanna,dk59299629,Published,f
cl4838996,2020-12-14,Jochum v. Howard Hanna Co.,Jochum,dk18741483,Published,f
cl4834817,2020-12-01,State ex rel. Page v. Phipps,Phipps,dk18704074,Published,f
cl4848161,2021-01-15,In re S.W.E.,In re S.W.E.,dk29111464,Published,f
cl4877854,2021-04-28,Janson v. Durrani,Janson,dk59859681,Published,f
cl4863509,2021-03-12,Couch v. Durrani,Couch,dk59727002,Published,f
cl4843098,2020-10-02,State v. Gray,Gray,dk23239175,Published,f
cl4861582,2021-03-05,State v. Potts,Potts,dk59709082,Published,f
cl4870889,2021-04-05,State ex rel. Lorain Cty. Democratic Party Executive Commt. v. LaRose (Slip Opinion),,dk59795526,Published,f
cl4851898,2020-11-13,State v. Stack,Stack,dk51963865,Published,f
cl4854592,2021-02-08,Alonso v. Thomas,Alonso,dk59234857,Published,t
cl4859984,2021-03-01,State v. Kehoe,Kehoe,dk59692786,Published,f
cl4842394,2020-12-23,T.S. v. A.T.,T.S.,dk20623695,Published,f
cl4890876,2021-04-09,Wayne L. Ryan Revocable Trust v. Ryan,Ryan,dk59977518,Published,f
cl4857540,2021-02-18,Willprecht v. Willprecht,Willprecht,dk59299812,Published,f
cl4870168,2019-06-06,"Packgen, Inc. v. Bernstein, Shur, Sawyer & Nelson, P.A.",,dk59788040,Published,f
cl4838323,2020-12-11,State v. Crossley,Crossley,dk18735621,Published,f
cl4870425,2021-04-02,State v. Mead,Mead,dk59789553,Published,f
cl4852068,2020-11-13,Higgins v. Currier,Higgins,dk53502404,Published,f
cl4833456,2020-11-25,"Moyer v. Abbey Credit Union, Inc.",Moyer,dk18689554,Published,f
cl4866445,2021-03-22,State v. Engler,Engler,dk59752560,Published,f
cl4856664,2021-02-16,Brandon v. Ohio Dept. of Rehab. & Corr.,Brandon,dk59293432,Published,f
cl4841879,2020-12-22,Franta v. State Teachers Retirement Sys.,Franta,dk19835189,Published,f
cl4865844,2021-03-19,State v. Ebbing,Ebbing,dk59747469,Published,f
cl4864373,2021-03-16,Erickson v. Morrison (Slip Opinion),Erickson,dk59735124,Published,f
cl4851681,2021-01-28,State v. Stansell,Stansell,dk50259786,Published,t
cl4868737,2021-03-29,Evans v. Shawnee Twp. Bd. of Trustees,Evans,dk59774928,Published,f
cl4840417,2020-12-17,State v. Duncan,Duncan,dk18753457,Published,t
cl4763124,2020-06-23,Tarazi v. Siddiqi,Tarazi,dk17286914,Published,t
cl4868545,2021-03-29,"Viola Assocs., L.L.C. v. Lorain Cty. Bd. of Revision",,dk59772489,Published,f
cl4868551,2021-03-23,"Miller v. Ohio Dept. of Health, Vital Statistics",,dk59772495,Published,f
cl4863507,2021-03-12,State v. McDaniel,McDaniel,dk59727000,Published,f
cl4865183,2021-03-17,State ex rel. Walker v. LaRose (Slip Opinion),,dk59741478,Published,f
cl4851680,2021-01-28,Thomas v. Murry,Thomas,dk50259785,Published,f
cl4857795,2021-02-19,State v. Emanuel,Emanuel,dk59302455,Published,f
cl4885132,2021-04-23,State ex rel. Counsel for Dis. v. Birch,Birch,dk59925077,Published,f
cl4852117,2021-01-29,State v. Lough,Lough,dk53739663,Published,f
cl4732645,2020-03-05,State v. Perrien,Perrien,dk16930896,Published,f
cl4832944,2020-11-16,State v. Scott,Scott,dk18687778,Published,f
cl4878798,2021-04-29,State ex rel. Gil-Llamas v. Hardin (Slip Opinion),,dk59867636,Published,f
cl4878789,2021-04-29,State ex rel. Gil-Llamas v. Hardin (Slip Opinion),,dk59867191,Published,f
cl4865585,2021-02-19,State ex rel. Counsel for Dis. v. Bruno,Bruno,dk59746091,Published,f
cl4841414,2020-12-21,State v. Unrue,Unrue,dk18762390,Published,f
cl4878429,2021-03-05,Rodriguez v. Lasting Hope Recovery Ctr.,Rodriguez,dk59864293,Published,f
cl4847947,2020-12-04,State v. Blocher,Blocher,dk29110444,Published,f
cl4861425,2021-02-12,In re Trust Created by McGregor,,dk59707743,Published,f
cl4833999,2020-11-06,Benjamin M. v. Jeri S.,,dk18694245,Published,f
cl4852063,2020-11-20,In re Interest of A.A.,,dk53501879,Published,f
cl4881092,2021-02-12,In re Interest of Prince R.,,dk59889055,Published,f
cl4861335,2021-01-08,Rogers v. Jack's Supper Club,,dk59707294,Published,f
cl4868597,2021-03-29,"Viola Assocs., L.L.C. v. Lorain Cty. Bd. of Revision",,dk59773116,Published,f
cl4867994,2021-02-12,Hogan v. Hogan,Hogan,dk59767308,Published,f
cl4832950,2020-10-20,Eye on Ohio v. Ohio Dept. of Health,,dk18687784,Published,f
cl4870018,2021-03-23,"Miller v. Ohio Dept. of Health, Vital Statistics",,dk59781139,Published,f
cl4872180,2021-02-12,Dreesen Enters. v. Dreesen,Dreesen,dk59807892,Published,f
cl4860810,2021-02-24,State v. Panezich,Panezich,dk59700963,Published,f
cl4870867,2021-03-26,Evans v. Ohio Atty. Gen.,Evans,dk59795154,Published,f
cl4844090,2020-12-30,In re T.M.,In re T.M.,dk26874825,Published,f
cl4871876,2021-04-08,Parra v. Jackson,Parra,dk59804899,Published,f
cl4891862,2021-06-11,State v. Lazzerini,Lazzerini,dk59985571,Published,f
cl4857564,2021-02-18,State v. Spillum,Spillum,dk59300118,Published,f
cl4859035,2021-02-25,"Wells Fargo Bank, N.A. v. Collins",Collins,dk59682365,Published,f
cl4849226,2021-01-21,State v. White,White,dk33143581,Published,f
cl4869706,2021-01-15,State v. Melton,Melton,dk59780727,Published,f
cl4885239,2021-05-21,State v. Poirier,Poirier,dk59925521,Published,f
cl4562302,2013-04-25,Gray v. Comm'r,Gray,dk8183507,Published,f
cl4561826,2012-03-28,Gray v. Comm'r,Gray,dk8182982,Published,f
cl999,2010-03-31,United States v. Pagán-Rodríguez,Pagán-Rodríguez,dk1971596,Published,f
cl78274,2009-02-04,"EQUITY LIFESTYLE PROPERTIES v. Florida Mowing and Landscape Service, Inc.",,dk7182,Published,f
cl18270,1999-08-02,EEOC v. R J Gallagher Co,,dk1993289,Published,f
cl28442,2002-08-28,Hospitality Hse Inc v. Gilbert,,dk2003691,Published,f
cl67453,2009-06-30,Tucker v. Astrue,Tucker,dk2031836,Unpublished,t
cl68684,2009-10-06,McAlister v. Livingston,McAlister,dk2032475,Unpublished,t
cl69884,2009-11-30,United States v. Robinson,Robinson,dk2033373,Unpublished,f
cl4874187,2021-03-12,State v. Stelly,Stelly,dk59827728,Published,f
cl4867983,2021-02-26,State v. Starks,Starks,dk59767297,Published,f
cl4808025,2020-08-28,Ash Grove Cement Co. v. Nebraska Dept. of Rev.,,dk18651594,Published,f
cl4872187,2021-01-29,Edwards v. Douglas County,Edwards,dk59807899,Published,f
cl4878414,2021-04-02,State v. Figures,Figures,dk59864278,Published,f
cl4902209,2021-05-21,State v. Munoz,Munoz,dk60077560,Published,f
cl4881071,2021-03-26,Davis v. Moats,Davis,dk59889034,Published,f
cl4894865,2021-04-16,State v. Malone,Malone,dk60013293,Published,f
cl4867971,2021-03-26,In re Adoption of Yasmin S.,,dk59767285,Published,f
cl4896904,2021-05-21,State v. Hernandez,Hernandez,dk60033589,Published,f
cl4849744,2020-11-13,TDP Phase One v. The Club at the Yard,,dk36424758,Published,f
cl4863432,2021-01-29,Hawkins v. Delgado,Hawkins,dk59726687,Published,f
cl4878345,2021-03-26,Davis v. Moats,Davis,dk59864019,Published,f
cl4863354,2021-02-12,Dreesen Enters. v. Dreesen,Dreesen,dk59726446,Published,f
cl4887282,2021-03-26,"Eletech, Inc. v. Conveyance Consulting Group",,dk59944856,Published,f
cl4853872,2021-01-29,Edwards v. Douglas County,Edwards,dk59180639,Published,f
cl4878339,2021-04-02,State v. Figures,Figures,dk59864013,Published,f
cl31048,2003-04-16,Cowle v. Dain Raushcer Inc,Cowle,dk28577,Unpublished,f
cl73576,1999-03-02,Burchfield v. United States,Burchfield,dk395197,Published,f
cl32156,2003-08-05,Bell Atlantic Corp. v. AT&T Corp.,,dk1157640,Published,f
cl4894872,2021-04-02,State v. Jennings,Jennings,dk60013300,Published,f
cl4854366,2021-02-05,People v. Roddis,Roddis,dk59202428,Published,f
cl38572,2005-07-18,United States v. Smith,,dk41764,Published,f
cl4867985,2021-02-26,State v. Lowman,Lowman,dk59767299,Published,f
cl209923,2008-05-07,Atamirzayeva v. United States,Atamirzayeva,dk572509,Published,f
cl4872057,2021-04-02,State v. Jennings,Jennings,dk59807621,Published,f
cl4843065,2020-12-11,State v. Clausen,Clausen,dk23236196,Published,f
cl4834019,2020-09-25,Tilson v. Tilson,Tilson,dk18694266,Published,f
cl4878425,2021-03-12,Johnson v. Johnson,,dk59864289,Published,f
cl4846295,2020-10-23,In re Interest of Leyton C. & Landyn C.,,dk29091109,Published,f
cl51528,2007-08-24,United States v. McDowell,McDowell,dk218035,Published,f
cl4900344,2021-05-14,Yagodinski v. Sutton,Yagodinski,dk60063386,Published,f
cl4867998,2021-02-05,State v. Johnson,,dk59767312,Published,f
cl4835367,2020-12-03,People v. Reed,Reed,dk18710606,Published,f
cl4843069,2020-12-04,Parks v. Hy-Vee,Parks,dk23236336,Published,f
cl71159,1996-08-28,"Childree v. UAP/GA AG Chem, Inc.",Childree,dk420164,Published,f
cl75893,2002-06-05,United States v. Hector Ramon Diaz-Clark,,dk1150593,Published,f
cl4857706,2021-02-19,People v. Jackson,,dk59301877,Published,f
cl4896920,2021-04-16,State v. Malone,Malone,dk60033605,Published,f
cl4900340,2021-05-21,State v. Munoz,Munoz,dk60063382,Published,f
cl4870355,2021-01-29,Hawkins v. Delgado,Hawkins,dk59789141,Published,f
cl2631,2008-04-03,United States v. Wexler,Wexler,dk1973917,Published,f
cl2715933,2014-08-07,Santina Caruso v. The Jackson Laboratory,,dk678914,Published,f
cl77978,2008-04-23,Zivojinovich v. Barner,Zivojinovich,dk2031991,Published,f
cl65771,2009-05-07,United States v. Garcia,Garcia,dk615894,Published,f
cl36489,2004-10-20,Roy v. Ashcroft,Roy,dk133388,Published,f
cl162985,2003-01-27,Cargle v. Mullin,Cargle,dk258456,Published,f
cl11186,1997-01-31,Madison v. Parker,Parker,dk184579,Published,f
cl4898572,2021-07-02,State v. Greer,Greer,dk60046956,Published,f
cl4889768,2021-04-29,Tyrrell v. Frakes,Tyrrell,dk59967647,Published,f
cl64840,2009-02-17,White v. St Luke's Epis Hlth,White,dk69096,Unpublished,t
cl70150,2009-12-23,"United States v. Ocie McCuin, Jr.",,dk72782,Unpublished,t
cl4848024,2020-12-04,State v. Blocher,Blocher,dk29110699,Published,f
cl77574,2007-01-04,Mohammed Zeeshan Zafar v. U.S. Atty. Gen.,,dk74350,Published,f
cl4878407,2021-04-16,Great Northern Ins. Co. v. Transit Auth. of Omaha,,dk59864271,Published,f
cl4889835,2021-05-21,Seivert v. Alli,Seivert,dk59967834,Published,f
cl4878850,2021-02-12,Dreesen Enters. v. Dreesen,Dreesen,dk59868471,Published,f
cl4874107,2021-03-26,In re Adoption of Yasmin S.,,dk59827475,Published,f
cl4840632,2020-12-04,Parks v. Hy-Vee,Parks,dk18756052,Published,f
cl4894873,2021-04-02,State v. Figures,Figures,dk60013301,Published,f
cl4881066,2021-04-02,SID No. 2 of Knox Cty. v. Fischer,Fischer,dk59889029,Published,f
cl4903552,2021-07-02,State v. Greer,Greer,dk60092385,Published,f
cl4869680,2021-02-26,State v. Starks,Starks,dk59780701,Published,f
cl172192,2009-05-27,Dias v. City and County of Denver,Dias,dk1542303,Published,f
cl886217,2002-03-19,State v. Liefert,Liefert,dk621676,Published,f
cl67497,2009-08-21,Woodward v. Epps,Woodward,dk856624,Published,f
cl36482,2004-10-20,United States v. Arce-Jasso,Arce-Jasso,dk46893,Published,f
cl38080,2005-04-22,Plotkin v. IP Axess Inc,Plotkin,dk171112,Published,f
cl27035,2002-03-12,Price v. Federal Express Corp,Price,dk694491,Published,f
cl208079,2009-09-03,In Re Skvorecz,In Re Skvorecz,dk571138,Published,f
cl29554,2002-12-16,United States v. Mullins,Mullins,dk657017,Published,f
cl2750419,2014-11-12,Thomas v. Steps,Thomas,dk2595500,Published,f
cl33877,2004-01-07,Moreno v. Brownlee,Moreno,dk132157,Unpublished,f
cl2753309,2014-11-18,State v. Rahman,Rahman,dk2606990,Published,f
cl43009,2006-05-31,United States v. Luevano-Orozco,Luevano-Orozco,dk169715,Unpublished,f
cl63260,2008-08-14,Crowell v. Shell Oil Co.,Crowell,dk1174688,Published,f
cl4838215,2020-12-04,Parks v. Hy-Vee,Parks,dk18734791,Published,f
cl6246341,2022-01-28,State v. Blake,Blake,dk62634994,Published,f
cl4865572,2021-03-12,State v. Stelly,Stelly,dk59746078,Published,f
cl65383,2009-03-30,"Ontiveros v. City of Rosenberg, Tex.",Ontiveros,dk246909,Published,f
cl71485,2010-03-23,United States v. Scher,Scher,dk1579211,Published,f
cl4852033,2021-01-29,Hawkins v. Delgado,Hawkins,dk53498708,Published,f
cl27771,2002-06-11,United States v. Harris,Harris,dk1087387,Published,f
cl66456,2009-06-23,United States v. Doublin,Doublin,dk781814,Published,f
cl4840768,2020-10-16,Cinatl v. Prososki,Cinatl,dk18756401,Published,f
cl4853975,2020-12-04,State v. Blocher,Blocher,dk59192645,Published,f
cl75656,2001-10-02,Gerling Global v. Bill Nelson,,dk397083,Published,f
cl29319,2002-11-21,"Walker v. City of Mesquite, TX",Walker,dk695089,Published,f
cl62938,2008-07-29,Pondexter v. Quarterman,Pondexter,dk1616973,Published,f
cl156859,1998-09-08,United States v. McVeigh,McVeigh,dk202113,Published,f
cl2788632,2015-03-23,Michael Toney v. Rissie Owens,,dk2644038,Published,f
cl203495,2008-09-25,Singh v. Mukasey,Singh,dk1109362,Published,f
cl26128,2001-12-13,United States v. Lawrence,Lawrence,dk1961394,Published,f
cl27242,2002-04-29,Keenan v. Tejeda,Keenan,dk77118,Published,f
cl34445,2004-03-16,Guajardo v. TX Dept Cr Justice,Guajardo,dk278246,Published,f
cl169598,2007-08-07,United States v. Karam,Karam,dk593261,Published,f
cl3158927,2015-12-01,OBB Personenverkehr AG v. Sachs,Sachs,dk3016986,Published,f
cl219520,2011-06-23,"NLRB v. St. George Warehouse, Inc.",,dk654825,Published,f
cl19795,2000-01-31,Seatrax Inc v. Sonbeck Intl Inc,,dk1434601,Published,f
cl4562196,2012-12-20,Martinez v. Comm'r,Martinez,dk8183384,Unpublished,f
cl4844341,2020-12-11,Fuelberth v. Heartland Heating & Air Conditioning,Fuelberth,dk27318089,Published,f
cl4560155,2009-01-08,Schwening v. Comm'r,Schwening,dk8181261,Unpublished,t
cl4560540,2009-09-24,Dyer v. Comm'r,Dyer,dk8181668,Unpublished,f
cl4874103,2021-04-02,State v. Figures,Figures,dk59827471,Published,f
cl77881,2007-12-21,Goebert v. Lee County,Goebert,dk213281,Published,f
cl162319,2002-06-18,Lovejoy v. CIR,Lovejoy,dk688186,Published,f
cl4563580,2017-09-11,Seeliger v. Comm'r,Seeliger,dk8185027,Unpublished,f
cl67088,2009-07-13,"Kling Realty Co., Inc. v. Chevron USA, Inc.",,dk1544217,Published,f
cl4889858,2021-04-02,State v. Figures,Figures,dk59967858,Published,f
cl27038,2002-03-20,United States v. Nolasco-Rosas,Nolasco-Rosas,dk694488,Published,f
cl201454,2005-02-17,Rodriguez-Ramirez v. Ashcroft,Rodriguez-Ramirez,dk609124,Published,f
cl4250371,2016-08-23,Norman v. O'Brien,Norman,dk4415462,Published,f
cl28428,2002-08-27,In Re: Hornsby,In Re: Hornsby,dk2003688,Published,f
cl4562809,2015-07-30,Agro-Jal Farming Enters. v. Commissioner,Commissioner,dk8184136,Published,f
cl4834724,2020-12-01,Raab v. Frank,Raab,dk18703114,Published,f
cl77447,2006-08-04,Raymond Anthony Miller v. Terry J. Harget,,dk398748,Published,f
cl4899920,2021-07-15,Sheppard v. Geneva Rock,Sheppard,dk60059754,Published,f
cl76369,2003-10-01,Ellison v. Barnhart,Ellison,dk343595,Published,f
cl4844245,2020-12-30,State v. Tellis,Tellis,dk26992734,Published,f
cl26626,2002-03-05,Murphy v. PA Higher Educ Asst,,dk142252,Published,f
cl50946,2007-07-19,Maldonado v. Ochsner Clinic Foundation,Maldonado,dk129231,Published,f
cl64528,2009-01-14,"Paz v. Brush Engineered Materials, Inc.",Paz,dk531203,Published,f
cl4896919,2021-04-23,Champion v. Hall County,Champion,dk60033604,Published,f
cl4872148,2021-04-09,Clason v. LOL Investments,Clason,dk59807860,Published,f
cl4849825,2020-12-04,Parks v. Hy-Vee,Parks,dk36598398,Published,f
cl4889077,2021-04-02,State v. Figures,Figures,dk59960850,Published,f
cl39222,2005-07-29,Dupre v. Schott,Dupre,dk31708,Unpublished,t
cl41820,2005-12-06,Hooters of Augusta v. American Global Ins. Co.,,dk34748,Unpublished,f
cl76167,2003-05-29,United States v. David Neil Yeager,,dk76121,Published,f
cl57428,2008-01-23,Bocchi Americas Assoc. v. Commerce Fresh Marketing,,dk230431,Published,f
cl35385,2004-06-01,United States v. Crittenden,,dk137663,Published,f
cl70654,1996-01-02,FL Hospital Trust v. Comr. of IRS,,dk155561,Published,f
cl4872093,2021-01-29,Hawkins v. Delgado,Hawkins,dk59807657,Published,f
cl4867972,2021-03-26,Davis v. Moats,Davis,dk59767286,Published,f
cl4846164,2020-12-04,Parks v. Hy-Vee,Parks,dk29090661,Published,f
cl7390,1995-08-08,Amos v. Scott,Amos,dk170015,Published,f
cl4874182,2021-03-26,"Eletech, Inc. v. Conveyance Consulting Group",,dk59827723,Published,f
cl4840658,2020-10-09,Dycus v. Dycus,Dycus,dk18756078,Published,f
cl4887254,2021-05-21,Seivert v. Alli,Seivert,dk59944828,Published,f
cl30049,2003-01-17,United States v. Hayes,Hayes,dk179761,Unpublished,f
cl4848031,2020-11-13,State v. Stack,Stack,dk29110706,Published,f
cl10024,1996-08-23,Bridges v. City of Bossier,Bridges,dk184850,Published,f
cl849116,2001-07-24,"Kelly v. Builders Square, Inc.",Kelly,dk1091221,Published,f
cl38970,2005-07-22,United States v. Cruz,Cruz,dk185906,Published,f
cl4808016,2020-09-18,Lassalle v. State,Lassalle,dk18651585,Published,f
cl4898535,2021-04-16,Great Northern Ins. Co. v. Transit Auth. of Omaha,,dk60046764,Published,f
cl61888,2008-05-30,United States v. Deleon,Deleon,dk200613,Unpublished,f
cl34430,2004-03-05,Hoffman v. Kramer,Hoffman,dk202324,Published,f
cl4853896,2020-12-04,State v. Blocher,Blocher,dk59180676,Published,f
cl37735,2005-03-03,Panjwani v. Gonzales,Panjwani,dk207078,Published,f
cl4889764,2021-05-14,McGill Restoration v. Lion Place Condo. Assn.,,dk59967643,Published,f
cl8270,1995-12-18,Reed v. Scott,Reed,dk215328,Published,f
cl4890881,2021-04-02,State v. Figures,Figures,dk59977523,Published,f
cl28952,2002-09-11,Sampia v. Cain,Sampia,dk296124,Unpublished,t
cl11692,1997-04-04,Autin v. CIR,Autin,dk222962,Published,f
cl76172,2003-05-27,"Major League Baseball, Alan H. Selig, Tampa Bay Devil Rays, LTD., Florida Marlins Baseball Club, LLC v. Charlie Crist",,dk397647,Published,f
cl64821,2009-02-10,United States v. Cordova-Saavedra,Cordova-Saavedra,dk233143,Unpublished,f
cl66194,2008-10-24,United States v. Fred Joseph Suttles,,dk233609,Unpublished,t
cl61125,2008-04-15,United States v. Bory,Bory,dk238851,Unpublished,f
cl76170,2003-05-29,United States v. David Neil Yeager,,dk238955,Published,f
cl166766,2005-12-13,Martinez v. Garden,Martinez,dk243867,Published,f
cl28170,2002-07-25,Collier v. Cockrell,Collier,dk255553,Published,f
cl27363,2002-05-06,Carroll v. Air Express Intl USA,Carroll,dk257536,Unpublished,t
cl39260,2005-08-26,Espinoza v. TX Dept of Pub Sfty,Espinoza,dk298192,Unpublished,t
cl45558,2006-08-29,Amador v. Quarterman,Amador,dk327302,Published,f
cl57468,2007-11-09,United States v. Jamail James Hogan,,dk332973,Unpublished,t
cl40446,2006-01-05,Detho v. Gonzales,Detho,dk341606,Unpublished,f
cl2676984,2014-06-03,"Zhong Yang v. Eric Holder, Jr.",,dk344191,Unpublished,f
cl67115,2009-07-09,"Keenan v. DONALDSON, LUFKIN & JENRETTE, INC.",Keenan,dk347880,Published,f
cl28325,2002-07-17,United States v. Smith,,dk356334,Unpublished,t
cl64819,2009-02-10,United States v. Munoz-Astello,Munoz-Astello,dk370728,Unpublished,f
cl66371,2009-05-07,Hutchins v. Fairchild Roofing,Hutchins,dk375319,Unpublished,f
cl66617,2008-11-18,Jimmie Bowers v. Norfolk Southern Corporation,,dk376017,Unpublished,t
cl60603,2008-05-01,United States v. Flemons,Flemons,dk384798,Unpublished,f
cl61811,2008-05-28,United States v. Carlos Andres Gonzalez,,dk387034,Unpublished,f
cl62455,2008-06-26,United States v. Shannon Phalo,,dk388194,Unpublished,f
cl64324,2008-12-04,United States v. Baker,Baker,dk393562,Unpublished,t
cl56876,2007-10-02,Richard Wayne Biester v. Warden James Lanier,,dk396190,Unpublished,f
cl78267,2009-02-10,Williams v. McNeil,McNeil,dk399341,Published,f
cl78492,2009-10-16,United States v. Chavez,Chavez,dk399492,Published,f
cl70618,2010-01-07,Richard Hemphill v. Richard Inglese,,dk419102,Unpublished,f
cl36874,2004-11-11,United States v. Andrews,Andrews,dk473913,Published,f
cl185761,2002-07-02,New Wrld Radio Inc v. FCC,,dk545921,Published,f
cl30553,2003-03-24,Grant v. Gilbert,Grant,dk567750,Published,f
cl219743,2011-06-27,Lewis v. Sandoval,Lewis,dk577202,Unpublished,t
cl196503,1995-12-29,Vecinos de Barrio v. City of Holyoke,,dk603544,Published,f
cl201531,2005-04-13,Aroostook Band of v. Ryan,Ryan,dk609159,Published,f
cl23904,2001-04-23,Sholdra v. Chilmark Fincl LLP,Sholdra,dk610652,Published,f
cl68725,2009-10-16,United States v. Lewis,Lewis,dk626669,Unpublished,t
cl32621,2003-09-11,Hadnot v. Bay Ltd,Hadnot,dk1116415,Published,f
cl2715934,2014-08-07,"Francis Small Heritage Trust, Inc. v. Town of Limington",,dk678849,Published,f
cl32110,2003-07-07,Thomas v. TX Dept Cr Justice,Thomas,dk695794,Unpublished,t
cl70023,2009-12-16,Allen Bates v. Beverly Pratt,,dk763168,Unpublished,f
cl808423,2012-09-13,Funeral Consumers Alliance Inc v. Service C,,dk773221,Published,f
cl2716175,2014-08-07,Waylon Moore v. City of Seagraves,,dk783511,Unpublished,t
cl175428,2010-09-16,"Donald Hodge, Jr. v. East Baton Rouge Parish",,dk790346,Unpublished,t
cl621502,2012-01-25,Linda McCoy v. Mississippi State Tax Cmsn,,dk791673,Published,f
cl616104,2011-10-26,United States v. Roberto Zamora,,dk844830,Published,f
cl75472,2001-07-25,United States v. Myron Dupree,,dk925304,Published,f
cl887102,2005-12-06,State v. Seaman,Seaman,dk1120260,Published,f
cl37091,2004-11-30,Salazar v. Dretke,Salazar,dk1101754,Unpublished,t
cl196327,1995-10-02,United States v. Acosta,Acosta,dk1114662,Published,f
cl2697691,2012-04-20,State v. Miller,,dk1116587,Published,f
cl70884,1996-05-22,Wilderness Society v. Alcock,Alcock,dk1118648,Published,f
cl217048,2011-05-19,"Larry Puckett v. Christopher Epps, Commissioner",,dk1124598,Published,f
cl43104,2006-05-19,Ali v. Gonzales,Ali,dk1184763,Unpublished,t
cl68876,2009-10-16,United States v. Filson,Filson,dk1187749,Unpublished,f
cl7271,1995-06-23,Weeks v. Scott,Weeks,dk1263464,Published,f
cl66925,2009-06-10,Restrepo Monsalve v. Holder,,dk1291916,Unpublished,f
cl49874,2006-07-06,United States v. Leroy Evans,,dk1293079,Unpublished,t
cl27026,2002-03-25,Harris v. Parker College,Harris,dk1307688,Published,f
cl30547,2003-03-11,United States v. Green,Green,dk1398083,Published,f
cl41195,2006-02-15,United States v. Akinsuroju,Akinsuroju,dk1493025,Unpublished,t
cl71584,2010-03-02,In Re Barner,In Re Barner,dk1539274,Published,f
cl240,2010-03-16,United States v. Maggi,Maggi,dk1547565,Published,f
cl802289,2012-06-14,Black v. Workman,Workman,dk788315,Published,f
cl202370,2006-08-22,Conteh v. Gonzales,Conteh,dk702811,Published,f
cl4562622,2015-01-13,"Am. Airlines, Inc. v. Comm'r",Comm'r,dk8183947,Published,f
cl4832857,2020-11-10,Vogel v. Albi,Vogel,dk18687688,Published,f
cl4861898,2021-03-05,State v. Kimes,Kimes,dk59712802,Published,t
cl4848424,2021-01-19,State v. Stanley,Stanley,dk29964174,Published,f
cl4833520,2020-11-25,State v. Houston,,dk18690119,Published,f
cl5064998,2021-08-31,Ins. v. Dakota Station II,,dk60326216,Published,f
cl4842352,2020-12-23,"Castillo-Sang v. Christ Hosp. Cardiovascular Assocs., L.L.C.",Castillo-Sang,dk20622909,Published,f
cl77956,2008-03-20,United States v. Williams,,dk2022666,Published,f
cl69269,2009-11-09,McFadin v. Gerber,McFadin,dk1588796,Published,f
cl4851962,2021-01-29,Edwards v. Douglas County,Edwards,dk53267518,Published,f
cl4889211,2021-06-04,State v. Hall,Hall,dk59961658,Published,f
cl4832848,2020-11-24,Welsh-Huggins v. Jefferson Cty. Prosecutor's Office (Slip Opinion),Welsh-Huggins,dk18687679,Published,f
cl4844326,2020-12-31,State v. Gideon (Slip Opinion),,dk27300475,Published,f
cl4843312,2020-12-28,In re Adoption of C.E.S.,,dk26029412,Published,t
cl4859994,2021-03-01,State v. Stanley,Stanley,dk59692797,Published,f
cl4868647,2021-03-29,State v. Chase,Chase,dk59773720,Published,f
cl4881638,2021-05-10,State v. Fuell,Fuell,dk59892980,Published,f
cl4869062,2021-03-30,State v. Myers,Myers,dk59777640,Published,f
cl4881637,2021-05-10,State v. Johnson,,dk59892979,Published,f
cl4871393,2021-04-07,State ex rel. Sands v. Culotta (Slip Opinion),,dk59800335,Published,f
cl2812403,2015-06-26,People v. Kuehner,Kuehner,dk2669006,Published,f
cl4873732,2021-04-15,In re Br. M. & Bo. M.,,dk59823601,Published,f
cl4863095,2021-03-11,In re K.S.,In re K.S.,dk59723426,Published,t
cl4876483,2021-04-19,State v. Hatton,Hatton,dk59846405,Published,f
cl4847653,2021-01-14,Newburgh Hts. v. State,,dk29105418,Published,t
cl4844130,2020-12-30,State v. Grieco,Grieco,dk26892932,Published,f
cl4889505,2021-06-07,"Spitzer v. Frisch's Restaurants, Inc.",Spitzer,dk59964920,Published,f
cl4870752,2021-04-05,State ex rel. Becker v. Faris,Faris,dk59793240,Published,f
cl5064711,2021-08-30,State v. Broughton,Broughton,dk60322366,Published,f
cl4881635,2021-05-10,State v. Paul,Paul,dk59892977,Published,f
cl4838829,2020-12-14,In re D.P.,In re D.P.,dk18739543,Published,f
cl4842147,2020-12-23,State ex rel. Romine v. McIntosh (Slip Opinion),,dk20621960,Published,f
cl4836329,2020-12-07,Shannon v. Fischer,Shannon,dk18719238,Published,f
cl4880256,2021-05-05,Lundeen v. Turner (Slip Opinion),Lundeen,dk59881873,Published,f
cl4857573,2021-02-18,Atkins v. State,Atkins,dk59300127,Published,f
cl4863508,2021-03-12,Hayes v. Durrani,Hayes,dk59727001,Published,f
cl4879085,2021-04-30,State v. McDaniel,McDaniel,dk59869934,Published,f
cl4835916,2020-12-04,State v. Lowery,Lowery,dk18715660,Published,f
cl4885613,2021-05-24,State v. Johnson,,dk59929771,Published,f
cl4881627,2021-05-10,State v. Reed,Reed,dk59892969,Published,f
cl4881639,2021-05-10,In re L.M.,In re L.M.,dk59892981,Published,f
cl4900825,2021-07-19,In re L.W.,In re L.W.,dk60067774,Published,f
cl76190,2003-05-08,"Foster Children v. Jeb Bush, Kathleen Kearney, Chuck Bates, Robert Williams, Ester Tibbs",,dk397653,Published,f
cl4870999,2021-04-06,State ex rel. Nyamusevya v. Hawkins (Slip Opinion),,dk59796648,Published,f
cl4894698,2021-06-24,"Hamid v. Univ. Manors, Ltd.",Hamid,dk60011835,Published,f
cl4842141,2020-12-23,Wilson v. Durrani (Slip Opinion),Wilson,dk20621954,Published,f
cl4759921,2020-06-10,State ex rel. Simmons v. Breaux (Slip Opinion),,dk17236801,Published,f
cl4902585,2021-07-26,State v. Brown,Brown,dk60078270,Published,f
cl4896203,2021-06-30,"Hunters Trail Acquisitions, L.L.C. v. Stasik",Stasik,dk60025715,Published,f
cl4882313,2021-05-12,State v. Jackson,,dk59900022,Published,f
cl4839804,2020-12-15,State v. Roberts,Roberts,dk18748493,Published,f
cl4859481,2021-02-25,In re D.E.,In re D.E.,dk59686184,Published,t
cl25898,2001-11-12,United States v. Willis,Willis,dk1654338,Published,f
cl4874719,2021-04-19,State v. Hodgkin,Hodgkin,dk59832641,Published,f
cl4865717,2021-01-29,Edwards v. Douglas County,Edwards,dk59746547,Published,f
cl4853958,2021-01-15,State v. Melton,Melton,dk59192622,Published,f
cl4898493,2021-07-02,State v. Greer,Greer,dk60046722,Published,f
cl4837620,2020-12-10,State v. Grate (Slip Opinion),,dk18730378,Published,f
cl4862941,2021-03-11,State ex rel. Sands v. Coulson (Slip Opinion),,dk59722545,Published,f
cl4899301,2021-07-13,Ostanek v. Ostanek (Slip Opinion),Ostanek,dk60053576,Published,f
cl4880788,2021-05-05,State v. Slye,Slye,dk59886260,Published,f
cl4866844,2021-03-23,"Organ Cole, L.L.P. v. Andrew",Andrew,dk59755981,Published,f
cl4837835,2020-12-10,Jordan v. Giant Eagle Supermarket,Jordan,dk18731657,Published,t
cl4833533,2020-11-25,"Musial Offices, Ltd. v. Cuyahoga Cty.",,dk18690132,Published,f
cl4892805,2021-06-17,State v. Walker,Walker,dk59993551,Published,f
cl4882972,2021-05-07,McCaulley v. C L Enters.,McCaulley,dk59906358,Published,f
cl4893395,2021-06-18,Trimbach v. Bath Twp.,Trimbach,dk59999527,Published,f
cl4883069,2021-04-23,In re Interest of Victor L.,,dk59906633,Published,f
cl4879091,2021-04-30,State v. Compton,Compton,dk59869940,Published,f
cl4889778,2021-04-16,Brown v. Morello,Brown,dk59967657,Published,f
cl4874097,2021-04-16,Great Northern Ins. Co. v. Transit Auth. of Omaha,,dk59827465,Published,f
cl4896199,2021-06-30,State v. Green,Green,dk60025711,Published,f
cl4869413,2021-03-31,State v. Straughan,Straughan,dk59780297,Published,f
cl4859985,2021-03-01,State v. Crawford,Crawford,dk59692787,Published,f
cl4897624,2021-07-06,Blair v. Adkins,Blair,dk60037751,Published,t
cl5064708,2021-08-30,State v. Reeder,Reeder,dk60322363,Published,f
cl4869419,2021-03-31,State v. Callaghan,Callaghan,dk59780303,Published,f
cl4847650,2021-01-14,State v. D-Bey,D-Bey,dk29105415,Published,f
cl4835366,2020-12-03,State Farm Mutual Automobile Insurance Co. v. Elmore,Elmore,dk18710605,Published,f
cl4871468,2021-04-07,People v. Brown,Brown,dk59801082,Published,f
cl4865783,2021-03-18,State v. Crespo,Crespo,dk59746864,Published,t
cl4839378,2020-12-15,McDougald v. Ohio Dept. of Rehab. & Corr.,McDougald,dk18745076,Published,f
cl4834623,2020-12-01,State ex rel. Thomas v. McGinty (Slip Opinion),,dk18701865,Published,f
cl4884843,2021-05-20,State v. Andrews,Andrews,dk59922067,Published,f
cl4860752,2021-03-03,State v. Muhammadel,Muhammadel,dk59700000,Published,f
cl4855236,2021-02-09,Municipal Officers Electoral Board of the Village of Elk Grove Village,,dk59240230,Published,f
cl848682,2004-07-30,Bryant v. Oakpointe Villa Nursing Centre,Bryant,dk564171,Published,f
cl4878344,2021-03-26,"Eletech, Inc. v. Conveyance Consulting Group",,dk59864018,Published,f
cl4863340,2021-03-05,Rodriguez v. Lasting Hope Recovery Ctr.,Rodriguez,dk59726432,Published,f
cl4869671,2021-03-19,State ex rel. Counsel for Dis. v. Beauvais,Beauvais,dk59780692,Published,f
cl4902257,2021-07-22,Bradley v. Bradley,Bradley,dk60077619,Published,t
cl4879089,2021-04-30,State v. Fletcher,Fletcher,dk59869938,Published,f
cl4859472,2021-02-26,State v. Keith,Keith,dk59686170,Published,f
cl4832862,2020-11-20,State v. Sinkhorn,Sinkhorn,dk18687693,Published,f
cl4849854,2021-01-22,State v. Baker,Baker,dk36606458,Published,f
cl4880350,2021-05-05,State v. Lewis,Lewis,dk59882255,Published,f
cl4844251,2020-12-30,State v. Haynes,Haynes,dk26992754,Published,f
cl4849914,2021-01-22,State v. Smith,,dk36780220,Published,t
cl4892806,2021-06-17,State v. Stansell,Stansell,dk59993552,Published,f
cl4761065,2020-06-15,v. Meagher,v. Meagher,dk17249808,Published,f
cl4869415,2021-03-31,State v. Preston,Preston,dk59780299,Published,f
cl4844532,2020-12-31,State v. Warren,Warren,dk27337334,Published,f
cl4863943,2021-03-15,State v. Shannon,Shannon,dk59732370,Published,f
cl4902251,2021-07-22,State v. Beard,Beard,dk60077613,Published,f
cl4861887,2021-03-08,State v. Slife,Slife,dk59712791,Published,f
cl4868113,2021-03-26,Dayton v. State,Dayton,dk59768256,Published,f
cl4894875,2021-06-25,In re R.B.,In re R.B.,dk60013308,Published,f
cl4834967,2020-12-02,In re R.B. (Slip Opinion),,dk18706597,Published,f
cl4874233,2021-04-16,State v. Sipple,Sipple,dk59827779,Published,t
cl172809,2009-10-27,Thomson v. Salt Lake County,Thomson,dk205771,Published,f
cl4853619,2021-02-04,State v. Wilkins,Wilkins,dk59143265,Published,f
cl4903216,2021-07-27,State v. Robinson,Robinson,dk60086988,Published,f
cl4885042,2021-04-16,Great Northern Ins. Co. v. Transit Auth. of Omaha,,dk59924812,Published,f
cl4863511,2021-03-12,State v. Freeman,Freeman,dk59727004,Published,f
cl4865845,2021-03-19,State v. Almeyda,Almeyda,dk59747470,Published,f
cl4870747,2021-04-05,State v. Berry,Berry,dk59793234,Published,f
cl4899823,2021-07-13,Whitesed v. Huddleston,Whitesed,dk60058567,Published,t
cl4853266,2021-02-03,State v. Patton,Patton,dk59058597,Published,f
cl4864955,2021-03-17,In re R.B.-B.,In re R.B.-B.,dk59739624,Published,t
cl4901336,2021-07-21,In re K.C.,In re K.C.,dk60073403,Published,t
cl38580,2005-06-27,Flores-Ledezma v. Gonzales,Flores-Ledezma,dk301491,Published,f
cl4884841,2021-05-20,State v. Maldonado,Maldonado,dk59922065,Published,f
cl4866443,2021-03-22,State v. Neiss-Parsons,Neiss-Parsons,dk59752558,Published,f
cl5065579,2021-09-02,"Berns Custom Homes, Inc. v. Johnson",,dk60333935,Published,f
cl4895028,2021-06-25,Yost v. McNea,Yost,dk60014901,Published,f
cl4840164,2020-12-17,State v. Rue (Slip Opinion),,dk18752187,Published,f
cl4835441,2020-11-24,In re L.S.,In re L.S.,dk18710975,Published,f
cl70869,2010-02-04,United States v. Sauseda,Sauseda,dk210943,Published,f
cl4848093,2020-11-13,TDP Phase One v. The Club at the Yard,,dk29110899,Published,f
cl4889066,2021-04-23,In re Interest of Victor L.,,dk59960839,Published,f
cl4878424,2021-03-12,State v. Stelly,Stelly,dk59864288,Published,f
cl76510,2004-03-25,United States v. Karl T. Waldon,,dk397996,Published,f
cl4903104,2021-07-27,State v. Rengert,Rengert,dk60085709,Published,f
cl4855764,2021-02-10,Toombs v. McGuire,Toombs,dk59245214,Published,f
cl4887882,2021-06-01,State v. Moore,Moore,dk59951181,Published,f
cl4840790,2020-12-18,State v. Chapman (Slip Opinion),,dk18756445,Published,f
cl4870754,2021-04-05,Lovejoy v. Diel,Lovejoy,dk59793242,Published,f
cl14852,1998-06-01,New York Life Ins Co v. Deshotel,Deshotel,dk1988633,Published,f
cl4865778,2021-03-19,In re R/G Children,,dk59746859,Published,t
cl4901755,2021-07-22,Yoney v. State,Yoney,dk60076837,Published,f
cl4884649,2021-05-20,Pemberton v. State,Pemberton,dk59921296,Published,f
cl4878600,2021-04-29,State v. Atahiya,Atahiya,dk59865106,Published,f
cl6246082,2022-01-27,State v. Tolbert,Tolbert,dk62632348,Published,f
cl4841663,2020-12-22,State v. Taylor (Slip Opinion),,dk19461393,Published,f
cl4874009,2021-03-19,State ex rel. Counsel for Dis. v. Beauvais,Beauvais,dk59827247,Published,f
cl4844091,2020-12-30,Boolchand v. Boolchand,Boolchand,dk26874826,Published,t
cl4876667,2021-01-29,Edwards v. Douglas County,Edwards,dk59848083,Published,f
cl4859996,2021-03-01,State v. Turner,Turner,dk59692799,Published,f
cl4850399,2021-01-25,State v. Miller,,dk41955775,Published,f
cl4852611,2021-02-01,In re E.G.C.,In re E.G.C.,dk58823723,Published,t
cl4893780,2021-06-17,Daniels v. Daniels,Daniels,dk60003862,Published,t
cl4872066,2021-03-19,State ex rel. Counsel for Dis. v. Beauvais,Beauvais,dk59807630,Published,f
cl4889777,2021-04-16,Great Northern Ins. Co. v. Transit Auth. of Omaha,,dk59967656,Published,f
cl4885137,2021-04-16,Great Northern Ins. Co. v. Transit Auth. of Omaha,,dk59925082,Published,f
cl4849828,2020-11-20,In re Interest of Seth C.,,dk36598590,Published,f
cl4844247,2020-12-30,State v. Sawyer,Sawyer,dk26992737,Published,f
cl4893802,2021-06-22,In re N.M.,In re N.M.,dk60004133,Published,f
cl4899085,2021-07-12,State v. Likens,Likens,dk60051167,Published,f
cl4889210,2021-06-04,State v. Lewis,Lewis,dk59961657,Published,f
cl4848427,2021-01-19,State v. Tutt,Tutt,dk29964402,Published,f
cl4858075,2021-02-22,State v. Myers,Myers,dk59671718,Published,f
cl4832942,2020-11-23,State v. Combs,Combs,dk18687776,Published,f
cl4871190,2021-04-05,State v. Stevens,Stevens,dk59797801,Published,f
cl28764,2002-09-11,United States v. Wilson,Wilson,dk69810,Published,f
cl4875325,2021-04-13,State v. Behrle,Behrle,dk59838265,Published,f
cl4898438,2021-07-08,In re B.R.,In re B.R.,dk60045295,Published,t
cl4851762,2021-01-28,In re A.S.,In re A.S.,dk50262150,Published,f
cl4898576,2021-06-25,SID No. 67 v. State,,dk60046960,Published,f
cl4848104,2020-10-23,State v. Collins,Collins,dk29110910,Published,f
cl4874219,2021-01-22,In re Estate of Larson,,dk59827760,Published,f
cl4863361,2021-01-29,Edwards v. Douglas County,Edwards,dk59726453,Published,f
cl4835789,2020-11-20,In re Interest of Seth C.,,dk18714685,Published,f
cl4878420,2021-03-26,Davis v. Moats,Davis,dk59864284,Published,f
cl4857571,2021-02-18,Davis v. Davis,Davis,dk59300125,Published,f
cl4857566,2021-02-18,Orwig v. Orwig,Orwig,dk59300120,Published,f
cl4856705,2021-02-16,In re Marriage of Zander,,dk59293886,Published,f
cl4867234,2021-03-24,Ryberg v. Landsiedel,Ryberg,dk59760161,Published,f
cl4869819,2021-04-01,Kobal v. Edward Jones Secs.,Kobal,dk59780867,Published,t
cl4852056,2020-12-11,Fuelberth v. Heartland Heating & Air Conditioning,Fuelberth,dk53501109,Published,f
cl4898605,2021-04-29,Tyrrell v. Frakes,Tyrrell,dk60046991,Published,f
cl4879082,2021-04-30,State v. Ramey,Ramey,dk59869931,Published,f
cl4855875,2021-02-03,State v. Richards,Richards,dk59246171,Published,f
cl4892292,2021-06-11,Erzurum v. Erzurum,Erzurum,dk59989186,Published,f
cl4897617,2021-07-06,State v. Rodriguez,Rodriguez,dk60037742,Published,f
cl4902607,2021-07-26,State v. Lee,,dk60078331,Published,t
cl30593,2003-03-17,United States v. Buck,Buck,dk614462,Published,f
cl4761066,2020-06-15,v. Harrison,v. Harrison,dk17249809,Published,f
cl4839171,2020-12-15,State v. Gideon (Slip Opinion),,dk18743566,Published,f
cl4875564,2021-04-21,Cunningham v. Michael J. Auto Sales,Cunningham,dk59840254,Published,f
cl4848030,2020-11-13,TDP Phase One v. The Club at the Yard,,dk29110705,Published,f
cl4889144,2021-04-16,Great Northern Ins. Co. v. Transit Auth. of Omaha,,dk59960993,Published,f
cl4841659,2020-12-22,"Wildcat Drilling, L.L.C. v. Discovery Oil & Gas, L.L.C. (Slip Opinion)",,dk19461309,Published,f
cl4870367,2021-01-08,State v. Briggs,Briggs,dk59789153,Published,f
cl4902195,2021-06-18,In re Interest of Mekhi S.,,dk60077546,Published,f
cl4881628,2021-05-10,State v. Hiles,Hiles,dk59892970,Published,f
cl4843299,2020-12-28,State v. Kepling,Kepling,dk26029212,Published,f
cl4839635,2020-12-16,State v. Dent (Slip Opinion),,dk18747554,Published,f
cl4837621,2020-12-10,State ex rel. Summers v. Fox (Slip Opinion),,dk18730379,Published,f
cl4902304,2021-07-23,State v. Poppel,Poppel,dk60077685,Published,f
cl4852595,2021-02-01,State v. Owens,Owens,dk58823636,Published,f
cl4844344,2020-12-04,Parks v. Hy-Vee,Parks,dk27318121,Published,f
cl4876521,2021-03-26,In re Adoption of Yasmin S.,,dk59847789,Published,f
cl4876624,2021-04-16,Great Northern Ins. Co. v. Transit Auth. of Omaha,,dk59848040,Published,f
cl4874132,2021-02-12,Dreesen Enters. v. Dreesen,Dreesen,dk59827500,Published,f
cl4863096,2021-03-11,Holmes v. Cuyahoga Community College,Holmes,dk59723427,Published,f
cl4843304,2020-12-23,State v. Mason,,dk26029228,Published,f
cl4851873,2021-01-22,In re Estate of Larson,,dk51959923,Published,f
cl4898503,2021-06-18,In re Interest of Mekhi S.,,dk60046732,Published,f
cl4883071,2021-04-23,Champion v. Hall County,Champion,dk59906635,Published,f
cl4851992,2020-11-13,TDP Phase One v. The Club at the Yard,,dk53270588,Published,f
cl62317,2008-06-05,Hughes v. Quarterman,Hughes,dk389159,Published,f
cl4903558,2021-06-25,In re Interest of Mateo L.,,dk60092391,Published,f
cl4691162,2019-12-31,State v. Anthony,Anthony,dk16641142,Published,t
cl4898375,2021-07-08,"Olive Oil, L.L.C. v. Cleveland Elec. Illum. Co.",,dk60044464,Published,f
cl4876510,2021-04-16,Great Northern Ins. Co. v. Transit Auth. of Omaha,,dk59847778,Published,f
cl4892983,2021-05-21,State v. Munoz,Munoz,dk59996514,Published,f
cl4839798,2020-12-16,Plush v. Cincinnati,Plush,dk18748485,Published,f
cl4833524,2020-11-25,Brown v. Cincinnati,Brown,dk18690123,Published,f
cl883959,1996-07-25,State v. Dist. Court of Fourth Jud. Dist.,,dk560589,Published,f
cl4895658,2021-06-29,State ex rel. Yost v. Volkswagen Aktiengesellschaf (Slip Opinion),,dk60021275,Published,f
cl5065540,2021-09-02,State v. Johnson,,dk60333586,Published,f
cl4837839,2020-12-10,Chagrin Falls v. Ptak,Ptak,dk18731661,Published,f
cl4887252,2021-05-21,State v. Munoz,Munoz,dk59944826,Published,f
cl4863250,2021-02-12,Dreesen Enters. v. Dreesen,Dreesen,dk59726177,Published,f
cl4856211,2021-02-12,State v. Eastman,Eastman,dk59248871,Published,f
cl167149,2006-02-28,Fuerschbach v. Southwest Airlines,Fuerschbach,dk647111,Published,f
cl4894982,2021-06-25,Doe v. Greenville City Schools,Doe,dk60014274,Published,t
cl4853881,2021-01-15,Mahlendorf v. Mahlendorf,Mahlendorf,dk59180648,Published,f
cl4900185,2021-07-14,State v. Lloyd,Lloyd,dk60062245,Published,f
cl23168,2001-03-08,United States v. Peterson,Peterson,dk1119123,Published,f
cl4782461,2020-09-03,"Norman v. Kellie Auto Sales, Inc.",Norman,dk18409105,Published,f
cl4896889,2021-06-18,In re Interest of Mekhi S.,,dk60033574,Published,f
cl4887281,2021-03-26,In re Adoption of Yasmin S.,,dk59944855,Published,f
cl4840791,2020-12-18,"Ohioans for Concealed Carry, Inc. v. Columbus (Slip Opinion)",,dk18756446,Published,f
cl4848044,2020-10-23,In re Interest of Leyton C. & Landyn C.,,dk29110719,Published,f
cl52286,2007-09-17,United States v. Hall,Hall,dk615853,Published,f
cl4867259,2021-03-24,State v. Martinez,Martinez,dk59760566,Published,f
cl4880628,2021-05-06,Atkins v. State,Atkins,dk59885505,Published,f
cl4847057,2020-12-17,McCarvel v. Perhus,McCarvel,dk29099449,Published,f
cl4871527,2021-04-05,Great Plains Royalty Corp. v. Earl Schwartz Co.,,dk59801714,Published,f
cl4880627,2021-05-06,City of West Fargo v. Medbery,Medbery,dk59885504,Published,f
cl6246089,2022-01-27,Gangale v. Coyne,Gangale,dk62632355,Published,t
cl4885041,2021-04-16,State v. Malone,Malone,dk59924811,Published,f
cl4835675,2020-10-02,Yori v. Helms,Yori,dk18714211,Published,f
cl4869439,2021-03-31,State v. Spurrier,Spurrier,dk59780329,Published,f
cl4850398,2021-01-25,State v. Watkins,Watkins,dk41955774,Published,t
cl4890565,2021-06-10,Vo v. Gorski,Vo,dk59974820,Published,f
cl4872059,2021-04-02,SID No. 2 of Knox Cty. v. Fischer,Fischer,dk59807623,Published,f
cl4840645,2020-11-06,Benjamin M. v. Jeri S.,,dk18756065,Published,f
cl4896978,2021-07-02,State v. Hassan,Hassan,dk60033804,Published,f
cl4884208,2021-05-18,Pond v. Pond,Pond,dk59916454,Published,f
cl4842289,2020-12-23,State v. Lawson,Lawson,dk20622535,Published,f
cl4863517,2021-03-12,State v. Davison,Davison,dk59727010,Published,f
cl4842992,2020-12-24,State v. Ferrell,Ferrell,dk22294208,Published,f
cl4883196,2021-05-14,State v. Wagner,Wagner,dk59907348,Published,f
cl4879674,2021-04-30,State v. Merer,Merer,dk59876402,Published,f
cl4870751,2021-04-05,State v. Stout,Stout,dk59793239,Published,f
cl4833536,2020-11-25,In re I.L.J.,In re I.L.J.,dk18690135,Published,t
cl4832849,2020-11-24,State v. Long (Slip Opinion),,dk18687680,Published,f
cl4838079,2020-12-10,In re Disqualification of Fleegle,,dk18733703,Published,f
cl4883755,2021-05-17,Oliveri v. OsteoStrong,Oliveri,dk59911895,Published,f
cl4840166,2020-12-17,State v. Graham (Slip Opinion),,dk18752189,Published,f
cl4859039,2021-02-25,In re L.S.,In re L.S.,dk59682372,Published,t
cl4834965,2020-12-02,Steele v. Harris (Slip Opinion),Steele,dk18706595,Published,f
cl4876631,2021-04-02,State v. Figures,Figures,dk59848047,Published,f
cl4831701,2020-11-23,v. People,v. People,dk18681550,Published,f
cl4867491,2021-03-25,State v. Simmons,Simmons,dk59762931,Published,f
cl4886952,2021-05-27,State v. Gamble,Gamble,dk59941854,Published,f
cl4878735,2021-04-29,"Middle West Spirits, L.L.C. v. Gemini Vodka, Ltd.",,dk59866329,Published,f
cl4889082,2021-03-26,"Eletech, Inc. v. Conveyance Consulting Group",,dk59960855,Published,f
cl4894758,2021-05-21,Seivert v. Alli,Seivert,dk60013059,Published,f
cl4852065,2020-11-13,State v. Stack,Stack,dk53502092,Published,f
cl4848159,2021-01-15,State v. Dorsey,Dorsey,dk29111462,Published,f
cl4887392,2021-05-28,State v. Pate,Pate,dk59945714,Published,f
cl4900345,2021-05-14,McGill Restoration v. Lion Place Condo. Assn.,,dk60063387,Published,f
cl4846255,2020-10-16,Cinatl v. Prososki,Cinatl,dk29090911,Published,f
cl4863955,2021-03-15,State v. Ford,Ford,dk59732382,Published,f
cl4874282,2021-04-16,State v. Derrick,Derrick,dk59828374,Published,f
cl4839239,2020-12-14,State v. Bellomy,Bellomy,dk18744357,Published,t
cl4856609,2021-02-16,"S.W. Ohio Basketball, Inc. v. Himes",Himes,dk59292922,Published,f
cl4835382,2020-12-03,"Tabbaa v. Lexpro, L.L.C.",Tabbaa,dk18710677,Published,f
cl4851760,2021-01-28,State ex rel. Randlett v. Lynch,,dk50262148,Published,f
cl4839634,2020-12-16,State v. Groce (Slip Opinion),,dk18747553,Published,f
cl4844198,2020-12-23,Simon v. Aulino,Simon,dk26952533,Published,t
cl4860404,2021-03-02,Hill v. Ohio Dept. of Rehab. & Corr.,Hill,dk59696966,Published,f
cl4892005,2021-06-15,"Blank v. Bluemile, Inc.",Blank,dk59986757,Published,f
cl4887885,2021-06-01,In re Y.R.,In re Y.R.,dk59951184,Published,f
cl4858743,2021-02-24,In re K.R.,In re K.R.,dk59678568,Published,f
cl4875563,2021-04-21,State v. Smith,,dk59840253,Published,f
cl4872637,2021-04-12,State v. Patterson,Patterson,dk59812623,Published,f
cl4841489,2020-12-18,State v. Barnette,Barnette,dk18763061,Published,f
cl4854637,2021-02-08,In re F.S.,In re F.S.,dk59235330,Published,f
cl4840788,2020-12-18,State v. Jones (Slip Opinion),,dk18756443,Published,f
cl4857480,2021-02-18,State v. Darling,Darling,dk59299348,Published,f
cl4894378,2021-06-24,State ex rel. Steele v. Foley (Slip Opinion),,dk60009568,Published,f
cl4892929,2021-06-17,State v. Messenger,Messenger,dk59994624,Published,t
cl4857477,2021-02-16,State v. Williams,,dk59299345,Published,f
cl4835088,2020-11-30,State v. Wolfe,Wolfe,dk18707751,Published,f
cl4884425,2021-05-19,State v. Calhoun,Calhoun,dk59918344,Published,f
cl4894978,2021-06-25,State v. Alberston,Alberston,dk60014270,Published,f
cl4874177,2021-04-02,State v. Figures,Figures,dk59827718,Published,f
cl4857797,2021-02-19,State v. McCoy,McCoy,dk59302458,Published,f
cl4852121,2021-01-29,State v. Burks,Burks,dk53739809,Published,f
cl4896393,2021-06-30,State v. Stenson,Stenson,dk60028466,Published,f
cl4868288,2021-03-26,State v. Orzechowski,Orzechowski,dk59769822,Published,f
cl4873730,2021-04-15,People v. Johnson,,dk59823599,Published,f
cl4858064,2021-02-22,State v. Suder,Suder,dk59671486,Published,t
cl4861027,2021-03-04,State v. Wilburn,Wilburn,dk59704057,Published,f
cl4894104,2021-06-23,State v. Merz,Merz,dk60006593,Published,f
cl4900824,2021-07-19,State v. Fannin,Fannin,dk60067773,Published,t
cl4863954,2021-03-15,State v. Jackson,,dk59732381,Published,f
cl4890568,2021-06-10,State v. Sealey,Sealey,dk59974827,Published,f
cl4886953,2021-05-27,State v. Delvallie,Delvallie,dk59941855,Published,f
cl4873502,2021-03-31,State v. McGarry,McGarry,dk59820626,Published,f
cl4886535,2021-05-26,In re D.R.,In re D.R.,dk59937318,Published,f
cl4898652,2021-06-30,State v. Lamp,Lamp,dk60047191,Published,t
cl4841878,2020-12-22,"Physician's Ambulance Serv., Inc. v. Ohio Dept. of Medicaid",,dk19835182,Published,f
cl4899458,2021-07-13,State v. Norman,Norman,dk60054821,Published,f
