row_id,phonemes,src_phonemes
test_000000,kəmpjʉtə,kəmpjutɚ
test_000001,ɔtoʊɛθnəɡɹæfɪk,ɔtəʊɛθnəʊɡɹæfɪk
test_000002,hɐt,hʌt
test_000003,bɛlhɒp,bɛlhɑp
test_000004,ɹɪfɜɹəl,ɹɪfɜɹəl
test_000005,tɹədjus,tɹədus
test_000006,ɡæmbuʒ,ɡæmbuʒ
test_000007,seɪdɪzəm,sæɪdɪzəm
test_000008,fɹɒsti,fɹɔsti
test_000009,mæmə,mɑmə
test_000010,hɑɹm,hɐm
test_000011,ɹɛktɪfaɪə,ɹɛktɪfaɪɚ
test_000012,bɹið,bɹið
test_000013,sɪmɛtɹɪkəl,səmɛtrəkəl
test_000014,səpɹimʌm,səpɹimʌm
test_000015,pæsɪnd͡ʒɚz,pæsɪnd͡ʒəz
test_000016,æd͡ʒɑel,æd͡ʒaɪl
test_000017,ɔtəmeɪʃən,ɔtəmeɪʃən
test_000018,moʊzeɪɪk,məʊzeɪk
test_000019,bɛɹən,bæɹən
test_000020,sækɹɪfaɪsɪz,sækɹɪfɑesɪz
test_000021,njuɑns,njʉɐns
test_000022,əkwæɪʒən,ɪkweɪʒən
test_000023,əntəɡɹæɪt,ɪntəɡɹeɪt
test_000024,stɹʌt,stɹʌt
test_000025,fɪkst͡ʃə,fɪkst͡ʃɚ
test_000026,dəsønəŋ,dɪsɜnɪŋ
test_000027,kɒləmɪst,kɑləmnɪst
test_000028,ɑɹkɪtaɪpəl,ɑkɪtaɪpəl
test_000029,sɛpəɹət,sɛpəɹeɪt
test_000030,bɒʃ,bɑʃ
test_000031,swɑp,swɒp
test_000032,əlʉd,əlud
test_000033,tɑləɹəbli,tɒləɹəbli
test_000034,seɪdɪzəm,sæɪdəzəm
test_000035,fɛəɹiz,feɹiz
test_000036,ɪkskɹuʃieɪtɪŋ,əkskɹʉʃiæɪtəŋ
test_000037,meɪdsɜvənt,meɪdsɝvənt
test_000038,ɛɹənt,ɛɹənt
test_000039,deɪnd͡ʒə,deɪnd͡ʒɚ
test_000040,seɪdɪzəm,sæɪdɪzəm
test_000041,sɛntimɛntl̩,sɛntimɛntl̩
test_000042,kəlɒmətə,kəlɔmətə
test_000043,mɒnətɒnɪk,mɑnətɑnɪk
test_000044,kɹɔsɪŋ,kɹɒsɪŋ
test_000045,pæɹədɑem,pɛɹədaɪm
test_000046,ɹɪdjʉsɪz,ɹɪdjusɪz
test_000047,wɪðstʊd,wəðstʊd
test_000048,əʉpənə,əʊpənə
test_000049,tɛmpəɹaɪz,tɛmpəɹaɪz
test_000050,ɑkɪtaɪpəl,ɑɹkɪtaɪpəl
test_000051,kənɡlɔməɹət,kənɡlɒməɹɪt
test_000052,tøbjələnt,tɜbjələnt
test_000053,foɹɪd͡ʒɪz,fɒɹɪd͡ʒɪz
test_000054,ɪnfluənst,ɪnflʊənst
test_000055,dɪsɜnɪŋ,dɪsɜnɪŋ
test_000056,ɑkeɪɪk,ɑɹkeɪɪk
test_000057,əɡɹi,əɡɹi
test_000058,bæɡ,bɛɡ
test_000059,ɛntisɐʉʃəl,æntisoʊʃəl
test_000060,soʊsiɑləd͡ʒi,səʉsiɔləd͡ʒi
test_000061,ʃɪpə,ʃɪpɚ
test_000062,mɒnəkləʊnəl,mɑnəkloʊnəl
test_000063,kɑtɪlad͡ʒɪnəs,kɑɹtəlæd͡ʒənəs
test_000064,pɹɑbəbɪlɪstɪk,pɹɒbəbɪlɪstɪk
test_000065,kʌntɹɪfʌɪ,kəntɹəfaɪ
test_000066,stʌbɚnnəs,stʌbənnəs
test_000067,məʊdəs,moʊdəs
test_000068,hʊkə,hʊkə
test_000069,pɹɒbəbələstək,pɹɒbəbɪlɪstɪk
test_000070,dæljə,deɪliə
test_000071,bɹædɪkɑɹdiə,bɹeɪdɪkɑɹdiə
test_000072,oɹɡənɪzeɪʃən,ɔɡənaɪzeɪʃən
test_000073,fɪniəl,fɪniəl
test_000074,stɛəd,stɛɹd
test_000075,tɑpɪk,tɒpɪk
test_000076,ɪntɹədjust,ɪntɹədust
test_000077,juhiməɹaɪz,juhiməɹaɪz
test_000078,ɡləʉbəlɑezæɪʃən,ɡlɐʉbəlaɪzæɪʃən
test_000079,ɪnspəɹæɪʃən,ɪnspɚeɪʃən
test_000080,wɑdɪŋ,wɒdɪŋ
test_000081,malkəntɛnt,mælkəntɛnt
test_000082,noʊtəbl̩,nəʉtəbəl
test_000083,æmbɪɡjuəs,æmbɪɡjʉəs
test_000084,ʌnsɜtənti,ʌnsɝtənti
test_000085,boɹk,bɔk
test_000086,tɹɑepɔd,tɹɑepɒd
test_000087,ʃut,ʃut
test_000088,mɛθədəʊn,mɛθədoʊn
test_000089,koʊkənʌt,kɐʉkənɐt
test_000090,hɛdmɑstə,hɛdmæstɚ
test_000091,ɪlɛktɚ,ɪlɛktə
test_000092,tɜbjələnt,tøbjələnt
test_000093,we,wɛə
test_000094,beɪl,bæɪl
test_000095,til,til
test_000096,bɹəʊ̯ɡ,bɹoʊ̯ɡ
test_000097,ɔlbiɪt,ɔlbiɪt
test_000098,əsɛndənt,əsɛndənt
test_000099,mɑnətoʊn,mɔnətəʉn
test_000100,masitə,məsitɚ
test_000101,mɛmwɑ,mɛmwɑɹ
test_000102,sædl̩,sædəl
test_000103,kɑn,kɒn
test_000104,ɛfɚvɛsənt,ɛfəvɛsənt
test_000105,zaɪɡəmætɪk,zʌɪɡəʊmatɪk
test_000106,wæɪd͡ʒəɹ,weɪd͡ʒɚ
test_000107,ʌnweɪvəɹɪŋ,ənweɪvəɹɪŋ
test_000108,mɛθədoʊn,mɛθədəʊn
test_000109,kəmjʉnəti,kəmjʉnɪti
test_000110,bæm,bɛm
test_000111,dɪzɑstə,dəzästə
test_000112,juʒəɹi,juʒəɹi
test_000113,fɒli,fɑli
test_000114,kɒlɪd͡ʒɪz,kɔlɪd͡ʒɪz
test_000115,mɪsnəʊmə,mɪsnoʊməɹ
test_000116,bɪheɪvjəɹəl,bəhæɪvjəɹəl
test_000117,nəstæɫd͡ʒə,nɒstæld͡ʒə
test_000118,ɹevəlæɪʃən,ɹɛvəleɪʃən
test_000119,ɑbzɚveɪʃn̩,ɒbzəveɪʃn̩
test_000120,nɪpɛnθi,nəpɛnθi
test_000121,bəʊnhɛd,boʊnhɛd
test_000122,tɑksɪn,tɒksɪn
test_000123,pɹəfɛʃənəl,pɹəfeʃənəl
test_000124,ɪkweɪʒən,ɪkweɪʒən
test_000125,kəɹɐʉsəv,kəɹəʊsɪv
test_000126,sækɹɪfɑesɪz,sækɹɪfaɪsɪz
test_000127,hezətæɪt,hɛzəteɪt
test_000128,kəʊv,kəʉv
test_000129,weɪstland,weɪstlænd
test_000130,ɛnimɔɹ,ɛnimɔ
test_000131,sɪmɛtɹɪkəl,sɪmetɹɪkəl
test_000132,dɒkjʊdɹɑmə,dɑkjədɹɑmə
test_000133,təɹɛəɹɪəm,tɘɹiəɹiɘm
test_000134,sæɪdɪzəm,sæɪdəzəm
test_000135,sədeɪt,sɪdeɪt
test_000136,wɒt͡ʃdɒɡ,wɑt͡ʃdɑɡ
test_000137,lɒkɪt,lɑkɪt
test_000138,stɹætəsfɪə,stɹætəsfɪɚ
test_000139,pɹɔsɪkjʉʃən,pɹɒsɪkjuʃən
test_000140,ləd͡ʒɪtɪməsi,ləd͡ʒɪtɪməsi
test_000141,bæɡ,bæɡ
test_000142,sɪɡɑɹz,sɪɡɑz
test_000143,seɪdɪzəm,seɪdɪzəm
test_000144,pɜlju,pɝlju
test_000145,ɡɹeɪt,ɡɹæɪt
test_000146,kɔmpəzɪt,kəmpɑzɪt
test_000147,ɔθəɹaɪzeɪʃən,oθəɹɑezæɪʃən
test_000148,pɹɒbəbɪlɪstɪk,pɹɑbəbɪlɪstɪk
test_000149,ɪkskɹuʃieɪtɪŋ,ɪkskɹuʃieɪtɪŋ
test_000150,sɪlɑntɹoʊ,sɪlæntɹəʊ
test_000151,wɔɹənt,wɒɹənt
test_000152,elʉm,ɛɚlum
test_000153,stɹɑedənt,stɹaɪdənt
test_000154,hɑtstɹɪŋz,hɑɹtstɹɪŋz
test_000155,æntisoʊʃəl,ɛntisɐʉʃəl
test_000156,ænəteɪt,ænəteɪt
test_000157,nɐʉtəbəl,nəʊtəbl̩
test_000158,ənkloʊzd,ənkləʊzd
test_000159,kʌmkwɑt,kʌmkwɒt
test_000160,kəɹæɪd͡ʒəs,kəɹeɪd͡ʒəs
test_000161,fɔmətɪv,foɹmətɪv
test_000162,tɛmpəɹɛɹəli,tɛmpərərɪli
test_000163,pʌls,pʌls
test_000164,ɪkskɹuʃieɪtɪŋ,əkskɹʉʃiæɪtəŋ
test_000165,mɐʉdəs,moʊdəs
test_000166,njuɑns,njuɑns
test_000167,ənweɪvəɹɪŋ,ʌnweɪvəɹɪŋ
test_000168,ænəlɒɡ,ɛnəlɒɡ
test_000169,kɒmpaʊnd,kɒmpæʊnd
test_000170,ɡɹoʊn,ɡɹəʊn
test_000171,leɪbəd,leɪbɚd
test_000172,feəɹiz,fɛəɹiz
test_000173,ɪmpɝmɪəbəl,ɪmpɜmɪəbəl
test_000174,kəmpɛɹəsən,kəmpæɹɪsən
test_000175,nɒɡ,nɑɡ
test_000176,ɪntɪɡɹeɪt,ɪntəɡɹæɪt
test_000177,kɒmpæʊnd,kɔmpæɔnd
test_000178,bɛəɹɪŋ,bɛɹɪŋ
test_000179,sɪkludɪd,sɪkludɪd
test_000180,zaɪɡoʊt,zaɪɡəʊt
test_000181,ænətɒmɪkəl,ænətɔmɪkəl
test_000182,kɒndʒʌŋktʌɪvəl,kɑnd͡ʒʌŋktaɪvəl
test_000183,ɫænjəd,lænjəd
test_000184,həʊməfəʊb,hoʊməfoʊb
test_000185,səʊl,soʊl
test_000186,d͡ʒɑɹp,d͡ʒɑp
test_000187,oɹkɪstɹə,ɔkɪstɹə
test_000188,ɪmpjədn̩t,ɪmpjʊdənt
test_000189,ɹəkun,ɹækun
test_000190,dɛɹz,dɛəz
test_000191,ɑɹɡjəmɛnteɪʃən,ɑɡjəmɛnteɪʃən
test_000192,pjʉə,pjʊɹ
test_000193,mɒnəlɒɡ,mɑnəlɔɡ
test_000194,kɹɒsɪŋ,kɹɑsɪŋ
test_000195,pleɪəɹ,pleɪɚ
test_000196,tɝki,tɜki
test_000197,supə,supɚ
test_000198,ɔɡənaɪz,ɔɹɡənaɪz
test_000199,tɹəvɜst,tɹəvɝst
test_000200,dɪspɹəpɔɹʃənətli,dɪspɹəpɔʃənətli
test_000201,ɛəlum,elʉm
test_000202,kʌʊ̯stə,kəʊ̯stə
test_000203,ɒksikəʊdəʊn,ɑksikoʊdoʊn
test_000204,pɹəd͡ʒɛktɚ,pɹəd͡ʒektə
test_000205,lɛɡmæn,lɛɡmæn
test_000206,pɹɑeməɹi,pɹaɪməɹi
test_000207,jubɪkwɪtəs,jʉbɪkwɪtəs
test_000208,dɪvaɪs,dɪvaɪs
test_000209,ʃʌtl̩kɑk,ʃɐtl̩kɔk
test_000210,dəʊnə,dɐʉnə
test_000211,pɹɒbəbələstək,pɹɑbəbɪlɪstɪk
test_000212,steɪtəs,steɪtəs
test_000213,kwɒdɹɪpəlidʒɪk,kwɑdɹɪpəlid͡ʒɪk
test_000214,fɒks,fɒks
test_000215,ɹeɹəti,ɹɛəɹəti
test_000216,daɪkɒtəməs,daɪkɒtəməs
test_000217,kəmjʉnəti,kəmjunɪti
test_000218,θɪŋkɚ,θɪŋkə
test_000219,kɑɪɹəpɹæktəɹ,kaɪɹəpɹæktɚ
test_000220,ʌpləʊd,ɐplɐʉd
test_000221,ɡæɡ,ɡæɡ
test_000222,dɪsɜnɪŋ,dəsønəŋ
test_000223,kɔtɪsɒl,koɹtɪsɔl
test_000224,ɪnkʌmbənt,ɪnkʌmbənt
test_000225,pɹədjusə,pɹədjʉsə
test_000226,blɛəz,blɛəɹz
test_000227,ɪnɔɡjʊɹeɪt,ɪnoɡjəɹæɪt
test_000228,poʊt,pəʊt
test_000229,wɜɹdz,wɜdz
test_000230,pɹɛdnɪsəloʊn,pɹɛdnɪsələʊn
test_000231,bɪsaɪd,bɪsaɪd
test_000232,səpɹimʌm,səpɹimʌm
test_000233,sʌbstɪtutɪd,sʌbstɪtjutɪd
test_000234,dɹobæk,dɹɔbæk
test_000235,ɡɹɒɡɹəm,ɡɹɑɡɹəm
test_000236,pɹəʊnaʊn,pɹoʊnaʊn
test_000237,ɪmbæɹəsɪŋ,ɪmbæɹəsɪŋ
test_000238,sɜkəs,sɝkəs
test_000239,mɑnɪtɛɹi,mɐnəteɹi
test_000240,kʉθ,kuθ
test_000241,sɜtɪfɪkeɪʃən,sɜtɪfɪkæɪʃən
test_000242,blaɪndfəʊld,blaɪ̯ndfɔʊ̯ld
test_000243,pɝt,pɜt
test_000244,kædi,kædi
test_000245,stɔɹ,stɔ
test_000246,klɑt,klɔt
test_000247,ɡloɹi,ɡloɹi
test_000248,kɑmɛnts,kɒmɛnts
test_000249,wotəwæɪ,wɔtəweɪ
test_000250,tɜbjələnt,tɜbjələnt
test_000251,t͡ʃeɪmbəlɪn,t͡ʃeɪmbɚlɪn
test_000252,hɑɹti,hɑti
test_000253,bəhæɪvjəɹəl,bɪhæɪvjəɹəl
test_000254,ɒsaɪn,ɑsaɪn
test_000255,ɡɹæɔndbɹæɪkɪŋ,ɡɹaʊndbɹeɪkɪŋ
test_000256,ɹɛtə,ɹɛtəɹ
test_000257,pɔlɪtɪʃənz,pɒlətəʃənz
test_000258,hɑmɒnɪk,hɑɹmɑnɪk
test_000259,wɔɹfɛɹ,wɔfɛə
test_000260,mɑnətɑnɪk,mɒnətɒnək
test_000261,tæɡ,tɛɡ
test_000262,fæɡ,fæɡ
test_000263,dɒŋɡə,dɔŋɡə
test_000264,tɛljʊɹiən,tɛljʊəɹɪən
test_000265,dɑndɪst,dɑɹndɪst
test_000266,kɑmɹæd,kɒmɹeɪd
test_000267,steɪkhoʊldɚ,steɪkhəʊldə
test_000268,tempəɹət͡ʃə,tɛmpɚət͡ʃɚ
test_000269,hɛŋ,hæŋ
test_000270,pɑɹʃiælɪti,pɐʃiɛlɘti
test_000271,məʉ,mɐʉ
test_000272,mʌðəhʊd,mʌðɚhʊd
test_000273,tɛknɪkəl,teknɪkəl
test_000274,loʊkəlɪzəm,ləʊkəlɪzəm
test_000275,hɑɹtlɪs,hɑtlɪs
test_000276,ɪmpɪəɹiəlɪzəm,ɪmpɪɹiəlɪzəm
test_000277,aɪtəmz,aɪtəmz
test_000278,d͡ʒiɪɒləd͡ʒi,d͡ʒiɒləd͡ʒi
test_000279,əɹoʊbɪks,əɹəʊbɪks
test_000280,ɑetəmz,aɪtəmz
test_000281,səbələnt,sɪbɪlənt
test_000282,kʉli,kuli
test_000283,kɹɑkəɹi,kɹɒkəɹi
test_000284,steə,stɛɚ
test_000285,fɔltə,fɔltəɹ
test_000286,kɒmpaʊnd,kɑmpaʊnd
test_000287,lɑd,lɑɹd
test_000288,ɪntɜmənt,ɪntɝmənt
test_000289,bɔɹdwɔk,bodwok
test_000290,ɹɪspɒnsəbɪlɪti,ɹɪspɔnsəbɪləti
test_000291,blu,blʉ
test_000292,jæm,jɛm
test_000293,ədmɪnɪstɚ,ədmɪnɪstə
test_000294,fɛəɹiz,fɛəɹiz
test_000295,ælməkæntə,ælməkæntɚ
test_000296,ɔɹeɪʃən,ɒɹeɪʃən
test_000297,flɒks,flɑks
test_000298,ɹɛəɹəti,ɹeɹəti
test_000299,nɔnsəns,nɒnsəns
test_000300,əlʊɹɪŋ,əlʊəɹɪŋ
test_000301,koɹtɪsɔl,kotəsɒl
test_000302,kʉθ,kuθ
test_000303,flɛʃlɑet,flæʃlɑet
test_000304,pætəntli,peɪtəntli
test_000305,stɹɪkt͡ʃɚ,stɹɪkt͡ʃə
test_000306,tæɡ,tɛɡ
test_000307,kɔlɪd͡ʒɪz,kɒləd͡ʒəz
test_000308,tɜki,tɝki
test_000309,elʉm,ɛəlum
test_000310,fɔɹɪnɚz,fɒɹɪnəz
test_000311,dɪsəɡɹimənt,dɪsəɡɹimənt
test_000312,beɪs,bæɪs
test_000313,əkjumjəleɪtɪd,əkjumjʊleɪtɪd
test_000314,seɪdɪzəm,seɪdɪzəm
test_000315,ɹɪklus,ɹɪklʉs
test_000316,pəɹɒksaɪd,pəɹɑksaɪd
test_000317,ɹæʃənəlɑɪz,ɹæʃənəlaɪz
test_000318,hɪpoʊkɹæs,hɪpəʊkɹæs
test_000319,weðə,wɛðɚ
test_000320,nəstæɫd͡ʒə,nɑstæld͡ʒə
test_000321,ɛnəlɒɡ,ænəlɔɡ
test_000322,ɪnvɒlvd,ɪnvɑlvd
test_000323,wɪðstʊd,wəðstʊd
test_000324,pɹiviəsli,pɹiviəsli
test_000325,lɒksmɪθ,lɑksmɪθ
test_000326,dɪfɚ,dɪfə
test_000327,əsɛs,əses
test_000328,pɹədjusə,pɹədusɚ
test_000329,ɔltɚkeɪʃən,ɔltəkeɪʃn̩
test_000330,tekstɑel,tekstaɪl
test_000331,ɹɪdjus,ɹɪdjʉs
test_000332,pɹɑeməɹɪli,pɹaɪmɛɹəli
test_000333,skwikə,skwikəɹ
test_000334,kændɪdɪt,kændədət
test_000335,daɪkɑtəmi,dɑekɔtəmi
test_000336,θɹupʊt,θɹupʊt
test_000337,kuli,kuli
test_000338,sʌðɚli,sɐðɘli
test_000339,ɛndʒɪnɪəɹɪŋ,ɛnd͡ʒɪnɪəɹɪŋ
test_000340,hupu,hupu
test_000341,ʌntəʊld,ʌntoʊld
test_000342,tɘɹiəɹiɘm,təɹɛəɹɪəm
test_000343,bɔɪləpleɪt,bɔɪləɹpleɪt
test_000344,ɹed͡ʒɪstə,ɹed͡ʒəstə
test_000345,stændədɑezæɪʃən,stændədaɪzeɪʃən
test_000346,æd͡ʒaɪl,ɛd͡ʒaɪl
test_000347,əvɜt,əvɝt
test_000348,kɒntɹədəktəɹi,kɔntɹədɪktəɹi
test_000349,pjutətɪvli,pjutətɪvli
test_000350,floʊteɪʃən,fləʊteɪʃən
test_000351,ɹɛm,ɹæm
test_000352,pɹɑm,pɹɒm
test_000353,pʊəɹi,pʊɹi
test_000354,hiliɛɹ,hiliɛə
test_000355,kɑtɪlɪd͡ʒ,kɑɹtəlɪd͡ʒ
test_000356,lɒbi,lɑbi
test_000357,ðɛɹəbaʊt,ðɛəɹəbaʊt
test_000358,kɑntəmpleɪt,kɒntəmpleɪt
test_000359,nɒnəd͡ʒɪnɛrɪən,nɑnəd͡ʒɪnɛriən
test_000360,lɛd͡ʒɪslətɪv,lɛd͡ʒɪsleɪtɪv
test_000361,boʊ̯ɡəs,bəʉ̯ɡəs
test_000362,dɛɹz,deəz
test_000363,daɪvød͡ʒənt,daɪvɜd͡ʒənt
test_000364,bəʉ̯ɡəs,boʊ̯ɡəs
test_000365,æmbɪʃən,ɛmbəʃən
test_000366,kɔn,kon
test_000367,deɪ̯,dæɪ̯
test_000368,fləʊtə,floʊtəɹ
test_000369,ɹɪspɑnsəbɪləti,ɹɪspɔnsəbɪləti
test_000370,peɪliəntɑləd͡ʒi,peɪliəntɒləd͡ʒi
test_000371,pɹaɪmɛɹəli,pɹɑeməɹɪli
test_000372,pjutətɪvli,pjutətɪvli
test_000373,kwɔɹtɚmæstɚ,kwɔtɚmɑstə
test_000374,aɪtəmz,aɪtəmz
test_000375,æmbɪɡjʉəs,æmbɪɡjuəs
test_000376,sɔb,sob
test_000377,eəwæɪ,ewæɪ
test_000378,kætəstɹɑfɪk,kætəstɹɔfɪk
test_000379,doʊnʌt,dəʊnʌt
test_000380,ɡʌvɚnmənts,ɡʌvənmənts
test_000381,bʊldoʊz,bʊldəʊz
test_000382,sɝkəs,sɜkəs
test_000383,məʊzeɪk,moʊzeɪɪk
test_000384,tiθ,tiθ
test_000385,nɛsəsɛɹəli,nesəseɹəli
test_000386,kɒnstɪtjut,kɑnstɪtjut
test_000387,sæɪdəzəm,seɪdɪzəm
test_000388,ləd͡ʒɪtɪməsi,ləd͡ʒɪtɪməsi
test_000389,ɡɹæn,ɡɹɛn
test_000390,pɒləsiz,pɑləsiz
test_000391,ɹɛɡ,ɹæɡ
test_000392,ɒzməʊ̯sɪs,ɑzmoʊ̯sɪs
test_000393,kənɒnɪkəl,kənɒnəkəl
test_000394,ɹoʊl,ɹəʉl
test_000395,pɝslən,pɜslən
test_000396,fɜɹi,føɹi
test_000397,kɒlɪd͡ʒɪz,kɑlɪd͡ʒɪz
test_000398,æloʊz,æləʊz
test_000399,spɛktækjʊlə,spɛktækjəlɚ
test_000400,kɑɹnɪvoɹ,kɑnɪvɔ
test_000401,nɑsi,neɪsaɪ
test_000402,ɪntɚnɛt,ɪntənet
test_000403,nɑstæld͡ʒə,nɒstæld͡ʒə
test_000404,flɛp,flæp
test_000405,difɛnəstɹeɪʃən,dɪfɛnɪstɹeɪʃən
test_000406,ɪmpɛɹətɪv,ɪmpɛɹətɪv
test_000407,kɪnisɪks,kənisɪks
test_000408,dɪskɹɪməneɪt,dɪskɹɪmənæɪt
test_000409,læm,lɛm
test_000410,ɪnsaɪ̯t,ɪnsaɪ̯t
test_000411,festəvəl,festəvəl
test_000412,zʌɪɡəʊmatɪk,zaɪɡəmætɪk
test_000413,ɑɹbɪtɚ,ɑbɪtəɹ
test_000414,sɪɡɑɹ,sɪɡɑɹ
test_000415,livə,lɛvɚ
test_000416,stɹaɪdənt,stɹɑedənt
test_000417,ɡlɛd,ɡlæd
test_000418,ɡlæd,ɡlæd
test_000419,wʌndə,wʌndɚ
test_000420,ɐnfosin,ʌnfɔsin
test_000421,hʌt,hɐt
test_000422,klɒt,klɑt
test_000423,fəʊkəst,foʊkəst
test_000424,lɐd,lɑd
test_000425,kɒləɹə,kɑləɹə
test_000426,baɪəɹ,baɪə
test_000427,daɪhɑd,daɪhɑɹd
test_000428,skɘpɘ,skɪpɚ
test_000429,klɒt,klɔt
test_000430,aɪtəmz,ɑetəmz
test_000431,fəʉkəst,fəʊkəst
test_000432,ɡɑsɪpɪŋ,ɡɒsɪpɪŋ
test_000433,mizəlz,mizəlz
test_000434,pɒləsiz,pɔləsiz
test_000435,mænjʊfæktʃəɹəz,mænjəfækt͡ʃəɹɚz
test_000436,plɛnət,plænɪt
test_000437,ɪmpɒsɪbɪliti,ɪmpɑsɪbɪliti
test_000438,ɪmbæɹəsɪŋ,ɪmbæɹəsɪŋ
test_000439,lɔdli,loɹdli
test_000440,kəmjʉnɪti,kəmjunɪti
test_000441,dɒŋki,dɑŋki
test_000442,kɒɹəspɒndəns,kɒɹɪspɒndəns
test_000443,ɔɡənaɪzeɪʃən,oɡənɑezæɪʃən
test_000444,ɡləʊbəlaɪzeɪʃən,ɡlɐʉbəlaɪzæɪʃən
test_000445,fəʊnəʊɹɪsɛpʃn̩,foʊnoʊɹəsɛpʃən
test_000446,pɹɑns,pɹæns
test_000447,ɹɛfəɹənsɪz,ɹefəɹənsəz
test_000448,mento,mɛntɔ
test_000449,səʊn,soʊn
test_000450,eləmənts,ɛlɪmənts
test_000451,ɹeɪvn̩,ɹeɪvən
test_000452,ædɪtɪv,ædɪtɪv
test_000453,dɪskɹedɪt,dɪskɹɛdɪt
test_000454,kɑndəmneɪʃən,kɒndɛmneɪʃən
test_000455,tɔɹəs,toɹəs
test_000456,əbæk,əbe̞k
test_000457,ɪnɔɡjəɹet,ɪnɔɡjʊɹeɪt
test_000458,ɪɹɛɡjʊlæɹɪti,ɪɹɛɡjəlɛɹɪti
test_000459,muʃwɑ,muʃwɑɹ
test_000460,bɔldə,bɔldɚ
test_000461,hʌvɚ,hɔvə
test_000462,nɑvəlɪst,nɒvəlɪst
test_000463,fɪnɛs,fɪnɛs
test_000464,kotɪsɔl,koɹtɪsɔl
test_000465,kuli,kuli
test_000466,kædi,kædi
test_000467,sɪmetɹɪkəl,sɪmɛtɹɪkəl
test_000468,ful,ful
test_000469,kɔmpəzɪt,kɒmpəzət
test_000470,ɔltɜnətɪv,ɒltɜnətɪv
test_000471,aɪsətɹɒpɪk,aɪsətɹɑpɪk
test_000472,wɪɹi,wiə̯ɹi
test_000473,θʌndɚbɝd,θʌndəbɜd
test_000474,aɪsɒsəliz,aɪsɑsəliz
test_000475,pɹɔsɪkjʉʃən,pɹɑsɪkjuʃən
test_000476,slɑnt,slænt
test_000477,dəskɹepənsi,dɪskɹepənsi
test_000478,kʌm,kʌm
test_000479,dɪskʌst,dɪskʌst
test_000480,ætəmɪsɪti,ætəmɪsɪti
test_000481,klɛvɚ,klɛvə
test_000482,ɪkaɪnədɝm,ɪkaɪnəʊdɜm
test_000483,kəʊtəɹi,koʊtəɹi
test_000484,pɹɒvɪndə,pɹɑvəndɚ
test_000485,kændədəsi,kændɪdəsi
test_000486,pɜɡətəɹi,pɝɡətɔɹi
test_000487,sʌbstɪtjutɪd,sʌbstɪtutɪd
test_000488,kɹɒs,kɹɔs
test_000489,tɛwɑ,tɛɹwɑɹ
test_000490,kɑnsəkɹeɪtɪd,kɒnsəkɹeɪtɪd
test_000491,til,til
test_000492,pɔsəbəl,pɒsəbəl
test_000493,njʉt,njut
test_000494,ɑbɪtɹeɪʃən,ɑɹbɪtɹeɪʃən
test_000495,pɒləmɒləd͡ʒi,pɑləmɑləd͡ʒi
test_000496,ʌphəʊlstəɹə,ʌphoʊlstəɹəɹ
test_000497,lɛɚ,le
test_000498,ɛmbəʃən,æmbɪʃən
test_000499,ɡɹæspt,ɡɹɑspt
test_000500,ʃɒtɡʌn,ʃɑtɡʌn
test_000501,stændədaɪzeɪʃən,stɛndədaɪzæɪʃən
test_000502,kuθ,kʉθ
test_000503,noʊmædɪk,nəʊmædɪk
test_000504,tɒpɪk,tɑpɪk
test_000505,ɔdiəʊ,odiɐʉ
test_000506,kəmpɑzɪt,kɒmpəzɪt
test_000507,mətrɪkjʊleɪʃən,mətrɪkjəleɪʃən
test_000508,səpəʊzɪŋ,səpoʊzɪŋ
test_000509,tit͡ʃə,tit͡ʃɚ
test_000510,ʃækl̩,ʃækəl
test_000511,dəʉnə,doʊnɚ
test_000512,kəɹɑtɪd,kəɹɒtɪd
test_000513,hɑtɪli,hɑɹtɪli
test_000514,lɛm,læm
test_000515,hʌvɚ,hɒvə
test_000516,swɪt͡ʃbæk,swɪt͡ʃbæk
test_000517,hɛvɪə,hɛviɚ
test_000518,fɒli,fɑli
test_000519,kloʊk,klɐʉk
test_000520,kəmpæɹɪsən,kəmpɛɹəsən
test_000521,ɛɹɐʉ,æɹəʉ
test_000522,zoʊθeɪkə,zəʊθeɪkə
test_000523,pləɹoʊmə,plɪɹəʊmə
test_000524,splɛndə,splɛndɚ
test_000525,dɪspɹəpɔɹʃənətli,dəspɹəpoʃənətli
test_000526,stɛə,stɛɚ
test_000527,daɪkɒtəmi,daɪkɑtəmi
test_000528,klɔt,klɑt
test_000529,kəʉv,kəʊv
test_000530,kwæɡmaɪɹ,kwæɡmɑɪəɹ
test_000531,pɹɛʃiənt,pɹɛsiənt
test_000532,ɹɪdjʉs,ɹɪdjus
test_000533,kənfomɪti,kənfɔmɪti
test_000534,wɛstwɚd,wɛstwəd
test_000535,ɐnsøtənti,ɐnsɜtənti
test_000536,kɒlɪd͡ʒɪz,kɒləd͡ʒəz
test_000537,kɹɒsɪŋ,kɹɔsɪŋ
test_000538,pɹəʉɡɹæm,pɹoʊ̯ɡɹæm
test_000539,boʊɡi,bəʊɡi
test_000540,ɪnfɹəstɹʌkt͡ʃə,ɪnfɹəstɹɐkt͡ʃə
test_000541,pəɹɒksaɪd,pəɹɔksɑed
test_000542,æbdɑmɪneɪliə,æbdɒmɪneɪliə
test_000543,kɹɑp,kɹɒp
test_000544,məʉ,moʊ
test_000545,ælbəm,ɛlbəm
test_000546,səʊl,sɐʉl
test_000547,ænti,ænti
test_000548,skelətəl,skɛlətəl
test_000549,tɛmpərərɪli,tɛmpəɹɛɹəli
test_000550,nɐʉn,nəʊn
test_000551,kɑnɪvɔ,kanɪvo
test_000552,tɐft,tʌft
test_000553,lɪbɪtiz,lɪbɚtiz
test_000554,vʌlnəɹəbɪləti,vɐlnəɹəbɪləti
test_000555,stɒpt,stɑpt
test_000556,kənsɪstəns,kənsɪstəns
test_000557,nɛtɪzən,netəzən
test_000558,dɪleɪ,dəlæɪ
test_000559,pɒsəbəl,pɔsəbəl
test_000560,bælniɒləd͡ʒi,bælniɑləd͡ʒi
test_000561,sænəti,sænəti
test_000562,ɹoʊl,ɹəʊl
test_000563,dəʊnʌt,doʊnʌt
test_000564,stɒpt,stɒpt
test_000565,ɛpləkæɪʃən,æplɪkeɪʃən
test_000566,nɛtɪzən,netɪzən
test_000567,daɪkɑtəməs,dɑekɔtəməs
test_000568,ɪmpəɹtɜɹbəbəl,ɪmpətɜbəbl̩
test_000569,bæɹən,bɛɹən
test_000570,lɑbi,lɒbi
test_000571,stɛɹwɛl,stewel
test_000572,wɛə,we
test_000573,njʊəɹəsθɛnɪk,nʊɹəsθɛnɪk
test_000574,ɑɹməməntɛɹiəm,ɑməməntɛəɹiəm
test_000575,kɑndoɹ,kɒndɔ
test_000576,ɹɔŋli,ɹɒŋli
test_000577,ɒfɪsəz,ɔfɪsɚz
test_000578,tɒpɪks,tɑpɪks
test_000579,ɹutɪlənt,ɹutələnt
test_000580,netəzən,netɪzən
test_000581,lɒbi,lɔbi
test_000582,wɒndəlʌst,wɑndɚlʌst
test_000583,æɹəʊ,æɹəʉ
test_000584,pɹɐʉkɹɛstənæɪʃən,pɹoʊkɹæstɪneɪʃən
test_000585,əlaɪnmənt,əlɑenmənt
test_000586,jukæɹiəʊt,jukæɹioʊt
test_000587,taʊəɹ,toʊəɹ
test_000588,pɹoʊkæɹioʊt,pɹəʊkæɹiəʊt
test_000589,ɡɹaʊlɚ,ɡɹaʊlə
test_000590,hɛŋ,hæŋ
test_000591,sɪlvəpɑst͡ʃə,sɪlvəpæst͡ʃəɹ
test_000592,pɜt,pɝt
test_000593,ɡɐvɘnmɘnt,ɡʌvɚnmənt
test_000594,hɑɹm,hɑm
test_000595,sob,sɔɹb
test_000596,klɒt,klɒt
test_000597,əblɪtəɹeɪtɪd,əblɪtəɹæɪtɪd
test_000598,pɔləsiz,pɑləsiz
test_000599,ɑkɪtaɪp,ɑɹkɪtaɪp
test_000600,sædə,sædɚ
test_000601,pɹaɪməɹi,pɹɑeməɹi
test_000602,ɪmjʊnɒlədʒi,ɪmjənɑlədʒi
test_000603,mɔnətəʉn,mɒnətəʊn
test_000604,sɜtɪfɪkeɪʃən,sɝtɪfɪkeɪʃən
test_000605,jʊəɹɪneɪtɚ,jʊəɹɪneɪtə
test_000606,ɹipəkɐʃən,ɹipɚkʌʃən
test_000607,kæntinə,kæntinə
test_000608,ɡlæd,ɡlɛd
test_000609,pɛɹəksɪzəm,pæɹəksɪzəm
test_000610,dɔɹmɪtɔɹi,domɪtɹi
test_000611,kɑmpəzɪʃən,kɒmpəzɪʃən
test_000612,ɪnfɹəstɹʌkt͡ʃɚ,ɪnfɹəstɹʌkt͡ʃə
test_000613,ɡæɡ,ɡɛɡ
test_000614,ɡɹæsp,ɡɹɑsp
test_000615,hɛɹəʊɪzəm,hɛɹoʊɪzəm
test_000616,medəʉ̯,mɛdoʊ̯
test_000617,bɪɡɚ,bɪɡə
test_000618,nɑɪ̯t,naɪ̯t
test_000619,boʊtaɪ,bəʊtaɪ
test_000620,kənɒnəkəl,kənɑnɪkəl
test_000621,kwɑdɹɪpəlid͡ʒɪk,kwɒdɹɪpəlidʒɪk
test_000622,bɹæ̝ɪ̯n,bɹeɪ̯n
test_000623,kɹɒsɪŋ,kɹɒsəŋ
test_000624,ɛəlum,ɛɚlum
test_000625,səbmɜd͡ʒ,səbmɝd͡ʒ
test_000626,læm,læm
test_000627,bɹeɪnt͡ʃaɪld,bɹeɪnt͡ʃaɪld
test_000628,ɛpləkæɪʃən,æpləkæɪʃən
test_000629,mæɡnælɪti,mæɡnælɪti
test_000630,bɑkɪŋ,bɑɹkɪŋ
test_000631,pæɹəɡoʊd͡ʒi,pæɹəɡəʊd͡ʒi
test_000632,pɹɑvəndɚ,pɹɒvɪndə
test_000633,fɒks,fɑks
test_000634,nɛnjəfɑɹ,nɛnjʊfɑ
test_000635,poʊlioʊ,pəʊljəʊ
test_000636,kɔmpæɔnd,kɒmpaʊnd
test_000637,dəzästə,dɪzɑstə
test_000638,hɛɹiə,hæɹiə
test_000639,tʃʉbøkjəlɐʉsəs,tʃʉbɜkjələʉsəs
test_000640,fɑli,fɔli
test_000641,pɑlətɪʃənz,pɒlɪtɪʃənz
test_000642,hɪkəp,hɪkəp
test_000643,ɛlbəm,ælbəm
test_000644,hjuɹɪstɪks,hjuɹɪstɪks
test_000645,mɐnəteɹi,mʌnɪtəɹi
test_000646,le,leɪ̯ɚ
test_000647,twɛntiəθ,twɛntiəθ
test_000648,kɒɹəspɒndɪŋ,kɔɹəspɑndɪŋ
test_000649,sɜtɪfɪkæɪʃən,sɜtɪfɪkeɪʃən
test_000650,kɒmpəzɪʃən,kɑmpəzɪʃən
test_000651,tɜmɪneɪtə,tɝmɪneɪtɚ
test_000652,sɝli,sɜli
test_000653,fʌlmɪneɪt,fʌlmɪneɪt
test_000654,mɪdəl,mɘdɘl
test_000655,fɔli,fɒli
test_000656,ɔtəmeɪʃən,ɔtəmeɪʃən
test_000657,bɐd͡ʒəɹiɡɐ,bʌd͡ʒəɹiɡɑɹ
test_000658,ɑɹkɪtaɪp,ɑkɪtaɪp
test_000659,sɔɹb,sob
test_000660,ɑtʌmnəl,ɔtʌmnəl
test_000661,fɛntɒləmin,fɛntɑləmin
test_000662,bɹeθ,bɹɛθ
test_000663,ɹoʊtɪfɚ,ɹəʊtɪfə
test_000664,peɪtɹiət,pæɪtɹiət
test_000665,stɛndədaɪzæɪʃən,stændədɑezæɪʃən
test_000666,pɹəʊ̯ɡɹæm,pɹoʊ̯ɡɹæm
test_000667,festəvəl,fɛstəvəl
test_000668,tʃʉbɜkjələʉsəs,tubɝkjʊloʊsɪs
test_000669,kɹɪdulɪti,kɹɪd͡ʒulɪti
test_000670,ɪnt͡ʃæntɪd,ɪnt͡ʃɑntɪd
test_000671,dəfɔɹm,dɪfɔm
test_000672,kɒɹɪspɒndəns,kɔɹɪspɔndəns
test_000673,skɛlɪtəl,skelətəl
test_000674,pɹæɪz,pɹeɪz
test_000675,æmbɪʃən,æmbɪʃən
test_000676,fəʊkəst,fəʉkəst
test_000677,fomətəv,fɔmətɪv
test_000678,klɒt,klɔt
test_000679,tɘɹiəɹiɘm,təɹɛɹiəm
test_000680,kɐʉl,kəʊl
test_000681,oʊhɑnə,əhɑnə
test_000682,leɪ̯ɚ,le
test_000683,ɹəføɹəl,ɹɪfɜɹəl
test_000684,ɛɚlum,ɛəlum
test_000685,ɑetəmz,aɪtəmz
test_000686,ɡlɒsəleɪliə,ɡlɑsəleɪliə
test_000687,kɔlɪd͡ʒɪz,kɒlɪd͡ʒɪz
test_000688,əɹəd͡ʒənəl,əɹɪd͡ʒɪnəl
test_000689,kɒmpjʊteɪʃənəl,kɔmpjʊtæɪʃənəl
test_000690,pəɹɔksɑed,pəɹɒksaɪd
test_000691,ɒbzəveɪʃn̩,ɑbzɚveɪʃn̩
test_000692,vʌlnəɹəbɪlɪti,vɐlnəɹəbɪləti
test_000693,kɛɹɪkət͡ʃʊɚ,kæɹɪkətʃʊə
test_000694,pæɪtɹiət,peɪtɹiət
test_000695,toɹəs,tɔɹəs
test_000696,pitə,pɪtə
test_000697,dɪspɹəpɔʃənətli,dəspɹəpoʃənətli
test_000698,əʊmɪk,oʊmɪk
test_000699,ɔɹməlu,ɔɹməlu
test_000700,livə,livə
test_000701,flunətɹæzəpæm,flunʌɪtɹeɪzɪpam
test_000702,mɔɡən,mɔɹɡən
test_000703,kændɪdəsi,kændɪdəsi
test_000704,dɑekɔtəməs,daɪkɑtəməs
test_000705,ɪvɑlv,ɪvɒlv
test_000706,ɪkwæɪʒən,ɪkweɪʒən
test_000707,stɛə,steə
test_000708,stæɪkhəʉldə,steɪkhəʊldə
test_000709,pɹoʊkɹæstɪneɪʃən,pɹɐʉkɹɛstənæɪʃən
test_000710,vʌlnəɹəbɪləti,vʌlnəɹəbɪlɪti
test_000711,faɪ̯ɚwɝks,faɪ̯əwɜks
test_000712,vælədɪktəɹi,vælɪdɪktəɹi
test_000713,sɪŋɡjəlɚli,sɪŋɡjʊləli
test_000714,kɔɹnfleɪks,kɔnfleɪks
test_000715,kəntɹəfaɪ,kʌntɹɪfʌɪ
test_000716,ælbəm,ælbəm
test_000717,pɹɔsɪkjʉʃən,pɹɒsəkjʉʃən
test_000718,kəmɪʃənɚz,kəmɪʃənəz
test_000719,viɪkl̩z,viəkl̩z
test_000720,læŋɡɚ,læŋɡə
test_000721,pɹɒbəbələstək,pɹɔbəbɪlɪstɪk
test_000722,hoʊməfoʊb,həʊməfəʊb
test_000723,lɛd͡ʒɪslətɪv,led͡ʒɪslətɪv
test_000724,mʌmɚ,mʌməɹ
test_000725,lɛkt͡ʃə,lekt͡ʃə
test_000726,æntisəʊʃəl,ɛntisɐʉʃəl
test_000727,ɹæɡ,ɹæɡ
test_000728,nɔmɪnæɪt,nɑmɪneɪt
test_000729,kəmpæɹɪsən,kəmpɛɹəsən
test_000730,ðemselvz,ðɛmsɛlvz
test_000731,kænjələ,kænjʊlə
test_000732,ɡɹəʊn,ɡɹoʊn
test_000733,stɹɒŋhəʊld,stɹɔŋhoʊld
test_000734,plænɪt,plɛnət
test_000735,sɑmbɚ,sɒmbə
test_000736,pɹəʉkɹæstɪnæɪʃən,pɹɐʉkɹɛstənæɪʃən
test_000737,hɛv,hæv
test_000738,kəʊwɜkər,koʊwɝkɚ
test_000739,kənɡlɑmɚət,kənɡlɔməɹət
test_000740,bɒskeɪ,bɑsk
test_000741,wəðstʊd,wɪðstʊd
test_000742,kəlɛps,kəlæps
test_000743,kɑmplɪmənts,kɒmplɪmənts
test_000744,ɡloʊd,ɡləʊd
test_000745,æmbɪɡjuəs,æmbɪɡjuəs
test_000746,kæləbɚ,kæləbəɹ
test_000747,tɹaɪpɒd,tɹaɪpɑd
test_000748,sɛvəd͡ʒ,sævɪd͡ʒ
test_000749,nʊɹəsθɛnɪk,njʊəɹəsθɛnɪk
test_000750,ɡʌvɚnmənt,ɡʌvəmənt
test_000751,æntisəʉʃəl,æntisoʊʃəl
test_000752,kɐvəɹɪdʒ,kʌvəɹɪdʒ
test_000753,θinə,θinɑɹ
test_000754,mʌf,mɐf
test_000755,koʊ̯stɚ,kəʊ̯stə
test_000756,be̝d,bed
test_000757,bɪliɡə,bɪliɡɚ
test_000758,snʉz,snuz
test_000759,kəʉv,koʊv
test_000760,ɹut,ɹut
test_000761,kənɡlɒməɹɪt,kənɡlɔməɹət
test_000762,sækɹɪfaɪsɪz,sɛkɹɪfɑe̯sɪz
test_000763,taɪɹəʊ,taɪɹoʊ
test_000764,ɪkweɪʒən,əkwæɪʒən
test_000765,ɡɛkoʊ,ɡɛkəʊ
test_000766,ɹɪfɜɹəl,ɹəføɹəl
test_000767,hæmpstə,hɛmpstə
test_000768,kɐstəmə,kʌstəmə
test_000769,fɹi,fɹi
test_000770,ɹufɚ,ɹufəɹ
test_000771,tʉfɐʉld,tufoʊld
test_000772,wɒʃɪz,wɑʃɪz
test_000773,sɛtʌp,sɛtʌp
test_000774,tɒtə,tɑtɚ
test_000775,fɑɹtlək,fɑtlɛk
test_000776,ɑɹkeɪɪk,ɑkeɪɪk
test_000777,ɛntisɐʉʃəl,æntisəʉʃəl
test_000778,pjʊɹəst,pjʊəɹəst
test_000779,ɛnəlɒɡ,ænəlɒɡ
test_000780,bɹaʊzəs,bɹaʊzəɹs
test_000781,ɡæŋɚ,ɡæŋə
test_000782,eɹɪθimə,ɛɹɪθimə
test_000783,ɪmidɪət,ɪmidiɪt
test_000784,ɹəvin,ɹəvin
test_000785,kɐʉkənɐt,kəʊkənʌt
test_000786,bəʊnz,boʊnz
test_000787,ɐkæɪɪk,ɑɹkeɪɪk
test_000788,ɛɚweɪ,ewæɪ
test_000789,mʌni,mʌni
test_000790,deɪnd͡ʒə,dæɪnd͡ʒə
test_000791,ɪkskɹuʃieɪtɪŋ,ɪkskɹuʃieɪtɪŋ
test_000792,ɹəʊ̯tʌnd,ɹoʊ̯tʌnd
test_000793,skaɪskɹeɪpɚ,skaɪskɹeɪpəɹ
test_000794,noʊtəbl̩,nəʊtəbl̩
test_000795,wilhæɔs,wilhaʊs
test_000796,æsɪdəʊfɪlɪk,æsɪdoʊfɪlɪk
test_000797,lɛə̯,le
test_000798,pɹɛzəveɪʃən,pɹezəvæɪʃən
test_000799,kəʊt͡ʃmən,koʊt͡ʃmən
test_000800,naɪtd͡ʒɑɹ,naɪtd͡ʒɑ
test_000801,ɛnimɔ,ɛnimɔɹ
test_000802,kɔɹɪspɔndəns,kɒɹəspɒndəns
test_000803,flɑks,flɒks
test_000804,vɪlɪd͡ʒə,vɪlɪd͡ʒɚ
test_000805,pɹivɪəs,pɹiviəs
test_000806,fəʉkəst,fɐʉkəst
test_000807,bɛm,bæm
test_000808,əʊvəɹiækt,oʊvəɹɹiækt
test_000809,pæɹəɡəʊd͡ʒi,pæɹəɡoʊd͡ʒi
test_000810,wɛðə,wɛðɚ
test_000811,ɡɛɡ,ɡæɡ
test_000812,ɪkweɪʒən,ɪkweɪʒən
test_000813,bɪstəʊ,bɪstoʊ
test_000814,kəʊkənʌt,kɐʉkənɐt
test_000815,səʉsiɔləd͡ʒi,sɐʉsiɒləd͡ʒi
test_000816,sɜkəmstæns,sɝkəmstæns
test_000817,pɑlətɪʃənz,pɔlɪtɪʃənz
test_000818,aɪtəmz,aɪtəmz
test_000819,ɛɹɪθimə,ɛɹɪθimə
test_000820,lɪniə,lɪniəɹ
test_000821,ɑkiɒləd͡ʒi,ɑɹkiɑləd͡ʒi
test_000822,pɹezəvæɪʃən,pɹɛzəveɪʃən
test_000823,ækjupʌŋkt͡ʃɜ,ækjupʌŋkt͡ʃɝ
test_000824,ɔdɪnæɹɪli,ɔɹdɪnɛɹɪli
test_000825,skeɪtbɔd,skeɪtbɔɹd
test_000826,aɪtəmz,aɪtəmz
test_000827,skɪpɚ,skɘpɘ
test_000828,bɪheɪvjəɹəl,bɪhæɪvjəɹəl
test_000829,fɒɹɪnəɹ,fɔɹɪnɚ
test_000830,jɝt,jɜt
test_000831,kɒntəmpleɪtɪd,kɑntəmpleɪtɪd
test_000832,nəʊtɪfɪkeɪʃn̩,noʊtɪfɪkeɪʃn̩
test_000833,pɹɒbləmz,pɹɑbləmz
test_000834,ɹəʊdənt,ɹəʉdənt
test_000835,lɔɹɪs,lɔɹɪs
test_000836,ʌnsɝtənti,ʌnsɜtənti
test_000837,ɑɹbɪtɚ,abɪtəɹ
test_000838,pəsjut,pəʃʉt
test_000839,nəʊmɒn,noʊmɑn
test_000840,pɹaɪməɹəli,pɹɑeməɹɪli
test_000841,pɐpət,pʌpɪt
test_000842,lɑɡɚ,lɒɡə
test_000843,məsɜ,məsʊɹ
test_000844,koʊt͡ʃmən,kəʊt͡ʃmən
test_000845,mæn,mæn
test_000846,hjuməɹ,hjumɚ
test_000847,ɡlæd,ɡlɛd
test_000848,dɹəvəl,dɹɪvəl
test_000849,əstø,əstɜ
test_000850,fɜɹi,fɜɹi
test_000851,pɛpɚ,pɛpə
test_000852,əlɑenmənt,əlaɪnmənt
test_000853,bʌd͡ʒəɹiɡɑɹ,bʌd͡ʒəɹiɡɑ
test_000854,fɪkst͡ʃɚ,fɪkst͡ʃə
test_000855,taɪpɑɡɹəfi,taɪpɒɡɹəfi
test_000856,sækəɹaɪn,sækəɹɪn
test_000857,spɑkəl,spɑɹkəl
test_000858,pleɪ̯smənt,plæ̝ɪ̯smənt
test_000859,kəʉkənɐt,koʊkənʌt
test_000860,fɹæɪ̯z,fɹeɪ̯z
test_000861,əkø,əkɝ
test_000862,pɛɹɪniəm,pɛɹɪniəm
test_000863,leɪbɚz,leɪbəz
test_000864,sɪɡnət͡ʃə,sɪɡnɪt͡ʃə
test_000865,kuθ,kuθ
test_000866,hɜbɛəɹiəm,hɝbɛɹiəm
test_000867,ɪnklud,ɪnklud
test_000868,mɐʉdəs,məʉdəs
test_000869,naɪtd͡ʒɑ,naɪtd͡ʒɑɹ
test_000870,vɒləntɪə,vɑləntɪɹ
test_000871,ɹɛd͡ʒɪstɚ,ɹed͡ʒɪstə
test_000872,ʌnpɹisədɛntəd,ʌnpɹesədentəd
test_000873,ɹɐʉdənt,ɹoʊdənt
test_000874,doʊnɚ,dəʉnə
test_000875,dɪsəɡɹimənt,dɪsəɡɹimənt
test_000876,tɹəvɝst,tɹəvɜst
test_000877,ɪɹɪspɑnsəbli,ɪɹɪspɒnsəbli
test_000878,lɛ̝ŋɡwɘd,læŋɡwəd
test_000879,ʃɑtɡʌn,ʃɔtɡɐ̞n
test_000880,hæɡ,hɛɡ
test_000881,ɪkweɪʒən,ɪkwæɪʒən
test_000882,əkjumjʊleɪtɪd,əkjumjəleɪtɪd
test_000883,fjunəɹəɹi,fjunəɹɛɹi
test_000884,ɹəspɒnsəbələti,ɹɪspɒnsəbɪlɪti
test_000885,ɡlɑsəleɪliə,ɡlɒsəleɪliə
test_000886,lɒŋɡətʃʉdənəl,lɒŋɡɪtjudɪnəl
test_000887,blɛəɹz,blez
test_000888,bɛd,bed
test_000889,ænətɔmɪkəl,ænətɒmɪkəl
test_000890,fɑeəɹwʊd,faɪəɹwʊd
test_000891,veɪkənsi,væɪkənsi
test_000892,fɹɐnt,fɹʌnt
test_000893,mʌɡəl,mʌɡl̩
test_000894,oɹɡənɪzeɪʃən,oɡənaɪzæɪʃən
test_000895,kəʊkənʌt,kəʉkənɐt
test_000896,dʌvkɑt,dʌvkɒt
test_000897,ɡɹoʊn,ɡɹɐʉn
test_000898,kəʉkənɐt,kəʊkənʌt
test_000899,əʊbeɪ,oʊbeɪ
test_000900,ɹɪdjusɪz,ɹədjʉsəz
test_000901,djuəʊdinəm,duədinəm
test_000902,kɪlɑmɪtəɹ,kəlɒmətə
test_000903,wilhaʊs,wilhaʊs
test_000904,pɹikəndɪʃən,pɹikəndəʃən
test_000905,spɛktækjəlɚ,spɛktækjʊlə
test_000906,bʌtɪnski,bʌtɪnski
test_000907,pɹoʊ̯ɡɹæm,pɹəʉɡɹæm
test_000908,nəʉmædɪk,noʊmædɪk
test_000909,ɪkskɹuʃieɪtɪŋ,əkskɹʉʃiæɪtɪŋ
test_000910,dəʊnə,dəʉnə
test_000911,ofəl,ɔfʊl
test_000912,kɑt͡ʃɪniəl,kɒt͡ʃɪnil
test_000913,ɑɹkeɪɪk,ɐkæɪɪk
test_000914,ɐmpɑeəɹ,ʌmpaɪɹ
test_000915,ɹepɹəzent,ɹepɹɪzent
test_000916,sɛksɛnɪəm,sɛksɛniəm
test_000917,ɛɡzɪɡjuɪti,ɛɡziɡjuiti
test_000918,kɔmpəzɪt,kɒmpəzɪt
test_000919,ɹʊəɹəl,ɹʊɹəl
test_000920,føɹi,fɜɹi
test_000921,pæɪtɹiət,pæɪtɹiət
test_000922,meɪlstɹəm,meɪlstɹəm
test_000923,stɛəwɛl,stɛɹwɛl
test_000924,kənvɝtɪd,kənvɜtɪd
test_000925,bɛɡ,bæɡ
test_000926,bleəz,blɛəɹz
test_000927,søkəs,sɝkəs
test_000928,ɪəɹɪŋ,ɪɹɪŋ
test_000929,haʊstɒp,haʊstɑp
test_000930,ɹɛfəɹi,ɹɛfəɹi
test_000931,saɪnəfoʊbiə,saɪnəfəʊbiə
test_000932,kʌmkwɒt,kʌmkwɑt
test_000933,ɡɹæn,ɡɹæn
test_000934,skləɹɑtɪk,skləɹɒtɪk
test_000935,nɑkʃəs,nɒkʃəs
test_000936,pɹəʊtəmin,pɹoʊtəmin
test_000937,kætəstɹɔfɪk,kætəstɹɒfɪk
test_000938,bʊədən,bʊɹdən
test_000939,lɔbi,lɑbi
test_000940,pəsɛnt,pɚsɛnt
test_000941,aɪtəmz,aɪtəmz
test_000942,pɹoʊ̯ɡɹæm,pɹəʊ̯ɡɹæm
test_000943,smɔl,smol
test_000944,vɑləntɪɹ,vɒləntɪə
test_000945,hɑɹmoʊniəs,hɑməʊniəs
test_000946,fomətəv,fomətɪv
test_000947,stɔ,stɔɹ
test_000948,ɹɛnəsɑns,ɹəneɪsəns
test_000949,pɐʃiɛlɘti,pɑɹʃiælɪti
test_000950,bʊʃ,bʊʃ
test_000951,tiliɒləd͡ʒi,tɛliɑləd͡ʒi
test_000952,aɪsoʊ,aɪsəʊ
test_000953,sʌðɚli,sʌðəli
test_000954,ɪnspɪɹeɪʃən,ɪnspɚeɪʃən
test_000955,ɹipɚkʌʃən,ɹipəkɐʃən
test_000956,wɔfɛə,wɔɹfɛɹ
test_000957,ɪmoʊʃənəl,ɪməʊʃənəl
test_000958,ɪlumɪneɪʃən,ɪljumɪneɪʃən
test_000959,kotɪsɔl,kotəsɒl
test_000960,ʌntoʊld,antəʉld
test_000961,slænt,slɑnt
test_000962,kotɪsɔl,kɔtɪsɒl
test_000963,eɪɡə,ɑɡɑɹ
test_000964,ʌntoʊld,ʌntəʊld
test_000965,kɹɔsɪŋ,kɹɑsɪŋ
test_000966,hɒmənɪm,hɑmənɪm
test_000967,səfaɪs,səfaɪs
test_000968,ɔtɪstɪk,ɔtɪstɪk
test_000969,tʃaɪld,tʃɑeld
test_000970,fəɹɒsɪti,fəɹɑsɪti
test_000971,lɛd͡ʒɪsleɪtɪv,led͡ʒɪslətɪv
test_000972,səpɹimʌm,səpɹimɐm
test_000973,supənjuməɹəɹi,supɚnjuməɹɛɹi
test_000974,æntisəʉʃəl,æntisəʊʃəl
test_000975,snʌf,snɐf
test_000976,mænjəfækt͡ʃəɹɪŋ,mænjʊfækt͡ʃəɹɪŋ
test_000977,ʌpɹut,ʌpɹut
test_000978,fleɪvə,flæɪvə
test_000979,ɔɹməlu,ɔɹməlu
test_000980,dɔɹmɪtɔɹi,dɔmɪtɹi
test_000981,lɛvɚ,livə
test_000982,θɪriæk,θɪərɪak
test_000983,blɒɡ,blɔɡ
test_000984,lɪbəɹeɪt,lɪbəɹeɪt
test_000985,sɪɡɑɹ,sɪɡɑɹ
test_000986,kənɔnɪkəl,kənɒnɪkəl
test_000987,məʉ,məʊ
test_000988,ɪɹɪŋ,ɪəɹɪŋ
test_000989,ədvænsɪŋ,ədvɑnsɪŋ
test_000990,kaɪɹəpɹæktəɹ,kaɪɹəpɹæktɚ
test_000991,steə,ste
test_000992,pɹəvəʊkt,pɹəvoʊkt
test_000993,bæntə,bæntə
test_000994,nəʉtəbəl,noʊtəbl̩
test_000995,smol,smɔl
test_000996,dɪskɐst,dɪskʌst
test_000997,mɛdəʊ̯,mɛdoʊ̯
test_000998,plʊɹə,plʊəɹə
test_000999,vudu,vudu
test_001000,lɑebɹeɹiən,laɪbɹɛə̯ɹiən
test_001001,pɑləsiz,pɔləsiz
test_001002,əʊvəsəʊl,oʊvɚsoʊl
test_001003,lænjəd,lænjɚd
test_001004,tæpəs,tæpæs
test_001005,daɪkɒtəməs,daɪkɑtəməs
test_001006,daɪæspɚə,daɪæspəɹə
test_001007,jɔl,jɔl
test_001008,pɒzɪtɪvɪzm,pɑzɪtɪvɪzm
test_001009,bɪnɑen,bɪnaɪn
test_001010,tæɡ,tæɡ
test_001011,dɪstɝb,dɪstɜb
test_001012,əbd͡ʒɛktɪv,ɒbd͡ʒɛktɪv
test_001013,beəli,bɛəli
test_001014,kənfjʉz,kənfjuz
test_001015,sækɹɪfɑesɪz,sɛkɹɪfɑe̯sɪz
test_001016,vɔwɚd,vɔwəd
test_001017,kəʊv,koʊv
test_001018,ɪntənet,ɪntɚnɛt
test_001019,ɐkiɒləd͡ʒi,ɐkiɔləd͡ʒi
test_001020,weɪd͡ʒɚ,wæɪd͡ʒəɹ
test_001021,bɹɪŋkmənʃɪp,bɹɪŋkmənʃɪp
test_001022,ɡɛkəʊ,ɡɛkoʊ
test_001023,æŋkɪləʊsɔərəs,æŋkəloʊsɔɹəs
test_001024,ɹɛɡ,ɹæɡ
test_001025,ɡlɐʉbəlaɪzæɪʃən,ɡləʉbəlɑezæɪʃən
test_001026,dɪleɪ,dəlæɪ
test_001027,sɜmɛt,sɝmɛt
test_001028,ɪnt͡ʃɑnt,ɪnt͡ʃænt
test_001029,plænjələ,plænjʊlə
test_001030,fɜvɪd,fɝvɪd
test_001031,tɔɹt͡ʃɚd,tɔt͡ʃəd
test_001032,ɐkiɒləd͡ʒi,ɑkiɒləd͡ʒi
test_001033,pjʉtətɪvli,pjutətɪvli
test_001034,ɪnvɛstɪt͡ʃɚ,ɪnvɛstɪt͡ʃə
test_001035,dɑm,dɒm
test_001036,dɹɪvəl,dɹəvəl
test_001037,kəʊ̯stə,koʊ̯stɚ
test_001038,ʃiθə,ʃiθəɹ
test_001039,ɑɹmɚd,ɑməd
test_001040,nɛsəsɛɹəli,nɛsəsəɹɪli
test_001041,tɝbjələnt,tøbjələnt
test_001042,əkskɹʉʃiæɪtɪŋ,ɪkskɹuʃieɪtɪŋ
test_001043,dɪskɹepənsi,dɪskɹɛpənsi
test_001044,foʊkəst,fəʉkəst
test_001045,fɛəɹiz,feəɹiz
test_001046,daɪhɑɹd,daɪhɑd
test_001047,kəʊl,kəʉl
test_001048,ɹɒb,ɹɒb
test_001049,daɪvød͡ʒənt,dɑevɜd͡ʒənt
test_001050,sɝkəs,søkəs
test_001051,tɹɪtiəm,tɹɪtiəm
test_001052,dɪskɹɪmənæɪt,dɪskɹɪməneɪt
test_001053,əljud,əlud
test_001054,d͡ʒiɪɒləd͡ʒi,d͡ʒiɔləd͡ʒi
test_001055,peɪtəntli,pætəntli
test_001056,ɛɡzɔɹt,ɛɡzɔt
test_001057,pɹɑvɝb,pɹɒvɜb
test_001058,jukæɹioʊt,jukæɹiəʊt
test_001059,dɪskɹɛpənsi,dəskɹepənsi
test_001060,dɪsəplənɛɹi,dɪsəplənəɹi
test_001061,lɑteɪ,lɑteɪ
test_001062,skləɹɒtɪk,skləɹɑtɪk
test_001063,ɡɹanəɹi,ɡɹænəɹi
test_001064,ɑkiɒləd͡ʒɪst,ɑɹkiɑləd͡ʒɪst
test_001065,fɒks,fɒks
test_001066,pɹeɪz,pɹæɪz
test_001067,mɪʃənɛɹiz,mɪʃənəɹiz
test_001068,dəspɹəpoʃənətli,dɪspɹəpoʃənətli
test_001069,flæʃlaɪt,flæʃlɑet
test_001070,mɒnətɐʉn,mɔnətəʉn
test_001071,t͡ʃeɪ̯mbə,t͡ʃeɪ̯mbɚ
test_001072,kɔɹɔɪd,kɔɹɔɪd
test_001073,bɪə̯,bɪɚ
test_001074,kwæɡmaɪɹ,kwæɡmaɪəɹ
test_001075,fɒksi,fɑksi
test_001076,fɛəɹiz,fɛəɹiz
test_001077,dez,dɛəz
test_001078,pɹədusɚ,pɹədjʉsə
test_001079,ɹʊɹəl,ɹʊəɹəl
test_001080,tɛləfoʊn,tɛlɪfəʊn
test_001081,pɹoʊzɪt,pɹəʊzɪt
test_001082,kɔɹɪspɔndəns,kɒɹɪspɒndəns
test_001083,mɑniməlimniən,mɒnɪməʊlɪmnɪən
test_001084,mʌstə,mɐstə
test_001085,məʉdəs,moʊdəs
test_001086,ɛɡzɛmplɑɹ,ɛɡzɛmplə
test_001087,ɹɛd͡ʒɪstɚ,ɹɛd͡ʒɪstə
test_001088,bɹiðɪŋ,bɹiðɪŋ
test_001089,ənhoʊlsəm,ənhəʊlsəm
test_001090,mɛlənɪn,melənən
test_001091,tɔt͡ʃəd,tɔɹt͡ʃɚd
test_001092,le,leɪə
test_001093,haɪəsaɪəmin,hʌɪəʊsʌɪəmin
test_001094,ɡʌvənmənts,ɡʌvɚnmənts
test_001095,wʌndɚ,wɐndə
test_001096,ɛmbəɡjʉəs,æmbɪɡjuəs
test_001097,pɔlɪɡlɔt,pɒlɪɡlɒt
test_001098,ɪnspɛktə,ɪnspɛktɚ
test_001099,kloʊnəl,kləʊnəl
test_001100,ɡaʉld,ɡəʊld
test_001101,ɡɹænəɹi,ɡɹanəɹi
test_001102,blɑɡ,blɒɡ
test_001103,kəɹɛktɪv,kəɹektɪv
test_001104,fɪəsəm,fiəsəm
test_001105,jufɔɹiə,jufoɹiə
test_001106,ɡʌvəmənt,ɡɐvɘnmɘnt
test_001107,stɛɹd,stɛəd
test_001108,stɹɑedənt,stɹaɪdənt
test_001109,sɐðɘli,sʌðəli
test_001110,sɐʉl,səʊl
test_001111,ɹɪspɔnsəbɪləti,ɹɪspɒnsəbɪlɪti
test_001112,ɡɹaʊndbɹeɪkɪŋ,ɡɹæʊndbɹæɪkəŋ
test_001113,tidiəs,tidɪəs
test_001114,pjʊəɹəst,pjʊɹəst
test_001115,søkəs,sɜkəs
test_001116,t͡ʃɛstnʌt,t͡ʃɛstnʌt
test_001117,mɑɹt͡ʃɪz,mɑtʃɪz
test_001118,mɒnətɐʉn,mɒnətəʊn
test_001119,skeɪlɚ,skeɪlə
test_001120,kəmpæɹɪsən,kəmpæɹɪsən
test_001121,sɛkjələɹ,sɛkjʊlə
test_001122,hɑməʊniəs,hɑɹmoʊniəs
test_001123,otɔnəməs,ɔtɒnəməs
test_001124,nænoʊmitər,nænəʊmitə
test_001125,fɝvɪd,fɜvɪd
test_001126,tændʊəɹi,tændʊɹi
test_001127,weɪstlænd,wæestlɛnd
test_001128,mənɒpsəni,mənɑpsəni
test_001129,flɑɪ̯t,flaɪ̯t
test_001130,meɪdsɝvənt,meɪdsɜvənt
test_001131,wɒʃt,wɑʃt
test_001132,tɛləkəmjutɪŋ,tɛləkəmjutɪŋ
test_001133,vɪʒuəlaɪz,vɪʒʊəlaɪz
test_001134,ɪmbɪtə,əmbɪtəɹ
test_001135,noʊsɑləd͡ʒi,nɒsɒləd͡ʒi
test_001136,mɑnətoʊn,mɒnətɐʉn
test_001137,fɛd,fed
test_001138,əkɜ,əkø
test_001139,mæɡnælɪti,mæɡnælɪti
test_001140,nɛnjʊfɑ,nɛnjəfɑɹ
test_001141,fɑli,fɒli
test_001142,lɒl,lɑl
test_001143,pɹikəndəʃən,pɹikəndɪʃən
test_001144,pɹɔdɐktɪvəti,pɹɒdʌktɪvəti
test_001145,skʌldʌɡəɹi,skʌldʌɡəɹi
test_001146,pælə,pælɚ
test_001147,sæɡ,sæɡ
test_001148,ɡæðəd,ɡæðɚd
test_001149,daɪkɒtəmi,dɑekɔtəmi
test_001150,peɪtɹiət,pæɪtɹiət
test_001151,pɹæns,pɹɑns
test_001152,aɪtəmz,ɑetəmz
test_001153,ɹæk,ɹɛk
test_001154,ɛnsɔsəl,ɛnsɔɹsəl
test_001155,bɪheɪvjəɹəl,bɪhæɪvjəɹəl
test_001156,kɹənɒləd͡ʒi,kɹənɑləd͡ʒi
test_001157,əbskjʊəɹɪti,əbskjʊɹɪti
test_001158,plɪɹəʊmə,pləɹoʊmə
test_001159,dʌɪdʒɪnɛtɪk,daɪd͡ʒənɛtɪk
test_001160,ɹepɹɪzent,ɹɛpɹɪzɛnt
test_001161,tɹænsfɝəns,tɹɛnsfəɹəns
test_001162,nɑmɪneɪt,nɔmɪnæɪt
test_001163,fʉl,ful
test_001164,tɹænsfəɹəns,tɹænsfɝəns
test_001165,kɹənɑləd͡ʒi,kɹənɒləd͡ʒi
test_001166,wæɪd͡ʒəɹ,weɪd͡ʒəɹ
test_001167,sɑdin,sɑɹdin
test_001168,kɒɹəneɪʃn̩,kɔɹəneɪʃən
test_001169,hʊkɚ,hʊkə
test_001170,sækɹɪfaɪsɪz,sækɹɪfaɪsɪz
test_001171,mɪdivəl,mɛdiivəl
test_001172,əbd͡ʒɛktɪv,əbd͡ʒektɪv
test_001173,tɹɛnsfəɹəns,tɹænsfɝəns
test_001174,kəmpjutə,kəmpjutɚ
test_001175,fɹəʊz,fɹoʊz
test_001176,njʉɐns,njuɑns
test_001177,əsɛndənt,əsɛndənt
test_001178,ɪmpɛɹətɪv,ɪmpeɹətɪv
test_001179,tufəʊld,tʉfɐʉld
test_001180,kon,kɔn
test_001181,dɪfaɪl,dəfaɪl
test_001182,klʌb,klɐb
test_001183,səfaɪs,səfaɪs
test_001184,tɜbət,tɝbət
test_001185,pɛɹoʊniəl,pɛɹəniəl
test_001186,bɛɹli,bɛəli
test_001187,kɑntəmpleɪtɪd,kɒntəmpleɪtɪd
test_001188,pɑtɪʃən,pɑɹtɪʃən
test_001189,dəʊmeɪ̯n,doʊ̯meɪ̯n
test_001190,æmbɪʃən,ɛmbəʃən
test_001191,ɔdeɪnd,ɔɹdeɪnd
test_001192,ɔɪntmənt,ɔɪntmənt
test_001193,fɹækt͡ʃʰə,fɹækt͡ʃɚ
test_001194,læm,lɛm
test_001195,flæʃlɑet,flɛʃlɑet
test_001196,fed,fɛd
test_001197,bɪheɪvjəɹəl,bɪheɪvjəɹəl
test_001198,væɪkənsi,veɪkənsi
test_001199,θɹisəm,θɹisəm
test_001200,woɹp,wɔp
test_001201,lɪniæɹəti,lɪniæɹəti
test_001202,bɪnaɪt,bɪnaɪt
test_001203,ɒptɪkəl,ɑptɪkəl
test_001204,melənɪn,mɛlənɪn
test_001205,vɝnəl,vɜnəl
test_001206,tætl̩,tætəl
test_001207,pɹɑbəbɪlɪstɪk,pɹɒbəbələstək
test_001208,ɹətɪkjəleɪt,ɹətɪkjʊleɪt
test_001209,ɒlɪɡɒpəli,ɑləɡɑpəli
test_001210,səfaɪs,səfɑes
test_001211,t͡ʃænst,t͡ʃɑnst
test_001212,wɑʃɪz,wɒʃɪz
test_001213,mizli,mizli
test_001214,pɑlɪɡlɑt,pɒlɪɡlɒt
test_001215,stɹaɪdənt,stɹaɪdənt
test_001216,jɑɹtsaɪt,jɑtsaɪt
test_001217,ɡlɐʉbəlaɪzæɪʃən,ɡləʊbəlaɪzeɪʃən
test_001218,pjʊɹ,pjʊə
test_001219,sɛpəɹeɪt,sɛpəɹæɪt
test_001220,ɡæɹɪsən,ɡæɹɪsən
test_001221,nɒkt,nɑkt
test_001222,kɒnstɪtjut,kɔnstɪtjʉt
test_001223,ɪmbɑm,ɪmbɑm
test_001224,jutɪlɪtɛəɹiən,jutɪlətɛɹiən
test_001225,sləʊpɪŋ,sloʊpɪŋ
test_001226,məhaʊt,məhaʊt
test_001227,kwɜk,kwɝk
test_001228,mɒnətɒnək,mɒnətɒnɪk
test_001229,fɔmətɪv,fomətɪv
test_001230,nɑstæld͡ʒə,nəstæɫd͡ʒə
test_001231,əses,əsɛs
test_001232,stɹætəsfɪɚ,stɹætəsfɪə
test_001233,kləʊnəl,kloʊnəl
test_001234,bɪhæɪvjəɹəl,bɪheɪvjəɹəl
test_001235,səfɑes,səfaɪs
test_001236,dəspɹəpoʃənətli,dɪspɹəpɔʃənətli
test_001237,ɡoʊlkipɚ,ɡəʊlkipə
test_001238,lɐd,lɑɹd
test_001239,sɝkəmstæns,sɜkəmstəns
test_001240,ɹɪdjusɪz,ɹədjʉsəz
test_001241,bɹɔdkɑstə,bɹɔdkæstɚ
test_001242,flʌstɹeɪtɪd,fləstɹeɪtɪd
test_001243,səlut,səljut
test_001244,næɹeɪt,nəɹæɪt
test_001245,fəlɪsəti,fɪlɪsɪti
test_001246,æmfɪbiəs,ɛmfəbiəs
test_001247,lɛɡmæn,lɛɡmæn
test_001248,munkeɪk,munkeɪk
test_001249,kɒmpæʊnd,kɑmpaʊnd
test_001250,skɔn,skɔɹn
test_001251,ɹɪdjusɪŋ,ɹɪdjʉsɪŋ
test_001252,θɪərɪak,θɪriæk
test_001253,faɪ̯nd,fɑ̟ɪ̯nd
test_001254,ful,fʉl
test_001255,skaɪskɹeɪpəɹ,skaɪskɹeɪpɚ
test_001256,kənfjuz,kənfjʉz
test_001257,dəskɹepənsi,dɪskɹɛpənsi
test_001258,æɹəʉ,æɹəʊ
test_001259,mɒbstə,mɑbstɚ
test_001260,bəʊtaɪ,boʊtaɪ
test_001261,hɛtəɹəʊdɒnt,hɛtəɹədɑnt
test_001262,ɜɹd,ød
test_001263,nəɡoʊʃieɪt,nəɡəʊʃieɪt
test_001264,bɪɚ,bɪə̯
test_001265,dɪskɹɪməneɪt,dɪskɹɪmɪneɪt
test_001266,ɪnfɹəstɹʌkt͡ʃə,ɪnfɹəstɹʌkt͡ʃɚ
test_001267,ɹʉt,ɹut
test_001268,əlɑenmənt,əlaɪnmənt
test_001269,lekt͡ʃə,lɛkt͡ʃə
test_001270,ɪntɛnʃn̩əl,ɪntenʃənəl
test_001271,dɛəz,deəz
test_001272,sɑlstɪs,sɒlstɪs
test_001273,pəsent,pɚsɛnt
test_001274,ɹɛktɪfaɪɚ,ɹɛktɪfaɪə
test_001275,tɛləkəmjutɪŋ,teləkəmjʉtəŋ
test_001276,pɑʃ,pɒʃ
test_001277,kʉli,kuli
test_001278,bɪtəɹli,bɪtəli
test_001279,ɛɡzɝpt,eɡzɜpt
test_001280,nɛtɪzən,netəzən
test_001281,ɹoʊl,ɹɐʉl
test_001282,ɛəweɪ,ewæɪ
test_001283,pɑɹlɚ,pɑlə
test_001284,roʊmænts,rəʊmants
test_001285,pe,peə
test_001286,ɪntenʃənəl,ɪntɛntʃənəl
test_001287,pɑɹkʊɹ,pɑkʊə
test_001288,ɔɹbɪfoʊld,ɔbɪfəʊld
test_001289,pɹaɪmɛɹəli,pɹaɪməɹəli
test_001290,ʌnlɛvənd,ʌnlɛvn̩d
test_001291,hɐm,hɑm
test_001292,twɜl,twøl
test_001293,læŋɡwɪd,læŋɡwəd
test_001294,ɪəɹɪŋ,ɪəɹɪŋ
test_001295,dɪɹɪst,dɪəɹɪst
test_001296,pɹɛsiənt,pɹɛʃiənt
test_001297,vʌlnəɹəbɪlɪti,vʌlnəɹəbɪləti
test_001298,kləʉk,klɐʉk
test_001299,ɹɪspɑnsəbɪləti,ɹɪspɒnsəbɪlɪti
test_001300,skeɪlə,skeɪlɚ
test_001301,pɝlju,pɜlju
test_001302,odiəʉ,odiɐʉ
test_001303,vɪskɒsɪti,vɪskɑsɪti
test_001304,t͡ʃʌf,t͡ʃɐf
test_001305,pɹɒpəɡeɪʃən,pɹɑpəɡeɪʃən
test_001306,hɑdwɛə,hɑɹdwɛɹ
test_001307,kəɹɛktli,kəɹektli
test_001308,ɹeɪvən,ɹeɪvn̩
test_001309,bɛɹli,beəli
test_001310,bɜdz,bɜɹdz
test_001311,fʌlmɪneɪt,fʌlmɪneɪt
test_001312,sjud,sud
test_001313,kənfjuz,kənfjʉz
test_001314,kwɔɹts,kwɔts
test_001315,əkwæɪʒən,ɪkwæɪʒən
test_001316,juhiməɹaɪz,juhiməɹaɪz
test_001317,ɔɡənaɪzeɪʃən,oɹɡənɪzeɪʃən
test_001318,dɛɹz,dez
test_001319,pəɹuk,pəɹuk
test_001320,sɐðəli,sʌðəli
test_001321,fɚɡɑt,fəɡɒt
test_001322,hɑɹtɪli,hɑtɪli
test_001323,əlud,əljud
test_001324,bəhæɪvjəɹəl,bɪheɪvjəɹəl
test_001325,fɹɛskoʊ,fɹɛskəʊ
test_001326,kɑləmnɪst,kɒləmɪst
test_001327,steə,stɛə
test_001328,hɑɹmɑnɪk,hɑmɒnɪk
test_001329,kənfjʉz,kənfjuz
test_001330,pɹoʊkɹæstɪneɪʃən,pɹəʊkɹæstɪneɪʃən
test_001331,fɛəɹiz,feɹiz
test_001332,splɛndɚ,splɛndə
test_001333,koʊv,kəʊv
test_001334,ɔɹfən,ɔfən
test_001335,pɹikəndɪʃən,pɹikəndɪʃən
test_001336,antəʉld,ʌntoʊld
test_001337,pɑɹtəkəl,pɑtɪkl̩
test_001338,sənθəsəs,sɪnθəsɪs
test_001339,bɪhæɪvjəɹəl,bəhæɪvjəɹəl
test_001340,tɜbjələnt,tøbjələnt
test_001341,sɪbəɹɪtɪk,sɪbəɹɪtɪk
test_001342,hɑɹpɪŋ,hɑpɪŋ
test_001343,pæpɑdɛleɪ,pæpɑɹdɛleɪ
test_001344,pɑkʊə,pɑɹkʊɹ
test_001345,mɛdoʊ̯,mɛdəʊ̯
test_001346,ɔltɜnətɪv,ɒltønətəv
test_001347,ɛlɪmənt,eləmənt
test_001348,stɒpt,stɒpt
test_001349,wɛðɚ,weðə
test_001350,ɡɛɡ,ɡæɡ
test_001351,ɹɪspektɪv,ɹɪspɛktɪv
test_001352,ənsaɪ̯t,ɪnsɑe̯t
test_001353,əpɒn,əpɒn
test_001354,hɔvə,hɒvə
test_001355,kænɪbəlɑez,kænɪbəlaɪz
test_001356,maɪtəkɑndɹiən,maɪtəkɒndɹiən
test_001357,kaɪɹəpɹæktɚ,kaɪɹəpɹæktəɹ
test_001358,sædɚ,sædə
test_001359,ləzænjə,ləzɑnjə
test_001360,kɑvə,kævɚ
test_001361,nɒsɒləd͡ʒi,noʊsɑləd͡ʒi
test_001362,kæləbəɹ,kæləbɚ
test_001363,fluɒksətin,fluaksətin
test_001364,hɛzəteɪt,hɛzɪteɪt
test_001365,lænjəd,ɫænjəd
test_001366,snoʊz,snəʊz
test_001367,ənsaɪ̯t,ɪnsaɪ̯t
test_001368,kɑɪɹəpɹæktəɹ,kaɪɹəpɹæktəɹ
test_001369,pɹəʊkæɹiəʊt,pɹoʊkæɹioʊt
test_001370,ɛlɪmənts,eləmənts
test_001371,bʌtɪnski,bʌtɪnski
test_001372,filiəl,fɪliəl
test_001373,fɛstəvəl,fɛstɪvəl
test_001374,munkeɪk,munkeɪk
test_001375,klɐb,klʌb
test_001376,dɛpjəti,depjəti
test_001377,səveɪə,sɚveɪ̯ɚ
test_001378,bʌtəmɪlk,bʌtɚmɪlk
test_001379,nəʊtəbl̩,nəʉtəbəl
test_001380,pɹəvoʊkt,pɹəvəʊkt
test_001381,sɛtʌp,sɛtʌp
test_001382,eləmənts,ɛləmənts
test_001383,jufoɹiə,jufɔɹiə
test_001384,ɹækun,ɹəkun
test_001385,skɔnə,skɔɹnɚ
test_001386,naɪ̯t,nɑɪ̯t
test_001387,fɛə,fe
test_001388,ɹoʊdənt,ɹəʊdənt
test_001389,spɛndθɹɪft,spɛndθɹɪft
test_001390,pɝv,pɜv
test_001391,ɹɪdjʉsɪz,ɹədjʉsəz
test_001392,mæd͡ʒəstəɹi,mæd͡ʒɪstəɹi
test_001393,ɪntɹədust,ɪntɹədjust
test_001394,bæɪl,beɪl
test_001395,bɑɹtɛndɚ,bɑtɛndəɹ
test_001396,dəʊtəd,doʊtɚd
test_001397,eɹəplæɪ̯n,ɛə̯ɹəpleɪ̯n
test_001398,æmbɪʃən,æmbɪʃən
test_001399,bɝɡ,bɜɡ
test_001400,dæɪnd͡ʒə,deɪnd͡ʒɚ
test_001401,kɜsɪz,kɝsɪz
test_001402,məlæsɪz,məʊlasɪz
test_001403,əʊvəwɛlmd,oʊvɚwɛlmd
test_001404,kləʊk,kləʉk
test_001405,pɑsəbɪlətiz,pɒsɪbɪlɪtiz
test_001406,fɛəɹeɪɒnɪk,fɛɹeɪɑnɪk
test_001407,kɛfl̩,kɛɹfəl
test_001408,kʌm,kʌm
test_001409,kotəsɒl,kɔtɪsɒl
test_001410,bʌd͡ʒəɹiɡɑ,bʌd͡ʒəɹiɡɑɹ
test_001411,stʌft,stɐft
test_001412,blɪŋkəɹ,blɪŋkə
test_001413,dɪɹaɪd,dəɹaɪd
test_001414,kɑntækt,kɒntækt
test_001415,aɪtəmz,ɑetəmz
test_001416,hɛksoʊs,hɛksəʊs
test_001417,ɹɒndjʊə,ɹɑndjʊɹ
test_001418,hjumɚ,hjuməɹ
test_001419,vəlʌpt͡ʃʊɛɹi,vəlʌptʃʊəɹi
test_001420,bɹɛdbɑskɪt,bɹɛdbæskɪt
test_001421,ʃɑɹlət,ʃɑlət
test_001422,pɹoʊl,pɹəʊl
test_001423,fɔltəɹ,fɔltə
test_001424,ənhəʊlsəm,ənhoʊlsəm
test_001425,kɒstə,kɑstə
test_001426,kɑɹz,kɑz
test_001427,pɔləsiz,pɒləsiz
test_001428,tɹænsfəɹəns,tɹɛnsfəɹəns
test_001429,ɛləmənt,eləmənt
test_001430,wɔʃɪp,wɔɹʃɪp
test_001431,nəʊblə,noʊblɚ
test_001432,slænt,slænt
test_001433,kʌstəməz,kʌstəmɚz
test_001434,makə,mækɚ
test_001435,feɪlændʒ,fælændʒ
test_001436,skɝ,skɜ
test_001437,klɑsɪz,klæsɪz
test_001438,foməli,fɔməli
test_001439,bəɡəʊniə,bəɡoʊniə
test_001440,ælbəm,ɛlbəm
test_001441,səʉl,soʊl
test_001442,ɪmploɹ,ɪmplɔ
test_001443,fɹəʊ,fɹoʊ
test_001444,ɛɡzəstɛntʃəlɪzəm,ɛɡzɪstɛnʃəlɪzəm
test_001445,wɑpɚ,wɒpə
test_001446,kwɔts,kwɔɹts
test_001447,kɛɹiz,kɛəɹiz
test_001448,lɒbstə,lɒbstə
test_001449,wɔt͡ʃfəl,wɒt͡ʃfəl
test_001450,ɪlektə,ɪlɛktɚ
test_001451,ɡæɡ,ɡɛɡ
test_001452,fed,fɛd
test_001453,ðɛəz,ðiəz
test_001454,lɑɹd͡ʒɪst,lɑd͡ʒɪst
test_001455,tɹæɪ̯n,tɹeɪn
test_001456,məʃinz,məʃinz
test_001457,kəŋɡloʊb,kəŋɡləʊb
test_001458,kɒndɔ,kɑndoɹ
test_001459,sɔtə,sɔɹtə
test_001460,bakwʊdz,bækwʊdz
test_001461,kɪlɑmɪtəɹ,kəlɔmətə
test_001462,ɔbɪfəʊld,ɔɹbɪfoʊld
test_001463,ɔlbiɪt,olbiɪt
test_001464,ɔtʌmnəl,ɑtʌmnəl
test_001465,ɑɡjəmɛnteɪʃən,ɑɹɡjəmɛnteɪʃən
test_001466,pɹəpɑstəɹəs,pɹɪpɒstəɹəs
test_001467,skɪpə,skɘpɘ
test_001468,palpɪbɹə,pælpəbɹə
test_001469,ɹɪkɝənt,ɹɪkʌɹənt
test_001470,foʊbiə,fəʊbiə
test_001471,əkjumjəleɪt,əkjumjʊleɪt
test_001472,ɹefəɹənsəz,ɹɛfəɹənsɪz
test_001473,hɑpɪŋ,hɑɹpɪŋ
test_001474,tɹævəlɚz,tɹævələz
test_001475,pjutətɪvli,pjʉtətɪvli
test_001476,toɹəs,toʊ̯ɹəs
test_001477,pɔlɪɡlɔt,pɑlɪɡlɑt
test_001478,wɜldz,wɝldz
test_001479,ænəlɔɡ,ænəlɒɡ
test_001480,bɑt͡ʃəlɪzəm,bɒtjʊlɪzəm
test_001481,tekstɑel,tɛkstaɪl
test_001482,pebəl,pɛbəl
test_001483,sæɪdɪzəm,seɪdɪzəm
test_001484,wʊps,wʊps
test_001485,ɪljusɪdeɪt,əlusədeɪt
test_001486,t͡ʃeɪnd͡ʒ,t͡ʃæɪnd͡ʒ
test_001487,kəmɑndə,kəmændə
test_001488,bɪtəli,bɪtəɹli
test_001489,bʌtɚmɪlk,bʌtəmɪlk
test_001490,oɡənɑezæɪʃən,oɡənaɪzæɪʃən
test_001491,ɪntɑksɪkeɪtɪd,ɪntɒksɪkeɪtɪd
test_001492,bɑd͡ʒɚ,bɒd͡ʒəɹ
test_001493,skaʊɚɪŋ,skaʊəɹɪŋ
test_001494,tɝbət,tɜbət
test_001495,ɡɑsp,ɡæsp
test_001496,oʊvɚwɛlmd,əʊvəwɛlmd
test_001497,ɪmpɛɹətɪv,ɪmpɛɹətɪv
test_001498,stɛɹwɛl,stɛəwɛl
test_001499,blupɚ,blupə
test_001500,feɹiz,fɛəɹiz
test_001501,smɑɹm,smɑm
test_001502,hjuɹɪstɪks,hjuɹɪstɪks
test_001503,blænd,blɛnd
test_001504,bɪɡæn,bɪɡæn
test_001505,pɝ,pø
test_001506,fɹeɪ̯z,fɹæɪ̯z
test_001507,hæɡ,hɛɡ
test_001508,ɪəɹɪŋ,iəɹəŋ
test_001509,əbæk,əbe̞k
test_001510,slænt,slænt
test_001511,mɛtəmɔfəsɪs,mɛtəmoɹfəsɪs
test_001512,əɹæɔnd,əɹaʊnd
test_001513,pɜ,pɝ
test_001514,baɪoʊdɹɔɪd,baɪəʊdɹɔɪd
test_001515,ɹɪdjusɪz,ɹɪdjʉsɪz
test_001516,bleəz,blɛəz
test_001517,æɹəɡənt,ɛɹəɡənt
test_001518,kɔɹɔɪd,kɔɹɔɪd
test_001519,dɛstɪni,destɪni
test_001520,kəɹəʉsɪv,kəɹəʊsɪv
test_001521,ænəlɑez,ænəlaɪz
test_001522,mɑmə,mɐmə
test_001523,kəlɔmətə,kɪlɒmɪtə
test_001524,nəʉtəbəl,nɐʉtəbəl
test_001525,tɜbjələnt,tɝbjələnt
test_001526,fɪlɪsɪti,fəlɪsəti
test_001527,fɜməmənt,fɝməmənt
test_001528,d͡ʒɛlətɒləd͡ʒi,d͡ʒɛlətɑləd͡ʒi
test_001529,ʌndəɡɹaʊnd,ʌndəɹɡɹaʊnd
test_001530,fɔməli,fɔɹməli
test_001531,kɑɹbaɪd,kɑbaɪd
test_001532,dɪə,diə
test_001533,ɪmpeɹətɪv,ɪmpɛɹətɪv
test_001534,tubɝkjʊloʊsɪs,tʃʉbøkjəlɐʉsəs
test_001535,ʌnfɔsin,ʌnfɔɹsin
test_001536,θɪk,θɘk
test_001537,pɪnkʊʃən,pɪnkʊʃn̩
test_001538,sɐspekt,sʌspɛkt
test_001539,ɛsɘnɘns,æsənəns
test_001540,fəɡɛtɪŋ,fɚɡɛtɪŋ
test_001541,fɔɹməli,fɔməli
test_001542,kɹæm,kɹɛm
test_001543,peɪtɹiət,peɪtɹiət
test_001544,kɒmplɪmənts,kɑmplɪmənts
test_001545,fləstɹeɪtɪd,flʌstɹeɪtɪd
test_001546,kɹɑsɪŋ,kɹɒsəŋ
test_001547,skɔɹnɚ,skɔnə
test_001548,nɒstæld͡ʒə,nəstæɫd͡ʒə
test_001549,stæɪkhəʉldə,stæɪkhɐʉldə
test_001550,pɹəd͡ʒɛktə,pɹəd͡ʒɛktɚ
test_001551,vudu,vudu
test_001552,dɑekɔtəməs,daɪkɒtəməs
test_001553,mɑkteɪl,mɒkteɪl
test_001554,lænjɚd,ɫænjəd
test_001555,mælkəntɛnt,malkəntɛnt
test_001556,ɪntɒksɪkeɪtɪd,ɪntɑksɪkeɪtɪd
test_001557,nəɹeɪt,næɹeɪt
test_001558,wɝkɚz,wɜkəz
test_001559,sɛkɹɪfɑe̯sɪz,sækɹɪfaɪsɪz
test_001560,mɐʉdəs,məʊdəs
test_001561,ləpel,ləpɛl
test_001562,ɑɡjʊmənt,ɑɹɡjʊmənt
test_001563,ɛmpəɹə,e̝mpɘɹɘ
test_001564,ɪnvɑlvd,ɪnvɒlvd
test_001565,pɹəʉkɹæstɪnæɪʃən,pɹoʊkɹæstɪneɪʃən
test_001566,θʌndəbɜd,θʌndɚbɝd
test_001567,həʊnd,hoʊnd
test_001568,kɒntɹədɪktəɹi,kɔntɹədɪktəɹi
test_001569,fɑtlɛk,fɑɹtlək
test_001570,fɛntɑləmin,fɛntɒləmin
test_001571,bɪɚ,biə̯
test_001572,sɪbɪlənt,səbələnt
test_001573,əkwætɪk,ɘkwɔtɘk
test_001574,pø,pɝ
test_001575,kənfjuz,kənfjuz
test_001576,pjʉə,pjʊə
test_001577,tʃɑeld,tʃaɪld
test_001578,kɒnsəkɹeɪtɪd,kɑnsəkɹeɪtɪd
test_001579,ɒnswit,ɔnswit
test_001580,melənɪn,melənən
test_001581,ɛɡzɜpt,eɡzɜpt
test_001582,ɐplɐʉd,ɐpləʉd
test_001583,lɜkə,lɝkɚ
test_001584,dɪleɪ,dɪleɪ
test_001585,blɑɡ,blɒɡ
test_001586,əhɑnə,oʊhɑnə
test_001587,tʃʉbɜkjələʉsəs,tjubɜkjʊləʊsɪs
test_001588,fɛstɪvəl,festəvəl
test_001589,kənfoməti,kənfomɪti
test_001590,enəmi,ɛnəmi
test_001591,pɹəʊkɹæstɪneɪʃən,pɹɐʉkɹɛstənæɪʃən
test_001592,mɪnɪməm,mɪnəməm
test_001593,lɔndəɹɛt,lɔndɹɛt
test_001594,nɒnsəns,nɔnsəns
test_001595,ɪmpeɹətɪv,ɪmpɛɹətɪv
test_001596,ænəɡoʊd͡ʒi,ænəɡɒd͡ʒi
test_001597,æŋkəloʊsɔɹəs,æŋkɪləʊsɔərəs
test_001598,læm,læm
test_001599,klɑt,klɒt
test_001600,hezətæɪt,hɛzɪteɪt
test_001601,ɹufəɹ,ɹufɚ
test_001602,ɹɪklus,ɹəklʉs
test_001603,kɒn,kɑn
test_001604,ɹimɔɹə,ɹɪmɔɹə
test_001605,bɑɹdz,bɑdz
test_001606,kɑntɹədɪktəɹi,kɔntɹədɪktəɹi
test_001607,kaɪɹəpɹæktəɹ,kɑɪɹəpɹæktəɹ
test_001608,əɡlɑməɹət,əɡlɒməɹət
test_001609,bæktɪɹiə,baktɪə̯riə
test_001610,flaʊ̯tə,flaʊ̯tə
test_001611,mʌɡl̩,mʌɡəl
test_001612,lɛŋkθənɪŋ,lɛŋkθənɪŋ
test_001613,skɜ,skɝ
test_001614,ɪɹɑtɪsaɪz,ɪɹɒtɪsaɪz
test_001615,nɛtɪzən,nɛtɪzən
test_001616,pəʊljəʊ,poʊlioʊ
test_001617,duoʊ,djuəʊ
test_001618,pɑlətɪʃənz,pɒlətəʃənz
test_001619,kændɪdəsi,kændədəsi
test_001620,hiliɛə,hiliɛɹ
test_001621,stɑɹlɪŋ,stɑlɪŋ
test_001622,junəvɜɹsəl,junɪvɜsl̩
test_001623,fed,fed
test_001624,lɛɚ,lɛə̯
test_001625,hɛzəteɪt,hezətæɪt
test_001626,juʒəɹi,jʉʒəɹi
test_001627,mʌðɚhʊd,mʌðəhʊd
test_001628,kɑmɛnt,kɒment
test_001629,koɹɪspɑndəns,kɒɹəspɒndəns
test_001630,kləʊk,kloʊk
test_001631,stændədɑezæɪʃən,stɛndədaɪzæɪʃən
test_001632,kætɪɡəɹaɪz,kætɪɡəɹɑez
test_001633,deəz,dɛəz
test_001634,hɔvə,hʌvɚ
test_001635,pətɪkjələli,pɚtɪkjəlɚli
test_001636,juui,juui
test_001637,maɪkɹəmitəɹ,maɪkɹəmitə
test_001638,fɹɛskəʊ,fɹɛskoʊ
test_001639,ɹɛpəɹtɔɹi,ɹɛpətɹi
test_001640,sɪkludɪd,sɪkludɪd
test_001641,wɪɹi,wɪə̯ɹi
test_001642,ɹɛd͡ʒɪstəd,ɹɛd͡ʒɪstɚd
test_001643,memwɐ,mɛmwɑ
test_001644,ænəlɔɡ,ɛnəlɒɡ
test_001645,skimə,skimə
test_001646,nidəlwɜk,nidəlwɚk
test_001647,boʊnhɛd,bəʊnhɛd
test_001648,ʃəʊkeɪs,ʃoʊkeɪs
test_001649,ɔtɑnəməs,otɔnəməs
test_001650,ɪnsəkjʊəɹ,ɪnsəkjʊɹ
test_001651,mʌnɪtəɹi,mɐnəteɹi
test_001652,ɹɛzəluʃən,ɹɛzəljuʃən
test_001653,ɡɑmənt,ɡɑɹmənt
test_001654,vɪzɪə,vɪzɪɹ
test_001655,ɹətɪkjʊleɪt,ɹətɪkjəleɪt
test_001656,mænjʊfækt͡ʃəɹɪŋ,mænjəfækt͡ʃəɹɪŋ
test_001657,ɛmbəɡjʉəs,æmbɪɡjuəs
test_001658,kɪlɑmɪtəɹ,kɪlɒmɪtə
test_001659,kəɹəʊsɪv,kəɹɐʉsəv
test_001660,ɪnspɛktɚ,ɪnspɛktə
test_001661,mɪʃənəɹiz,mɪʃənɛɹiz
test_001662,iθɚ,iθə
test_001663,wɐndə,wʌndə
test_001664,ɹəføɹəl,ɹɪfɜɹəl
test_001665,mʌltɪvɜsl̩,mʌltɪvɝsl̩
test_001666,pɹɑpəɡeɪʃən,pɹɒpəɡeɪʃən
test_001667,tæpæs,tæpəs
test_001668,bɹɛdbæskɪt,bɹɛdbɑskɪt
test_001669,kɹusəvɜɹbələst,kɹusɪvɜbəlɪst
test_001670,dɔmɪtɹi,domɪtɹi
test_001671,wɑndɚlʌst,wɒndəlʌst
test_001672,kæləbɚ,kælɪbəɹ
test_001673,ɡɝd͡ʒiz,ɡɜd͡ʒiz
test_001674,supəkælɪfɹæd͡ʒɪlɪstɪkɛkspiælɪdəʊʃəs,supəɹkæləfɹæd͡ʒəlɪstɪkɛkspiælədoʊʃəs
test_001675,bɹɔdkæstɚ,bɹɔdkɑstə
test_001676,pɪnɪnsjʊlə,pɪnɪnsjʊlə
test_001677,vælɪdɪktəɹi,vælədɪktəɹi
test_001678,lɒtə,lɑtə
test_001679,otəmæɪʃən,ɔtəmeɪʃən
test_001680,ʌphoʊlstəɹəɹ,ʌphəʊlstəɹə
test_001681,ɪnspəɹæɪʃən,ɪnspɪɹeɪʃən
test_001682,əlaɪnmənt,əlaɪnmənt
test_001683,peɪtɹiət,peɪtɹiət
test_001684,ɡlæd,ɡlæd
test_001685,pɒts,pɑts
test_001686,fjʊɹʌŋkəl,fjʊəɹʌŋkəl
test_001687,æntisəʊʃəl,æntisəʉʃəl
test_001688,hæŋ,hæŋ
test_001689,mɛlənɪn,melənɪn
test_001690,bɒðəsəm,bɔðəsəm
test_001691,æɡɹɪkʌltʃəɹəl,æɡɹɪkʌltjʊəɹəl
test_001692,sʌplɪkeɪt,səpləkeɪt
test_001693,moʊdəs,məʊdəs
test_001694,dɑkjədɹɑmə,dɒkjʊdɹɑmə
test_001695,ɹɛd͡ʒɪstə,ɹed͡ʒəstə
test_001696,əbskɑnd,əbskɒnd
test_001697,kɔtɪsɒl,kotɪsɔl
test_001698,koʊv,kəʉv
test_001699,fɐʉkəst,fəʉkəst
test_001700,tɹɛnsfəɹəns,tɹænsfəɹəns
test_001701,ʃækəl,ʃækl̩
test_001702,kənvɜtɪd,kənvɝtɪd
test_001703,mɑnəlɔɡ,mɒnəlɒɡ
test_001704,ɹɪzɑlvd,ɹɪzɒlvd
test_001705,pɪtə,pitə
test_001706,vɔwəd,vɔwɚd
test_001707,kɑntɹədɪktəɹi,kɒntɹədɪktəɹi
test_001708,ɪmplɔ,ɪmploɹ
test_001709,fɔməli,foməli
test_001710,mɐʉ,məʉ
test_001711,wɑt͡ʃdɑɡ,wɒt͡ʃdɒɡ
test_001712,ʌnsɜtənti,ɐnsøtənti
test_001713,skɔɹn,skɔn
test_001714,ʌnkʌmfɚtəbl̩,ʌnkʌmftəbl̩
test_001715,wɜlɪŋ,wɝlɪŋ
test_001716,oθəɹɑezæɪʃən,ɔθəɹaɪzeɪʃən
test_001717,ɪnt͡ʃænt,ɘnt͡ʃɐnt
test_001718,plæ̝ɪ̯smənt,pleɪ̯smənt
test_001719,bɛɹli,beli
test_001720,ɪlɛkt,ɪlɛkt
test_001721,lɛd͡ʒɪsleɪtɪv,lɛd͡ʒɪslətɪv
test_001722,ɹəklʉs,ɹɪklus
test_001723,kɑmpaʊnd,kɔmpæɔnd
test_001724,ɹʉt,ɹut
test_001725,hɝbɛɹiəm,hɜbɛəɹiəm
test_001726,ɹikənsɪdə,ɹikənsɪdɚ
test_001727,jʉbɪkwɪtəs,jubɪkwɪtəs
test_001728,ɪnsaɪ̯t,ənsaɪ̯t
test_001729,pɹɑsɪkjuʃən,pɹɒsɪkjuʃən
test_001730,ðɪðɚ,ðɪðə
test_001731,swɒp,swɑp
test_001732,bʌd͡ʒəɹiɡɑɹ,bɐd͡ʒəɹiɡɐ
test_001733,deɪliə,dæljə
test_001734,əɡɹi,əɡɹi
test_001735,ʃʌtl̩kɒk,ʃɐtl̩kɔk
test_001736,pɜslən,pɝslən
test_001737,steɪkhoʊldɚ,stæɪkhɐʉldə
test_001738,tʉfɐʉld,tʉfəʉld
test_001739,stewel,stɛɹwɛl
test_001740,æd͡ʒaɪl,æd͡ʒɑel
test_001741,ɪmpaʊəɹ,ɪmpaʊə
test_001742,sɔɹɐʉfɘl,sɒɹəʊfəl
test_001743,kɔntɹədɪktəɹi,kɒntɹədɪktəɹi
test_001744,wilhæɔs,wilhaʊs
test_001745,fɒks,fɑks
test_001746,skɒlə,skɑlɚ
test_001747,twɝl,twɜl
test_001748,ləʊkəlɪzəm,loʊkəlɪzəm
test_001749,maɪkɹəmitə,maɪkɹəmitəɹ
test_001750,fɛstəvəl,festəvəl
test_001751,blɔɡ,blɑɡ
test_001752,plænjʊlə,plænjələ
test_001753,ɪntəɡɹæɪt,əntəɡɹæɪt
test_001754,kɑmɛnt,kɒmɛnt
test_001755,sɒbɪŋ,sɑbɪŋ
test_001756,ɡloʊɪŋ,ɡləʊɪŋ
test_001757,ɐkæɪɪk,ɑkeɪɪk
test_001758,dɪvɑɪs,dɪvaɪs
test_001759,sɝtɪfɪkeɪʃən,sɜtɪfɪkæɪʃən
test_001760,lɛd͡ʒɪslət͡ʃʊə,lɛd͡ʒɪsleɪt͡ʃɚ
test_001761,kɒt,kɑt
test_001762,sɐðəli,sɐðɘli
test_001763,dɪskʌst,dɪskɐst
test_001764,ɛlɪmənts,ɛləmənts
test_001765,ɔtəmeɪtɪd,ɔtəmeɪtɪd
test_001766,leɪ̯ɚ,leɪə
test_001767,ɛɹɪθimə,eɹɪθimə
test_001768,tʊə,tʊɹ
test_001769,tɛləkəmjutɪŋ,teləkəmjʉtɪŋ
test_001770,flaɪ̯t,flɑɪ̯t
test_001771,ɑkiɒləd͡ʒi,ɐkiɒləd͡ʒi
test_001772,luphəʊl,luphoʊl
test_001773,ɪnɔɡjəɹet,ɪnoɡjəɹæɪt
test_001774,ʌndəsɜv,ʌndɚsɝv
test_001775,ɘnt͡ʃɐnt,ɪnt͡ʃænt
test_001776,ɹed͡ʒɪstə,ɹɛd͡ʒɪstə
test_001777,soʊn,səʊn
test_001778,juʒəɹi,juʒəɹi
test_001779,æsənəns,ɛsɘnɘns
test_001780,ɪnfɹəstɹɐkt͡ʃə,ɪnfɹəstɹʌkt͡ʃə
test_001781,lɛə̯,lɛɚ
test_001782,bɹoʊ̯ɡ,bɹəʊ̯ɡ
test_001783,oʊvɚslɛpt,əʊvəslɛpt
test_001784,pɹəʉkɹæstɪnæɪʃən,pɹəʊkɹæstɪneɪʃən
test_001785,ʌnwɒntɪd,ʌnwɑntɪd
test_001786,ɪɡnəmɪniəsli,ɪɡnəʊmɪniəsli
test_001787,səljut,səlut
test_001788,t͡ʃɐf,t͡ʃʌf
test_001789,dəsønəŋ,dɪsɜnɪŋ
test_001790,stændɚdɪzeɪʃən,stændədaɪzeɪʃən
test_001791,əʊvəslɛpt,oʊvɚslɛpt
test_001792,sləʊɡən,sloʊɡən
test_001793,pɜ,pø
test_001794,fɹækt͡ʃɚ,fɹækt͡ʃʰə
test_001795,əʊpənə,oʊpənɚ
test_001796,ɡæɹɪsən,ɡæɹɪsən
test_001797,əblɪtəɹeɪtɪd,əblɪtəɹæɪtɪd
test_001798,teləkəmjʉtəŋ,tɛləkəmjutɪŋ
test_001799,pɔlɪtɪʃənz,pɒlɪtɪʃənz
test_001800,ɑləɡɑpəli,ɒlɪɡɒpəli
test_001801,seɪtɚ,seɪtə
test_001802,əbd͡ʒektəv,əbd͡ʒɛktɪv
test_001803,kænɪbəlaɪz,kænɪbəlaɪz
test_001804,ɡloɹi,ɡlɔɹi
test_001805,kɒmpəzɪt,kɒmpəzət
test_001806,ɪlɛktə,ɪlektə
test_001807,dɑm,dɔm
test_001808,wɔɹmɪst,wɔmɪst
test_001809,pɝsənz,pɜsənz
test_001810,næɹeɪt,nəɹeɪt
test_001811,sɪɡɑz,sɪɡɑɹz
test_001812,kɹɑp,kɹɒp
test_001813,fɑks,fɒks
test_001814,mɒnətəʊn,mɒnətɐʉn
test_001815,sɛpəɹət,sɛpəɹæɪt
test_001816,fjʊɹoɹ,fjʊəɹɔ
test_001817,daɪæspəɹə,daɪæspɚə
test_001818,ɡloɹi,ɡlɔɹi
test_001819,məʊ,mɐʉ
test_001820,kuθ,kʉθ
test_001821,sʌbsɪkwənt,sʌbsɪkwənt
test_001822,sikwɪns,sikwɪns
test_001823,oʊʒəɹ,əʊzɪə
test_001824,ædɪtɪv,ædɪtɪv
test_001825,ɔkɪstɹə,oɹkɪstɹə
test_001826,lekt͡ʃə,lɛkt͡ʃɚ
test_001827,hoʊnz,həʊnz
test_001828,njusəns,nusəns
test_001829,ɐpləʉd,ɐplɐʉd
test_001830,stændɚdɪzeɪʃən,stɛndədaɪzæɪʃən
test_001831,bɑk,bɑɹk
test_001832,vɪskɑsɪti,vɪskɒsɪti
test_001833,fɪkst͡ʃə,fɪkst͡ʃə
test_001834,fɒɹɪnəz,fɔɹɪnɚz
test_001835,slɛm,slæm
test_001836,ɪnsaɪ̯t,ənsaɪ̯t
test_001837,kɔɹəspɑndɪŋ,kɒɹəspɒndɪŋ
test_001838,kɒntəmpleɪt,kɑntəmpleɪt
test_001839,stɛəwɛl,stewel
test_001840,tufəʊld,tufoʊld
test_001841,mɔnətəʉn,mɑnətoʊn
test_001842,pɝsəkjutəɹi,pɜsəkjutəɹi
test_001843,pɜsənz,pɝsənz
test_001844,eləmənt,ɛlɪmənt
test_001845,daɪd͡ʒənɛtɪk,dʌɪdʒɪnɛtɪk
test_001846,kɑntɹədɪktəɹi,kɒntɹədəktəɹi
test_001847,doʊ̯meɪ̯n,dəʉ̯mæ̝ɪ̯n
test_001848,kwæɡmaɪəɹ,kwæɡmɑɪəɹ
test_001849,skɐf,skʌf
test_001850,wɒpə,wɒpə
test_001851,kənɔnɪkəl,kənɑnɪkəl
test_001852,ɔɡənaɪzeɪʃən,oɡənaɪzæɪʃən
test_001853,ɔltɜnətɪv,ɑltɝnətɪv
test_001854,dɛpjəti,dɛpjəti
test_001855,ɛɡzɔt,ɛɡzɔɹt
test_001856,wɝlɪŋ,wɜlɪŋ
test_001857,dɔm,dɒm
test_001858,eɪmɔɹəl,eɪmɒɹəl
test_001859,ɐpləʉd,ʌpləʊd
test_001860,pɛbəl,pebəl
test_001861,mɘdɘl,mɪdəl
test_001862,ʃɐtl̩kɔk,ʃʌtl̩kɑk
test_001863,ɑzmoʊ̯sɪs,ɒzməʊ̯sɪs
test_001864,hɛtəɹoʊ,hɛtɚoʊ
test_001865,sænəti,sænəti
test_001866,kəmpɛɹəsən,kəmpæɹɪsən
test_001867,ɹɑsp,ɹæsp
test_001868,blɔɡ,blɒɡ
test_001869,neɪsaɪ,nɑsi
test_001870,ɔɹkəstɹeɪt,okəstɹæɪt
test_001871,hen,hɛn
test_001872,nɑɡ,nɒɡ
test_001873,hæsp,hɑsp
test_001874,boʊ̯ɡəs,bəʊ̯ɡəs
test_001875,blɒɡ,blɒɡ
test_001876,ɹæɡ,ɹɛɡ
test_001877,pɹɐʉkɹɛstənæɪʃən,pɹəʉkɹæstɪnæɪʃən
test_001878,kənɒnəkəl,kənɔnɪkəl
test_001879,ɡæŋə,ɡæŋɚ
test_001880,skimə,skimə
test_001881,ɜɹd,ɜd
test_001882,hɑti,hɑɹti
test_001883,əʊzɪə,oʊʒəɹ
test_001884,əbe̞k,əbæk
test_001885,kəmpjʉtə,kəmpjutə
test_001886,d͡ʒiɔləd͡ʒi,d͡ʒiɪɒləd͡ʒi
test_001887,kəʊ̯stə,kʌʊ̯stə
test_001888,kævɚnəs,kavənəs
test_001889,tidiəs,tidiəs
test_001890,ɹɛfəɹmeɪʃən,ɹɛfəmeɪʃən
test_001891,bəsim,bɪsim
test_001892,stɹəʊd,stɹoʊd
test_001893,pɒsɪbɪlɪtiz,pɑsəbɪlətiz
test_001894,dəʉ̯mæ̝ɪ̯n,doʊ̯meɪ̯n
test_001895,ɔltʊɡɛðəɹ,ɔltuɡɛðɚ
test_001896,kɑbaɪd,kɑɹbaɪd
test_001897,bɪə̯,biə̯
test_001898,kɹɪd͡ʒulɪti,kɹɪdulɪti
test_001899,mizli,mizli
test_001900,oɡənɑezæɪʃən,oɹɡənɪzeɪʃən
test_001901,piæstɚ,piæstə
test_001902,kəmjunɪti,kəmjʉnɪti
test_001903,ʌpləʊd,ɐpləʉd
test_001904,mæstɪkətɔri,mastɪkeɪtəri
test_001905,pɒləsiz,pɔləsiz
test_001906,mɛmwɑ,memwɐ
test_001907,lɪbɪtiz,lɪbɪtiz
test_001908,jʉbɪkwɪtəs,jubɪkwɪtəs
test_001909,feəɹiz,feɹiz
test_001910,meɪlstɹəm,meɪlstɹəm
test_001911,mɑtli,mɒtli
test_001912,staɪfl̩,staɪfəl
test_001913,fɛɹeɪɑnɪk,fɛəɹeɪɒnɪk
test_001914,pɹəd͡ʒektə,pɹəd͡ʒɛktə
test_001915,bɹɛθ,bɹeθ
test_001916,lɛkt͡ʃɚ,lɛkt͡ʃə
test_001917,pɒpjʊleɪt,pɔpjəlæɪt
test_001918,ɛə̯ɹəpleɪ̯n,eɹəplæɪ̯n
test_001919,jɜt,jɝt
test_001920,kɔɹəneɪʃən,kɒɹəneɪʃn̩
test_001921,huɛvɚ,huɛvə
test_001922,dɪkteɪtəɹ,dɪkteɪtə
test_001923,bɹʌksɪzəm,bɹʌksɪzəm
test_001924,ɪnvɛstɪt͡ʃə,ɪnvɛstɪt͡ʃɚ
test_001925,fæɡ,fɛɡ
test_001926,wɜkmən,wɝkmən
test_001927,fɜɹi,føɹi
test_001928,seɪtə,seɪtɚ
test_001929,bændəlɪɹ,bændəlɪə
test_001930,ɪntəɡɹæɪt,ɪntɪɡɹeɪt
test_001931,fɑɹfɑleɪ,fɑfæleɪ
test_001932,ɹədjʉsəz,ɹɪdjusɪz
test_001933,ɡæmbuʒ,ɡæmbuʒ
test_001934,kəlɔmətə,kəlɒmətə
test_001935,diɪti,diəti
test_001936,məʊ,məʉ
test_001937,fɔlt,fɔlt
test_001938,ɔɹɡənaɪz,ɔɡənaɪz
test_001939,pɹɛzɚveɪʃən,pɹɛzəveɪʃən
test_001940,kɑŋɡɹəɡeɪʃən,kɒŋɡɹɪɡeɪʃən
test_001941,həbɪtʃʊəl,həbɪt͡ʃʊəl
test_001942,tɒləɹəbli,tɑləɹəbli
test_001943,toʊəɹ,taʊəɹ
test_001944,sɪnkɹɒnɪk,sɪnkɹɑnɪk
test_001945,ænəlaɪz,ɛnəlaɪz
test_001946,ɛɡzɜpt,ɛɡzɝpt
test_001947,pɹikəndɪʃən,pɹikəndɪʃən
test_001948,pɑli,pɑɹli
test_001949,kæɹɪd,kæɹid
test_001950,səpləkeɪt,sʌplɪkeɪt
test_001951,ɪnsɑe̯t,ɪnsaɪ̯t
test_001952,dɪspɹəpoʃənətli,dɪspɹəpɔɹʃənətli
test_001953,mɔɹɡən,mɔɡən
test_001954,pɹɪpɒstəɹəs,pɹəpɑstəɹəs
test_001955,ʃɹʌɡ,ʃɹɐɡ
test_001956,kæɹɪkətʃʊə,kɛɹɪkət͡ʃʊɚ
test_001957,ɛɹɪθimə,eɹɪθimə
test_001958,d͡ʒɔɹəm,d͡ʒoʊɹəm
test_001959,daɪkɑtəməs,daɪkɒtəməs
test_001960,kɒmpəzət,kɒmpəzɪt
test_001961,ʌmpaɪəɹ,ʌmpaɪɹ
test_001962,dæɪ̯,deɪ̯
test_001963,ɹaʊ̯nd,ɹaʊ̯nd
test_001964,nəʊbl̩ɪst,noʊbl̩ɪst
test_001965,skɪpə,skɪpɚ
test_001966,memwɐ,mɛmwɑɹ
test_001967,sɒɹəʊfəl,sɔɹɐʉfɘl
test_001968,ɛɹɐʉ,æɹəʊ
test_001969,əɹæʊnd,əɹæɔnd
test_001970,fæðəm,faðəm
test_001971,pɹədusɚ,pɹədjusə
test_001972,peə,pe
test_001973,beli,bɛəli
test_001974,stændədɑezæɪʃən,stændɚdɪzeɪʃən
test_001975,mɑnəkloʊnəl,mɒnəkləʊnəl
test_001976,wɔp,woɹp
test_001977,tutɪlɛɹɪ,tjutɪləɹɪ
test_001978,əstɜ,əstɝ
test_001979,kɑɹnɪvoɹ,kanɪvo
test_001980,fɹʌntəl,fɹʌntl̩
test_001981,dɪskɹɛdɪt,dɪskɹedɪt
test_001982,ælbəm,ælbəm
test_001983,ɪkweɪʒən,əkwæɪʒən
test_001984,mɑkɪts,mɑɹkɪts
test_001985,kɑlɪd͡ʒɪz,kɒlɪd͡ʒɪz
test_001986,səpɹimɐm,səpɹimʌm
test_001987,vænɪti,vænəti
test_001988,tɹədus,tɹədjus
test_001989,ɑɹkiɑləd͡ʒɪst,ɑkiɒləd͡ʒɪst
test_001990,kɒntɹədɪktəɹi,kɑntɹədɪktəɹi
test_001991,fɑks,fɒks
test_001992,pɹɐʉkɹɛstənæɪʃən,pɹəʊkɹæstɪneɪʃən
test_001993,bəʊ̯ɡəs,bəʉ̯ɡəs
test_001994,tuθpeɪst,tuθpeɪst
test_001995,bæɪk,beɪk
test_001996,bɛlwɛðə,bɛlwɛðɚ
test_001997,pɹəməʊʃn̩,pɹəmoʊʃn̩
test_001998,ɪmbɒdi,ɪmbɔdi
test_001999,kɑɹtəlæd͡ʒənəs,kɑtɪlad͡ʒɪnəs
test_002000,ɐplɐʉd,ʌpləʊd
test_002001,tɝboʊ,tɜbəʊ
test_002002,ɪnkʌmbənt,ɪnkʌmbənt
test_002003,nəɹæɪt,nəɹeɪt
test_002004,ɹed͡ʒɪstɹæɪʃən,ɹɛd͡ʒɪstɹeɪʃən
test_002005,tekstaɪl,tekstɑel
test_002006,wɛdɪŋ,wedɪŋ
test_002007,wɛɹ,we
test_002008,jʉʒəɹi,juʒəɹi
test_002009,nəɡəʊʃieɪt,nɪɡəʉʃiæɪt
test_002010,otəmæɪʃən,ɔtəmeɪʃən
test_002011,fɪliəl,filiəl
test_002012,domɪtɹi,dɔmɪtɹi
test_002013,məsʊɹ,məsɜ
test_002014,ʌnsɝtənti,ɐnsøtənti
test_002015,koʊkənʌt,kəʊkənʌt
test_002016,kəɹektɪv,kəɹɛktɪv
test_002017,ɛɚweɪ,eəwæɪ
test_002018,lɪniəɹ,lɪniə
test_002019,sɐʉsiɒləd͡ʒi,səʉsiɔləd͡ʒi
test_002020,bɛɡ,bæɡ
test_002021,kənɑnɪkəl,kənɔnɪkəl
test_002022,mɑɹkɪts,mɑkɪts
test_002023,ɹɪspɔnsəbɪləti,ɹɪspɑnsəbɪləti
test_002024,ɑɹbɪtɹeɪʃən,ɑbɪtɹeɪʃən
test_002025,sɪdeɪt,sədeɪt
test_002026,dɪskɹɪmɪneɪt,dɪskɹɪməneɪt
test_002027,tempəɹət͡ʃə,tɛmpəɹət͡ʃə
test_002028,dɪstɜbəns,dɪstɜɹbəns
test_002029,bəɹɔmɪtəɹ,bəɹɑmətɚ
test_002030,nɒdɪd,nɑdɪd
test_002031,kəʊkənʌt,koʊkənʌt
test_002032,nɒvəlɪst,nɑvəlɪst
test_002033,bəhæɪvjəɹəl,bɪheɪvjəɹəl
test_002034,fɹoʊz,fɹəʊz
test_002035,sæɪdəzəm,sæɪdɪzəm
test_002036,əʊpənə,əʉpənə
test_002037,mɔnətəʉn,mɒnətɐʉn
test_002038,læm,læm
test_002039,kənɡlɒməɹɪt,kənɡlɑmɚət
test_002040,pɒʃ,pɑʃ
test_002041,klɐʉk,kləʊk
test_002042,ɪnɪkwɪti,ɪnɪkwɪti
test_002043,ɹɪfɜɹəl,ɹɪfɜɹəl
test_002044,kɒmpəzɪt,kɔmpəzɪt
test_002045,dɪfθɪɹiə,dɪfθɪəɹiə
test_002046,pɹɛzɚveɪʃən,pɹezəvæɪʃən
test_002047,sɛfələpɑd,sɛfələpɒd
test_002048,ɹɪkʌɹənt,ɹɪkɝənt
test_002049,beəli,beli
test_002050,lɪbɪtiz,lɪbɪtiz
test_002051,skɔɹd,skɔɹd
test_002052,mɔnətɔnɪk,mɒnətɒnək
test_002053,kloʊk,kləʉk
test_002054,kəlɒmətə,kɪlɒmɪtə
test_002055,duədinəm,djuəʊdinəm
test_002056,doʊtɚd,dəʊtəd
test_002057,dɪspɹəpoʃənətli,dɪspɹəpɔʃənətli
test_002058,pjʊə,pjʊɹ
test_002059,stæɪkhəʉldə,steɪkhoʊldɚ
test_002060,ɪntəɡɹæɪt,ɪntəɡɹeɪt
test_002061,ɛlɪmənt,ɛləmənt
test_002062,ɡəfɔ,ɡəfo
test_002063,pɹəʊ̯ɡɹæm,pɹəʉɡɹæm
test_002064,sikwɪns,sikwɪns
test_002065,dɪvɑɪs,dɪvaɪs
test_002066,dɪəɹɪst,dɪɹɪst
test_002067,kɒɹəspɒndəns,kɔɹɪspɔndəns
test_002068,kɑlɪd͡ʒɪz,kɒləd͡ʒəz
test_002069,tɛləkəmjutɪŋ,tɛləkəmjutɪŋ
test_002070,ænəlɑez,ɛnəlaɪz
test_002071,nidəlwɚk,nidəlwɜk
test_002072,fɔɹk,fɔk
test_002073,ækjupʌŋkt͡ʃɝ,ækjupʌŋkt͡ʃɜ
test_002074,soʊlləs,səʊlləs
test_002075,lɑɹdʒɛs,lɑdʒɛs
test_002076,fɹʌnt,fɹɐnt
test_002077,hɐm,hɑɹm
test_002078,pɹəʊkɹæstɪneɪʃən,pɹəʉkɹæstɪnæɪʃən
test_002079,tɝmɪneɪtɚ,tɜmɪneɪtə
test_002080,d͡ʒɑdpɚz,d͡ʒɒdpəz
test_002081,ɔfʊl,ofəl
test_002082,pɹəmoʊʃn̩,pɹəməʊʃn̩
test_002083,mɛntoɹ,mɛntɔ
test_002084,ɹæʃənəlaɪz,ɹæʃənəlɑɪz
test_002085,ɔfən,ɔɹfən
test_002086,tɜbəʊ,tɝboʊ
test_002087,bɹʌksɪzəm,bɹʌksɪzəm
test_002088,dɹɔbæk,dɹobæk
test_002089,oɡənaɪzæɪʃən,oɡənɑezæɪʃən
test_002090,tʉfəʉld,tufoʊld
test_002091,dɪvaɪs,dɪvɑɪs
test_002092,ɒbvi,ɑbvi
test_002093,sænəti,sænəti
test_002094,kɝsɪz,kɜsɪz
test_002095,tɹaɪpɒd,tɹɑepɒd
test_002096,ɒbd͡ʒɛktɪv,əbd͡ʒɛktɪv
test_002097,dɐʉnə,doʊnɚ
test_002098,tubɝkjʊloʊsɪs,tʃʉbɜkjələʉsəs
test_002099,səbmɝd͡ʒ,səbmɜd͡ʒ
test_002100,juʒəɹi,jʉʒəɹi
test_002101,æntisəʉʃəl,ɛntisɐʉʃəl
test_002102,mɛtsəʊ,mɛtsoʊ
test_002103,tɜmɪnæɪtə,tɝmɪneɪtɚ
test_002104,skimə,skimə
test_002105,festəvəl,fɛstəvəl
test_002106,læm,læm
test_002107,blez,bleəz
test_002108,ød,ɜd
test_002109,ɐndəsɜv,ʌndəsɜv
test_002110,ɔlbiɪt,ɔlbiɪt
test_002111,ɪmpəɹtjunɪti,ɪmpətjunɪti
test_002112,feɹiz,fɛəɹiz
test_002113,pɹədjʉsə,pɹədjusə
test_002114,hɪɹəʊɪk,hɪɹoʊɪk
test_002115,ɒltønətəv,ɑltɝnətɪv
test_002116,wɒɹənt,wɔɹənt
test_002117,lɛkt͡ʃɚ,lekt͡ʃə
test_002118,ɡləʉbəlɑezæɪʃən,ɡləʊbəlaɪzeɪʃən
test_002119,kjumɛk,kjumɛk
test_002120,toʊ̯ɹəs,tɔɹəs
test_002121,junɪvɜsl̩,junəvɜɹsəl
test_002122,læŋɡwəd,lɛ̝ŋɡwɘd
test_002123,nɛkɹɒpsi,nɛkɹɑpsi
test_002124,oʊldn̩,əʊldn̩
test_002125,əvɝt,əvɜt
test_002126,ɪnvɛɹiəbli,ɪnvɛəɹiəbli
test_002127,kɹɒp,kɹɑp
test_002128,æksɪlɛɹi,æksɪləɹi
test_002129,bɛəli,beli
test_002130,sɛtə,sɛtɚ
test_002131,daɪkɒtəməs,dɑekɔtəməs
test_002132,jʊəɹɪneɪtə,jʊəɹɪneɪtɚ
test_002133,skɝlɪŋ,skɜlɪŋ
test_002134,fɒli,fɔli
test_002135,hʌɪdɹəʊkɔtɪzəʊn,haɪdɹoʊkɔɹtɪsoʊn
test_002136,əksɛləɹənt,əksɛləɹənt
test_002137,blɒɡ,blɒɡ
test_002138,səʉsiɔləd͡ʒi,soʊsiɑləd͡ʒi
test_002139,aɪsəʊ,aɪsoʊ
test_002140,tʉfɐʉld,tufəʊld
test_002141,dɒbɪn,dɑbɪn
test_002142,tɑdəl,tɒdəl
test_002143,fɑfæleɪ,fɑɹfɑleɪ
test_002144,oɡənaɪzæɪʃən,ɔɡənaɪzeɪʃən
test_002145,ɪmpɹɑbəbɪləti,ɪmpɹɒbəbɪlɪti
test_002146,tɛɡ,tæɡ
test_002147,ənsaɪ̯t,ɪnsaɪ̯t
test_002148,ɹɪfɹæktəɹi,ɹəfɹæktəɹi
test_002149,kjumɛk,kjumɛk
test_002150,æplɪkeɪʃən,æpləkæɪʃən
test_002151,destɪni,dɛstɪni
test_002152,ɪlɛktɹəkjuʃənɚ,ɪlɛktɹəkjuʃənə
test_002153,sɒmbə,sɑmbɚ
test_002154,fɒli,fɔli
test_002155,baɪəʊdɹɔɪd,baɪoʊdɹɔɪd
test_002156,pɹikəndɪʃən,pɹikəndɪʃən
test_002157,wilhaʊs,wilhæɔs
test_002158,stɹaɪdənt,stɹaɪdənt
test_002159,peɪliəntɒləd͡ʒi,peɪliəntɑləd͡ʒi
test_002160,ɡʌvəmənt,ɡʌvɚnmənt
test_002161,ɜɹθʃaɪn,ɜθʃaɪn
test_002162,bɒtjʊlɪzəm,bɑt͡ʃəlɪzəm
test_002163,dəspɹəpoʃənətli,dɪspɹəpɔɹʃənətli
test_002164,bæstɚd,bɑstəd
test_002165,ɔlɹaɪt,ɔlɹaɪt
test_002166,tuθpeɪst,tuθpeɪst
test_002167,blaɪ̯ndfɔʊ̯ld,blaɪndfəʊld
test_002168,tɛljʊəɹɪən,tɛljʊɹiən
test_002169,empəɹə,e̝mpɘɹɘ
test_002170,læm,læm
test_002171,dɹim,dɹim
test_002172,kætɪɡəɹaɪz,kætəɡəɹaɪz
test_002173,mɪnəʊ,mɪnoʊ
test_002174,klɛvɚnəs,klɛvənəs
test_002175,kəmændə,kəmɑndə
test_002176,kɹeɪniəsɑfɪk,kɹeɪniəsɒfɪk
test_002177,blez,blɛəz
test_002178,ɡɹoʊsli,ɡɹəʊsli
test_002179,ɑɹɡjʊmənt,ɑɡjʊmənt
test_002180,ɪmpɛɹətɪv,ɪmpeɹətɪv
test_002181,ʌnfɔɹsin,ʌnfɔsin
test_002182,daɪkɑtəmi,daɪkɒtəmi
test_002183,tɒləɹəbl̩,tɑləɹəbl̩
test_002184,pɹikəndəʃən,pɹikəndɪʃən
test_002185,kɔnstɪtjʉt,kɒnstɪtjut
test_002186,fɔmətɪv,fomətəv
test_002187,ɹɪspɒnsəbɪlɪti,ɹɪspɑnsəbɪləti
test_002188,ɒltønətəv,ɔltɜnətɪv
test_002189,ɐnsɜtənti,ʌnsɝtənti
test_002190,nəʊtəbl̩,nɐʉtəbəl
test_002191,ɹəm,ɹɪm
test_002192,wilhaʊs,wilhæɔs
test_002193,mænjəfækt͡ʃəɹɚz,mænjʊfæktʃəɹəz
test_002194,noʊblɚ,nəʊblə
test_002195,əstɝ,əstɜ
test_002196,ɛnti,ænti
test_002197,voʊsɪfəɹəs,vəʊsɪfəɹəs
test_002198,blɛəz,bleəz
test_002199,ɹɛvəleɪʃən,ɹevəlæɪʃən
test_002200,sʌðəli,sɐðəli
test_002201,tæblɔɪd,tæblɔɪd
test_002202,mɒnəʊfɒnɪk,mɑnəfɑnɪk
test_002203,nəʊtəbl̩,noʊtəbl̩
test_002204,kəɹoʊsɪv,kəɹəʉsɪv
test_002205,mɑtʃɪz,mɑɹt͡ʃɪz
test_002206,kəŋɡləʊb,kəŋɡloʊb
test_002207,ɪnflʊənst,ɪnfluənst
test_002208,dɪlɪvəɹ,dɪlɪvɚ
test_002209,ɡɹəʊsli,ɡɹoʊsli
test_002210,əkskɹʉʃiæɪtɪŋ,əkskɹʉʃiæɪtəŋ
test_002211,ʃɒtɡʌn,ʃɔtɡɐ̞n
test_002212,ɡɹɛn,ɡɹæn
test_002213,skɹɔfjələs,skɹɒfjʊləs
test_002214,əlaɪnmənt,əlaɪnmənt
test_002215,wɔɹʃɪp,wɔʃɪp
test_002216,ɹipɚkʌʃən,ɹipəkʌʃən
test_002217,swɪmɪŋli,swɪmɪŋli
test_002218,kəʊld,kaʉld
test_002219,mɒnətɒnək,mɔnətɔnɪk
test_002220,əblɪtəɹæɪtɪd,əblɪtəɹeɪtɪd
test_002221,ɔtɑnəməs,ɔtɒnəməs
test_002222,tɹɑepɒd,tɹaɪpɑd
test_002223,leɪə,leɪ̯ɚ
test_002224,ɪmbɑm,ɪmbɑm
test_002225,ʃɐtl̩kɔk,ʃʌtl̩kɒk
test_002226,pleɪɚz,pleɪəz
test_002227,wɔɹmli,wɔmli
test_002228,ɪntɪɡɹeɪt,əntəɡɹæɪt
test_002229,tufoʊld,tʉfəʉld
test_002230,mɑnətɑnɪk,mɔnətɔnɪk
test_002231,sɪɡnət͡ʃə,səɡnət͡ʃə
test_002232,feəɹiz,fɛəɹiz
test_002233,kilhɔlɪŋ,kilhɔlɪŋ
test_002234,sɪmɪlɪtud,sɪmɪlɪtjud
test_002235,sævɑnt,sævənt
test_002236,juui,juui
test_002237,snuz,snʉz
test_002238,oʊtmil,əʊtmil
test_002239,ænəteɪt,ænəteɪt
test_002240,ɹɐʉl,ɹəʊl
test_002241,kɹæm,kɹɛm
test_002242,dɪskɹɪmənæɪt,dɪskɹɪmɪneɪt
test_002243,wɛðɚ,wɛðə
test_002244,klæsɪz,klɑsɪz
test_002245,vɐlnəɹəbɪləti,vʌlnəɹəbɪləti
test_002246,əbskɒnd,əbskɑnd
test_002247,əblɪtəɹeɪtɪd,əblɪtəɹeɪtɪd
test_002248,vɪlɪd͡ʒɚ,vɪlɪd͡ʒə
test_002249,mɔθs,mɒθs
test_002250,ɪnsɑe̯t,ənsaɪ̯t
test_002251,twɜl,twɝl
test_002252,pɒsəbəl,pɔsəbəl
test_002253,ɒltɜnətɪv,ɑltɝnətɪv
test_002254,sæɪdɪzəm,seɪdɪzəm
test_002255,klɔt,klɒt
test_002256,swɪmɪŋli,swɪmɪŋli
test_002257,ɪnt͡ʃɑnt,ɘnt͡ʃɐnt
test_002258,d͡ʒɛlətɑləd͡ʒi,d͡ʒɛlətɒləd͡ʒi
test_002259,ɛɹənt,ɛɹənt
test_002260,bɔk,boɹk
test_002261,dɛmimɑnd,dɛmimɒnd
test_002262,sɝkəmstæns,sɜkəmstæns
test_002263,jʉʒəɹi,juʒəɹi
test_002264,skɜlɪŋ,skɝlɪŋ
test_002265,ʌndəsɜv,ɐndəsɜv
test_002266,æmbɪʃən,æmbɪʃən
test_002267,ɹoʊdənt,ɹɐʉdənt
test_002268,ste,stɛɚ
test_002269,kɒmɹeɪd,kɑmɹæd
test_002270,tɑtɚ,tɒtə
test_002271,daɪkɒtəməs,daɪkɒtəməs
test_002272,fɑli,fɒli
test_002273,embə,ɛmbə
test_002274,tɹævələz,tɹævəlɚz
test_002275,doʊd͡ʒoʊ,dəʊdʒəʊ
test_002276,ɹoʊdənt,ɹəʉdənt
test_002277,nɐʉtəbəl,nəʉtəbəl
test_002278,wɔtəweɪ,wotəwæɪ
test_002279,bɔldɚ,bɔldə
test_002280,tɘɹiəɹiɘm,təɹeɹiəm
test_002281,sævɪd͡ʒ,sɛvəd͡ʒ
test_002282,ɑksikoʊdoʊn,ɒksikəʊdəʊn
test_002283,ɡʌvɚnmənt,ɡɐvɘnmɘnt
test_002284,dɪskɹɪmɪneɪt,dɪskɹɪmənæɪt
test_002285,dəʉnə,dəʊnə
test_002286,ɪmbɹɔɪl,əmbɹɔɪl
test_002287,blupə,blupɚ
test_002288,sʌðən,sʌðɚn
test_002289,kɐʉl,kəʉl
test_002290,piæstə,piæstɚ
test_002291,ɪmpɜmɪəbəl,ɪmpɝmɪəbəl
test_002292,ful,ful
test_002293,dɒm,dɑm
test_002294,ænti,ænti
test_002295,pɹɒsəkjʉʃən,pɹɔsɪkjʉʃən
test_002296,lænjɚd,lænjəd
test_002297,kɪti,kɪti
test_002298,dɪvaɪs,dɪvɑɪs
test_002299,pleɪəz,pleɪɚz
test_002300,kɒmpaʊnd,kɔmpæɔnd
test_002301,ɹipəkɐʃən,ɹipəkʌʃən
test_002302,dʒʉli,duli
test_002303,ɪɹɪŋ,ɪəɹɪŋ
test_002304,sɪmɪlɪtjud,sɪmɪlɪtud
test_002305,mɐnəteɹi,mɑnɪtɛɹi
test_002306,pɚtɪkjəlɚli,pətɪkjələli
test_002307,ɹəʉdənt,ɹoʊdənt
test_002308,foʊkəst,fɐʉkəst
test_002309,pʌpɪt,pɐpət
test_002310,hɛɡ,hæɡ
test_002311,skæɪlə,skeɪlə
test_002312,be̝d,bɛd
test_002313,sikwɪns,sikwɪns
test_002314,dɪleɪ,dɪleɪ
test_002315,ækədim,ækədim
test_002316,læŋɡwɪd,lɛ̝ŋɡwɘd
test_002317,mɒnətəʊn,mɑnətoʊn
test_002318,pɹɒbəbɪlɪstɪk,pɹɔbəbɪlɪstɪk
test_002319,kilhɔlɪŋ,kilhɔlɪŋ
test_002320,ʃɔthænd,ʃɔɹthænd
test_002321,lɑd,lɐd
test_002322,kəmɪʃənəz,kəmɪʃənɚz
test_002323,daɪkɒtəmi,daɪkɑtəmi
test_002324,sɜli,sɝli
test_002325,bɒd͡ʒəɹ,bɑd͡ʒɚ
test_002326,ɛnd͡ʒɪnɪəɹɪŋ,ɛndʒɪnɪəɹɪŋ
test_002327,wɛðə,weðə
test_002328,dɑɹndɪst,dɑndɪst
test_002329,kævɚ,kɑvə
test_002330,kwɝk,kwɜk
test_002331,spoʊlieɪʃən,spəʊlieɪʃn̩
test_002332,weðə,wɛðə
test_002333,daɪmiθɪl,daɪmɛθəl
test_002334,pɒsəbəl,pɒsəbəl
test_002335,tɛləkəmjutɪŋ,teləkəmjʉtɪŋ
test_002336,kɑnɪvɔ,kɑɹnɪvoɹ
test_002337,soʊl,səʊl
test_002338,ədmɪnɪstə,ədmɪnɪstɚ
test_002339,kuli,kʉli
test_002340,plɛnət,plænət
test_002341,skɹɒfjʊləs,skɹɔfjələs
test_002342,ɪɹɒtɪsaɪz,ɪɹɑtɪsaɪz
test_002343,lɑd͡ʒɪst,lɑɹd͡ʒɪst
test_002344,kɹeɪniəsɒfɪk,kɹeɪniəsɑfɪk
test_002345,kɒntɹədəktəɹi,kɑntɹədɪktəɹi
test_002346,ɪmpɹɒbəbɪlɪti,ɪmpɹɑbəbɪləti
test_002347,kɒmɛnts,kɑmɛnts
test_002348,sɪnkɹɑnɪk,sɪnkɹɒnɪk
test_002349,dæm,dɛm
test_002350,məʊ,moʊ
test_002351,tɛlɪfəʊn,tɛləfoʊn
test_002352,ɹɐʉl,ɹəʉl
test_002353,mɛntɔ,mɛntoɹ
test_002354,skʉl,skul
test_002355,wɜkəz,wɝkɚz
test_002356,nɒmɪneɪt,nɑmɪneɪt
test_002357,həʊnz,hoʊnz
test_002358,əkskɹʉʃiæɪtɪŋ,ɪkskɹuʃieɪtɪŋ
test_002359,tɛkstaɪl,tekstaɪl
test_002360,fɪlɪbʌstəɹ,fɪləbəstər
test_002361,ɛnəlɒɡ,ænəlɔɡ
test_002362,kælɪbəɹ,kæləbəɹ
test_002363,skæɪlə,skeɪlɚ
test_002364,kəʊæɡjuleɪʃən,koʊæɡjuleɪʃən
test_002365,sɚveɪ̯ɚ,səvæ̝ɪə
test_002366,sʌðəli,sʌðɚli
test_002367,deəz,dɛɹz
test_002368,fɔli,fɒli
test_002369,hɑm,hɑɹm
test_002370,sʌðɚli,sɐðəli
test_002371,bumə,bumɚ
test_002372,haʊstɑp,haʊstɒp
test_002373,ɪnoɡjəɹæɪt,ɪnɔɡjəɹet
test_002374,diə,dɪə
test_002375,dɪzɝʃən,dɪzɜʃən
test_002376,səpɹeʃən,səpɹɛʃən
test_002377,kəɹəʉsɪv,kəɹɐʉsəv
test_002378,ɡɒblɪn,ɡɑblɪn
test_002379,tɜmɪnæɪtə,tɜmɪneɪtə
test_002380,blɪŋkə,blɪŋkəɹ
test_002381,kɒmpæʊnd,kɒmpaʊnd
test_002382,foməli,fɔɹməli
test_002383,nænəʊmitə,nænoʊmitər
test_002384,slænt,slɑnt
test_002385,kɹɒsəŋ,kɹɔsɪŋ
test_002386,sɜkəmstəns,sɝkəmstæns
test_002387,dɪsəpɪɹ,dɪsəpɪə
test_002388,tɝbjələnt,tɜbjələnt
test_002389,saɪnəfəʊbiə,saɪnəfoʊbiə
test_002390,æmbɪɡjuəs,ɛmbəɡjʉəs
test_002391,iəɹəŋ,ɪəɹɪŋ
test_002392,ɫænjəd,lænjɚd
test_002393,təɹɛɹiəm,təɹɛəɹɪəm
test_002394,dɪfə,dɪfɚ
test_002395,dɛəz,dez
test_002396,mɒkteɪl,mɔktæɪl
test_002397,tɐf,tʌf
test_002398,nəʊmædɪk,nəʉmædɪk
test_002399,lɪbəɹeɪt,lɪbəɹeɪt
test_002400,kɑmpaʊnd,kɒmpæʊnd
test_002401,æpəθɛtɪk,æpəθɛtɪk
test_002402,əstɝ,əstø
test_002403,iəɹəŋ,ɪɹɪŋ
test_002404,pɹəʊl,pɹoʊl
test_002405,ɪntɛntʃənəl,ɪntɛnʃn̩əl
test_002406,ɡɐvɘnmɘnt,ɡʌvəmənt
test_002407,nɛsəsəɹɪli,nɛsəsɛɹəli
test_002408,mæd͡ʒɪstəɹi,mæd͡ʒəstəɹi
test_002409,wɜʃɪpfl̩,wɝʃɪpfl̩
test_002410,kɒment,kɑmɛnt
test_002411,hɑtlɪs,hɑɹtlɪs
test_002412,bɔɹɡənɪzəm,bɔɡənɪzəm
test_002413,ɪmpɝmɪəbəl,ɪmpɜmɪəbəl
test_002414,kotəsɒl,koɹtɪsɔl
test_002415,əɹæɔnd,əɹæʊnd
test_002416,stɑpt,stɒpt
test_002417,skɘpɘ,skɪpə
test_002418,flaʊ̯tə,flaʊ̯tə
test_002419,bɑtɛndəɹ,bɑɹtɛndɚ
test_002420,baɪpɑɹtaɪt,baɪpɑtaɪt
test_002421,θɘk,θɪk
test_002422,daɪkɒtəmi,daɪkɒtəmi
test_002423,bɛdɹum,bɛdɹum
test_002424,wɔɹbləɹ,wɔblə
test_002425,əkwæɪʒən,ɪkweɪʒən
test_002426,sɛntinəɹi,sɛntɛnəɹi
test_002427,tjutɪləɹɪ,tutɪlɛɹɪ
test_002428,t͡ʃɪəɹi,t͡ʃiəɹi
test_002429,steɪkhəʊldə,stæɪkhɐʉldə
test_002430,ɑzmoʊlɛrəti,ɒzməʊlarɪti
test_002431,æmbɪʃən,æmbɪʃən
test_002432,ɹəfɹæktəɹi,ɹɪfɹæktəɹi
test_002433,læm,læm
test_002434,pɹɒksɪmət,pɹɔksɪmət
test_002435,ɹɐʉl,ɹoʊl
test_002436,daɪmɛθəl,daɪmiθɪl
test_002437,ɪntəvju,ɪntɚvju
test_002438,kætɪɡəɹɑez,kætəɡəɹaɪz
test_002439,skɛlɪtəl,skɛlətəl
test_002440,doʊnɚ,dɐʉnə
test_002441,ðɪðə,ðɪðɚ
test_002442,skændələs,skændələs
test_002443,fɒli,fɒli
test_002444,æntisəʊʃəl,æntisoʊʃəl
test_002445,ədvɑnsɪŋ,ədvænsɪŋ
test_002446,ænəlɔɡ,ænəlɔɡ
test_002447,dɐʉnə,dəʊnə
test_002448,bidɒn,bidɑn
test_002449,kɹusɪvɜbəlɪst,kɹusəvɜɹbələst
test_002450,kɒli,kɑli
test_002451,pɚsɛnt,pəsɛnt
test_002452,kwɔɹtɚ,kwɔtə
test_002453,bəleɪtɪd,bɪleɪtɪd
test_002454,koʊ̯stɚ,kʌʊ̯stə
test_002455,bɑʃ,bɒʃ
test_002456,æftɚwɝd,ɑftəwɜd
test_002457,zəʊθeɪkə,zoʊθeɪkə
test_002458,stewel,stɛəwɛl
test_002459,tɛɹwɑɹ,tɛwɑ
test_002460,fəʊtəʊɹɪsɛpʃn̩,foʊtəɹəsɛpʃən
test_002461,kɔmpəzɪʃən,kɒmpəzɪʃən
test_002462,noʊmædɪk,nəʉmædɪk
test_002463,sɛfələpɒd,sɛfələpɑd
test_002464,wɐndə,wʌndɚ
test_002465,kənɡlɔməɹət,kənɡlɑmɚət
test_002466,ɪntɝmənt,ɪntɜmənt
test_002467,mɑnətoʊn,mɒnətəʊn
test_002468,wɔlnət,wɔlnʌt
test_002469,əkɝ,əkø
test_002470,pɑɹtɪʃən,pɑtɪʃən
test_002471,stæɪkhɐʉldə,steɪkhəʊldə
test_002472,ɪlɛktɹəkjuʃənə,ɪlɛktɹəkjuʃənɚ
test_002473,mɐstə,mʌstə
test_002474,pəɹɑksaɪd,pəɹɒksaɪd
test_002475,ɛntəteɪnə,ɛntɚteɪnɚ
test_002476,mɑn,mɒn
test_002477,mɑzɪpæn,mɑɹzəpæn
test_002478,dɪkteɪtə,dɪkteɪtəɹ
test_002479,hɛdmæstɚ,hɛdmɑstə
test_002480,faɪɚflaɪ,faɪəflaɪ
test_002481,dəʊnə,doʊnɚ
test_002482,ədvɑns,ədvæns
test_002483,æθlit,æθlit
test_002484,dɪspniə,dɪspniə
test_002485,kləʉk,kloʊk
test_002486,teləkəmjʉtəŋ,tɛləkəmjutɪŋ
test_002487,tʉfəʉld,tufəʊld
test_002488,æntisoʊʃəl,æntisəʉʃəl
test_002489,æpləkæɪʃən,ɛpləkæɪʃən
test_002490,pleɪɚ,pleɪəɹ
test_002491,ænti,ɛnti
test_002492,pɒlɪtɪʃənz,pɒlətəʃənz
test_002493,təɹɛəɹɪəm,təɹeɹiəm
test_002494,skɔɹd,skɔɹd
test_002495,tʊɹ,tʊə
test_002496,kɹɒp,kɹɒp
test_002497,əɹaʊnd,əɹæʊnd
test_002498,wɒpə,wɑpɚ
test_002499,bʌtɚfæt,bʌtəfæt
test_002500,kɒmpəzɪt,kəmpɑzɪt
test_002501,odiɐʉ,odiəʉ
test_002502,pɹaɪməɹi,pɹaɪməɹi
test_002503,sɛpəɹeɪt,sɛpəɹət
test_002504,ɹəʊl,ɹoʊl
test_002505,ɪntɚvju,ɪntəvju
test_002506,vɛd͡ʒɪtɛəɹiənɪzəm,vɛd͡ʒɪtɛɹiənɪzəm
test_002507,lɒɡə,lɑɡɚ
test_002508,oɹɡənɪzeɪʃən,oɡənɑezæɪʃən
test_002509,blɛəɹz,bleəz
test_002510,dɪspɹəpɔʃənətli,dɪspɹəpɔɹʃənətli
test_002511,ɹepɹəzent,ɹɛpɹɪzɛnt
test_002512,əbskjʊɹɪti,əbskjʊəɹɪti
test_002513,blɛəɹz,blɛəz
test_002514,niɡə,niɡɚ
test_002515,ɪmpjʊdənt,ɪmpjədn̩t
test_002516,bɛəli,beəli
test_002517,kɪlɒmɪtə,kəlɔmətə
test_002518,oʊpənɚ,əʊpənə
test_002519,æd͡ʒɑel,ɛd͡ʒaɪl
test_002520,sɒlstɪs,sɑlstɪs
test_002521,mɔnətɔnɪk,mɑnətɑnɪk
test_002522,ɪnfɔmd,ɪnfɔɹmd
test_002523,hɔkɚ,hɔkə
test_002524,pɜsɛpt,pɝsɛpt
test_002525,stændədaɪzeɪʃən,stændədɑezæɪʃən
test_002526,klɐʉk,kloʊk
test_002527,əstɜ,əstø
test_002528,tøbjələnt,tɜbjələnt
test_002529,ʌnfɔtjʊnətli,ʌnfɔɹt͡ʃənɪtli
test_002530,kənsɜvətɪv,kənsɝvətɪv
test_002531,ɛəweɪ,eəwæɪ
test_002532,koʊtəɹi,kəʊtəɹi
test_002533,klɑt,klɒt
test_002534,pɹoʊtəmin,pɹəʊtəmin
test_002535,wiə̯ɹi,wɪə̯ɹi
test_002536,ɹipəkʌʃən,ɹipəkɐʃən
test_002537,æmbɪʃən,ɛmbəʃən
test_002538,ɹʌɡ,ɹäɡ
test_002539,ɑptɪkəl,ɒptɪkəl
test_002540,t͡ʃæɪnd͡ʒ,t͡ʃeɪnd͡ʒ
test_002541,ɛlbəm,ælbəm
test_002542,θɹisəm,θɹisəm
test_002543,fɔɹtɪsɪmoʊ,fɔtɪsɪməʊ
test_002544,snʌɡ,snɐɡ
test_002545,teləkəmjʉtɪŋ,tɛləkəmjutɪŋ
test_002546,əkɝ,əkɜ
test_002547,feɹiz,feəɹiz
test_002548,pəsɛnt,pəsent
test_002549,ɹəkaɪtɪs,ɹəkaɪtɪs
test_002550,haɪdɹoʊkɔɹtɪsoʊn,hʌɪdɹəʊkɔtɪzəʊn
test_002551,bɹeɪnt͡ʃaɪld,bɹeɪnt͡ʃaɪld
test_002552,ɹɪdjʉsɪŋ,ɹɪdjusɪŋ
test_002553,fɛɚ,fe
test_002554,pɹəd͡ʒɛktɚ,pɹəd͡ʒɛktə
test_002555,fɔlt,fɔlt
test_002556,oʊveɪʃən,əʉvæɪʃn̩
test_002557,kənd͡ʒɛkt͡ʃə,kənd͡ʒɛkt͡ʃɚ
test_002558,ɹɪdjusɪz,ɹɪdjusɪz
test_002559,ɡɑɹmənt,ɡɑmənt
test_002560,kulɪŋ,kulɪŋ
test_002561,netəzən,nɛtɪzən
test_002562,kæntinə,kæntinə
test_002563,pəsɪst,pɚsɪst
test_002564,ɒltønətəv,ɒltɜnətɪv
test_002565,ɹəklʉs,ɹɪklʉs
test_002566,æbdɒmɪneɪliə,æbdɑmɪneɪliə
test_002567,ɹɛpɹɪzɛnt,ɹepɹəzent
test_002568,ænəɡɒd͡ʒi,ænəɡoʊd͡ʒi
test_002569,kulɪŋ,kulɪŋ
test_002570,dɪskʌst,dɪskɐst
test_002571,ɪnsəkjʊɹ,ɪnsəkjʊəɹ
test_002572,kənsɪstəns,kənsɪstəns
test_002573,sænəti,sænəti
test_002574,vɛd͡ʒɪtɛɹiənɪzəm,vɛd͡ʒɪtɛəɹiənɪzəm
test_002575,ɘnt͡ʃɐnt,ɪnt͡ʃɑnt
test_002576,bɛlwɛðɚ,bɛlwɛðə
test_002577,əlusədeɪt,ɪljusɪdeɪt
test_002578,ɪntestɪnəl,ɪntɛstɪnəl
test_002579,ɪkwæɪʒən,əkwæɪʒən
test_002580,kənfɔmɪti,kənfomɪti
test_002581,skɝ,skø
test_002582,oʊvəɹɹiækt,əʊvəɹiækt
test_002583,klæmə,klæmɚ
test_002584,tɝmɚɪk,tɜməɹɪk
test_002585,ɡɹɑspt,ɡɹæspt
test_002586,nəsɛsəteɪt,nɪsɛsɪteɪt
test_002587,soʊsiɑləd͡ʒi,sɐʉsiɒləd͡ʒi
test_002588,mæn,mæn
test_002589,kənfomɪti,kənfoməti
test_002590,kənɒnɪkəl,kənɑnɪkəl
test_002591,nɒmɪneɪt,nɔmɪnæɪt
test_002592,sɜtɪfɪkæɪʃən,sɝtɪfɪkeɪʃən
test_002593,ʃɪpɚ,ʃɪpə
test_002594,mento,mɛntoɹ
test_002595,ʌnfɔɹt͡ʃənɪtli,ʌnfɔtjʊnətli
test_002596,kənɒnəkəl,kənɒnɪkəl
test_002597,fɔɹɪnɚ,fɒɹɪnəɹ
test_002598,pɒlətəʃənz,pɒlɪtɪʃənz
test_002599,ədvɑns,ədvæns
test_002600,pɹɔbəbɪlɪstɪk,pɹɒbəbələstək
test_002601,əkjumjʊleɪt,əkjumjəleɪt
test_002602,steɪkhoʊldɚ,stæɪkhəʉldə
test_002603,ænθɹəpəmɛtɹɪk,ænθɹəpəmetɹɪk
test_002604,nəɹæɪt,næɹeɪt
test_002605,bɪliɡɚ,bɪliɡə
test_002606,ɛmbə,embə
test_002607,bɑtl̩z,bɒtl̩z
test_002608,ɹɛk,ɹæk
test_002609,vjuɚ,vjuə
test_002610,tit͡ʃɚ,tit͡ʃə
test_002611,kɹɒp,kɹɒp
test_002612,ɛmfəbiəs,æmfɪbiəs
test_002613,hɪkəp,hɪkəp
test_002614,pɑmɪdʒɑnə,pɑɹməʒɑnə
test_002615,əɹɪd͡ʒɪnəli,əɹəd͡ʒənəli
test_002616,dɪskʌst,dɪskʌst
test_002617,pɹɑeməɹi,pɹaɪməɹi
test_002618,dɛəz,dɛɹz
test_002619,ɪlɛktɚ,ɪlektə
test_002620,məsitɚ,masitə
test_002621,hɪpəʊkɹæs,hɪpoʊkɹæs
test_002622,kɒŋɡɹɪɡeɪʃən,kɑŋɡɹəɡeɪʃən
test_002623,foʊkəst,fəʊkəst
test_002624,sæɡ,sɛɡ
test_002625,skæpjəlɚ,skapjʊlə
test_002626,leɪtəz,leɪtɚz
test_002627,ʌndɚsɝv,ʌndəsɜv
test_002628,wɛstwəd,wɛstwɚd
test_002629,ɛmbəʃən,æmbɪʃən
test_002630,staɪfəl,staɪfl̩
test_002631,fɪkst͡ʃɚ,fɪkst͡ʃə
test_002632,kəɹəʊsɪv,kəɹoʊsɪv
test_002633,læm,lɛm
test_002634,ɡlɛd,ɡlæd
test_002635,kɛɹfəl,kɛfl̩
test_002636,fluaksətin,fluɒksətin
test_002637,hɛtɚoʊ,hɛtəɹoʊ
test_002638,bəɡoʊniə,bəɡəʊniə
test_002639,ɹætiɑsineɪʃn̩,ɹætɪɒsɪneɪʃn̩
test_002640,ɪntəɡɹeɪt,əntəɡɹæɪt
test_002641,mʌðɚfʌkɚ,mʌðəfʌkə
test_002642,pɔsəbəl,pɒsəbəl
test_002643,weɪd͡ʒɚ,weɪd͡ʒəɹ
test_002644,sækɹəlɪd͡ʒəs,sækɹəlɪd͡ʒəs
test_002645,ɔtɒnəməs,ɔtɑnəməs
test_002646,əblɪtəɹæɪtɪd,əblɪtəɹeɪtɪd
test_002647,dɑekɔtəmi,daɪkɒtəmi
test_002648,pɹədjʉsə,pɹədusɚ
test_002649,ʃʌtl̩kɒk,ʃʌtl̩kɑk
test_002650,fɑksi,fɒksi
test_002651,kɒstl̩,kɑstl̩
test_002652,kloʊsɪst,kləʊsɪst
test_002653,blɒɡ,blɔɡ
test_002654,tæɡ,tæɡ
test_002655,lɔndɹɛt,lɔndəɹɛt
test_002656,foʊnoʊɹəsɛpʃən,fəʊnəʊɹɪsɛpʃn̩
test_002657,depjəti,dɛpjəti
test_002658,əksɛləɹənt,əksɛləɹənt
test_002659,flæʃlɑet,flæʃlaɪt
test_002660,skʌf,skɐf
test_002661,θəʊl,θoʊl
test_002662,fɜθ,fɝθ
test_002663,tekstbʊk,tɛkstbʊk
test_002664,skul,skul
test_002665,kənfoməti,kənfɔmɪti
test_002666,ɹɪklʉs,ɹəklʉs
test_002667,aɪsətɹɑpɪk,aɪsətɹɒpɪk
test_002668,hʊdwɪŋk,hʊdwɪŋk
test_002669,pɪnɪnsjʊlə,pɪnɪnsjʊlə
test_002670,lɪbɚtiz,lɪbɪtiz
test_002671,dəʉ̯mæ̝ɪ̯n,dəʊmeɪ̯n
test_002672,səmɛtrəkəl,sɪmetɹɪkəl
test_002673,kɹɔsɪŋ,kɹɒsəŋ
test_002674,floʊtəɹ,fləʊtə
test_002675,okəstɹæɪt,ɔɹkəstɹeɪt
test_002676,skul,skʉl
test_002677,ɪmpɜmɪəbəl,ɪmpɝmɪəbəl
test_002678,mɛmwɑɹ,memwɐ
test_002679,ɑkiɒləd͡ʒi,ɐkiɔləd͡ʒi
test_002680,ənkləʊzd,ənkloʊzd
test_002681,əʉpənə,oʊpənɚ
test_002682,pælpəbɹə,palpɪbɹə
test_002683,kənfɛsiəʊ,kənfɛsioʊ
test_002684,wæestlɛnd,weɪstlænd
test_002685,miɡə,miɡɚ
test_002686,hæŋ,hɛŋ
test_002687,fɒɹɪd͡ʒɪz,foɹɪd͡ʒɪz
test_002688,sob,sɔb
test_002689,le̝kt͡ʃɘ,lɛkt͡ʃə
test_002690,mɒnətɐʉn,mɑnətoʊn
test_002691,sɜfɪt,sɝfɪt
test_002692,bɪheɪvjəɹəl,bəhæɪvjəɹəl
test_002693,ɪntenʃənəl,ɪntɛnʃn̩əl
test_002694,fɒli,fɒli
test_002695,bʌstəd,bʌstɚd
test_002696,kæləbəɹ,kælɪbəɹ
test_002697,hɛtəɹədɑnt,hɛtəɹəʊdɒnt
test_002698,pjutətɪvli,pjʉtətɪvli
test_002699,kənd͡ʒɛkt͡ʃɚ,kənd͡ʒekt͡ʃə
test_002700,bɐd͡ʒəɹiɡɐ,bʌd͡ʒəɹiɡɑ
test_002701,netɪzən,netəzən
test_002702,mɔktæɪl,mɒkteɪl
test_002703,koʊkənʌt,kəʉkənɐt
test_002704,ʌnsɜtənti,ɐnsɜtənti
test_002705,kɔpsɪkəl,kɔɹpsɪkəl
test_002706,nɛsəsəɹɪli,nesəseɹəli
test_002707,bɪleɪtɪd,bəleɪtɪd
test_002708,koʊwɝkɚ,kəʊwɜkər
test_002709,ɹɪspɑnsəbɪləti,ɹəspɒnsəbələti
test_002710,ælməkæntɚ,ælməkæntə
test_002711,hʊkɚ,hʊkə
test_002712,kəmpjutɚ,kəmpjʉtə
test_002713,ɪnfɜɹm,ɪnfɜm
test_002714,bɔdwɔk,bɔɹdwɔk
test_002715,kɔmpæɔnd,kɒmpæʊnd
test_002716,ɪljumɪneɪʃən,ɪlumɪneɪʃən
test_002717,kændədəsi,kændɪdəsi
test_002718,bəɹɑmətɚ,bəɹɔmɪtəɹ
test_002719,məʊdəs,mɐʉdəs
test_002720,pɛɹɪniəm,pɛɹɪniəm
test_002721,kəɹəʊsɪv,kəɹəʉsɪv
test_002722,sævəd͡ʒ,sɛvəd͡ʒ
test_002723,bɔɹdwɔk,bɔdwɔk
test_002724,smɑm,smɑɹm
test_002725,ɪkweɪʒən,ɪkwæɪʒən
test_002726,wɑʃt,wɒʃt
test_002727,tɒdəl,tɑdəl
test_002728,əbæk,əbæk
test_002729,pʌf,pɐf
test_002730,təɹeɹiəm,təɹɛəɹɪəm
test_002731,dez,dɛɹz
test_002732,lɔɹɪs,lɔɹɪs
test_002733,dɪstɜb,dɪstɝb
test_002734,əpis,əpis
test_002735,ɹɪdjʉsɪz,ɹɪdjusɪz
test_002736,kɑli,kɒli
test_002737,ɹipəkʌʃən,ɹipɚkʌʃən
test_002738,foɹmətɪv,fɔmətɪv
test_002739,təɹeɹiəm,tɘɹiəɹiɘm
test_002740,pø,pɜ
test_002741,supɚnjuməɹɛɹi,supənjuməɹəɹi
test_002742,livə,livə
test_002743,hɛviɚ,hɛvɪə
test_002744,snɐɡ,snʌɡ
test_002745,sɜkəmskɹɪpʃən,sɝkəmskɹɪpʃən
test_002746,mɔnətɔnɪk,mɒnətɒnɪk
test_002747,ɡləʊbəlaɪzeɪʃən,ɡləʉbəlɑezæɪʃən
test_002748,doʊ̯meɪ̯n,dəʊmeɪ̯n
test_002749,fiəsəm,fɪəsəm
test_002750,ɹɪdjusɪz,ɹɪdjʉsɪz
test_002751,sɑɹdin,sɑdin
test_002752,pɹəpəʊz,pɹəpəʉz
test_002753,pɑpjəleɪt,pɔpjəlæɪt
test_002754,ʃiθəɹ,ʃiθə
test_002755,sɔsə,sɑsɝ
test_002756,mɛntoɹ,mento
test_002757,dɐʉnə,dəʉnə
test_002758,ɡɹæɔndbɹæɪkɪŋ,ɡɹæʊndbɹæɪkəŋ
test_002759,pɒlɪɡlɒt,pɑlɪɡlɑt
test_002760,fɛɡ,fæɡ
test_002761,fɝməmənt,fɜməmənt
test_002762,ɛnəlaɪz,ænəlaɪz
test_002763,ɛləmənt,ɛlɪmənt
test_002764,vɒləntɪə,vɔləntɪə
test_002765,əʉvæɪʃn̩,oʊveɪʃən
test_002766,sɐðɘli,sʌðɚli
test_002767,nɪɡəʉʃiæɪt,nəɡoʊʃieɪt
test_002768,dɪsəpɪə,dɪsəpɪɹ
test_002769,kɹɑsɪŋ,kɹɔsɪŋ
test_002770,bɹeɪ̯n,bɹæ̝ɪ̯n
test_002771,fɪkst͡ʃə,fɪkst͡ʃɚ
test_002772,le̝kt͡ʃɘ,lekt͡ʃə
test_002773,tɹænsfɝəns,tɹænsfəɹəns
test_002774,fɚɡɛtɪŋ,fəɡɛtɪŋ
test_002775,tɛmpəɹət͡ʃə,tempəɹət͡ʃə
test_002776,sɛpəɹæɪt,sɛpəɹət
test_002777,ɪnsɑe̯t,ɪnsaɪ̯t
test_002778,pæɪtɹiət,peɪtɹiət
test_002779,slɑnt,slænt
test_002780,t͡ʃeɪmbɚlɪn,t͡ʃeɪmbəlɪn
test_002781,jɔl,jɔl
test_002782,ɒzməʊlarɪti,ɑzmoʊlɛrəti
test_002783,fɹɔsti,fɹɒsti
test_002784,əmbɹɔɪl,ɪmbɹɔɪl
test_002785,dɪsɜnd,dɪsɝnd
test_002786,hɛzɪteɪt,hɛzəteɪt
test_002787,mʌməɹ,mʌmɚ
test_002788,medəʉ̯,mɛdəʊ̯
test_002789,ɪntəɡɹeɪt,ɪntɪɡɹeɪt
test_002790,tɛliɑləd͡ʒi,tiliɒləd͡ʒi
test_002791,stæɪtəs,steɪtəs
test_002792,ʌmpaɪɹ,ʌmpaɪəɹ
test_002793,skeɪlɚ,skæɪlə
test_002794,ætəmi,ætəmi
test_002795,skelətəl,skɛlɪtəl
test_002796,oʊbeɪ,əʊbeɪ
test_002797,ɹɒŋli,ɹɔŋli
test_002798,ɛɚlum,elʉm
test_002799,sædəl,sædl̩
test_002800,ændɹəʊfɪliə,ændɹoʊfɪliə
test_002801,lɛkt͡ʃə,lɛkt͡ʃɚ
test_002802,kəɹɐʉsəv,kəɹoʊsɪv
test_002803,nɛtɪzən,nɛtɪzən
test_002804,pɹəʉɡɹæm,pɹəʊ̯ɡɹæm
test_002805,leɪtɚz,leɪtəz
test_002806,sikwɪns,sikwɪns
test_002807,səmɛtrəkəl,sɪmɛtɹɪkəl
test_002808,teɪkəweɪ,tæɪkəwæɪ
test_002809,pjʉtətɪvli,pjutətɪvli
test_002810,pɹətɹæktɪd,pɹoʊtɹæktɪd
test_002811,kəlɒmətə,kɪlɑmɪtəɹ
test_002812,tekstaɪl,tɛkstaɪl
test_002813,foʊtəɹəsɛpʃən,fəʊtəʊɹɪsɛpʃn̩
test_002814,kɹɒs,kɹɒs
test_002815,fləʊtɪd,floʊtɪd
test_002816,tjubɜkjʊləʊsɪs,tubɝkjʊloʊsɪs
test_002817,dɛpjəti,depjəti
test_002818,festəvəl,fɛstɪvəl
test_002819,bʊldəʊz,bʊldoʊz
test_002820,saɪteɪʃən,saɪteɪʃn̩
test_002821,stɹɪkt͡ʃə,stɹɪkt͡ʃɚ
test_002822,peɪtɹiət,pæɪtɹiət
test_002823,d͡ʒɒdpəz,d͡ʒɑdpɚz
test_002824,kɒmbɪneɪʃənz,kɑmbɪneɪʃənz
test_002825,mɑnəfɑnɪk,mɒnəʊfɒnɪk
test_002826,ɪnt͡ʃænt,ɪnt͡ʃɑnt
test_002827,ɹæsp,ɹɑsp
test_002828,sɔɹb,sɔb
test_002829,pɹikəndəʃən,pɹikəndɪʃən
test_002830,weɪd͡ʒəɹ,wæɪd͡ʒəɹ
test_002831,mɪnoʊ,mɪnəʊ
test_002832,odiɐʉ,ɔdiəʊ
test_002833,kɪlə,kɪlɚ
test_002834,mɒnətɒnək,mɑnətɑnɪk
test_002835,pɹoʊtɹæktɪd,pɹətɹæktɪd
test_002836,nɪsɛsɪteɪt,nəsɛsəteɪt
test_002837,kɒmɛnt,kɒment
test_002838,bɪnaɪt,bɪnaɪt
test_002839,əɹæʊnd,əɹaʊnd
test_002840,ðɛmsɛlvz,ðemselvz
test_002841,pɹoʊnaʊn,pɹəʊnaʊn
test_002842,tɛɡ,tæɡ
test_002843,sɛkjʊlə,sɛkjələɹ
test_002844,ɹikənsɪdɚ,ɹikənsɪdə
test_002845,kənfɛsioʊ,kənfɛsiəʊ
test_002846,pɹɒsɪkjuʃən,pɹɔsɪkjʉʃən
test_002847,ɹɪspɒnsəbɪlɪti,ɹəspɒnsəbələti
test_002848,skɛlətəl,skelətəl
test_002849,dəʊmeɪ̯n,dəʉ̯mæ̝ɪ̯n
test_002850,pɜsəkjutəɹi,pɝsəkjutəɹi
test_002851,tɑt,tɑɹt
test_002852,pɹəʊtətɪpɪkəl,pɹoʊtətɪpɪkəl
test_002853,lɒŋɡɪtjudɪnəl,lɒŋɡətʃʉdənəl
test_002854,sʌspɛkt,sɐspekt
test_002855,sænəti,sænəti
test_002856,laɪbɹɛə̯ɹiən,lɑebɹeɹiən
test_002857,kænɪbəlaɪz,kænɪbəlɑez
test_002858,kɒɹɪspɒndəns,kɒɹəspɒndəns
test_002859,kɑmpəzɪʃən,kɔmpəzɪʃən
test_002860,mʌðəfʌkə,mʌðɚfʌkɚ
test_002861,kəmpæɹɪsən,kəmpæɹɪsən
test_002862,dɒm,dɔm
test_002863,lɛ̝ŋɡwɘd,læŋɡwɪd
test_002864,dəʉnə,dɐʉnə
test_002865,kɑnsəleɪʃən,kɒnsəleɪʃən
test_002866,kɒmpəzət,kəmpɑzɪt
test_002867,ɹæɡ,ɹæɡ
test_002868,bɪhæɪvjəɹəl,bɪheɪvjəɹəl
test_002869,ɛkskəveɪtə,ɛkskəveɪtɚ
test_002870,haɪpəɹæktɪv,hɑepəɹæktɪv
test_002871,biə̯,bɪɚ
test_002872,kɒmɛnt,kɑmɛnt
test_002873,bʌtəfæt,bʌtɚfæt
test_002874,mækɚ,makə
test_002875,sikwɪns,sikwɪns
test_002876,dɪfɛnɪstɹeɪʃən,difɛnəstɹeɪʃən
test_002877,pɒlətəʃənz,pɑlətɪʃənz
test_002878,kɹɔs,kɹɒs
test_002879,plætɪpʊs,plætɪpəs
test_002880,kætəstɹɒfɪk,kætəstɹɔfɪk
test_002881,əpɹoʊt͡ʃiz,əpɹəʊt͡ʃiz
test_002882,ɡloɹi,ɡloɹi
test_002883,skimə,skimə
test_002884,plænət,plænɪt
test_002885,əɡlɒməɹət,əɡlɑməɹət
test_002886,bæt,bɛt
test_002887,fɔɹməli,foməli
test_002888,kʌstəmə,kɐstəmə
test_002889,æmbɪʃən,æmbɪʃən
test_002890,ɹut,ɹut
test_002891,ɐkiɒləd͡ʒi,ɑɹkiɑləd͡ʒi
test_002892,tɹəkiə,tɹeɪkiə
test_002893,ɡɹɐʉn,ɡɹoʊn
test_002894,fəɹɑsɪti,fəɹɒsɪti
test_002895,pɹɑsɪkjuʃən,pɹɒsəkjʉʃən
test_002896,əkɜ,əkɝ
test_002897,lɒɡəɹɪə,lɔɡəɹiə
test_002898,fɐʉkəst,foʊkəst
test_002899,lɔbi,lɒbi
test_002900,njʉɐns,njuɑns
test_002901,teləkəmjʉtɪŋ,tɛləkəmjutɪŋ
test_002902,ænəlaɪz,ænəlaɪz
test_002903,nəʉtəbəl,nəʊtəbl̩
test_002904,dɪvaɪs,dɪvaɪs
test_002905,tɑɹt,tɑt
test_002906,ænti,ænti
test_002907,seɪdɪzəm,sæɪdəzəm
test_002908,æmbɪɡjuəs,æmbɪɡjʉəs
test_002909,kənd͡ʒɛkt͡ʃə,kənd͡ʒekt͡ʃə
test_002910,nəʉmædɪk,nəʊmædɪk
test_002911,məkɑb,məkɑbɹə
test_002912,ewæɪ,ɛɚweɪ
test_002913,netɪzən,nɛtɪzən
test_002914,dɑevɜd͡ʒənt,daɪvød͡ʒənt
test_002915,pjʊə,pjʉə
test_002916,dəʊdʒəʊ,doʊd͡ʒoʊ
test_002917,dɛzɪɡnət,dezɪɡnət
test_002918,ɪnsaɪ̯t,ɪnsɑe̯t
test_002919,ɐnsɜtənti,ʌnsɜtənti
test_002920,stændədaɪzeɪʃən,stændɚdɪzeɪʃən
test_002921,kwæɡmaɪəɹ,kwæɡmaɪɹ
test_002922,ɪnvɛəɹiəbli,ɪnvɛɹiəbli
test_002923,dɪlɪvɚ,dɪlɪvəɹ
test_002924,bɔdwɔk,bodwok
test_002925,ɔɹɡænzə,ɔɡænzə
test_002926,stɛɚ,steə
test_002927,sɛntimɛntl̩,sɛntimɛntl̩
test_002928,bɒðəɹ,bɔðəɹ
test_002929,tɛmpɚət͡ʃɚ,tempəɹət͡ʃə
test_002930,təɹeɹiəm,təɹɛɹiəm
test_002931,kɑt,kɒt
test_002932,ɪkwæɪʒən,ɪkweɪʒən
test_002933,fɪnɛs,fɪnɛs
test_002934,hɑm,hɐm
test_002935,bæɡ,bæɡ
test_002936,hɑlihɑk,hɒlihɒk
test_002937,ɐnsɜtənti,ɐnsøtənti
test_002938,dəlæɪ,dɪleɪ
test_002939,kəʊl,kɐʉl
test_002940,əstø,əstɝ
test_002941,ɑɹkiɑləd͡ʒi,ɑkiɒləd͡ʒi
test_002942,hʊdwɪŋk,hʊdwɪŋk
test_002943,ɔɪntmənt,ɔɪntmənt
test_002944,t͡ʃiəɹi,t͡ʃɪəɹi
test_002945,fɪəfəli,fɪɹfəli
test_002946,mɑɹzəpæn,mɑzɪpæn
test_002947,kɒɹəspɒndəns,koɹɪspɑndəns
test_002948,bæɪs,beɪs
test_002949,pɹoʊkɹæstɪneɪʃən,pɹəʉkɹæstɪnæɪʃən
test_002950,twøl,twɝl
test_002951,deɪlaɪt,deɪlaɪt
test_002952,pʌls,pʌls
test_002953,vɐlnəɹəbɪləti,vʌlnəɹəbɪlɪti
test_002954,ɐkiɔləd͡ʒi,ɐkiɒləd͡ʒi
test_002955,plænət,plɛnət
test_002956,ænti,ænti
test_002957,ɹɛfəɹənsɪz,ɹefəɹənsɪz
test_002958,beli,beəli
test_002959,stɑpt,stɒpt
test_002960,kɒndɛmneɪʃən,kɑndəmneɪʃən
test_002961,bɛəli,bɛɹli
test_002962,ɔdiəʊ,odiəʉ
test_002963,ɹədjʉsəz,ɹɪdjusɪz
test_002964,ɹɛd͡ʒɪstə,ɹɛd͡ʒɪstɚ
test_002965,sækɹɪfaɪsɪz,sɛkɹɪfɑe̯sɪz
test_002966,klɒt,klɒt
test_002967,bɑsk,bɒskeɪ
test_002968,kɑɹsɪnoʊmə,kɑsɪnəʊmə
test_002969,vɛd͡ʒtəbəl,ved͡ʒtəbəl
test_002970,həbɪt͡ʃʊəl,həbɪtʃʊəl
test_002971,kwɔtɚmɑstə,kwɔɹtɚmæstɚ
test_002972,ɡɹɐʉn,ɡɹəʊn
test_002973,kælɪbəɹ,kæləbɚ
test_002974,tɹaɪpɑd,tɹɑepɔd
test_002975,tjubɜkjʊləʊsɪs,tʃʉbɜkjələʉsəs
test_002976,weɪstlænd,weɪstland
test_002977,pɹɒdʌktɪvəti,pɹɔdɐktɪvəti
test_002978,lɑɹd,lɐd
test_002979,tɪk,tək
test_002980,fɛstɪvəl,fɛstəvəl
test_002981,vælətudənɛɹiən,vælətudɪnɛəɹiən
test_002982,bəɹɔmɪtəɹ,bəɹɒmɪtəɹ
test_002983,wɒbəli,wɑbəli
test_002984,kɔmpəzɪʃən,kɑmpəzɪʃən
test_002985,plætɪpəs,plætɪpʊs
test_002986,dez,deəz
test_002987,fɐʉkəst,fəʊkəst
test_002988,ænθɹəpəmetɹɪk,ænθɹəpəmɛtɹɪk
test_002989,seɪvəɹ,seɪvə
test_002990,nusəns,njusəns
test_002991,ɪnfɹəstɹɐkt͡ʃə,ɪnfɹəstɹʌkt͡ʃɚ
test_002992,oʊmɪk,əʊmɪk
test_002993,hæv,hɛv
test_002994,pɹɒsɪkjuʃən,pɹɑsɪkjuʃən
test_002995,dɪsɜnɪŋ,dəsønəŋ
test_002996,dəɹaɪd,dɪɹaɪd
test_002997,sɪŋɡjʊləli,sɪŋɡjəlɚli
test_002998,kætəstɹɑfɪk,kætəstɹɒfɪk
test_002999,æɡɹɪkʌltjʊəɹəl,æɡɹɪkʌltʃəɹəl
test_003000,otɔnəməs,ɔtɑnəməs
test_003001,blʉ,blu
test_003002,dɔm,dɑm
test_003003,stɛndədaɪzæɪʃən,stændɚdɪzeɪʃən
test_003004,təɹɛəɹɪəm,təɹɛɹiəm
test_003005,kɒment,kɒmɛnt
test_003006,nəɹeɪt,nəɹæɪt
test_003007,ɛlbəm,ælbəm
test_003008,kɔɹɪspɔndəns,koɹɪspɑndəns
test_003009,tɛljʊəɹɪən,tɛljʊɹiən
test_003010,hɛɹoʊɪzəm,hɛɹəʊɪzəm
test_003011,ʃʌtl̩kɑk,ʃʌtl̩kɒk
test_003012,ɔltuɡɛðɚ,ɔltʊɡɛðəɹ
test_003013,kætɪɡəɹɑez,kætɪɡəɹaɪz
test_003014,daɪvɜd͡ʒənt,daɪvød͡ʒənt
test_003015,olbiɪt,ɔlbiɪt
test_003016,oʊzoʊn,əʊzəʊn
test_003017,tɹɑepɒd,tɹɑepɔd
test_003018,sɪɡnɪt͡ʃə,səɡnət͡ʃə
test_003019,kɹɛnɛleɪt,kɹɛnəleɪt
test_003020,ɪntɛstɪnəl,ɪntestɪnəl
test_003021,pɹaɪməɹi,pɹɑeməɹi
test_003022,noʊtɪfɪkeɪʃn̩,nəʊtɪfɪkeɪʃn̩
test_003023,kʌʊ̯stə,koʊ̯stɚ
test_003024,ɑktɑmənoʊ,ɒktɒmɪnəʊ
test_003025,weɪd͡ʒəɹ,weɪd͡ʒɚ
test_003026,kɪti,kɪti
test_003027,kɹɒsəŋ,kɹɑsɪŋ
test_003028,deɪnd͡ʒɚ,deɪnd͡ʒə
test_003029,deɪnd͡ʒɚ,dæɪnd͡ʒə
test_003030,stɐft,stʌft
test_003031,eɡzɜpt,ɛɡzɝpt
test_003032,ɹætɪɒsɪneɪʃn̩,ɹætiɑsineɪʃn̩
test_003033,kɒntɹədəktəɹi,kɒntɹədɪktəɹi
test_003034,bɔðəɹ,bɒðəɹ
test_003035,skimə,skimə
test_003036,ɛmbəʃən,æmbɪʃən
test_003037,sɛksɛniəm,sɛksɛnɪəm
test_003038,ɪntɛntʃənəl,ɪntenʃənəl
test_003039,dɑsɑɹ,dɒsɑ
test_003040,əbe̞k,əbæk
test_003041,kləʊsɪst,kloʊsɪst
test_003042,hɛɡ,hæɡ
test_003043,faɪ̯n,fɑɪ̯n
test_003044,ɪmpɑsɪbɪliti,ɪmpɒsɪbɪliti
test_003045,stɹʌt,stɹʌt
test_003046,kəɹoʊsɪv,kəɹɐʉsəv
test_003047,ɹəʉl,ɹɐʉl
test_003048,kləʊk,klɐʉk
test_003049,pæɹəksɪzəm,pɛɹəksɪzəm
test_003050,kɒntɹədɪktəɹi,kɒntɹədəktəɹi
test_003051,dʌvkɒt,dʌvkɑt
test_003052,ewæɪ,ɛəweɪ
test_003053,pɹiviəsli,pɹiviəsli
test_003054,ɡɹɑsp,ɡɹæsp
test_003055,kɑləɹə,kɒləɹə
test_003056,sɪlvəpæst͡ʃəɹ,sɪlvəpɑst͡ʃə
test_003057,ɛɡzɝpt,ɛɡzɜpt
test_003058,blɒɡ,blɑɡ
test_003059,dɛmimɒnd,dɛmimɑnd
test_003060,fomətɪv,foɹmətɪv
test_003061,pɹɑsɪkjuʃən,pɹɔsɪkjʉʃən
test_003062,bɑstəd,bæstɚd
test_003063,sɑsɝ,sɔsə
test_003064,ækədim,ækədim
test_003065,ɛnti,ænti
test_003066,skeɪtbɔɹd,skeɪtbɔd
test_003067,sɚveɪ̯ɚ,səveɪə
test_003068,pɹikəndɪʃən,pɹikəndəʃən
test_003069,kɹɒs,kɹɔs
test_003070,kənvɜtə,kənvɜɹtɜɹ
test_003071,faɪəflaɪ,faɪɚflaɪ
test_003072,ɪntɛnʃn̩əl,ɪntɛntʃənəl
test_003073,kætəɡəɹaɪz,kætɪɡəɹaɪz
test_003074,kɔntɹədɪktəɹi,kɑntɹədɪktəɹi
test_003075,ɹutələnt,ɹutɪlənt
test_003076,mɑnɪtɛɹi,mʌnɪtəɹi
test_003077,mɑnə,mɑnə
test_003078,baktɪə̯riə,bæktɪɹiə
test_003079,ʃut,ʃut
test_003080,ɹut,ɹʉt
test_003081,pɑlə,pɑɹlɚ
test_003082,lɛm,læm
test_003083,bɪsim,bəsim
test_003084,ɐmpɑeəɹ,ʌmpaɪəɹ
test_003085,bent͡ʃ,bɛnt͡ʃ
test_003086,kænjʊlə,kænjələ
test_003087,ləʊdz,loʊdz
test_003088,fɔli,fɑli
test_003089,tɹɪtiəm,tɹɪtiəm
test_003090,pɒləsiz,pɑləsiz
test_003091,dɔŋɡə,dɒŋɡə
test_003092,pɹəʊkɹæstɪneɪʃən,pɹoʊkɹæstɪneɪʃən
test_003093,kɑnstɪtjut,kɒnstɪtjut
test_003094,hʊkə,hʊkə
test_003095,pəɹɔksɑed,pəɹɑksaɪd
test_003096,ɪntənɛt,ɪntənet
test_003097,ɹæɡ,ɹɛɡ
test_003098,ɡəʊlkipə,ɡoʊlkipɚ
test_003099,bækwʊdz,bakwʊdz
test_003100,pɒpjʊleɪt,pɑpjəleɪt
test_003101,daɪkɒtəməs,daɪkɑtəməs
test_003102,lɑl,lɒl
test_003103,bodwok,bɔɹdwɔk
test_003104,məʃinz,məʃinz
test_003105,ɪəɹɪŋ,ɪɹɪŋ
test_003106,pʊɹi,pʊəɹi
test_003107,skø,skɜ
test_003108,səvæ̝ɪə,səveɪə
test_003109,ɡæðɚd,ɡæðəd
test_003110,bəʊ̯ɡəs,boʊ̯ɡəs
test_003111,ɹoʊ̯tʌnd,ɹəʊ̯tʌnd
test_003112,fandəmənt,fʌndəmənt
test_003113,dɹim,dɹim
test_003114,sɪəɹiəlaɪz,sɪɹiəlaɪz
test_003115,bɪsaɪd,bɪsaɪd
test_003116,ænəlɔɡ,ænəlɔɡ
test_003117,wɪðstʊd,wɪðstʊd
test_003118,wʌndə,wɐndə
test_003119,vɔləntɪə,vɒləntɪə
test_003120,əbd͡ʒektɪv,əbd͡ʒektəv
test_003121,hɑɹdwɛɹ,hɑdwɛə
test_003122,pɹikəndɪʃən,pɹikəndəʃən
test_003123,ɹəʉl,ɹəʊl
test_003124,sɜkəmstəns,sɜkəmstæns
test_003125,əbd͡ʒektəv,ɒbd͡ʒɛktɪv
test_003126,kəʉl,kəʊl
test_003127,tufoʊld,tufəʊld
test_003128,ɹɪhɝsl̩,ɹɪhɜsl̩
test_003129,təɹɛɹiəm,tɘɹiəɹiɘm
test_003130,supɚ,supə
test_003131,kəɹoʊsɪv,kəɹəʊsɪv
test_003132,ɪmpaʊə,ɪmpaʊəɹ
test_003133,t͡ʃɛstnʌt,t͡ʃɛstnʌt
test_003134,pæsɪnd͡ʒəz,pæsɪnd͡ʒɚz
test_003135,pɹɒsəkjʉʃən,pɹɒsɪkjuʃən
test_003136,tɛmpəɹaɪz,tɛmpəɹaɪz
test_003137,dɑekɔtəməs,daɪkɒtəməs
test_003138,wəðstʊd,wɪðstʊd
test_003139,pæɹɪɡɒɹɪk,pɛɹɪɡɔɹɪk
test_003140,kɑmpaʊnd,kɒmpaʊnd
test_003141,tɹeɪkiə,tɹəkiə
test_003142,mɒnɪməʊlɪmnɪən,mɑniməlimniən
test_003143,mɒn,mɑn
test_003144,bəɹɒmɪtəɹ,bəɹɔmɪtəɹ
test_003145,mɪsnoʊməɹ,mɪsnəʊmə
test_003146,əpæɹənt,əpæɹənt
test_003147,tiθ,tiθ
test_003148,ɹəʊdənt,ɹɐʉdənt
test_003149,nɛkɹɑpsi,nɛkɹɒpsi
test_003150,pɹikəndɪʃən,pɹikəndɪʃən
test_003151,ænti,ɛnti
test_003152,ɛfəvɛsənt,ɛfɚvɛsənt
test_003153,ɒltɜnətɪv,ɒltønətəv
test_003154,kəmpɑzɪt,kɒmpəzət
test_003155,moɹəʉvə,mɔɹəʊvə
test_003156,ɹefəɹənsɪz,ɹefəɹənsəz
test_003157,tɹeɪn,tɹæɪ̯n
test_003158,bɪɡə,bɪɡɚ
test_003159,mɛdiivəl,mɪdivəl
test_003160,nəɡoʊʃieɪt,nɪɡəʉʃiæɪt
test_003161,sɜd,sød
test_003162,nɔtɪləs,nɔtɪləs
test_003163,æmbɪɡjʉəs,æmbɪɡjuəs
test_003164,steɪtəs,stæɪtəs
test_003165,ɑɹkiɑləd͡ʒi,ɐkiɔləd͡ʒi
test_003166,ɡəʊld,ɡaʉld
test_003167,ɹɪklʉs,ɹɪklus
test_003168,lɑbi,lɔbi
test_003169,pɔpjəlæɪt,pɒpjʊleɪt
test_003170,əpɹəʊt͡ʃiz,əpɹoʊt͡ʃiz
test_003171,ɹɑndjʊɹ,ɹɒndjʊə
test_003172,ɑsaɪn,ɒsaɪn
test_003173,stæɪkhɐʉldə,stæɪkhəʉldə
test_003174,stɛə,ste
test_003175,fɛstəvəl,festəvəl
test_003176,wʊps,wʊps
test_003177,pæɪtɹiət,peɪtɹiət
test_003178,tætəl,tætl̩
test_003179,ɪmidiɪt,ɪmidɪət
test_003180,kɑsɪnəʊmə,kɑɹsɪnoʊmə
test_003181,bɛt,bæt
test_003182,eɹiə,ɛəɹiə
test_003183,oɡənaɪzæɪʃən,oɹɡənɪzeɪʃən
test_003184,maɪtəkɒndɹiən,maɪtəkɑndɹiən
test_003185,kəʊn,koʊn
test_003186,ʃɑlət,ʃɑɹlət
test_003187,empəɹə,ɛmpəɹə
test_003188,kanɪvo,kɑɹnɪvoɹ
test_003189,fomətɪv,fɔmətɪv
test_003190,kɑlɪd͡ʒɪz,kɔlɪd͡ʒɪz
test_003191,bumɚ,bumə
test_003192,sud,sjud
test_003193,kəɹɒtɪd,kəɹɑtɪd
test_003194,bəɹɑmətɚ,bəɹɒmɪtəɹ
test_003195,tɛkstaɪl,tekstɑel
test_003196,kɒləd͡ʒəz,kɔlɪd͡ʒɪz
test_003197,tɛljʊɹiən,tɛljʊəɹɪən
test_003198,mastɪkeɪtəri,mæstɪkətɔri
test_003199,kɐʉkənɐt,koʊkənʌt
test_003200,lɑteɪ,lɑteɪ
test_003201,kəɹɐʉsəv,kəɹəʉsɪv
test_003202,pɜv,pɝv
test_003203,əʊtmil,oʊtmil
test_003204,sɐʉsiɒləd͡ʒi,soʊsiɑləd͡ʒi
test_003205,sɛkɹɪfɑe̯sɪz,sækɹɪfɑesɪz
test_003206,pɒlətəʃənz,pɔlɪtɪʃənz
test_003207,tʃʉbøkjəlɐʉsəs,tubɝkjʊloʊsɪs
test_003208,ʃɔtɡɐ̞n,ʃɒtɡʌn
test_003209,sɛkɹɪfɑe̯sɪz,sækɹɪfaɪsɪz
test_003210,bʌstɚd,bʌstəd
test_003211,dɑd͡ʒ,dɒd͡ʒ
test_003212,kaʉld,kəʊld
test_003213,tɹaɪpɒd,tɹɑepɔd
test_003214,ænɪmɒsɪti,ænəmɑsɪti
test_003215,sis,sis
test_003216,tɜbjələnt,tɝbjələnt
test_003217,hɑmənɪm,hɒmənɪm
test_003218,mɛdoʊ̯,medəʉ̯
test_003219,ɪmpɪɹiəlɪzəm,ɪmpɪəɹiəlɪzəm
test_003220,səʊl,səʉl
test_003221,junɪsɛks,junəsɛks
test_003222,livə,lɛvɚ
test_003223,dɪspɹəpɔʃənətli,dɪspɹəpoʃənətli
test_003224,kanɪvo,kɑnɪvɔ
test_003225,ste,stɛə
test_003226,əlʉd,əljud
test_003227,mətrɪkjəleɪʃən,mətrɪkjʊleɪʃən
test_003228,wɪpəwɪl,ʍɪpɚwɪl
test_003229,sikwɪns,sikwɪns
test_003230,t͡ʃɑnst,t͡ʃænst
test_003231,ɹɑspɪ,ɹæspi
test_003232,ɹɪspɪɹətəɹi,ɹɛspəɹətɔɹi
test_003233,mɛdəʊ̯,medəʉ̯
test_003234,wɛə,wɛɹ
test_003235,əd͡ʒoɪnɪŋ,əd͡ʒɔɪnɪŋ
test_003236,kænɪbəlɑez,kænɪbəlaɪz
test_003237,təɹɛɹiəm,təɹeɹiəm
test_003238,ænəlaɪz,ænəlɑez
test_003239,tɝbjələnt,tɜbjələnt
test_003240,ɹɪm,ɹəm
test_003241,ælbətɹɔs,ælbətɹɒs
test_003242,bɛnəfæktə,bɛnəfæktɚ
test_003243,ɹepɹɪzent,ɹepɹəzent
test_003244,dɪsəlæɔ,dɪsəlaʊ
test_003245,stɛndədaɪzæɪʃən,stændədaɪzeɪʃən
test_003246,pɹɒvɜb,pɹɑvɝb
test_003247,kəmjʉnɪti,kəmjʉnəti
test_003248,kɑdʃɑp,kɑɹdʃɑɹp
test_003249,fɹʌntl̩,fɹʌntəl
test_003250,sɛvəd͡ʒ,sævəd͡ʒ
test_003251,kɑtun,kɑɹtun
test_003252,mɑnə,mɑnə
test_003253,pɛɹəɡɹəneɪʃən,pɛɹɪɡɹɪneɪʃn̩
test_003254,meʒəɹəbəl,mɛʒəɹəbəl
test_003255,pɹɑbləmz,pɹɒbləmz
test_003256,odiəʉ,ɔdiəʊ
test_003257,nəʊmædɪk,noʊmædɪk
test_003258,nɑdɪd,nɒdɪd
test_003259,njuɑns,njʉɐns
test_003260,fɔtɪsɪməʊ,fɔɹtɪsɪmoʊ
test_003261,pɒlikɑbəneɪt,pɑlikɑɹbəneɪt
test_003262,ɹɛfəmeɪʃən,ɹɛfəɹmeɪʃən
test_003263,kəʉkənɐt,kɐʉkənɐt
test_003264,səɡnət͡ʃə,sɪɡnət͡ʃə
test_003265,kɒləd͡ʒəz,kɒlɪd͡ʒɪz
test_003266,leɪbɚd,leɪbəd
test_003267,fəɡɒt,fɚɡɑt
test_003268,tʌf,tɐf
test_003269,melənən,mɛlənɪn
test_003270,ʃeɪvɚ,ʃeɪvə
test_003271,sɐʉl,səʉl
test_003272,dezɪɡnət,dɛzɪɡnət
test_003273,pəɹuk,pəɹuk
test_003274,tok,tɔk
test_003275,mɜdəɹə,mɝdɚɚ
test_003276,daɪvɜd͡ʒənt,dɑevɜd͡ʒənt
test_003277,tɪmɛɹɪti,təmɛɹəti
test_003278,kwɔtə,kwɔɹtɚ
test_003279,lɛd͡ʒɪsleɪt͡ʃɚ,lɛd͡ʒɪslət͡ʃʊə
test_003280,pɹaɪməɹəli,pɹaɪmɛɹəli
test_003281,dɪskənsɜt,dɪskənsɝt
test_003282,bæɡ,bɛɡ
test_003283,ɔtəmeɪʃən,otəmæɪʃən
test_003284,bɒtl̩z,bɑtl̩z
test_003285,koɹɪspɑndəns,kɔɹɪspɔndəns
test_003286,əlɔŋɡeɪt,ɪlɒŋɡeɪt
test_003287,pɑlɪɡlɑt,pɔlɪɡlɔt
test_003288,sød,sɜd
test_003289,dɪspɹəpɔɹʃənətli,dɪspɹəpoʃənətli
test_003290,mɛtsoʊ,mɛtsəʊ
test_003291,nɑkt,nɒkt
test_003292,sis,sis
test_003293,tɛləkəmjutɪŋ,teləkəmjʉtəŋ
test_003294,sækɹɪfaɪsɪz,sækɹɪfaɪsɪz
test_003295,kənɑnɪkəl,kənɒnɪkəl
test_003296,pɑɹli,pɑli
test_003297,bɛst,best
test_003298,ɪnɔɡjʊɹeɪt,ɪnɔɡjəɹet
test_003299,əkø,əkɜ
test_003300,mʌni,mʌni
test_003301,stɹɔŋhoʊld,stɹɒŋhəʊld
test_003302,pɚsɛnt,pəsent
test_003303,ænəlaɪz,ænəlɑez
test_003304,ɡɑblɪn,ɡɒblɪn
test_003305,ʃɑɹdz,ʃɑdz
test_003306,fomətɪv,fomətəv
test_003307,bɪnaɪn,bɪnɑen
test_003308,ɡɹɑɡɹəm,ɡɹɒɡɹəm
test_003309,kɑnstɪtjut,kɔnstɪtjʉt
test_003310,wɪə̯ɹi,wɪɹi
test_003311,sɐʉl,soʊl
test_003312,tək,tɪk
test_003313,fʌndəmənt,fandəmənt
test_003314,aɪsəʊ̯ɡlɒs,aɪsəɡlɑs
test_003315,æɹəʉ,ɛɹɐʉ
test_003316,kɛəɹiz,kɛɹiz
test_003317,kɔntɹədɪktəɹi,kɒntɹədəktəɹi
test_003318,tidiəs,tidiəs
test_003319,dɔmɪtɹi,dɔɹmɪtɔɹi
test_003320,mɐʉ,məʊ
test_003321,əkskɹʉʃiæɪtəŋ,əkskɹʉʃiæɪtɪŋ
test_003322,tɔɹəs,toʊ̯ɹəs
test_003323,mænjʊəli,mænjuəli
test_003324,məkɑbɹə,məkɑb
test_003325,fe,fɛɚ
test_003326,æləʊz,æloʊz
test_003327,dɑevɜd͡ʒənt,daɪvɜd͡ʒənt
test_003328,ɹɪzɝv,ɹɪzɜv
test_003329,tufoʊld,tʉfɐʉld
test_003330,wʌndɚ,wʌndə
test_003331,ɛəɹiə,eɹiə
test_003332,ɑɡɑɹ,eɪɡə
test_003333,depjəti,dɛpjəti
test_003334,fɑɪ̯n,faɪ̯n
test_003335,tɹɑepɔd,tɹaɪpɒd
test_003336,d͡ʒiɔləd͡ʒi,d͡ʒiɒləd͡ʒi
test_003337,ʌnpɹesədentəd,ʌnpɹisədɛntəd
test_003338,jɑtsaɪt,jɑɹtsaɪt
test_003339,d͡ʒiɒləd͡ʒi,d͡ʒiɪɒləd͡ʒi
test_003340,litɚ,litə
test_003341,ɪkaɪnəʊdɜm,ɪkaɪnədɝm
test_003342,bɪheɪvjəɹəl,bɪheɪvjəɹəl
test_003343,wɒpə,wɑpɚ
test_003344,mɔktæɪl,mɑkteɪl
test_003345,sʌðɚn,sʌðən
test_003346,pɑləmɑləd͡ʒi,pɒləmɒləd͡ʒi
test_003347,kɹɛnəleɪt,kɹɛnɛleɪt
test_003348,pɑləsiz,pɒləsiz
test_003349,əlaɪnmənt,əlɑenmənt
test_003350,mɒnətɒnɪk,mɔnətɔnɪk
test_003351,ɡləʊɪŋ,ɡloʊɪŋ
test_003352,noʊbl̩ɪst,nəʊbl̩ɪst
test_003353,ɪəɹɪŋ,ɪəɹɪŋ
test_003354,kənvɜɹtɜɹ,kənvɜtə
test_003355,fɪɹfəli,fɪəfəli
test_003356,kɹɛm,kɹæm
test_003357,pɹɔbəbɪlɪstɪk,pɹɒbəbɪlɪstɪk
test_003358,pɒləsiz,pɒləsiz
test_003359,deɪlaɪt,deɪlaɪt
test_003360,pɹəfeʃənəl,pɹəfɛʃənəl
test_003361,wilhaʊs,wilhaʊs
test_003362,bɛɹɪŋ,bɛəɹɪŋ
test_003363,hɛn,hen
test_003364,ɹut,ɹʉt
test_003365,səvæ̝ɪə,sɚveɪ̯ɚ
test_003366,ɪmɜd͡ʒ,ɪmɝd͡ʒ
test_003367,pɑɹməʒɑnə,pɑmɪdʒɑnə
test_003368,bʊɹdən,bʊədən
test_003369,kotəsɒl,kotɪsɔl
test_003370,pɒsəbəl,pɒsəbəl
test_003371,fɔk,fɔɹk
test_003372,mizəlz,mizəlz
test_003373,dəlæɪ,dɪleɪ
test_003374,kæɹid,kæɹɪd
test_003375,ɑftəwɜd,æftɚwɝd
test_003376,luphoʊl,luphəʊl
test_003377,masəsɔɡə,mæsəsɔɡə
test_003378,ɡɹæn,ɡɹæn
test_003379,hɑɹtstɹɪŋz,hɑtstɹɪŋz
test_003380,pɛdəɡɒd͡ʒi,pɛdəɡɑd͡ʒi
test_003381,lɛŋkθənɪŋ,lɛŋkθənɪŋ
test_003382,mɒkteɪl,mɑkteɪl
test_003383,kənsɝvətɪv,kənsɜvətɪv
test_003384,sɛtɚ,sɛtə
test_003385,uk,uk
test_003386,sɛpəlkə,sɛpəlkɚ
test_003387,bɹiðɪŋ,bɹiðɪŋ
test_003388,spɛndθɹɪft,spɛndθɹɪft
test_003389,stʌbənnəs,stʌbɚnnəs
test_003390,boʊnz,bəʊnz
test_003391,tɛkstbʊk,tekstbʊk
test_003392,steɪtəs,steɪtəs
test_003393,əɹəʊbɪks,əɹoʊbɪks
test_003394,kɔnstɪtjʉt,kɑnstɪtjut
test_003395,sɪbəɹɪtɪk,sɪbəɹɪtɪk
test_003396,deəz,dez
test_003397,eɪmɒɹəl,eɪmɔɹəl
test_003398,olbiɪt,ɔlbiɪt
test_003399,mʌltɪvɝsl̩,mʌltɪvɜsl̩
test_003400,ɑltɝnətɪv,ɔltɜnətɪv
test_003401,kənfjuz,kənfjuz
test_003402,æmbɪɡjuəs,æmbɪɡjuəs
test_003403,twɛntiəθ,twɛntiəθ
test_003404,pɔŋ,pɔŋ
test_003405,pɹɒsəkjʉʃən,pɹɑsɪkjuʃən
test_003406,ɡɹæn,ɡɹɛn
test_003407,sæɪdəzəm,seɪdɪzəm
test_003408,səpoʊzɪŋ,səpəʊzɪŋ
test_003409,ðɛəɹəbaʊt,ðɛɹəbaʊt
test_003410,mɐmə,mɑmə
test_003411,ɹɪspɛktɪv,ɹɪspektɪv
test_003412,ɹəspɒnsəbələti,ɹɪspɑnsəbɪləti
test_003413,ɑməməntɛəɹiəm,ɑɹməməntɛɹiəm
test_003414,pɹaɪməɹi,pɹaɪməɹi
test_003415,ɑməd,ɑɹmɚd
test_003416,pɛdəɡɑd͡ʒi,pɛdəɡɒd͡ʒi
test_003417,hʌɪəʊsʌɪəmin,haɪəsaɪəmin
test_003418,ɔlɹaɪt,ɔlɹaɪt
test_003419,pɝ,pɜ
test_003420,pɔŋ,pɔŋ
test_003421,pæpɑɹdɛleɪ,pæpɑdɛleɪ
test_003422,təmɛɹəti,tɪmɛɹɪti
test_003423,njuɑns,njuɑns
test_003424,ɒɹeɪʃən,ɔɹeɪʃən
test_003425,sɪɹiəlaɪz,sɪəɹiəlaɪz
test_003426,tɑləɹəbl̩,tɒləɹəbl̩
test_003427,əɹɪd͡ʒɪnəl,əɹəd͡ʒənəl
test_003428,ɡlɔɹi,ɡloɹi
test_003429,led͡ʒɪslətɪv,lɛd͡ʒɪsleɪtɪv
test_003430,ɹɛpɹɪzɛnt,ɹepɹɪzent
test_003431,æməɹænθ,æməɹænθ
test_003432,pɔlɪtɪʃənz,pɑlətɪʃənz
test_003433,pɛpə,pɛpɚ
test_003434,ɔtəmeɪtɪd,ɔtəmeɪtɪd
test_003435,mɒθs,mɔθs
test_003436,koʊɪnsədənt,kəʊɪnsɪdənt
test_003437,blɛəz,blez
test_003438,twɝl,twøl
test_003439,nɑmɪneɪt,nɒmɪneɪt
test_003440,mənɑpsəni,mənɒpsəni
test_003441,ɛləmənts,ɛlɪmənts
test_003442,mɛntɔ,mento
test_003443,swɪt͡ʃbæk,swɪt͡ʃbæk
test_003444,sɪmetɹɪkəl,səmɛtrəkəl
test_003445,ɹed͡ʒəstə,ɹɛd͡ʒɪstə
test_003446,nɪɡəʉʃiæɪt,nəɡəʊʃieɪt
test_003447,stændɚdɪzeɪʃən,stændədɑezæɪʃən
test_003448,blɛnd,blænd
test_003449,sɜkəmstæns,sɜkəmstəns
test_003450,æməɹænθ,æməɹænθ
test_003451,skapjʊlə,skæpjəlɚ
test_003452,æsɪdoʊfɪlɪk,æsɪdəʊfɪlɪk
test_003453,mænjuəli,mænjʊəli
test_003454,wɜkpis,wɜɹkpis
test_003455,kəlɔmətə,kɪlɑmɪtəɹ
test_003456,nɛtɪzən,netɪzən
test_003457,əbd͡ʒɛktɪv,əbd͡ʒektəv
test_003458,kɹɒsəŋ,kɹɒsɪŋ
test_003459,steɪtəs,stæɪtəs
test_003460,jubɪkwɪtəs,jubɪkwɪtəs
test_003461,ɔtɪstɪk,ɔtɪstɪk
test_003462,kloʊðɪŋ,kləʊðɪŋ
test_003463,taɪɹoʊ,taɪɹəʊ
test_003464,ɪɹɪspɒnsəbli,ɪɹɪspɑnsəbli
test_003465,vɪʒʊəlaɪz,vɪʒuəlaɪz
test_003466,ɹəʉl,ɹoʊl
test_003467,viəkl̩z,viɪkl̩z
test_003468,mɪsɪntɜpɹɪt,mɪsɪntɝpɹɪt
test_003469,fləʊteɪʃən,floʊteɪʃən
test_003470,pɪnkʊʃn̩,pɪnkʊʃən
test_003471,ɪmpɜmɪəbəl,ɪmpɜmɪəbəl
test_003472,ɹɛd͡ʒɪstə,ɹed͡ʒɪstə
test_003473,piskipə,piskipɚ
test_003474,məʊlasɪz,məlæsɪz
test_003475,tɹaɪpɑd,tɹaɪpɒd
test_003476,pɒlɪtɪʃənz,pɔlɪtɪʃənz
test_003477,ɐnsøtənti,ʌnsɜtənti
test_003478,koɹɪspɑndəns,kɒɹɪspɒndəns
test_003479,mæsəsɔɡə,masəsɔɡə
test_003480,dɑtɪd,dɑɹtɪd
test_003481,ɹɛtəɹ,ɹɛtə
test_003482,oʊpənɚ,əʉpənə
test_003483,tɔk,tok
test_003484,kənɡlɑmɚət,kənɡlɒməɹɪt
test_003485,kɹæm,kɹæm
test_003486,dɪskɐst,dɪskʌst
test_003487,ɹəʊdənt,ɹoʊdənt
test_003488,kwɑlɪfɪkeɪʃənz,kwɒlɪfɪkeɪʃənz
test_003489,sɛpəɹæɪt,sɛpəɹeɪt
test_003490,lɪŋɡə,lɪŋɡɚ
test_003491,bɛlhɑp,bɛlhɒp
test_003492,teləkəmjʉtəŋ,teləkəmjʉtɪŋ
test_003493,ɪkskɹuʃieɪtɪŋ,əkskɹʉʃiæɪtɪŋ
test_003494,pɛɹədaɪm,pæɹədɑem
test_003495,fed,fed
test_003496,tɒksɪn,tɑksɪn
test_003497,nesəseɹəli,nɛsəsɛɹəli
test_003498,daɪkɒtəməs,dɑekɔtəməs
test_003499,ʌnkʌmftəbl̩,ʌnkʌmfɚtəbl̩
test_003500,kuθ,kuθ
test_003501,d͡ʒiɒləd͡ʒi,d͡ʒiɔləd͡ʒi
test_003502,wɪə̯ɹi,wiə̯ɹi
test_003503,mɐf,mʌf
test_003504,bleəz,blez
test_003505,kɔnfleɪks,kɔɹnfleɪks
test_003506,ɹəʉdənt,ɹɐʉdənt
test_003507,ɪntɝnmənt,ɪntɜnmənt
test_003508,sɝmɛt,sɜmɛt
test_003509,ɛɚweɪ,ɛəweɪ
test_003510,fəʉkəst,foʊkəst
test_003511,wɔmɪst,wɔɹmɪst
test_003512,skɛlətəl,skɛlɪtəl
test_003513,sækɹəlɪd͡ʒəs,sækɹəlɪd͡ʒəs
test_003514,səʊlləs,soʊlləs
test_003515,koɹtɪsɔl,kotɪsɔl
test_003516,θɪŋkə,θɪŋkɚ
test_003517,mʌnɪtəɹi,mɑnɪtɛɹi
test_003518,moʊdəs,məʉdəs
test_003519,aɪsɑsəliz,aɪsɒsəliz
test_003520,sɪləkɑn,sɪləkɒn
test_003521,njut,njʉt
test_003522,bidɑn,bidɒn
test_003523,huli,huli
test_003524,plʊəɹə,plʊɹə
test_003525,kɑstə,kɒstə
test_003526,daɪkɑtəmi,daɪkɒtəmi
test_003527,tæɪkəwæɪ,teɪkəweɪ
test_003528,sɐðəli,sʌðɚli
test_003529,wɑbəli,wɒbəli
test_003530,zaɪɡəʊt,zaɪɡoʊt
test_003531,səveɪə,səvæ̝ɪə
test_003532,antəʉld,ʌntəʊld
test_003533,nɑnəd͡ʒɪnɛriən,nɒnəd͡ʒɪnɛrɪən
test_003534,soʊl,səʉl
test_003535,wɝkmən,wɜkmən
test_003536,hæɹiə,hɛɹiə
test_003537,skwikəɹ,skwikə
test_003538,pælɚ,pælə
test_003539,fɛɚ,fɛə
test_003540,sɔb,sɔɹb
test_003541,pɹikəndɪʃən,pɹikəndɪʃən
test_003542,hupu,hupu
test_003543,ədvæns,ədvæns
test_003544,ɛkskəveɪtɚ,ɛkskəveɪtə
test_003545,dɪsəlaʊ,dɪsəlæɔ
test_003546,hoʊnd,həʊnd
test_003547,oɡənɑezæɪʃən,ɔɡənaɪzeɪʃən
test_003548,ɛnəmi,enəmi
test_003549,ɹɪzɜv,ɹɪzɝv
test_003550,pɛɹɪɡɹɪneɪʃn̩,pɛɹəɡɹəneɪʃən
test_003551,pɒləsiz,pɒləsiz
test_003552,kɹɒs,kɹɒs
test_003553,ɪnspɚeɪʃən,ɪnspəɹæɪʃən
test_003554,mɒnətəʊn,mɔnətəʉn
test_003555,fɑ̟ɪ̯nd,faɪ̯nd
test_003556,ænəlɒɡ,ænəlɔɡ
test_003557,pɹəd͡ʒɛktə,pɹəd͡ʒektə
test_003558,huɛvə,huɛvɚ
test_003559,æpəlusə,æpəlusə
test_003560,ɡɹæʊndbɹæɪkəŋ,ɡɹaʊndbɹeɪkɪŋ
test_003561,ʍɪpɚwɪl,wɪpəwɪl
test_003562,ɡɜd͡ʒiz,ɡɝd͡ʒiz
test_003563,kəɹeɪd͡ʒəs,kəɹæɪd͡ʒəs
test_003564,tɜmɪneɪtə,tɜmɪnæɪtə
test_003565,sɐðɘli,sɐðəli
test_003566,eəwæɪ,ɛɚweɪ
test_003567,ɹɛzəljuʃən,ɹɛzəluʃən
test_003568,ɹɒb,ɹɒb
test_003569,bəɹɒmɪtəɹ,bəɹɑmətɚ
test_003570,kənd͡ʒekt͡ʃə,kənd͡ʒɛkt͡ʃə
test_003571,bɑdz,bɑɹdz
test_003572,klɛvə,klɛvɚ
test_003573,mɑnətɑnɪk,mɒnətɒnɪk
test_003574,wɪðstʊd,wɪðstʊd
test_003575,ɡlɔɹi,ɡloɹi
test_003576,fɪkst͡ʃə,fɪkst͡ʃə
test_003577,wiə̯ɹi,wɪɹi
test_003578,ɹefəɹənsəz,ɹefəɹənsɪz
test_003579,kɑɹtun,kɑtun
test_003580,æmbɪɡjuəs,ɛmbəɡjʉəs
test_003581,ɹɛfəɹi,ɹɛfəɹi
test_003582,vɪzɪɹ,vɪzɪə
test_003583,ænəlɔɡ,ɛnəlɒɡ
test_003584,sɝkəmskɹɪpʃən,sɜkəmskɹɪpʃən
test_003585,ɹɪzɒlvd,ɹɪzɑlvd
test_003586,ɪnsaɪ̯t,ɪnsaɪ̯t
test_003587,d͡ʒoʊɹəm,d͡ʒɔɹəm
test_003588,ɹəʊtɪfə,ɹoʊtɪfɚ
test_003589,stæɪkhɐʉldə,steɪkhoʊldɚ
test_003590,əlʊəɹɪŋ,əlʊɹɪŋ
test_003591,əd͡ʒɔɪnɪŋ,əd͡ʒoɪnɪŋ
test_003592,bɪɡæn,bɪɡæn
test_003593,fɹoʊ,fɹəʊ
test_003594,pɹɔbəbɪlɪstɪk,pɹɑbəbɪlɪstɪk
test_003595,ɪvɒlv,ɪvɑlv
test_003596,kɹæɡzmɛn,kɹæɡzmən
test_003597,kəɹektli,kəɹɛktli
test_003598,hɒvə,hɔvə
test_003599,kɑstl̩,kɒstl̩
test_003600,sɪlæntɹəʊ,sɪlɑntɹoʊ
test_003601,diəʊ,dioʊ
test_003602,pɐf,pʌf
test_003603,weɪvəɹ,weɪvə
test_003604,ɪlektə,ɪlɛktə
test_003605,dɑekɔtəmi,daɪkɒtəmi
test_003606,ɛɡzɛmplə,ɛɡzɛmplɑɹ
test_003607,təɹeɪn,təɹæɪn
test_003608,æɹəʊ,ɛɹɐʉ
test_003609,ʃɔɹthænd,ʃɔthænd
test_003610,tʉfəʉld,tʉfɐʉld
test_003611,klɒt,klɑt
test_003612,sɪɡnɪt͡ʃə,sɪɡnət͡ʃə
test_003613,tɹaɪpɑd,tɹɑepɒd
test_003614,bed,bɛd
test_003615,dɑɹtɪd,dɑtɪd
test_003616,pɹəʊzɪt,pɹoʊzɪt
test_003617,mɒnətɒnɪk,mɒnətɒnək
test_003618,mɛʒəɹəbəl,meʒəɹəbəl
test_003619,ɹefəɹənsɪz,ɹɛfəɹənsɪz
test_003620,əmbɪtəɹ,ɪmbɪtə
test_003621,saɪteɪʃn̩,saɪteɪʃən
test_003622,mɑkteɪl,mɔktæɪl
test_003623,æntisoʊʃəl,æntisəʊʃəl
test_003624,pɑts,pɒts
test_003625,kəmpjutɚ,kəmpjutə
test_003626,əneməni,ənɛməni
test_003627,hɪɹoʊɪk,hɪɹəʊɪk
test_003628,eɹɪθimə,ɛɹɪθimə
test_003629,bɛnt͡ʃ,bent͡ʃ
test_003630,θoɹn,θɔn
test_003631,fɪniəl,fɪniəl
test_003632,pɹɒsɪkjuʃən,pɹɒsəkjʉʃən
test_003633,ɹɪspɔnsəbɪləti,ɹəspɒnsəbələti
test_003634,ʌntəʊld,antəʉld
test_003635,klɔt,klɒt
test_003636,mæmə,mɐmə
test_003637,əntəɡɹæɪt,ɪntəɡɹæɪt
test_003638,skul,skul
test_003639,sɝtɪfɪkeɪʃən,sɜtɪfɪkeɪʃən
test_003640,ætəmɪsɪti,ætəmɪsɪti
test_003641,ɹəneɪsəns,ɹɛnəsɑns
test_003642,teləkəmjʉtɪŋ,teləkəmjʉtəŋ
test_003643,pæɪtɹiət,peɪtɹiət
test_003644,sɛɡ,sæɡ
test_003645,abɪtəɹ,ɑbɪtəɹ
test_003646,hɛmpstə,hæmpstə
test_003647,ɪmpətɜbəbl̩,ɪmpəɹtɜɹbəbəl
test_003648,pɹɒm,pɹɑm
test_003649,ɛmpəɹə,empəɹə
test_003650,mɛtɹənoʊm,mɛtɹənəʊm
test_003651,skændələs,skændələs
test_003652,le,lɛɚ
test_003653,steɪkhəʊldə,stæɪkhəʉldə
test_003654,bɑɹk,bɑk
test_003655,taɪpɒɡɹəfi,taɪpɑɡɹəfi
test_003656,tɛmpɚət͡ʃɚ,tɛmpəɹət͡ʃə
test_003657,ɔltəkeɪʃn̩,ɔltɚkeɪʃən
test_003658,vɔləntɪə,vɑləntɪɹ
test_003659,kəʉl,kɐʉl
test_003660,kɪlɒmɪtə,kɪlɑmɪtəɹ
test_003661,weɪstland,wæestlɛnd
test_003662,bəʉ̯ɡəs,bəʊ̯ɡəs
test_003663,eəwæɪ,ɛəweɪ
test_003664,səɡnət͡ʃə,sɪɡnɪt͡ʃə
test_003665,ʃɑdz,ʃɑɹdz
test_003666,tufəʊld,tʉfəʉld
test_003667,ɹɪmɔɹə,ɹimɔɹə
test_003668,t͡ʃeɪ̯mbɚ,t͡ʃeɪ̯mbə
test_003669,le,lɛə̯
test_003670,ænti,ænti
test_003671,lɪbɚtiz,lɪbɪtiz
test_003672,skʌldʌɡəɹi,skʌldʌɡəɹi
test_003673,əblɪtəɹeɪtɪd,əblɪtəɹeɪtɪd
test_003674,pɑtɪkl̩,pɑɹtəkəl
test_003675,ɹədjʉsəz,ɹɪdjʉsɪz
test_003676,dioʊ,diəʊ
test_003677,aɪkɔ,aɪkɔɹ
test_003678,wɪðɚd,wɪðəd
test_003679,wɒpə,wɒpə
test_003680,tjubɜkjʊləʊsɪs,tʃʉbøkjəlɐʉsəs
test_003681,skul,skʉl
test_003682,tɑpɪks,tɒpɪks
test_003683,kənd͡ʒɛkt͡ʃɚ,kənd͡ʒɛkt͡ʃə
test_003684,səfɑes,səfaɪs
test_003685,ɡəfo,ɡəfɔ
test_003686,kɑɹtəlɪd͡ʒ,kɑtɪlɪd͡ʒ
test_003687,baɪə,baɪəɹ
test_003688,soʊl,sɐʉl
test_003689,dɒd͡ʒ,dɑd͡ʒ
test_003690,pɹikəndɪʃən,pɹikəndɪʃən
test_003691,kənɔnɪkəl,kənɒnəkəl
test_003692,moʊdəs,mɐʉdəs
test_003693,məʉdəs,mɐʉdəs
test_003694,səpɹɛʃən,səpɹeʃən
test_003695,sɪləkɒn,sɪləkɑn
test_003696,fomətəv,foɹmətɪv
test_003697,pɹəpəʉz,pɹəpəʊz
test_003698,beəli,bɛɹli
test_003699,lɑbz,lɒbz
test_003700,nɔtɪləs,nɔtɪləs
test_003701,ɐnsøtənti,ʌnsɝtənti
test_003702,ku,ku
test_003703,dɪskɹepənsi,dəskɹepənsi
test_003704,kuli,kʉli
test_003705,kɹɑsɪŋ,kɹɒsɪŋ
test_003706,loʊdz,ləʊdz
test_003707,klɛvənəs,klɛvɚnəs
test_003708,ød,ɜɹd
test_003709,ɔɡænzə,ɔɹɡænzə
test_003710,lɝkɚ,lɜkə
test_003711,melənən,melənɪn
test_003712,pɑləsiz,pɒləsiz
test_003713,plænɪt,plænət
test_003714,fɑstə,fæstɚ
test_003715,ɪlɛkt,ɪlɛkt
test_003716,best,bɛst
test_003717,fɹi,fɹi
test_003718,flɛʃlɑet,flæʃlaɪt
test_003719,tøbjələnt,tɝbjələnt
test_003720,klæmɚ,klæmə
test_003721,ʃeɪvə,ʃeɪvɚ
test_003722,ɡɹɪdlɒk,ɡɹɪdlɑk
test_003723,hæŋ,hæŋ
test_003724,tæmbɹə,tɪmbə
test_003725,ɹed͡ʒɪstə,ɹɛd͡ʒɪstɚ
test_003726,fjunəɹɛɹi,fjunəɹəɹi
test_003727,əljud,əlʉd
test_003728,hæŋ,hɛŋ
test_003729,ɡɹəʊn,ɡɹɐʉn
test_003730,sæɡ,sɛɡ
test_003731,dəfaɪl,dɪfaɪl
test_003732,pɹɑeməɹɪli,pɹaɪməɹəli
test_003733,ɹed͡ʒəstə,ɹɛd͡ʒɪstɚ
test_003734,ɪntəɡɹeɪt,ɪntəɡɹæɪt
test_003735,ʃoʊkeɪs,ʃəʊkeɪs
test_003736,d͡ʒɑp,d͡ʒɑɹp
test_003737,lɛkt͡ʃɚ,le̝kt͡ʃɘ
test_003738,kləʊðɪŋ,kloʊðɪŋ
test_003739,ɡæɡ,ɡæɡ
test_003740,moʊ,məʊ
test_003741,sækɹɪfɑesɪz,sækɹɪfaɪsɪz
test_003742,kɔmpjʊtæɪʃənəl,kɒmpjʊteɪʃənəl
test_003743,sɝfɪt,sɜfɪt
test_003744,ɜθʃaɪn,ɜɹθʃaɪn
test_003745,ɡɹɛn,ɡɹæn
test_003746,kɑz,kɑɹz
test_003747,spəʊlieɪʃn̩,spoʊlieɪʃən
test_003748,nəpɛnθi,nɪpɛnθi
test_003749,ɪmɝd͡ʒ,ɪmɜd͡ʒ
test_003750,læŋɡwəd,læŋɡwɪd
test_003751,ælbəm,ɛlbəm
test_003752,t͡ʃɑɹpi,t͡ʃɑpi
test_003753,bɔɪləɹpleɪt,bɔɪləpleɪt
test_003754,ɹɛd͡ʒɪstɹeɪʃən,ɹed͡ʒɪstɹæɪʃən
test_003755,kændɪdəsi,kændɪdəsi
test_003756,sævəd͡ʒ,sævɪd͡ʒ
test_003757,ɡɑdinjə,ɡɑɹdinjə
test_003758,teknɪkəl,tɛknɪkəl
test_003759,doʊnɚ,dəʊnə
test_003760,nɒstæld͡ʒə,nɑstæld͡ʒə
test_003761,əpis,əpis
test_003762,ɛnti,ænti
test_003763,ænəlɒɡ,ænəlɔɡ
test_003764,hæɡ,hæɡ
test_003765,uk,uk
test_003766,bodwok,bɔdwɔk
test_003767,ɪməʊʃənəl,ɪmoʊʃənəl
test_003768,ʌndɚsɝv,ɐndəsɜv
test_003769,æmbɪɡjʉəs,ɛmbəɡjʉəs
test_003770,ɪntɜpɹɪtə,ɪntɝpɹɪtɚ
test_003771,wɝʃɪpfl̩,wɜʃɪpfl̩
test_003772,ɹæspi,ɹɑspɪ
test_003773,ədvæns,ədvɑns
test_003774,flæɪvə,fleɪvə
test_003775,ɒbd͡ʒɛktɪv,əbd͡ʒektɪv
test_003776,kɐʉkənɐt,kəʉkənɐt
test_003777,pɑzɪtɪvɪzm,pɒzɪtɪvɪzm
test_003778,wɔblə,wɔɹbləɹ
test_003779,ədvæns,ədvɑns
test_003780,blɒɡ,blɑɡ
test_003781,ɪnfɔɹmd,ɪnfɔmd
test_003782,θoʊl,θəʊl
test_003783,nesəseɹəli,nɛsəsəɹɪli
test_003784,ɹaʊ̯nd,ɹaʊ̯nd
test_003785,kʌvəɹɪdʒ,kɐvəɹɪdʒ
test_003786,kɒləd͡ʒəz,kɑlɪd͡ʒɪz
test_003787,lɛvɚ,livə
test_003788,stɛɚ,ste
test_003789,vəʊsɪfəɹəs,voʊsɪfəɹəs
test_003790,kɹɒp,kɹɑp
test_003791,le̝kt͡ʃɘ,lɛkt͡ʃɚ
test_003792,hɔkə,hɔkɚ
test_003793,ɪnfɹəstɹʌkt͡ʃɚ,ɪnfɹəstɹɐkt͡ʃə
test_003794,ɐndəsɜv,ʌndɚsɝv
test_003795,lɛm,læm
test_003796,duli,dʒʉli
test_003797,bɜɹdz,bɜdz
test_003798,dɛpjəti,dɛpjəti
test_003799,ʌmpaɪəɹ,ɐmpɑeəɹ
test_003800,skaʊəɹɪŋ,skaʊɚɪŋ
test_003801,flæp,flɛp
test_003802,wɔmli,wɔɹmli
test_003803,ɛɡzɪstɛnʃəlɪzəm,ɛɡzəstɛntʃəlɪzəm
test_003804,kɔmpæɔnd,kɑmpaʊnd
test_003805,daɪkɑtəməs,daɪkɒtəməs
test_003806,djuəʊ,duoʊ
test_003807,ɛntisɐʉʃəl,æntisəʊʃəl
test_003808,ɑbvi,ɒbvi
test_003809,ɐnfosin,ʌnfɔɹsin
test_003810,ɔɹdɪnɛɹɪli,ɔdɪnæɹɪli
test_003811,e̝mpɘɹɘ,ɛmpəɹə
test_003812,ɹɛspəɹətɔɹi,ɹɪspɪɹətəɹi
test_003813,ʃɹɐɡ,ʃɹʌɡ
test_003814,kɒmpəzət,kɔmpəzɪt
test_003815,litə,litɚ
test_003816,kɒɹɪspɒndəns,koɹɪspɑndəns
test_003817,səʉl,səʊl
test_003818,eɡzɜpt,ɛɡzɜpt
test_003819,kænɪbəlaɪz,kænɪbəlɑez
test_003820,kəɹəʉsɪv,kəɹoʊsɪv
test_003821,e̝mpɘɹɘ,empəɹə
test_003822,ɹəvin,ɹəvin
test_003823,fəʊbiə,foʊbiə
test_003824,ɛnəlaɪz,ænəlɑez
test_003825,ɪnfɜm,ɪnfɜɹm
test_003826,pɹɛzəveɪʃən,pɹɛzɚveɪʃən
test_003827,ɪmpətjunɪti,ɪmpəɹtjunɪti
test_003828,lɪbɪtiz,lɪbɚtiz
test_003829,fe,fɛə
test_003830,faðəm,fæðəm
test_003831,stɒpt,stɑpt
test_003832,spɑɹkəl,spɑkəl
test_003833,tɹɑepɔd,tɹaɪpɑd
test_003834,æpləkæɪʃən,æplɪkeɪʃən
test_003835,pɹoʊɡɹæm,pɹəʊɡɹæm
test_003836,kɒt͡ʃɪnil,kɑt͡ʃɪniəl
test_003837,sʌbɑptɪməl,sʌbɒptɪməl
test_003838,ælbəm,ælbəm
test_003839,pɔpjəlæɪt,pɑpjəleɪt
test_003840,ælbəm,ælbəm
test_003841,eləmənt,ɛləmənt
test_003842,mɐʉ,moʊ
test_003843,ɪmbɔdi,ɪmbɒdi
test_003844,ɪlɛktə,ɪlɛktɚ
test_003845,ɪɹɛɡjəlɛɹɪti,ɪɹɛɡjʊlæɹɪti
test_003846,ɔlbiɪt,olbiɪt
test_003847,vjuə,vjuɚ
test_003848,bɛdɹum,bɛdɹum
test_003849,ænti,ænti
test_003850,hʊkə,hʊkɚ
test_003851,pɛɹəniəl,pɛɹoʊniəl
test_003852,fəʊkəst,fɐʉkəst
test_003853,ænəlɑez,ænəlaɪz
test_003854,diəti,diɪti
test_003855,ste,steə
test_003856,ɔɹdeɪnd,ɔdeɪnd
test_003857,ɡɹɪdlɑk,ɡɹɪdlɒk
test_003858,tʌft,tɐft
test_003859,səfaɪs,səfɑes
test_003860,mɐmə,mæmə
test_003861,æplɪkeɪʃən,ɛpləkæɪʃən
test_003862,loʊɚ,ləʊə
test_003863,læŋɡə,læŋɡɚ
test_003864,bed,be̝d
test_003865,kləʉk,kləʊk
test_003866,fʉl,ful
test_003867,leɪə,le
test_003868,ɛləmənts,eləmənts
test_003869,kənd͡ʒekt͡ʃə,kənd͡ʒɛkt͡ʃɚ
test_003870,tændʊɹi,tændʊəɹi
test_003871,ʌmpaɪɹ,ɐmpɑeəɹ
test_003872,əlud,əlʉd
test_003873,eɹəʉdɑenæmɪk,ɛəɹəʊdaɪnæmɪk
test_003874,ænəmɑsɪti,ænɪmɒsɪti
test_003875,blez,blɛəɹz
test_003876,wɒdɪŋ,wɑdɪŋ
test_003877,wɝldz,wɜldz
test_003878,jubɪkwɪtəs,jubɪkwɪtəs
test_003879,tʃʉbɜkjələʉsəs,tʃʉbøkjəlɐʉsəs
test_003880,ɡɹæʊndbɹæɪkəŋ,ɡɹæɔndbɹæɪkɪŋ
test_003881,ʌnfɔsin,ɐnfosin
test_003882,tɪmbə,tæmbɹə
test_003883,slæm,slɛm
test_003884,kændɪdəsi,kændədəsi
test_003885,daɪkɒtəmi,daɪkɒtəmi
test_003886,vælətudɪnɛəɹiən,vælətudənɛɹiən
test_003887,sloʊpɪŋ,sləʊpɪŋ
test_003888,æmbɪʃən,æmbɪʃən
test_003889,t͡ʃɑpi,t͡ʃɑɹpi
test_003890,pəɹɑksaɪd,pəɹɔksɑed
test_003891,tubɝkjʊloʊsɪs,tjubɜkjʊləʊsɪs
test_003892,kaɪɹəpɹæktɚ,kɑɪɹəpɹæktəɹ
test_003893,led͡ʒɪslətɪv,lɛd͡ʒɪslətɪv
test_003894,pɛɹɪɡɔɹɪk,pæɹɪɡɒɹɪk
test_003895,dɛm,dæm
test_003896,æpəlusə,æpəlusə
test_003897,pɹɛdnɪsələʊn,pɹɛdnɪsəloʊn
test_003898,tɜməɹɪk,tɝmɚɪk
test_003899,ful,fʉl
test_003900,tidɪəs,tidiəs
test_003901,kɑnd͡ʒʌŋktaɪvəl,kɒndʒʌŋktʌɪvəl
test_003902,ləpɛl,ləpel
test_003903,ɪntənet,ɪntənɛt
test_003904,wɒt͡ʃfəl,wɔt͡ʃfəl
test_003905,welnɪs,wɛlnɪs
test_003906,sloʊɡən,sləʊɡən
test_003907,mæp,mɛp
test_003908,ɪɹɪŋ,iəɹəŋ
test_003909,ænəlaɪz,ænəlaɪz
test_003910,ʌnwɑntɪd,ʌnwɒntɪd
test_003911,kloʊk,kləʊk
test_003912,koʊn,kəʊn
test_003913,skɪpɚ,skɪpə
test_003914,fɜɹi,fɜɹi
test_003915,dɑŋki,dɒŋki
test_003916,sækəɹɪn,sækəɹaɪn
test_003917,huli,huli
test_003918,festəvəl,festəvəl
test_003919,kʌstəmɚz,kʌstəməz
test_003920,miɡɚ,miɡə
test_003921,tɝmɪneɪtɚ,tɜmɪnæɪtə
test_003922,ɹɪdjusɪz,ɹɪdjusɪz
test_003923,bælniɑləd͡ʒi,bælniɒləd͡ʒi
test_003924,wɔlnʌt,wɔlnət
test_003925,ænəlɔɡ,ænəlɒɡ
test_003926,aɪkɔɹ,aɪkɔ
test_003927,fɪləbəstər,fɪlɪbʌstəɹ
test_003928,mɪnəməm,mɪnɪməm
test_003929,wɪðəd,wɪðɚd
test_003930,ɑkeɪɪk,ɐkæɪɪk
test_003931,mɑmə,mæmə
test_003932,noʊmɑn,nəʊmɒn
test_003933,lɑksmɪθ,lɒksmɪθ
test_003934,ætəmi,ætəmi
test_003935,ænti,ɛnti
test_003936,əkskɹʉʃiæɪtəŋ,ɪkskɹuʃieɪtɪŋ
test_003937,klɐʉk,kləʉk
test_003938,nɒkʃəs,nɑkʃəs
test_003939,kɹɒkəɹi,kɹɑkəɹi
test_003940,koɹtɪsɔl,kɔtɪsɒl
test_003941,ɹɐʉdənt,ɹəʉdənt
test_003942,kəʊɪnsɪdənt,koʊɪnsədənt
test_003943,fæɡ,fɛɡ
test_003944,ɡɹæɪt,ɡɹeɪt
test_003945,kudəʊ,kudoʊ
test_003946,ʌnfɔɹsin,ɐnfosin
test_003947,haɪdɹɑɡɹəfi,haɪdɹɒɡɹəfi
test_003948,sækɹɪfaɪsɪz,sækɹɪfɑesɪz
test_003949,dæɪnd͡ʒə,deɪnd͡ʒə
test_003950,ɹəspɒnsəbələti,ɹɪspɔnsəbɪləti
test_003951,festəvəl,fɛstɪvəl
test_003952,vɜnəl,vɝnəl
test_003953,pɹɔksɪmət,pɹɒksɪmət
test_003954,əntəɡɹæɪt,ɪntɪɡɹeɪt
test_003955,ɪlɒŋɡeɪt,əlɔŋɡeɪt
test_003956,kɹɪmɪnɒlədʒɪst,kɹɪmənɑlədʒɪst
test_003957,wedɪŋ,wɛdɪŋ
test_003958,kənfɔmɪti,kənfoməti
test_003959,lɪniæɹəti,lɪniæɹəti
test_003960,wɛɹ,wɛə
test_003961,dɑbɪn,dɒbɪn
test_003962,foɹmətɪv,fomətɪv
test_003963,føɹi,fɜɹi
test_003964,æpəθɛtɪk,æpəθɛtɪk
test_003965,kɒntækt,kɑntækt
test_003966,ɔtəʊɛθnəʊɡɹæfɪk,ɔtoʊɛθnəɡɹæfɪk
test_003967,tɜbjələnt,tɜbjələnt
test_003968,peɪtɹiət,pæɪtɹiət
test_003969,wɜɹkpis,wɜkpis
test_003970,mɝdɚɚ,mɜdəɹə
test_003971,mɛp,mæp
test_003972,ɹɛpətɹi,ɹɛpəɹtɔɹi
test_003973,ɪntɪɡɹeɪt,ɪntəɡɹeɪt
test_003974,ʃɑtɡʌn,ʃɒtɡʌn
test_003975,beɪk,bæɪk
test_003976,pɑpjəleɪt,pɒpjʊleɪt
test_003977,kwæɡmɑɪəɹ,kwæɡmaɪəɹ
test_003978,təɹæɪn,təɹeɪn
test_003979,faɪ̯əwɜks,faɪ̯ɚwɝks
test_003980,ɛmbəɡjʉəs,æmbɪɡjʉəs
test_003981,pjʊɹ,pjʉə
test_003982,iəɹəŋ,ɪəɹɪŋ
test_003983,lekt͡ʃə,le̝kt͡ʃɘ
test_003984,mɑbstɚ,mɒbstə
test_003985,moʊ,mɐʉ
test_003986,dɪzɜʃən,dɪzɝʃən
test_003987,pɹɑbəbɪlɪstɪk,pɹɔbəbɪlɪstɪk
test_003988,ɔtəmeɪʃən,otəmæɪʃən
test_003989,ælbətɹɒs,ælbətɹɔs
test_003990,sʌbɒptɪməl,sʌbɑptɪməl
test_003991,ʌnsɝtənti,ɐnsɜtənti
test_003992,məhaʊt,məhaʊt
test_003993,ɹəʊl,ɹəʉl
test_003994,ɛɹəɡənt,æɹəɡənt
test_003995,ɪntɜnmənt,ɪntɝnmənt
test_003996,kɹæɡzmən,kɹæɡzmɛn
test_003997,bɹið,bɹið
test_003998,ɜd,ɜɹd
test_003999,pɹezəvæɪʃən,pɹɛzɚveɪʃən
test_004000,lɛkt͡ʃə,le̝kt͡ʃɘ
test_004001,pəsent,pəsɛnt
test_004002,wæestlɛnd,weɪstland
test_004003,fluɪd,flʉɪd
test_004004,niɡɚ,niɡə
test_004005,ɪnklud,ɪnklud
test_004006,rəʊmants,roʊmænts
test_004007,sʌðəli,sɐðɘli
test_004008,æksɪləɹi,æksɪlɛɹi
test_004009,kəlæps,kəlɛps
test_004010,lɒbz,lɑbz
test_004011,ɪntɝpɹɪtɚ,ɪntɜpɹɪtə
test_004012,dɪsɜnɪŋ,dɪsɜnɪŋ
test_004013,sɜkəs,søkəs
test_004014,dɪfθɪəɹiə,dɪfθɪɹiə
test_004015,dɪsɝnd,dɪsɜnd
test_004016,sɑbɪŋ,sɒbɪŋ
test_004017,ʌpɹut,ʌpɹut
test_004018,ɐkiɔləd͡ʒi,ɑɹkiɑləd͡ʒi
test_004019,toʊ̯ɹəs,toɹəs
test_004020,piskipɚ,piskipə
test_004021,ɹɐʉdənt,ɹəʊdənt
test_004022,ɹəʊl,ɹɐʉl
test_004023,əʊzəʊn,oʊzoʊn
test_004024,kəmpɑzɪt,kɔmpəzɪt
test_004025,moʊ,məʉ
test_004026,loɹdli,lɔdli
test_004027,vɑləntɪɹ,vɔləntɪə
test_004028,kənɑnɪkəl,kənɒnəkəl
test_004029,ælbəm,ælbəm
test_004030,ɐkiɔləd͡ʒi,ɑkiɒləd͡ʒi
test_004031,twøl,twɜl
test_004032,oʊvɚsoʊl,əʊvəsəʊl
test_004033,kwɒlɪfɪkeɪʃənz,kwɑlɪfɪkeɪʃənz
test_004034,əpɒn,əpɒn
test_004035,lɑkɪt,lɒkɪt
test_004036,stæɪtəs,steɪtəs
test_004037,ɔtɒnəməs,otɔnəməs
test_004038,sævɪd͡ʒ,sævəd͡ʒ
test_004039,vəlʌptʃʊəɹi,vəlʌpt͡ʃʊɛɹi
test_004040,dɒsɑ,dɑsɑɹ
test_004041,ɒbd͡ʒɛktɪv,əbd͡ʒektəv
test_004042,səpɹimɐm,səpɹimʌm
test_004043,ɪɡnəʊmɪniəsli,ɪɡnəmɪniəsli
test_004044,supəɹkæləfɹæd͡ʒəlɪstɪkɛkspiælədoʊʃəs,supəkælɪfɹæd͡ʒɪlɪstɪkɛkspiælɪdəʊʃəs
test_004045,ved͡ʒtəbəl,vɛd͡ʒtəbəl
test_004046,ʌnlɛvn̩d,ʌnlɛvənd
test_004047,wɑpɚ,wɒpə
test_004048,netɪzən,nɛtɪzən
test_004049,kɪlɒmɪtə,kəlɒmətə
test_004050,flæʃlaɪt,flɛʃlɑet
test_004051,ɑetəmz,aɪtəmz
test_004052,beli,bɛɹli
test_004053,pəʊt,poʊt
test_004054,pæɪtɹiət,pæɪtɹiət
test_004055,abɪtəɹ,ɑɹbɪtɚ
test_004056,kætəstɹɒfɪk,kætəstɹɑfɪk
test_004057,pɹɒbəbɪlɪstɪk,pɹɒbəbələstək
test_004058,fɛɡ,fæɡ
test_004059,fæɡ,fæɡ
test_004060,fjʊəɹɔ,fjʊɹoɹ
test_004061,nəʊn,nɐʉn
test_004062,bɛnəfæktɚ,bɛnəfæktə
test_004063,ləzɑnjə,ləzænjə
test_004064,skimə,skimə
test_004065,ɛəweɪ,ɛɚweɪ
test_004066,blɑɡ,blɔɡ
test_004067,skɑlɚ,skɒlə
test_004068,seɪvə,seɪvəɹ
test_004069,mɒtli,mɑtli
test_004070,pɒlɪɡlɒt,pɔlɪɡlɔt
test_004071,tʃʉbøkjəlɐʉsəs,tjubɜkjʊləʊsɪs
test_004072,ənɛməni,əneməni
test_004073,floʊtɪd,fləʊtɪd
test_004074,ænəlaɪz,ɛnəlaɪz
test_004075,bʊʃ,bʊʃ
test_004076,ɪəɹɪŋ,iəɹəŋ
test_004077,jɛm,jæm
test_004078,fɛstɪvəl,festəvəl
test_004079,ɹɛd͡ʒɪstɚ,ɹed͡ʒəstə
test_004080,ɹəkaɪtɪs,ɹəkaɪtɪs
test_004081,nəɡəʊʃieɪt,nəɡoʊʃieɪt
test_004082,ɪnoɡjəɹæɪt,ɪnɔɡjʊɹeɪt
test_004083,ɛd͡ʒaɪl,æd͡ʒaɪl
test_004084,stɛɚ,stɛə
test_004085,sænəti,sænəti
test_004086,kɑmbɪneɪʃənz,kɒmbɪneɪʃənz
test_004087,sɔɹtə,sɔtə
test_004088,ɪntɚnɛt,ɪntənɛt
test_004089,ɹɛd͡ʒɪstɚd,ɹɛd͡ʒɪstəd
test_004090,baɪpɑtaɪt,baɪpɑɹtaɪt
test_004091,ɑbɪtəɹ,ɑɹbɪtɚ
test_004092,θɔn,θoɹn
test_004093,fæstɚ,fɑstə
test_004094,fɛə,fɛɚ
test_004095,əbd͡ʒektɪv,ɒbd͡ʒɛktɪv
test_004096,aɪsəɡlɑs,aɪsəʊ̯ɡlɒs
test_004097,pɒlɪtɪʃənz,pɑlətɪʃənz
test_004098,sɛpəlkɚ,sɛpəlkə
test_004099,pɚsɪst,pəsɪst
test_004100,vænəti,vænɪti
test_004101,foɹmətɪv,fomətəv
test_004102,əɹəd͡ʒənəli,əɹɪd͡ʒɪnəli
test_004103,kənɒnɪkəl,kənɔnɪkəl
test_004104,hæɡ,hæɡ
test_004105,bɔðəsəm,bɒðəsəm
test_004106,hʊkə,hʊkɚ
test_004107,nɔmɪnæɪt,nɒmɪneɪt
test_004108,pɹəd͡ʒektə,pɹəd͡ʒɛktɚ
test_004109,səʉl,sɐʉl
test_004110,ɑltɝnətɪv,ɒltønətəv
test_004111,stɹaɪdənt,stɹɑedənt
test_004112,ɜd,ød
test_004113,nɐʉtəbəl,noʊtəbl̩
test_004114,lɔɡəɹiə,lɒɡəɹɪə
test_004115,bʌd͡ʒəɹiɡɑ,bɐd͡ʒəɹiɡɐ
test_004116,ɡɹaʊndbɹeɪkɪŋ,ɡɹæɔndbɹæɪkɪŋ
test_004117,sɛntɛnəɹi,sɛntinəɹi
test_004118,kɹɔs,kɹɒs
test_004119,ɹɪhɜsl̩,ɹɪhɝsl̩
test_004120,ɑbɪtəɹ,abɪtəɹ
test_004121,pɝsɛpt,pɜsɛpt
test_004122,ɑɹkiɑləd͡ʒi,ɐkiɒləd͡ʒi
test_004123,we,wɛɹ
test_004124,iθə,iθɚ
test_004125,sɪnθəsɪs,sənθəsəs
test_004126,pɹiviəs,pɹivɪəs
test_004127,səpɹimʌm,səpɹimɐm
test_004128,hɑepəɹæktɪv,haɪpəɹæktɪv
test_004129,netəzən,nɛtɪzən
test_004130,sʌbsɪkwənt,sʌbsɪkwənt
test_004131,noʊtəbl̩,nɐʉtəbəl
test_004132,bɹeɪdɪkɑɹdiə,bɹædɪkɑɹdiə
test_004133,skeɪlə,skæɪlə
test_004134,pɹəʊɡɹæm,pɹoʊɡɹæm
test_004135,lɪŋɡɚ,lɪŋɡə
test_004136,skʉl,skul
test_004137,kənisɪks,kɪnisɪks
test_004138,ɡɑɹdinjə,ɡɑdinjə
test_004139,ɡæsp,ɡɑsp
test_004140,bæntə,bæntə
test_004141,hɒlihɒk,hɑlihɑk
test_004142,biə̯,bɪə̯
test_004143,θinɑɹ,θinə
test_004144,pɝɡətɔɹi,pɜɡətəɹi
test_004145,flunʌɪtɹeɪzɪpam,flunətɹæzəpæm
test_004146,əbæk,əbæk
test_004147,domɪtɹi,dɔɹmɪtɔɹi
test_004148,tæblɔɪd,tæblɔɪd
test_004149,dɪfɔm,dəfɔɹm
test_004150,əbd͡ʒektəv,əbd͡ʒektɪv
test_004151,ədvæns,ədvæns
test_004152,hɛzɪteɪt,hezətæɪt
test_004153,jubɪkwɪtəs,jʉbɪkwɪtəs
test_004154,tɹɑepɒd,tɹaɪpɒd
test_004155,ɪmjənɑlədʒi,ɪmjʊnɒlədʒi
test_004156,əbd͡ʒektɪv,əbd͡ʒɛktɪv
test_004157,lɒbstə,lɒbstə
test_004158,ɛd͡ʒaɪl,æd͡ʒɑel
test_004159,lɑtə,lɒtə
test_004160,ɪntənɛt,ɪntɚnɛt
test_004161,bɛd,be̝d
test_004162,dɪskɹɛpənsi,dɪskɹepənsi
test_004163,məʉdəs,məʊdəs
test_004164,ɹed͡ʒəstə,ɹed͡ʒɪstə
test_004165,hɑsp,hæsp
test_004166,kɔlɪd͡ʒɪz,kɑlɪd͡ʒɪz
test_004167,ɪnt͡ʃɑntɪd,ɪnt͡ʃæntɪd
test_004168,ʌndəɹɡɹaʊnd,ʌndəɡɹaʊnd
test_004169,koʊæɡjuleɪʃən,kəʊæɡjuleɪʃən
test_004170,ɛnəlaɪz,ænəlaɪz
test_004171,fælændʒ,feɪlændʒ
test_004172,ɪmpɜmɪəbəl,ɪmpɜmɪəbəl
test_004173,hɒvə,hʌvɚ
test_004174,ðiəz,ðɛəz
test_004175,ɘkwɔtɘk,əkwætɪk
test_004176,ɹäɡ,ɹʌɡ
test_004177,kəmjunɪti,kəmjʉnəti
test_004178,æθlit,æθlit
test_004179,ɪnɪkwɪti,ɪnɪkwɪti
test_004180,leɪbəz,leɪbɚz
test_004181,ewæɪ,eəwæɪ
test_004182,fɝθ,fɜθ
test_004183,mɛtɹənəʊm,mɛtɹənoʊm
test_004184,skɜ,skø
test_004185,lɑɹd,lɑd
test_004186,fɛəɹiz,feəɹiz
test_004187,hæləʊpɛɹɪdɒl,hæloʊpɛɹɪdɔl
test_004188,kwæɡmɑɪəɹ,kwæɡmaɪɹ
test_004189,ɛnsɔɹsəl,ɛnsɔsəl
test_004190,kɹɛm,kɹæm
test_004191,ɪnspɪɹeɪʃən,ɪnspəɹæɪʃən
test_004192,kɪlɚ,kɪlə
test_004193,ɒktɒmɪnəʊ,ɑktɑmənoʊ
test_004194,əkskɹʉʃiæɪtəŋ,ɪkskɹuʃieɪtɪŋ
test_004195,dɪskənsɝt,dɪskənsɜt
test_004196,bɑɹkɪŋ,bɑkɪŋ
test_004197,pɔləsiz,pɒləsiz
test_004198,ɹəʉdənt,ɹəʊdənt
test_004199,ɹæm,ɹɛm
test_004200,bɹaʊzəɹs,bɹaʊzəs
test_004201,hæloʊpɛɹɪdɔl,hæləʊpɛɹɪdɒl
test_004202,ʃɔtɡɐ̞n,ʃɑtɡʌn
test_004203,stɹoʊd,stɹəʊd
test_004204,kɹɪmənɑlədʒɪst,kɹɪmɪnɒlədʒɪst
test_004205,mɛtəmoɹfəsɪs,mɛtəmɔfəsɪs
test_004206,ɡləʊd,ɡloʊd
test_004207,snɐf,snʌf
test_004208,θɹupʊt,θɹupʊt
test_004209,mɔɹəʊvə,moɹəʉvə
test_004210,kændədət,kændɪdɪt
test_004211,mɛmwɑɹ,mɛmwɑ
test_004212,ɡɒsɪpɪŋ,ɡɑsɪpɪŋ
test_004213,flʉɪd,fluɪd
test_004214,kænɪbəlaɪz,kænɪbəlaɪz
test_004215,kɒmpəzɪʃən,kɔmpəzɪʃən
test_004216,blɔɡ,blɒɡ
test_004217,ɹɪfɜɹəl,ɹəføɹəl
test_004218,aɪtəmz,aɪtəmz
test_004219,fɛd,fed
test_004220,tɛmpəɹət͡ʃə,tɛmpɚət͡ʃɚ
test_004221,daɪkɒtəmi,dɑekɔtəmi
test_004222,ɛəɹəʊdaɪnæmɪk,eɹəʉdɑenæmɪk
test_004223,dɪstɜɹbəns,dɪstɜbəns
test_004224,wɜdz,wɜɹdz
test_004225,əɹaʊnd,əɹæɔnd
test_004226,haɪdɹɒɡɹəfi,haɪdɹɑɡɹəfi
test_004227,əʊldn̩,oʊldn̩
test_004228,kætəɡəɹaɪz,kætɪɡəɹɑez
test_004229,ɛɡziɡjuiti,ɛɡzɪɡjuɪti
test_004230,kudoʊ,kudəʊ
test_004231,sæɡ,sæɡ
test_004232,kɔɹpsɪkəl,kɔpsɪkəl
test_004233,skø,skɝ
test_004234,hɛksəʊs,hɛksoʊs
test_004235,bændəlɪə,bændəlɪɹ
test_004236,weɪvə,weɪvəɹ
test_004237,bɜɡ,bɝɡ
test_004238,snəʊz,snoʊz
test_004239,kætəstɹɔfɪk,kætəstɹɑfɪk
test_004240,mɪsɪntɝpɹɪt,mɪsɪntɜpɹɪt
test_004241,bɔɡənɪzəm,bɔɹɡənɪzəm
test_004242,kɒnsəleɪʃən,kɑnsəleɪʃən
test_004243,məʊdəs,məʉdəs
test_004244,kɔtɪsɒl,kotəsɒl
test_004245,ku,ku
test_004246,ɪnsaɪ̯t,ɪnsɑe̯t
test_004247,junəsɛks,junɪsɛks
test_004248,ɒltɜnətɪv,ɔltɜnətɪv
test_004249,ɪnspɚeɪʃən,ɪnspɪɹeɪʃən
test_004250,dɪspniə,dɪspniə
test_004251,əpæɹənt,əpæɹənt
test_004252,dɑekɔtəmi,daɪkɑtəmi
test_004253,muʃwɑɹ,muʃwɑ
test_004254,bəʊɡi,boʊɡi
test_004255,ɔnswit,ɒnswit
test_004256,kavənəs,kævɚnəs
test_004257,bɹɪŋkmənʃɪp,bɹɪŋkmənʃɪp
test_004258,tidɪəs,tidiəs
test_004259,kəmpjutə,kəmpjʉtə
test_004260,jutɪlətɛɹiən,jutɪlɪtɛəɹiən
test_004261,ɛntɚteɪnɚ,ɛntəteɪnə
test_004262,steɪkhəʊldə,steɪkhoʊldɚ
test_004263,kɑɹdʃɑɹp,kɑdʃɑp
test_004264,pɹoʊtətɪpɪkəl,pɹəʊtətɪpɪkəl
test_004265,ændɹoʊfɪliə,ændɹəʊfɪliə
test_004266,ɔfɪsɚz,ɒfɪsəz
test_004267,ɛɹɪθimə,ɛɹɪθimə
test_004268,ælbəm,ælbəm
test_004269,wɛlnɪs,welnɪs
test_004270,kɹæm,kɹæm
test_004271,faɪəɹwʊd,fɑeəɹwʊd
test_004272,fjʊəɹʌŋkəl,fjʊɹʌŋkəl
test_004273,lɑdʒɛs,lɑɹdʒɛs
test_004274,sɛɡ,sæɡ
test_004275,dɪspɹəpoʃənətli,dəspɹəpoʃənətli
test_004276,ɡɹaʊlə,ɡɹaʊlɚ
test_004277,ləʊə,loʊɚ
test_004278,tidiəs,tidɪəs
test_004279,pəʃʉt,pəsjut
test_004280,ɑltɝnətɪv,ɒltɜnətɪv
test_004281,sævənt,sævɑnt
test_004282,pɑlikɑɹbəneɪt,pɒlikɑbəneɪt
test_004283,stɑlɪŋ,stɑɹlɪŋ
test_004284,dɪsəplənəɹi,dɪsəplənɛɹi
test_004285,bɪstoʊ,bɪstəʊ
