row_id,name,symbol
tr_00000,fatty acid amide hydrolase,FAAH
tr_00001,ubiquinol-cytochrome c reductase core protein 1,UQCRC1
tr_00002,proteasome assembly chaperone 1,PSMG1
tr_00003,RNA binding motif protein 23,RBM23
tr_00004,luteinizing hormone/choriogonadotropin receptor,LHCGR
tr_00005,keratin associated protein 5-3,KRTAP5-3
tr_00006,junctional adhesion molecule 3,JAM3
tr_00007,uveal autoantigen with coiled-coil domains and ankyrin repeats,UACA
tr_00008,contactin 3,CNTN3
tr_00009,mitochondrially encoded NADH:ubiquinone oxidoreductase core subunit 5,MT-ND5
tr_00010,leucine rich repeat containing 8 VRAC subunit E,LRRC8E
tr_00011,interleukin 9 receptor,IL9R
tr_00012,midline 2,MID2
tr_00013,adaptor related protein complex 2 subunit alpha 1,AP2A1
tr_00014,immunoglobulin superfamily containing leucine rich repeat 2,ISLR2
tr_00015,olfactory receptor family 2 subfamily T member 6,OR2T6
tr_00016,centrosomal protein 164,CEP164
tr_00017,dicarbonyl and L-xylulose reductase,DCXR
tr_00018,guanylate binding protein 1,GBP1
tr_00019,NIMA related kinase 2,NEK2
tr_00020,hedgehog acyltransferase like,HHATL
tr_00021,proprotein convertase subtilisin/kexin type 7,PCSK7
tr_00022,solute carrier family 22 member 7,SLC22A7
tr_00023,adhesion molecule with Ig like domain 3,AMIGO3
tr_00024,solute carrier family 25 member 21,SLC25A21
tr_00025,olfactory receptor family 8 subfamily S member 1,OR8S1
tr_00026,cyclin dependent kinase 11B,CDK11B
tr_00027,serine peptidase inhibitor Kazal type 1,SPINK1
tr_00028,calpain 11,CAPN11
tr_00029,inositol-pentakisphosphate 2-kinase,IPPK
tr_00030,homeobox D10,HOXD10
tr_00031,chloride voltage-gated channel 2,CLCN2
tr_00032,eukaryotic translation initiation factor 4E binding protein 2,EIF4EBP2
tr_00033,RNA polymerase III subunit D,POLR3D
tr_00034,5'-aminolevulinate synthase 1,ALAS1
tr_00035,tryptophan hydroxylase 2,TPH2
tr_00036,inositol polyphosphate-5-phosphatase A,INPP5A
tr_00037,lecithin-cholesterol acyltransferase,LCAT
tr_00038,inositol-trisphosphate 3-kinase B,ITPKB
tr_00039,"ArfGAP with GTPase domain, ankyrin repeat and PH domain 6",AGAP6
tr_00040,adenylosuccinate lyase,ADSL
tr_00041,phospholipase C beta 1,PLCB1
tr_00042,poly(ADP-ribose) polymerase family member 16,PARP16
tr_00043,"troponin T1, slow skeletal type",TNNT1
tr_00044,lymphocyte cytosolic protein 2,LCP2
tr_00045,WD repeat domain 19,WDR19
tr_00046,prothymosin alpha,PTMA
tr_00047,glutamate ionotropic receptor NMDA type subunit associated protein 1,GRINA
tr_00048,olfactory receptor family 7 subfamily G member 2,OR7G2
tr_00049,ribosomal protein S19,RPS19
tr_00050,keratin associated protein 17-1,KRTAP17-1
tr_00051,exosome component 2,EXOSC2
tr_00052,phosphoribosyl pyrophosphate synthetase 1 like 1,PRPS1L1
tr_00053,nucleotide binding oligomerization domain containing 1,NOD1
tr_00054,phosphatidylinositol transfer protein beta,PITPNB
tr_00055,zinc finger protein 554,ZNF554
tr_00056,fibrillin 3,FBN3
tr_00057,DEAD-box helicase 4,DDX4
tr_00058,intercellular adhesion molecule 4 (Landsteiner-Wiener blood group),ICAM4
tr_00059,steroid 5 alpha-reductase 1,SRD5A1
tr_00060,strawberry notch homolog 1,SBNO1
tr_00061,baculoviral IAP repeat containing 3,BIRC3
tr_00062,stimulator of chondrogenesis 1,SCRG1
tr_00063,calreticulin,CALR
tr_00064,synaptotagmin 15,SYT15
tr_00065,churchill domain containing 1,CHURC1
tr_00066,corticotropin releasing hormone,CRH
tr_00067,F-box protein 15,FBXO15
tr_00068,death inducer-obliterator 1,DIDO1
tr_00069,zinc finger protein 141,ZNF141
tr_00070,Rho GTPase activating protein 17,ARHGAP17
tr_00071,sialic acid binding Ig like lectin 7,SIGLEC7
tr_00072,EH domain containing 4,EHD4
tr_00073,"signal peptide, CUB domain and EGF like domain containing 3",SCUBE3
tr_00074,galanin like peptide,GALP
tr_00075,solute carrier family 6 member 1,SLC6A1
tr_00076,solute carrier family 35 member C1,SLC35C1
tr_00077,neurexophilin 3,NXPH3
tr_00078,iroquois homeobox 5,IRX5
tr_00079,chromobox 6,CBX6
tr_00080,serine/threonine kinase 35,STK35
tr_00081,parathyroid hormone like hormone,PTHLH
tr_00082,prostaglandin D2 receptor,PTGDR
tr_00083,LETM1 domain containing 1,LETMD1
tr_00084,zinc finger protein 451,ZNF451
tr_00085,dysbindin domain containing 1,DBNDD1
tr_00086,NK3 homeobox 2,NKX3-2
tr_00087,family with sequence similarity 168 member A,FAM168A
tr_00088,teashirt zinc finger homeobox 2,TSHZ2
tr_00089,kallikrein 1,KLK1
tr_00090,zinc finger and BTB domain containing 7A,ZBTB7A
tr_00091,signal induced proliferation associated 1 like 2,SIPA1L2
tr_00092,kallikrein related peptidase 12,KLK12
tr_00093,ring finger protein 145,RNF145
tr_00094,tumor necrosis factor,TNF
tr_00095,heat shock transcription factor 5,HSF5
tr_00096,profilin 1,PFN1
tr_00097,"short chain dehydrogenase/reductase family 42E, member 1",SDR42E1
tr_00098,sorting nexin 12,SNX12
tr_00099,solute carrier family 25 member 19,SLC25A19
tr_00100,dipeptidyl peptidase like 6,DPP6
tr_00101,cysteine and serine rich nuclear protein 2,CSRNP2
tr_00102,proline rich 16,PRR16
tr_00103,"FYVE, RhoGEF and PH domain containing 4",FGD4
tr_00104,succinate dehydrogenase complex flavoprotein subunit A,SDHA
tr_00105,tripartite motif containing 44,TRIM44
tr_00106,deoxythymidylate kinase,DTYMK
tr_00107,leucine rich repeat containing 61,LRRC61
tr_00108,G protein-coupled receptor class C group 6 member A,GPRC6A
tr_00109,iroquois homeobox 2,IRX2
tr_00110,zinc finger protein 362,ZNF362
tr_00111,protein phosphatase 4 regulatory subunit 4,PPP4R4
tr_00112,olfactory receptor family 6 subfamily B member 3,OR6B3
tr_00113,sorting nexin 3,SNX3
tr_00114,TATA element modulatory factor 1,TMF1
tr_00115,cardiolipin synthase 1,CRLS1
tr_00116,tyrosylprotein sulfotransferase 2,TPST2
tr_00117,Yip1 domain family member 3,YIPF3
tr_00118,progestin and adipoQ receptor family member 8,PAQR8
tr_00119,G antigen 2A,GAGE2A
tr_00120,ATPase family AAA domain containing 3C,ATAD3C
tr_00121,zinc finger protein 182,ZNF182
tr_00122,desmoglein 4,DSG4
tr_00123,tetraspanin 12,TSPAN12
tr_00124,zinc finger AN1-type containing 5,ZFAND5
tr_00125,tripartite motif containing 6,TRIM6
tr_00126,transmembrane protein 207,TMEM207
tr_00127,zinc finger FYVE-type containing 28,ZFYVE28
tr_00128,regulation of nuclear pre-mRNA domain containing 1B,RPRD1B
tr_00129,glypican 3,GPC3
tr_00130,fibroblast growth factor 19,FGF19
tr_00131,cholinergic receptor nicotinic beta 3 subunit,CHRNB3
tr_00132,coagulation factor VIII associated 3,F8A3
tr_00133,lymphocyte antigen 6 family member G6D,LY6G6D
tr_00134,dual specificity phosphatase 10,DUSP10
tr_00135,leptin receptor overlapping transcript like 1,LEPROTL1
tr_00136,prefoldin subunit 5,PFDN5
tr_00137,EH domain containing 1,EHD1
tr_00138,sorting nexin 19,SNX19
tr_00139,cytochrome b5 reductase 3,CYB5R3
tr_00140,ATP binding cassette subfamily B member 6 (LAN blood group),ABCB6
tr_00141,chromosome 10 open reading frame 71,C10orf71
tr_00142,nucleoporin 155,NUP155
tr_00143,zinc finger and BTB domain containing 41,ZBTB41
tr_00144,annexin A9,ANXA9
tr_00145,vacuolar protein sorting 13 homolog D,VPS13D
tr_00146,chromatin assembly factor 1 subunit A,CHAF1A
tr_00147,G protein-coupled receptor 25,GPR25
tr_00148,toll like receptor 9,TLR9
tr_00149,olfactory receptor family 52 subfamily E member 8,OR52E8
tr_00150,armadillo repeat containing X-linked 1,ARMCX1
tr_00151,galectin 8,LGALS8
tr_00152,plexin B1,PLXNB1
tr_00153,serine protease 35,PRSS35
tr_00154,chromosome 16 open reading frame 78,C16orf78
tr_00155,"proteasome 26S subunit, ATPase 4",PSMC4
tr_00156,tensin 3,TNS3
tr_00157,"alkaline phosphatase, biomineralization associated",ALPL
tr_00158,HECT domain and ankyrin repeat containing E3 ubiquitin protein ligase 1,HACE1
tr_00159,glycine receptor alpha 3,GLRA3
tr_00160,ankyrin repeat domain 17,ANKRD17
tr_00161,apolipoprotein F,APOF
tr_00162,potassium inwardly rectifying channel subfamily J member 5,KCNJ5
tr_00163,integrin subunit beta 6,ITGB6
tr_00164,ATP binding cassette subfamily C member 9,ABCC9
tr_00165,proline rich 20E,PRR20E
tr_00166,tachykinin receptor 1,TACR1
tr_00167,casein kappa,CSN3
tr_00168,aconitase 1,ACO1
tr_00169,death associated protein like 1,DAPL1
tr_00170,cysteine and serine rich nuclear protein 1,CSRNP1
tr_00171,potassium channel tetramerization domain containing 4,KCTD4
tr_00172,bone gamma-carboxyglutamate protein,BGLAP
tr_00173,phosphorylase kinase catalytic subunit gamma 2,PHKG2
tr_00174,SRY-box transcription factor 15,SOX15
tr_00175,peroxidasin,PXDN
tr_00176,transmembrane protein 25,TMEM25
tr_00177,UDP-galactose-4-epimerase,GALE
tr_00178,ARF like GTPase 6,ARL6
tr_00179,isochorismatase domain containing 1,ISOC1
tr_00180,transcription factor AP-4,TFAP4
tr_00181,neuronal PAS domain protein 3,NPAS3
tr_00182,ras homolog family member G,RHOG
tr_00183,atrophin 1,ATN1
tr_00184,mitochondrial ribosomal protein L23,MRPL23
tr_00185,pleckstrin homology and RhoGEF domain containing G7,PLEKHG7
tr_00186,paired like homeodomain 3,PITX3
tr_00187,zinc finger protein 555,ZNF555
tr_00188,ankyrin repeat domain 46,ANKRD46
tr_00189,HIG1 hypoxia inducible domain family member 1B,HIGD1B
tr_00190,hyaluronan and proteoglycan link protein 2,HAPLN2
tr_00191,phosphatidylinositol glycan anchor biosynthesis class P,PIGP
tr_00192,"methionyl-tRNA synthetase 2, mitochondrial",MARS2
tr_00193,adenosine deaminase tRNA specific 1,ADAT1
tr_00194,caspase 14,CASP14
tr_00195,fibronectin 1,FN1
tr_00196,CAP-Gly domain containing linker protein 2,CLIP2
tr_00197,lysyl oxidase like 2,LOXL2
tr_00198,A-kinase anchoring protein 12,AKAP12
tr_00199,regulator of G protein signaling 14,RGS14
tr_00200,asporin,ASPN
tr_00201,lipoprotein(a),LPA
tr_00202,neuropeptide B,NPB
tr_00203,phosphodiesterase 6B,PDE6B
tr_00204,kelch repeat and BTB domain containing 2,KBTBD2
tr_00205,olfactory receptor family 5 subfamily B member 2,OR5B2
tr_00206,zinc finger protein 43,ZNF43
tr_00207,solute carrier family 19 member 3,SLC19A3
tr_00208,proteasome 20S subunit alpha 5,PSMA5
tr_00209,ring finger protein 123,RNF123
tr_00210,zinc finger protein 77,ZNF77
tr_00211,protein kinase C alpha,PRKCA
tr_00212,G protein-coupled receptor 21,GPR21
tr_00213,matrix metallopeptidase 1,MMP1
tr_00214,histidine ammonia-lyase,HAL
tr_00215,olfactory receptor family 2 subfamily S member 2,OR2S2
tr_00216,gamma-aminobutyric acid type A receptor subunit gamma1,GABRG1
tr_00217,sortilin 1,SORT1
tr_00218,pyrimidinergic receptor P2Y6,P2RY6
tr_00219,ankyrin repeat and IBR domain containing 1,ANKIB1
tr_00220,laminin subunit beta 2,LAMB2
tr_00221,heat shock transcription factor 4,HSF4
tr_00222,5'-nucleotidase domain containing 1,NT5DC1
tr_00223,stannin,SNN
tr_00224,torsin family 2 member A,TOR2A
tr_00225,Kin17 DNA and RNA binding protein,KIN
tr_00226,hexokinase 2,HK2
tr_00227,translocase of inner mitochondrial membrane 17A,TIMM17A
tr_00228,stromal cell derived factor 4,SDF4
tr_00229,nucleolar protein 12,NOL12
tr_00230,neurogenin 1,NEUROG1
tr_00231,"major histocompatibility complex, class I, B",HLA-B
tr_00232,vesicle associated membrane protein 8,VAMP8
tr_00233,glycolipid transfer protein,GLTP
tr_00234,bisphosphoglycerate mutase,BPGM
tr_00235,homeobox A4,HOXA4
tr_00236,kallikrein related peptidase 2,KLK2
tr_00237,SH3KBP1 binding protein 1,SHKBP1
tr_00238,lactate dehydrogenase A,LDHA
tr_00239,"protein O-linked mannose N-acetylglucosaminyltransferase 1 (beta 1,2-)",POMGNT1
tr_00240,family with sequence similarity 9 member B,FAM9B
tr_00241,interleukin 11 receptor subunit alpha,IL11RA
tr_00242,intracisternal A particle-promoted polypeptide,IPP
tr_00243,fructose-bisphosphatase 2,FBP2
tr_00244,chromosome 1 open reading frame 122,C1orf122
tr_00245,zinc finger protein 281,ZNF281
tr_00246,keratin 76,KRT76
tr_00247,phosphatidylethanolamine binding protein 1,PEBP1
tr_00248,leucine zipper and CTNNBIP1 domain containing,LZIC
tr_00249,zinc finger protein 180,ZNF180
tr_00250,TNF receptor associated factor 4,TRAF4
tr_00251,"survival of motor neuron 1, telomeric",SMN1
tr_00252,frizzled class receptor 2,FZD2
tr_00253,"FYVE, RhoGEF and PH domain containing 5",FGD5
tr_00254,NIMA related kinase 10,NEK10
tr_00255,sushi domain containing 4,SUSD4
tr_00256,"golgin, RAB6 interacting",GORAB
tr_00257,acrosin binding protein,ACRBP
tr_00258,fibroblast growth factor 5,FGF5
tr_00259,glucagon,GCG
tr_00260,protein kinase AMP-activated catalytic subunit alpha 2,PRKAA2
tr_00261,nuclear factor kappa B subunit 1,NFKB1
tr_00262,oncomodulin 2,OCM2
tr_00263,translocase of inner mitochondrial membrane 9,TIMM9
tr_00264,FRAS1 related extracellular matrix 2,FREM2
tr_00265,proline rich protein BstNI subfamily 3,PRB3
tr_00266,proline and arginine rich end leucine rich repeat protein,PRELP
tr_00267,"survival of motor neuron 2, centromeric",SMN2
tr_00268,autophagy related 4B cysteine peptidase,ATG4B
tr_00269,kelch repeat and BTB domain containing 6,KBTBD6
tr_00270,tubulin tyrosine ligase like 6,TTLL6
tr_00271,clavesin 1,CLVS1
tr_00272,fibroblast growth factor 14,FGF14
tr_00273,solute carrier family 25 member 45,SLC25A45
tr_00274,prion protein (Kanno blood group),PRNP
tr_00275,tetratricopeptide repeat domain 5,TTC5
tr_00276,bromodomain adjacent to zinc finger domain 1A,BAZ1A
tr_00277,holocarboxylase synthetase,HLCS
tr_00278,coiled-coil domain containing 54,CCDC54
tr_00279,proteasome maturation protein,POMP
tr_00280,neuromedin U receptor 2,NMUR2
tr_00281,transcription termination factor 2,TTF2
tr_00282,synaptogyrin 3,SYNGR3
tr_00283,keratin associated protein 22-2,KRTAP22-2
tr_00284,coiled-coil and C2 domain containing 2A,CC2D2A
tr_00285,chromosome 14 open reading frame 93,C14orf93
tr_00286,low density lipoprotein receptor class A domain containing 2,LDLRAD2
tr_00287,EF-hand calcium binding domain 6,EFCAB6
tr_00288,phosphatidylinositol glycan anchor biosynthesis class O,PIGO
tr_00289,leucine rich repeat containing 27,LRRC27
tr_00290,G antigen 12G,GAGE12G
tr_00291,ATP binding cassette subfamily E member 1,ABCE1
tr_00292,poly(ADP-ribose) polymerase family member 6,PARP6
tr_00293,potassium channel tetramerization domain containing 8,KCTD8
tr_00294,O-sialoglycoprotein endopeptidase like 1,OSGEPL1
tr_00295,phosphatidylinositol transfer protein membrane associated 2,PITPNM2
tr_00296,periplakin,PPL
tr_00297,calcium binding protein 39,CAB39
tr_00298,zinc finger ZZ-type containing 3,ZZZ3
tr_00299,heterogeneous nuclear ribonucleoprotein C like 1,HNRNPCL1
tr_00300,NADH:ubiquinone oxidoreductase subunit B3,NDUFB3
tr_00301,DEAD-box helicase 54,DDX54
tr_00302,tubulin beta 6 class V,TUBB6
tr_00303,Cl-/H+ antiporter 4,CLCN4
tr_00304,matrix metallopeptidase 20,MMP20
tr_00305,prostaglandin E receptor 2,PTGER2
tr_00306,Rho GTPase activating protein 29,ARHGAP29
tr_00307,keratin 86,KRT86
tr_00308,G antigen 12H,GAGE12H
tr_00309,olfactory receptor family 6 subfamily V member 1,OR6V1
tr_00310,potassium voltage-gated channel subfamily D member 3,KCND3
tr_00311,dual specificity tyrosine phosphorylation regulated kinase 1A,DYRK1A
tr_00312,proline rich 15,PRR15
tr_00313,legumain,LGMN
tr_00314,zinc finger and BTB domain containing 24,ZBTB24
tr_00315,zinc finger protein 207,ZNF207
tr_00316,adenylate kinase 2,AK2
tr_00317,dual specificity phosphatase 14,DUSP14
tr_00318,ubiquilin 2,UBQLN2
tr_00319,zinc finger protein 70,ZNF70
tr_00320,zinc finger CCCH-type containing 6,ZC3H6
tr_00321,prolyl 4-hydroxylase subunit alpha 1,P4HA1
tr_00322,proteasome 20S subunit beta 4,PSMB4
tr_00323,zinc finger protein 85,ZNF85
tr_00324,formyl peptide receptor 1,FPR1
tr_00325,ubiquitin specific peptidase 17 like family member 8,USP17L8
tr_00326,formin 1,FMN1
tr_00327,vitrin,VIT
tr_00328,mitochondrial methionyl-tRNA formyltransferase,MTFMT
tr_00329,poly(rC) binding protein 4,PCBP4
tr_00330,adenosylhomocysteinase like 2,AHCYL2
tr_00331,calicin,CCIN
tr_00332,solute carrier family 30 member 5,SLC30A5
tr_00333,C-C motif chemokine ligand 4,CCL4
tr_00334,dynein light chain Tctex-type 1,DYNLT1
tr_00335,amine oxidase copper containing 3,AOC3
tr_00336,albumin,ALB
tr_00337,RAS like proto-oncogene B,RALB
tr_00338,transition protein 1,TNP1
tr_00339,transmembrane protein 98,TMEM98
tr_00340,transmembrane protein 126A,TMEM126A
tr_00341,sodium/potassium transporting ATPase interacting 4,NKAIN4
tr_00342,olfactory receptor family 5 subfamily A member 1,OR5A1
tr_00343,cytohesin 1 interacting protein,CYTIP
tr_00344,zinc finger protein 738,ZNF738
tr_00345,cathepsin H,CTSH
tr_00346,deltex E3 ubiquitin ligase 4,DTX4
tr_00347,"deoxyribonuclease 2, lysosomal",DNASE2
tr_00348,Fas apoptotic inhibitory molecule,FAIM
tr_00349,ribosomal protein S4 Y-linked 2,RPS4Y2
tr_00350,myosin heavy chain 11,MYH11
tr_00351,transmembrane protein 40,TMEM40
tr_00352,podoplanin,PDPN
tr_00353,trophinin,TRO
tr_00354,serine incorporator 1,SERINC1
tr_00355,semaphorin 6C,SEMA6C
tr_00356,tyrosine 3-monooxygenase/tryptophan 5-monooxygenase activation protein eta,YWHAH
tr_00357,interleukin 22,IL22
tr_00358,short chain dehydrogenase/reductase family 9C member 7,SDR9C7
tr_00359,zinc finger protein 862,ZNF862
tr_00360,tachykinin precursor 4,TAC4
tr_00361,phosphatidylethanolamine N-methyltransferase,PEMT
tr_00362,DPY30 domain containing 1,DYDC1
tr_00363,fucosyltransferase 5,FUT5
tr_00364,tripartite motif containing 45,TRIM45
tr_00365,calcium/calmodulin dependent protein kinase II alpha,CAMK2A
tr_00366,ADP-ribosyltransferase 3 (inactive),ART3
tr_00367,complement factor H related 1,CFHR1
tr_00368,tenomodulin,TNMD
tr_00369,zinc finger protein 674,ZNF674
tr_00370,diacylglycerol lipase beta,DAGLB
tr_00371,leucine zipper tumor suppressor 1,LZTS1
tr_00372,S-antigen visual arrestin,SAG
tr_00373,RIMS binding protein 3C,RIMBP3C
tr_00374,lysozyme like 1,LYZL1
tr_00375,gamma-aminobutyric acid type A receptor subunit rho3,GABRR3
tr_00376,nuclear receptor subfamily 2 group E member 3,NR2E3
tr_00377,calcium binding and coiled-coil domain 1,CALCOCO1
tr_00378,latent transforming growth factor beta binding protein 2,LTBP2
tr_00379,galactose-1-phosphate uridylyltransferase,GALT
tr_00380,solute carrier family 26 member 11,SLC26A11
tr_00381,NGFI-A binding protein 1,NAB1
tr_00382,propionyl-CoA carboxylase subunit beta,PCCB
tr_00383,neuralized E3 ubiquitin protein ligase 4,NEURL4
tr_00384,mediator complex subunit 11,MED11
tr_00385,ribosomal protein S27 like,RPS27L
tr_00386,coagulation factor X,F10
tr_00387,tyrosyl-DNA phosphodiesterase 1,TDP1
tr_00388,nuclear receptor subfamily 6 group A member 1,NR6A1
tr_00389,neuropilin 2,NRP2
tr_00390,iron responsive element binding protein 2,IREB2
tr_00391,DNA fragmentation factor subunit alpha,DFFA
tr_00392,ribosomal protein S26,RPS26
tr_00393,fucosyltransferase 6,FUT6
tr_00394,apolipoprotein L domain containing 1,APOLD1
tr_00395,gametogenetin,GGN
tr_00396,lysophosphatidic acid receptor 6,LPAR6
tr_00397,olfactory receptor family 5 subfamily D member 16,OR5D16
tr_00398,phosphatidylinositol glycan anchor biosynthesis class H,PIGH
tr_00399,mitochondrial ribosomal protein S22,MRPS22
tr_00400,"2',3'-cyclic nucleotide 3' phosphodiesterase",CNP
tr_00401,spermatogenesis associated 18,SPATA18
tr_00402,leucine rich repeat containing 32,LRRC32
tr_00403,keratin 38,KRT38
tr_00404,RB transcriptional corepressor 1,RB1
tr_00405,odorant binding protein 2B,OBP2B
tr_00406,DPY30 domain containing 2,DYDC2
tr_00407,replication protein A1,RPA1
tr_00408,signal recognition particle 68,SRP68
tr_00409,melanocortin 1 receptor,MC1R
tr_00410,karyopherin subunit alpha 7,KPNA7
tr_00411,"trimethyllysine hydroxylase, epsilon",TMLHE
tr_00412,germ cell associated 1,GSG1
tr_00413,polycomb group ring finger 3,PCGF3
tr_00414,RNA binding motif protein Y-linked family 1 member C,RBMY1C
tr_00415,"heat shock transcription factor family, X-linked 2",HSFX2
tr_00416,glutathione S-transferase theta 2B,GSTT2B
tr_00417,interleukin 17 receptor A,IL17RA
tr_00418,zinc finger CCHC-type containing 17,ZCCHC17
tr_00419,ribosomal protein L18,RPL18
tr_00420,scavenger receptor class B member 1,SCARB1
tr_00421,"spliceosome associated factor 1, recruiter of U4/U6.U5 tri-snRNP",SART1
tr_00422,splicing factor 3b subunit 2,SF3B2
tr_00423,phosphorylase kinase catalytic subunit gamma 1,PHKG1
tr_00424,IQ motif and ubiquitin domain containing,IQUB
tr_00425,thrombospondin 4,THBS4
tr_00426,phospholipase A2 group IIC,PLA2G2C
tr_00427,solute carrier family 30 member 8,SLC30A8
tr_00428,olfactory receptor family 4 subfamily S member 2,OR4S2
tr_00429,"histidyl-tRNA synthetase 2, mitochondrial",HARS2
tr_00430,apurinic/apyrimidinic endodeoxyribonuclease 2,APEX2
tr_00431,olfactory receptor family 2 subfamily A member 12,OR2A12
tr_00432,nucleotide binding oligomerization domain containing 2,NOD2
tr_00433,phosphofurin acidic cluster sorting protein 1,PACS1
tr_00434,general transcription factor IIH subunit 5,GTF2H5
tr_00435,G protein-coupled receptor 32,GPR32
tr_00436,potassium voltage-gated channel subfamily A member 1,KCNA1
tr_00437,myosin heavy chain 14,MYH14
tr_00438,olfactory receptor family 4 subfamily F member 3,OR4F3
tr_00439,acyl-CoA thioesterase 7,ACOT7
tr_00440,phosducin like 2,PDCL2
tr_00441,"neural proliferation, differentiation and control 1",NPDC1
tr_00442,gamma-aminobutyric acid type A receptor subunit alpha2,GABRA2
tr_00443,malectin,MLEC
tr_00444,keratin 32,KRT32
tr_00445,F-box protein 24,FBXO24
tr_00446,ataxin 7 like 2,ATXN7L2
tr_00447,death associated protein,DAP
tr_00448,phosphatidylethanolamine binding protein 4,PEBP4
tr_00449,SH3 and multiple ankyrin repeat domains 3,SHANK3
tr_00450,late cornified envelope 3C,LCE3C
tr_00451,proteasomal ATPase associated factor 1,PAAF1
tr_00452,family with sequence similarity 174 member B,FAM174B
tr_00453,muscleblind like splicing regulator 2,MBNL2
tr_00454,high mobility group box 4,HMGB4
tr_00455,WW and C2 domain containing 2,WWC2
tr_00456,methenyltetrahydrofolate synthetase domain containing,MTHFSD
tr_00457,calcium regulated heat stable protein 1,CARHSP1
tr_00458,TNFAIP3 interacting protein 1,TNIP1
tr_00459,forkhead box G1,FOXG1
tr_00460,sushi repeat containing protein X-linked,SRPX
tr_00461,myeloid leukemia factor 2,MLF2
tr_00462,mitochondrial ribosomal protein L38,MRPL38
tr_00463,toll like receptor 3,TLR3
tr_00464,interferon alpha 4,IFNA4
tr_00465,mitogen-activated protein kinase kinase kinase 7,MAP3K7
tr_00466,alkaline ceramidase 3,ACER3
tr_00467,ring finger protein 122,RNF122
tr_00468,neuroligin 2,NLGN2
tr_00469,dickkopf Wnt signaling pathway inhibitor 3,DKK3
tr_00470,formin homology 2 domain containing 1,FHOD1
tr_00471,beta-secretase 2,BACE2
tr_00472,G protein-coupled receptor 17,GPR17
tr_00473,relaxin family peptide receptor 2,RXFP2
tr_00474,HIV-1 Tat specific factor 1,HTATSF1
tr_00475,integrator complex subunit 9,INTS9
tr_00476,glutaminase,GLS
tr_00477,coiled-coil domain containing 57,CCDC57
tr_00478,caudal type homeobox 1,CDX1
tr_00479,angiotensin II receptor type 2,AGTR2
tr_00480,inducible T cell costimulator,ICOS
tr_00481,coiled-coil domain containing 136,CCDC136
tr_00482,mitogen-activated protein kinase kinase 7,MAP2K7
tr_00483,2'-5'-oligoadenylate synthetase 3,OAS3
tr_00484,arginyl aminopeptidase like 1,RNPEPL1
tr_00485,slingshot protein phosphatase 2,SSH2
tr_00486,APAF1 interacting protein,APIP
tr_00487,"alcohol dehydrogenase 1A (class I), alpha polypeptide",ADH1A
tr_00488,patched domain containing 1,PTCHD1
tr_00489,"DNA polymerase delta 4, accessory subunit",POLD4
tr_00490,olfactory receptor family 2 subfamily AG member 2,OR2AG2
tr_00491,sorting nexin 29,SNX29
tr_00492,Rho GTPase activating protein 12,ARHGAP12
tr_00493,late cornified envelope 2A,LCE2A
tr_00494,tripartite motif containing 5,TRIM5
tr_00495,interleukin 22 receptor subunit alpha 2,IL22RA2
tr_00496,zymogen granule protein 16,ZG16
tr_00497,platelet factor 4 variant 1,PF4V1
tr_00498,damage specific DNA binding protein 2,DDB2
tr_00499,kringle containing transmembrane protein 1,KREMEN1
tr_00500,tryptase gamma 1,TPSG1
tr_00501,collagen type XXIII alpha 1 chain,COL23A1
tr_00502,fukutin related protein,FKRP
tr_00503,olfactory receptor family 1 subfamily L member 1,OR1L1
tr_00504,zinc finger MIZ-type containing 2,ZMIZ2
tr_00505,protocadherin 9,PCDH9
tr_00506,phospholipase D family member 3,PLD3
tr_00507,mitochondrial ribosomal protein S34,MRPS34
tr_00508,lysophosphatidylcholine acyltransferase 1,LPCAT1
tr_00509,sperm mitochondria associated cysteine rich protein,SMCP
tr_00510,interleukin 5,IL5
tr_00511,nephrocystin 1,NPHP1
tr_00512,acyl-CoA wax alcohol acyltransferase 2,AWAT2
tr_00513,interferon alpha inducible protein 27 like 2,IFI27L2
tr_00514,amylase alpha 1A,AMY1A
tr_00515,immunoglobulin superfamily member 9,IGSF9
tr_00516,matrix metallopeptidase 12,MMP12
tr_00517,protein phosphatase with EF-hand domain 1,PPEF1
tr_00518,NADH:ubiquinone oxidoreductase subunit B6,NDUFB6
tr_00519,UDP glycosyltransferase 8,UGT8
tr_00520,cytochrome P450 family 2 subfamily R member 1,CYP2R1
tr_00521,ankyrin repeat and MYND domain containing 2,ANKMY2
tr_00522,lactate dehydrogenase B,LDHB
tr_00523,synemin,SYNM
tr_00524,transmembrane protein with metallophosphoesterase domain,TMPPE
tr_00525,mitogen-activated protein kinase binding protein 1,MAPKBP1
tr_00526,apoptosis antagonizing transcription factor,AATF
tr_00527,"signal peptide, CUB domain and EGF like domain containing 1",SCUBE1
tr_00528,collagen type VI alpha 2 chain,COL6A2
tr_00529,serine protease 27,PRSS27
tr_00530,zinc finger protein 573,ZNF573
tr_00531,Sin3A associated protein 130,SAP130
tr_00532,tripartite motif containing 26,TRIM26
tr_00533,G protein-coupled receptor 33,GPR33
tr_00534,hydroxysteroid 11-beta dehydrogenase 1,HSD11B1
tr_00535,keratin associated protein 25-1,KRTAP25-1
tr_00536,calcyphosine like,CAPSL
tr_00537,zinc finger protein 154,ZNF154
tr_00538,glia maturation factor gamma,GMFG
tr_00539,XK related 4,XKR4
tr_00540,claudin 9,CLDN9
tr_00541,glutaredoxin and cysteine rich domain containing 1,GRXCR1
tr_00542,galectin 7B,LGALS7B
tr_00543,methylenetetrahydrofolate dehydrogenase (NADP+ dependent) 1 like,MTHFD1L
tr_00544,sodium voltage-gated channel alpha subunit 1,SCN1A
tr_00545,"RNA polymerase II, I and III subunit E",POLR2E
tr_00546,charged multivesicular body protein 1A,CHMP1A
tr_00547,MAM domain containing glycosylphosphatidylinositol anchor 2,MDGA2
tr_00548,cyclic nucleotide gated channel subunit alpha 3,CNGA3
tr_00549,ATP binding cassette subfamily A member 7,ABCA7
tr_00550,nitric oxide synthase 1 adaptor protein,NOS1AP
tr_00551,glutathione S-transferase alpha 1,GSTA1
tr_00552,zinc finger protein 346,ZNF346
tr_00553,tubulin tyrosine ligase like 4,TTLL4
tr_00554,glycerol kinase,GK
tr_00555,kelch like family member 17,KLHL17
tr_00556,15-hydroxyprostaglandin dehydrogenase,HPGD
tr_00557,microseminoprotein beta,MSMB
tr_00558,iroquois homeobox 6,IRX6
tr_00559,ubiquitin associated protein 2 like,UBAP2L
tr_00560,relaxin 1,RLN1
tr_00561,plasmalemma vesicle associated protein,PLVAP
tr_00562,iroquois homeobox 4,IRX4
tr_00563,keratin associated protein 24-1,KRTAP24-1
tr_00564,von Willebrand factor C domain containing 2,VWC2
tr_00565,matrix metallopeptidase 28,MMP28
tr_00566,amidohydrolase domain containing 2,AMDHD2
tr_00567,ankyrin repeat domain 16,ANKRD16
tr_00568,RNA polymerase III subunit GL,POLR3GL
tr_00569,polo like kinase 1,PLK1
tr_00570,sarcospan,SSPN
tr_00571,"alpha-1,3-mannosyl-glycoprotein 4-beta-N-acetylglucosaminyltransferase A",MGAT4A
tr_00572,neudesin neurotrophic factor,NENF
tr_00573,dynein regulatory complex subunit 10,DRC10
tr_00574,mitochondrial ribosomal protein L52,MRPL52
tr_00575,post-GPI attachment to proteins phospholipase 3,PGAP3
tr_00576,solute carrier family 16 member 6,SLC16A6
tr_00577,"major histocompatibility complex, class I-related",MR1
tr_00578,collapsin response mediator protein 1,CRMP1
tr_00579,G protein signaling modulator 3,GPSM3
tr_00580,Rh family C glycoprotein,RHCG
tr_00581,Wnt inhibitory factor 1,WIF1
tr_00582,ubiquitin conjugating enzyme E2 N,UBE2N
tr_00583,zinc finger protein 639,ZNF639
tr_00584,pescadillo ribosomal biogenesis factor 1,PES1
tr_00585,otospiralin,OTOS
tr_00586,solute carrier organic anion transporter family member 4A1,SLCO4A1
tr_00587,SUMO1 activating enzyme subunit 1,SAE1
tr_00588,gamma-aminobutyric acid type A receptor subunit beta1,GABRB1
tr_00589,glyoxylate and hydroxypyruvate reductase,GRHPR
tr_00590,"SPT6 homolog, histone chaperone and transcription elongation factor",SUPT6H
tr_00591,prostaglandin E receptor 1,PTGER1
tr_00592,glyoxylate reductase 1 homolog,GLYR1
tr_00593,olfactomedin like 1,OLFML1
tr_00594,citramalyl-CoA lyase,CLYBL
tr_00595,olfactory receptor family 5 subfamily K member 3,OR5K3
tr_00596,protein tyrosine phosphatase receptor type R,PTPRR
tr_00597,solute carrier family 2 member 11,SLC2A11
tr_00598,interferon regulatory factor 2,IRF2
tr_00599,villin 1,VIL1
tr_00600,transmembrane protein 186,TMEM186
tr_00601,sperm associated antigen 1,SPAG1
tr_00602,cyclin dependent kinase 14,CDK14
tr_00603,TNFAIP3 interacting protein 3,TNIP3
tr_00604,ribonuclease A family member 6,RNASE6
tr_00605,olfactory receptor family 13 subfamily C member 2,OR13C2
tr_00606,heme binding protein 2,HEBP2
tr_00607,hydroxyacylglutathione hydrolase,HAGH
tr_00608,nuclear receptor coactivator 7,NCOA7
tr_00609,acyl-CoA dehydrogenase medium chain,ACADM
tr_00610,tripartite motif containing 60,TRIM60
tr_00611,defective in cullin neddylation 1 domain containing 2,DCUN1D2
tr_00612,zinc finger protein 682,ZNF682
tr_00613,potassium voltage-gated channel subfamily E regulatory subunit 2,KCNE2
tr_00614,transmembrane protein 50A,TMEM50A
tr_00615,heparan sulfate 6-O-sulfotransferase 1,HS6ST1
tr_00616,family with sequence similarity 178 member B,FAM178B
tr_00617,cAMP regulated phosphoprotein 19,ARPP19
tr_00618,chloride voltage-gated channel Kb,CLCNKB
tr_00619,tetratricopeptide repeat domain 39B,TTC39B
tr_00620,vanin 2,VNN2
tr_00621,nucleolar protein 3,NOL3
tr_00622,C-terminal binding protein 1,CTBP1
tr_00623,ubiquitin specific peptidase 17 like family member 2,USP17L2
tr_00624,olfactory receptor family 10 subfamily AG member 1,OR10AG1
tr_00625,rhomboid like 2,RHBDL2
tr_00626,synaptonemal complex protein 3,SYCP3
tr_00627,methenyltetrahydrofolate synthetase,MTHFS
tr_00628,isoprenylcysteine carboxyl methyltransferase,ICMT
tr_00629,neutrophil cytosolic factor 1,NCF1
tr_00630,actin gamma 1,ACTG1
tr_00631,zinc finger SWIM-type containing 2,ZSWIM2
tr_00632,betaine--homocysteine S-methyltransferase,BHMT
tr_00633,kelch like family member 23,KLHL23
tr_00634,keratinocyte associated protein 3,KRTCAP3
tr_00635,ribonuclease P/MRP subunit p25,RPP25
tr_00636,ATPase sarcoplasmic/endoplasmic reticulum Ca2+ transporting 1,ATP2A1
tr_00637,catechol-O-methyltransferase,COMT
tr_00638,zinc finger FYVE-type containing 9,ZFYVE9
tr_00639,radial spoke head 3,RSPH3
tr_00640,coiled-coil domain containing 82,CCDC82
tr_00641,cathepsin F,CTSF
tr_00642,doublecortin like kinase 1,DCLK1
tr_00643,pyruvate dehydrogenase E1 subunit beta,PDHB
tr_00644,potassium two pore domain channel subfamily K member 16,KCNK16
tr_00645,kinesin family member 12,KIF12
tr_00646,protein kinase cGMP-dependent 1,PRKG1
tr_00647,serpin family I member 2,SERPINI2
tr_00648,BCL2 associated agonist of cell death,BAD
tr_00649,malate dehydrogenase 2,MDH2
tr_00650,sorting nexin 18,SNX18
tr_00651,V-set pre-B cell surrogate light chain 3,VPREB3
tr_00652,transferrin,TF
tr_00653,MYC associated transcriptional regulator X,MAX
tr_00654,exosome component 5,EXOSC5
tr_00655,caudal type homeobox 2,CDX2
tr_00656,tetraspanin 15,TSPAN15
tr_00657,olfactory receptor family 5 subfamily J member 2,OR5J2
tr_00658,annexin A3,ANXA3
tr_00659,nuclear receptor interacting protein 3,NRIP3
tr_00660,olfactory receptor family 4 subfamily P member 4,OR4P4
tr_00661,leupaxin,LPXN
tr_00662,FA complementation group F,FANCF
tr_00663,integrin alpha FG-GAP repeat containing 2,ITFG2
tr_00664,transmembrane protein 69,TMEM69
tr_00665,kyphoscoliosis peptidase,KY
tr_00666,matrix metallopeptidase 26,MMP26
tr_00667,fibroblast growth factor receptor substrate 2,FRS2
tr_00668,olfactory receptor family 6 subfamily S member 1,OR6S1
tr_00669,kelch like family member 9,KLHL9
tr_00670,chondroitin polymerizing factor 2,CHPF2
tr_00671,RNA polymerase II subunit J3,POLR2J3
tr_00672,serine peptidase inhibitor Kazal type 6,SPINK6
tr_00673,ribosomal protein lateral stalk subunit P1,RPLP1
tr_00674,fumarylacetoacetate hydrolase,FAH
tr_00675,apolipoprotein O like,APOOL
tr_00676,ribonuclease A family member 12 (inactive),RNASE12
tr_00677,aminoadipate aminotransferase,AADAT
tr_00678,transmembrane serine protease 11D,TMPRSS11D
tr_00679,UDP glucuronosyltransferase family 2 member B10,UGT2B10
tr_00680,signal recognition particle 9,SRP9
tr_00681,nidogen 1,NID1
tr_00682,proline rich 5 like,PRR5L
tr_00683,squalene epoxidase,SQLE
tr_00684,caspase recruitment domain family member 11,CARD11
tr_00685,nucleosome assembly protein 1 like 1,NAP1L1
tr_00686,interleukin 31 receptor A,IL31RA
tr_00687,tripartite motif containing 31,TRIM31
tr_00688,PR/SET domain 12,PRDM12
tr_00689,chromodomain helicase DNA binding protein 5,CHD5
tr_00690,G protein-coupled receptor 45,GPR45
tr_00691,eukaryotic translation initiation factor 3 subunit A,EIF3A
tr_00692,cleavage and polyadenylation specific factor 4,CPSF4
tr_00693,spermine synthase,SMS
tr_00694,zinc finger MYM-type containing 3,ZMYM3
tr_00695,osteocrin,OSTN
tr_00696,cAMP responsive element binding protein 3 like 4,CREB3L4
tr_00697,FERM domain containing 4B,FRMD4B
tr_00698,ubiquitin specific peptidase 36,USP36
tr_00699,zinc finger protein 550,ZNF550
tr_00700,ankyrin repeat domain 42,ANKRD42
tr_00701,serine/threonine/tyrosine interacting protein,STYX
tr_00702,chromosome 1 open reading frame 141,C1orf141
tr_00703,hydroxysteroid 17-beta dehydrogenase 8,HSD17B8
tr_00704,copine 1,CPNE1
tr_00705,"spectrin beta, non-erythrocytic 4",SPTBN4
tr_00706,TATA-box binding protein associated factor 15,TAF15
tr_00707,hes related family bHLH transcription factor with YRPW motif 1,HEY1
tr_00708,chromosome 2 open reading frame 15,C2orf15
tr_00709,secretoglobin family 2A member 2,SCGB2A2
tr_00710,inositol polyphosphate phosphatase like 1,INPPL1
tr_00711,NADH:ubiquinone oxidoreductase subunit V3,NDUFV3
tr_00712,tight junction protein 2,TJP2
tr_00713,macrophage expressed 1,MPEG1
tr_00714,zinc finger protein 521,ZNF521
tr_00715,tetratricopeptide repeat domain 29,TTC29
tr_00716,mediator complex subunit 10,MED10
tr_00717,cadherin 19,CDH19
tr_00718,PR/SET domain 6,PRDM6
tr_00719,pipecolic acid and sarcosine oxidase,PIPOX
tr_00720,EF-hand calcium binding domain 9,EFCAB9
tr_00721,solute carrier family 22 member 13,SLC22A13
tr_00722,heat shock protein 90 alpha family class B member 1,HSP90AB1
tr_00723,zinc finger protein 174,ZNF174
tr_00724,syntaxin 6,STX6
tr_00725,iodothyronine deiodinase 3,DIO3
tr_00726,phospholipase D family member 4,PLD4
tr_00727,hornerin,HRNR
tr_00728,neuralized E3 ubiquitin protein ligase 1B,NEURL1B
tr_00729,aldo-keto reductase family 1 member C4,AKR1C4
tr_00730,mannose receptor C-type 2,MRC2
tr_00731,tetraspanin 10,TSPAN10
tr_00732,caspase 9,CASP9
tr_00733,four-jointed box kinase 1,FJX1
tr_00734,cyclin D binding myb like transcription factor 1,DMTF1
tr_00735,carboxypeptidase A1,CPA1
tr_00736,down-regulator of transcription 1,DR1
tr_00737,fatty acid desaturase 2,FADS2
tr_00738,ribosomal protein L13a,RPL13A
tr_00739,ribosomal protein L23a,RPL23A
tr_00740,rhomboid 5 homolog 2,RHBDF2
tr_00741,protein phosphatase 2 regulatory subunit Bgamma,PPP2R2C
tr_00742,thioredoxin related transmembrane protein 2,TMX2
tr_00743,centromere protein M,CENPM
tr_00744,hydroxyacid oxidase 1,HAO1
tr_00745,protein tyrosine phosphatase mitochondrial 1,PTPMT1
tr_00746,matrix metallopeptidase 3,MMP3
tr_00747,collagen type IV alpha 5 chain,COL4A5
tr_00748,zinc finger protein 654,ZNF654
tr_00749,kalirin RhoGEF kinase,KALRN
tr_00750,mitochondrial translational initiation factor 3,MTIF3
tr_00751,spermidine synthase,SRM
tr_00752,striatin 3,STRN3
tr_00753,vitronectin,VTN
tr_00754,cysteine and glycine rich protein 2,CSRP2
tr_00755,olfactory receptor family 9 subfamily A member 4,OR9A4
tr_00756,cytochrome P450 family 4 subfamily F member 3,CYP4F3
tr_00757,Rho GTPase activating protein 8,ARHGAP8
tr_00758,"actin alpha 1, skeletal muscle",ACTA1
tr_00759,translocase of inner mitochondrial membrane 17B,TIMM17B
tr_00760,RNA binding motif single stranded interacting protein 3,RBMS3
tr_00761,pleckstrin homology domain containing O2,PLEKHO2
tr_00762,mitochondrial ribosomal protein S33,MRPS33
tr_00763,complement C3b/C4b receptor 1 (Knops blood group),CR1
tr_00764,homeobox D11,HOXD11
tr_00765,keratin associated protein 26-1,KRTAP26-1
tr_00766,small nuclear ribonucleoprotein D2 polypeptide,SNRPD2
tr_00767,WD repeat domain 88,WDR88
tr_00768,ubiquitin C-terminal hydrolase L3,UCHL3
tr_00769,"glycerol-3-phosphate acyltransferase, mitochondrial",GPAM
tr_00770,aldehyde dehydrogenase 3 family member B1,ALDH3B1
tr_00771,cortexin 2,CTXN2
tr_00772,family with sequence similarity 162 member B,FAM162B
tr_00773,transmembrane protein 109,TMEM109
tr_00774,fat storage inducing transmembrane protein 2,FITM2
tr_00775,T-box transcription factor 10,TBX10
tr_00776,annexin A8,ANXA8
tr_00777,microtubule associated serine/threonine kinase 1,MAST1
tr_00778,serum/glucocorticoid regulated kinase family member 3,SGK3
tr_00779,Janus kinase 3,JAK3
tr_00780,thymosin beta 10,TMSB10
tr_00781,ribose 5-phosphate isomerase A,RPIA
tr_00782,N-acetylglutamate synthase,NAGS
tr_00783,interleukin 31,IL31
tr_00784,ankyrin repeat and sterile alpha motif domain containing 4B,ANKS4B
tr_00785,sideroflexin 5,SFXN5
tr_00786,ATPase H+ transporting V1 subunit G3,ATP6V1G3
tr_00787,interleukin 1 alpha,IL1A
tr_00788,par-3 family cell polarity regulator beta,PARD3B
tr_00789,tetratricopeptide repeat domain 12,TTC12
tr_00790,transcription elongation factor A like 2,TCEAL2
tr_00791,nascent polypeptide associated complex subunit alpha,NACA
tr_00792,Ly6/neurotoxin 1,LYNX1
tr_00793,leptin,LEP
tr_00794,protein tyrosine phosphatase non-receptor type 7,PTPN7
tr_00795,death associated protein kinase 2,DAPK2
tr_00796,leucine rich repeat containing 59,LRRC59
tr_00797,chromosome 6 open reading frame 141,C6orf141
tr_00798,calcium voltage-gated channel auxiliary subunit gamma 5,CACNG5
tr_00799,tripartite motif containing 66,TRIM66
tr_00800,t-complex 11 like 1,TCP11L1
tr_00801,homeobox C4,HOXC4
tr_00802,zinc finger protein 3,ZNF3
tr_00803,LIM homeobox 2,LHX2
tr_00804,protein kinase C and casein kinase substrate in neurons 1,PACSIN1
tr_00805,F-box and leucine rich repeat protein 8,FBXL8
tr_00806,bone morphogenetic protein 8a,BMP8A
tr_00807,abhydrolase domain containing 14B,ABHD14B
tr_00808,frizzled class receptor 7,FZD7
tr_00809,intraflagellar transport 57,IFT57
tr_00810,olfactomedin 2,OLFM2
tr_00811,PDLIM1 interacting kinase 1 like,PDIK1L
tr_00812,N-acylsphingosine amidohydrolase 1,ASAH1
tr_00813,lysine demethylase 1A,KDM1A
tr_00814,transient receptor potential cation channel subfamily C member 5,TRPC5
tr_00815,NEDD8 activating enzyme E1 subunit 1,NAE1
tr_00816,mitochondrial ribosomal protein L41,MRPL41
tr_00817,solute carrier family 6 member 7,SLC6A7
tr_00818,required for meiotic nuclear division 1 homolog,RMND1
tr_00819,general transcription factor IIH subunit 4,GTF2H4
tr_00820,ATPase 13A4,ATP13A4
tr_00821,tubulin gamma complex component 3,TUBGCP3
tr_00822,cadherin 18,CDH18
tr_00823,zinc finger protein 837,ZNF837
tr_00824,zinc finger protein 428,ZNF428
tr_00825,enhancer of polycomb 2,EPC2
tr_00826,arachidonate 15-lipoxygenase,ALOX15
tr_00827,solute carrier family 16 member 3,SLC16A3
tr_00828,ribosomal protein L22,RPL22
tr_00829,mucin 8,MUC8
tr_00830,cleavage stimulation factor subunit 2 tau variant,CSTF2T
tr_00831,MYST/Esa1 associated factor 6,MEAF6
tr_00832,secretoglobin family 2A member 1,SCGB2A1
tr_00833,WAP four-disulfide core domain 1,WFDC1
tr_00834,collagen type XIV alpha 1 chain,COL14A1
tr_00835,ethanolamine kinase 2,ETNK2
tr_00836,triadin,TRDN
tr_00837,cytochrome P450 family 2 subfamily J member 2,CYP2J2
tr_00838,growth factor receptor bound protein 14,GRB14
tr_00839,chaperonin containing TCP1 subunit 5,CCT5
tr_00840,natriuretic peptide receptor 2,NPR2
tr_00841,phosphoglucomutase 2 like 1,PGM2L1
tr_00842,G protein-coupled receptor 152,GPR152
tr_00843,ribosomal protein S15,RPS15
tr_00844,chymase 1,CMA1
tr_00845,egl-9 family hypoxia inducible factor 2,EGLN2
tr_00846,periaxin,PRX
tr_00847,zinc finger protein 677,ZNF677
tr_00848,ubiquitin fold modifier 1,UFM1
tr_00849,zinc finger protein 614,ZNF614
tr_00850,pseudouridine synthase 1,PUS1
tr_00851,doublecortin like kinase 3,DCLK3
tr_00852,ectonucleotide pyrophosphatase/phosphodiesterase 1,ENPP1
tr_00853,NADH:ubiquinone oxidoreductase complex assembly factor 3,NDUFAF3
tr_00854,ring finger protein 24,RNF24
tr_00855,surfactant protein A1,SFTPA1
tr_00856,mitochondrial ribosomal protein L1,MRPL1
tr_00857,protein phosphatase 1 regulatory subunit 12A,PPP1R12A
tr_00858,zinc finger protein 284,ZNF284
tr_00859,meiosis regulator for oocyte development,MIOS
tr_00860,lymphoid enhancer binding factor 1,LEF1
tr_00861,olfactory receptor family 2 subfamily AG member 1,OR2AG1
tr_00862,solute carrier family 7 member 7,SLC7A7
tr_00863,placental growth factor,PGF
tr_00864,G0/G1 switch 2,G0S2
tr_00865,C-C motif chemokine ligand 18,CCL18
tr_00866,chromosome 22 open reading frame 39,C22orf39
tr_00867,nudE neurodevelopment protein 1 like 1,NDEL1
tr_00868,complexin 1,CPLX1
tr_00869,neuronal pentraxin receptor,NPTXR
tr_00870,ankyrin repeat and sterile alpha motif domain containing 1B,ANKS1B
tr_00871,platelet activating factor receptor,PTAFR
tr_00872,endoplasmic reticulum aminopeptidase 2,ERAP2
tr_00873,transmembrane O-mannosyltransferase targeting cadherins 2,TMTC2
tr_00874,dipeptidase 1,DPEP1
tr_00875,testis specific protein Y-linked 3,TSPY3
tr_00876,serpin family B member 4,SERPINB4
tr_00877,RNA binding motif protein 43,RBM43
tr_00878,Bardet-Biedl syndrome 1,BBS1
tr_00879,LY6/PLAUR domain containing 3,LYPD3
tr_00880,coiled-coil alpha-helical rod protein 1,CCHCR1
tr_00881,G protein-coupled receptor kinase 1,GRK1
tr_00882,RNA binding motif protein 4,RBM4
tr_00883,G protein-coupled receptor associated sorting protein 1,GPRASP1
tr_00884,"coenzyme Q3, methyltransferase",COQ3
tr_00885,"patatin like domain 1, omega-hydroxyceramide transacylase",PNPLA1
tr_00886,ribosomal protein S6 kinase A4,RPS6KA4
tr_00887,aquaporin 12B,AQP12B
tr_00888,keratin associated protein 23-1,KRTAP23-1
tr_00889,taste 2 receptor member 13,TAS2R13
tr_00890,WW domain binding protein 1,WBP1
tr_00891,potassium inwardly rectifying channel subfamily J member 15,KCNJ15
tr_00892,dedicator of cytokinesis 4,DOCK4
tr_00893,family with sequence similarity 151 member B,FAM151B
tr_00894,cadherin EGF LAG seven-pass G-type receptor 2,CELSR2
tr_00895,cyclin and CBS domain divalent metal cation transport mediator 2,CNNM2
tr_00896,ring finger protein 187,RNF187
tr_00897,F-box protein 48,FBXO48
tr_00898,transmembrane protein 179B,TMEM179B
tr_00899,"3'(2'), 5'-bisphosphate nucleotidase 1",BPNT1
tr_00900,glycoprotein V platelet,GP5
tr_00901,C-type lectin domain family 2 member L,CLEC2L
tr_00902,protein arginine methyltransferase 1,PRMT1
tr_00903,small EDRK-rich factor 1B,SERF1B
tr_00904,intraflagellar transport 81,IFT81
tr_00905,zinc finger protein 467,ZNF467
tr_00906,zinc finger protein 689,ZNF689
tr_00907,karyopherin subunit alpha 5,KPNA5
tr_00908,"musculoskeletal, embryonic nuclear protein 1",MUSTN1
tr_00909,transcriptional repressor GATA binding 1,TRPS1
tr_00910,family with sequence similarity 8 member A1,FAM8A1
tr_00911,perilipin 2,PLIN2
tr_00912,anoctamin 7,ANO7
tr_00913,eukaryotic translation initiation factor 4E family member 1B,EIF4E1B
tr_00914,ubiquitin specific peptidase 22,USP22
tr_00915,neuronal PAS domain protein 2,NPAS2
tr_00916,solute carrier family 45 member 1,SLC45A1
tr_00917,potassium two pore domain channel subfamily K member 12,KCNK12
tr_00918,collagen type II alpha 1 chain,COL2A1
tr_00919,synaptonemal complex protein 1,SYCP1
tr_00920,sulfotransferase family 2A member 1,SULT2A1
tr_00921,selectin E,SELE
tr_00922,zinc finger FYVE-type containing 27,ZFYVE27
tr_00923,phospholipase C like 2,PLCL2
tr_00924,G antigen 6,GAGE6
tr_00925,archain 1 coat protein complex I subunit delta,ARCN1
tr_00926,zinc finger protein 493,ZNF493
tr_00927,ATPase family AAA domain containing 2B,ATAD2B
tr_00928,O-linked N-acetylglucosamine (GlcNAc) transferase,OGT
tr_00929,zinc finger protein 547,ZNF547
tr_00930,zygote arrest 1 like,ZAR1L
tr_00931,NOP2/Sun RNA methyltransferase 2,NSUN2
tr_00932,chromosome 1 open reading frame 35,C1orf35
tr_00933,cullin associated and neddylation dissociated 1,CAND1
tr_00934,"patatin like domain 2, triacylglycerol lipase",PNPLA2
tr_00935,cystatin S,CST4
tr_00936,glutamate-ammonia ligase,GLUL
tr_00937,poly(ADP-ribose) polymerase family member 11,PARP11
tr_00938,COP9 signalosome subunit 3,COPS3
tr_00939,sorting nexin 1,SNX1
tr_00940,angio associated migratory cell protein,AAMP
tr_00941,"ribonucleoprotein, PTB binding 1",RAVER1
tr_00942,ankyrin repeat domain 36,ANKRD36
tr_00943,ankyrin repeat domain 34A,ANKRD34A
tr_00944,cancer/testis antigen family 45 member A3,CT45A3
tr_00945,exostosin like glycosyltransferase 1,EXTL1
tr_00946,"6-phosphofructo-2-kinase/fructose-2,6-biphosphatase 2",PFKFB2
tr_00947,phosphoglycerate mutase 1,PGAM1
tr_00948,zinc finger protein 117,ZNF117
tr_00949,zinc finger HIT-type containing 2,ZNHIT2
tr_00950,transmembrane protein 132B,TMEM132B
tr_00951,catsper channel auxiliary subunit beta,CATSPERB
tr_00952,ATPase H+ transporting V1 subunit G2,ATP6V1G2
tr_00953,mitochondrial ribosomal protein L33,MRPL33
tr_00954,cytochrome c oxidase subunit 7A2,COX7A2
tr_00955,thyroid stimulating hormone subunit beta,TSHB
tr_00956,G protein subunit alpha transducin 1,GNAT1
tr_00957,acyl-CoA synthetase short chain family member 1,ACSS1
tr_00958,tRNA methyltransferase 6 non-catalytic subunit,TRMT6
tr_00959,piccolo presynaptic cytomatrix protein,PCLO
tr_00960,neuromedin B receptor,NMBR
tr_00961,alkaline ceramidase 2,ACER2
tr_00962,par-3 family cell polarity regulator,PARD3
tr_00963,vomeronasal 1 receptor 5 (gene/pseudogene),VN1R5
tr_00964,SRY-box transcription factor 8,SOX8
tr_00965,taste 2 receptor member 40,TAS2R40
tr_00966,kelch like family member 24,KLHL24
tr_00967,leucine rich repeat containing 26,LRRC26
tr_00968,keratin associated protein 19-2,KRTAP19-2
tr_00969,kelch like family member 4,KLHL4
tr_00970,brain expressed X-linked 1,BEX1
tr_00971,variable charge X-linked 2,VCX2
tr_00972,transmembrane serine protease 12,TMPRSS12
tr_00973,pregnancy specific beta-1-glycoprotein 1,PSG1
tr_00974,sphingosine-1-phosphate receptor 4,S1PR4
tr_00975,pyroglutamylated RFamide peptide,QRFP
tr_00976,ubiquitin like modifier activating enzyme 1,UBA1
tr_00977,PR/SET domain 9,PRDM9
tr_00978,actin related protein 3B,ACTR3B
tr_00979,zinc finger CCHC-type containing 24,ZCCHC24
tr_00980,maelstrom spermatogenic transposon silencer,MAEL
tr_00981,transforming growth factor beta receptor 2,TGFBR2
tr_00982,zinc finger protein 778,ZNF778
tr_00983,phosphorylase kinase regulatory subunit beta,PHKB
tr_00984,keratin associated protein 9-8,KRTAP9-8
tr_00985,phosphatidylinositol transfer protein cytoplasmic 1,PITPNC1
tr_00986,"protein phosphatase, Mg2+/Mn2+ dependent 1D",PPM1D
tr_00987,heparanase 2 (inactive),HPSE2
tr_00988,somatostatin,SST
tr_00989,DDB1 and CUL4 associated factor 8 like 2,DCAF8L2
tr_00990,retinol binding protein 2,RBP2
tr_00991,sorting nexin 5,SNX5
tr_00992,iroquois homeobox 1,IRX1
tr_00993,polypyrimidine tract binding protein 1,PTBP1
tr_00994,zinc finger protein 726,ZNF726
tr_00995,GDNF family receptor alpha 1,GFRA1
tr_00996,transducin beta like 3,TBL3
tr_00997,opioid growth factor receptor,OGFR
tr_00998,ligand dependent nuclear receptor corepressor like,LCORL
tr_00999,kinase suppressor of ras 2,KSR2
tr_01000,protein kinase C delta,PRKCD
tr_01001,fatty acid binding protein 1,FABP1
tr_01002,acyl-CoA thioesterase 8,ACOT8
tr_01003,itchy E3 ubiquitin protein ligase,ITCH
tr_01004,olfactory receptor family 10 subfamily A member 6 (gene/pseudogene),OR10A6
tr_01005,cartilage acidic protein 1,CRTAC1
tr_01006,zinc finger CCHC-type containing 18,ZCCHC18
tr_01007,acyl-CoA dehydrogenase family member 10,ACAD10
tr_01008,alcohol dehydrogenase iron containing 1,ADHFE1
tr_01009,dual specificity phosphatase 4,DUSP4
tr_01010,oxidative stress induced growth inhibitor family member 2,OSGIN2
tr_01011,1-acylglycerol-3-phosphate O-acyltransferase 1,AGPAT1
tr_01012,alpha tocopherol transfer protein like,TTPAL
tr_01013,left-right determination factor 2,LEFTY2
tr_01014,adenosine A2b receptor,ADORA2B
tr_01015,SWI/SNF related BAF chromatin remodeling complex subunit B1,SMARCB1
tr_01016,discs large MAGUK scaffold protein 2,DLG2
tr_01017,Rho guanine nucleotide exchange factor 7,ARHGEF7
tr_01018,zinc finger protein 594,ZNF594
tr_01019,regulator of G protein signaling 16,RGS16
tr_01020,tubulin delta 1,TUBD1
tr_01021,scratch family transcriptional repressor 2,SCRT2
tr_01022,junctional sarcoplasmic reticulum protein 1,JSRP1
tr_01023,prostate and testis expressed 2,PATE2
tr_01024,visinin like 1,VSNL1
tr_01025,protocadherin 19,PCDH19
tr_01026,interferon regulatory factor 2 binding protein 2,IRF2BP2
tr_01027,interleukin 21 receptor,IL21R
tr_01028,apoptosis enhancing nuclease,AEN
tr_01029,olfactory receptor family 2 subfamily T member 27,OR2T27
tr_01030,dynein regulatory complex subunit 2,DRC2
tr_01031,olfactory receptor family 5 subfamily G member 3 (gene/pseudogene),OR5G3
tr_01032,C2 calcium dependent domain containing 4C,C2CD4C
tr_01033,C2 domain containing 3 centriole elongation regulator,C2CD3
tr_01034,ARF like GTPase 4A,ARL4A
tr_01035,dynein heavy chain domain 1,DNHD1
tr_01036,G protein subunit gamma 8,GNG8
tr_01037,Rho GDP dissociation inhibitor alpha,ARHGDIA
tr_01038,cyclin dependent kinase 10,CDK10
tr_01039,"phenylalanyl-tRNA synthetase 2, mitochondrial",FARS2
tr_01040,transmembrane protein 44,TMEM44
tr_01041,chromodomain helicase DNA binding protein 9,CHD9
tr_01042,interleukin 4,IL4
tr_01043,serglycin,SRGN
tr_01044,taste 2 receptor member 4,TAS2R4
tr_01045,plasminogen,PLG
tr_01046,ryanodine receptor 3,RYR3
tr_01047,olfactory receptor family 2 subfamily T member 35 (gene/pseudogene),OR2T35
tr_01048,tight junction protein 1,TJP1
tr_01049,tubulin polymerization promoting protein,TPPP
tr_01050,GTP binding protein overexpressed in skeletal muscle,GEM
tr_01051,lymphocyte antigen 6 family member H,LY6H
tr_01052,myosin IXA,MYO9A
tr_01053,suppressor of cytokine signaling 4,SOCS4
tr_01054,ceramide kinase,CERK
tr_01055,cleavage and polyadenylation specific factor 2,CPSF2
tr_01056,basal cell adhesion molecule (Lutheran blood group),BCAM
tr_01057,dehydrogenase/reductase 9,DHRS9
tr_01058,GH3 domain containing,GHDC
tr_01059,7-dehydrocholesterol reductase,DHCR7
tr_01060,vasohibin 2,VASH2
tr_01061,transmembrane protein 179,TMEM179
tr_01062,charged multivesicular body protein 2B,CHMP2B
tr_01063,fibromodulin,FMOD
tr_01064,kinesin family member 25,KIF25
tr_01065,asparaginase,ASPG
tr_01066,"RNA binding protein, mRNA processing factor 2",RBPMS2
tr_01067,transmembrane and immunoglobulin domain containing 1,TMIGD1
tr_01068,chromosome 5 open reading frame 47,C5orf47
tr_01069,zinc finger protein 470,ZNF470
tr_01070,"lengsin, lens protein with glutamine synthetase domain",LGSN
tr_01071,gamma-glutamyltransferase 1,GGT1
tr_01072,importin 9,IPO9
tr_01073,"glutamyl-tRNA synthetase 2, mitochondrial",EARS2
tr_01074,tuftelin 1,TUFT1
tr_01075,transmembrane 9 superfamily member 1,TM9SF1
tr_01076,DDB1 and CUL4 associated factor 13,DCAF13
tr_01077,nucleolar protein with MIF4G domain 1,NOM1
tr_01078,interleukin 12A,IL12A
tr_01079,solute carrier family 14 member 2,SLC14A2
tr_01080,arachidonate 5-lipoxygenase,ALOX5
tr_01081,myosin light chain 2,MYL2
tr_01082,leucine rich repeat containing 46,LRRC46
tr_01083,transmembrane protein 205,TMEM205
tr_01084,X-C motif chemokine ligand 2,XCL2
tr_01085,lipocalin 6,LCN6
tr_01086,chromosome 19 open reading frame 53,C19orf53
tr_01087,hormonally up-regulated Neu-associated kinase,HUNK
tr_01088,olfactory receptor family 1 subfamily R member 1,OR1R1
tr_01089,transmembrane protein 11,TMEM11
tr_01090,carbohydrate sulfotransferase 1,CHST1
tr_01091,eukaryotic translation initiation factor 3 subunit D,EIF3D
tr_01092,cytochrome c oxidase subunit 7A1,COX7A1
tr_01093,eukaryotic translation initiation factor 4A1,EIF4A1
tr_01094,potassium voltage-gated channel modifier subfamily G member 1,KCNG1
tr_01095,chitinase 1,CHIT1
tr_01096,short chain dehydrogenase/reductase family 16C member 5,SDR16C5
tr_01097,deleted in azoospermia like,DAZL
tr_01098,erythrocyte membrane protein band 4.2,EPB42
tr_01099,tetratricopeptide repeat domain 16,TTC16
tr_01100,C2 calcium dependent domain containing 4A,C2CD4A
tr_01101,cyclin and CBS domain divalent metal cation transport mediator 3,CNNM3
tr_01102,endothelin converting enzyme 1,ECE1
tr_01103,myotubularin related protein 4,MTMR4
tr_01104,zinc finger protein 385D,ZNF385D
tr_01105,olfactory receptor family 1 subfamily N member 2,OR1N2
tr_01106,adenylate cyclase 7,ADCY7
tr_01107,"mannose-6-phosphate receptor, cation dependent",M6PR
tr_01108,prostaglandin-endoperoxide synthase 1,PTGS1
tr_01109,"3-hydroxyanthranilate 3,4-dioxygenase",HAAO
tr_01110,prolyl endopeptidase like,PREPL
tr_01111,peroxiredoxin 4,PRDX4
tr_01112,SNF2 related chromatin remodeling ATPase 5,SMARCA5
tr_01113,TATA-box binding protein like 2,TBPL2
tr_01114,potassium calcium-activated channel subfamily N member 4,KCNN4
tr_01115,zinc finger protein 430,ZNF430
tr_01116,Fas associated factor 1,FAF1
tr_01117,carbonic anhydrase 1,CA1
tr_01118,G protein-coupled receptor 22,GPR22
tr_01119,ras homolog family member A,RHOA
tr_01120,F-box protein 22,FBXO22
tr_01121,dorsal root ganglia homeobox,DRGX
tr_01122,sperm associated antigen 9,SPAG9
tr_01123,ribosomal protein lateral stalk subunit P0,RPLP0
tr_01124,RNA polymerase I and III subunit C,POLR1C
tr_01125,golgi reassembly stacking protein 2,GORASP2
tr_01126,pyridoxal dependent decarboxylase domain containing 1,PDXDC1
tr_01127,zinc finger protein 569,ZNF569
tr_01128,aprataxin,APTX
tr_01129,chromosome 2 open reading frame 42,C2orf42
tr_01130,methionine sulfoxide reductase A,MSRA
tr_01131,solute carrier family 25 member 28,SLC25A28
tr_01132,adrenoceptor alpha 2B,ADRA2B
tr_01133,lymphotoxin beta receptor,LTBR
tr_01134,lipopolysaccharide induced TNF factor,LITAF
tr_01135,contactin 1,CNTN1
tr_01136,solute carrier family 13 member 2,SLC13A2
tr_01137,alcohol dehydrogenase 6 (class V),ADH6
tr_01138,G protein subunit alpha L,GNAL
tr_01139,5-hydroxytryptamine receptor 1D,HTR1D
tr_01140,ubiquitin conjugating enzyme E2 G1,UBE2G1
tr_01141,transmembrane and coiled-coil domains 5A,TMCO5A
tr_01142,alpha-1-B glycoprotein,A1BG
tr_01143,solute carrier family 38 member 4,SLC38A4
tr_01144,NADH:ubiquinone oxidoreductase subunit A10,NDUFA10
tr_01145,SUMO specific peptidase 2,SENP2
tr_01146,zinc finger protein 394,ZNF394
tr_01147,taste 2 receptor member 50,TAS2R50
tr_01148,myosin binding protein C2,MYBPC2
tr_01149,DM1 protein kinase,DMPK
tr_01150,zinc finger protein 706,ZNF706
tr_01151,solute carrier family 1 member 3,SLC1A3
tr_01152,ubiquitin specific peptidase 24,USP24
tr_01153,hepatocyte nuclear factor 4 alpha,HNF4A
tr_01154,SR-related CTD associated factor 1,SCAF1
tr_01155,Fraser extracellular matrix complex subunit 1,FRAS1
tr_01156,phosphoseryl-tRNA kinase,PSTK
tr_01157,cytoskeleton associated protein 2,CKAP2
tr_01158,olfactory receptor family 6 subfamily C member 68,OR6C68
tr_01159,CDC like kinase 1,CLK1
tr_01160,zinc finger protein 300,ZNF300
tr_01161,anaphase promoting complex subunit 13,ANAPC13
tr_01162,zinc finger protein 114,ZNF114
tr_01163,gap junction protein alpha 10,GJA10
tr_01164,zinc finger protein 649,ZNF649
tr_01165,solute carrier family 7 member 14,SLC7A14
tr_01166,solute carrier family 4 member 3,SLC4A3
tr_01167,solute carrier family 7 member 10,SLC7A10
tr_01168,proliferation-associated 2G4,PA2G4
tr_01169,hemoglobin subunit alpha 1,HBA1
tr_01170,zinc finger homeobox 3,ZFHX3
tr_01171,olfactory receptor family 6 subfamily C member 70,OR6C70
tr_01172,dynein axonemal heavy chain 6,DNAH6
tr_01173,olfactory receptor family 1 subfamily F member 1,OR1F1
tr_01174,3-hydroxy-3-methylglutaryl-CoA lyase,HMGCL
tr_01175,paired like homeodomain 1,PITX1
tr_01176,stanniocalcin 1,STC1
tr_01177,chromosome 11 open reading frame 21,C11orf21
tr_01178,nudix hydrolase 13,NUDT13
tr_01179,chondrosarcoma associated gene 1,CSAG1
tr_01180,G protein-coupled receptor 180,GPR180
tr_01181,ribonuclease A family member 8,RNASE8
tr_01182,claudin 8,CLDN8
tr_01183,NK2 homeobox 2,NKX2-2
tr_01184,N-ribosyldihydronicotinamide:quinone dehydrogenase 2,NQO2
tr_01185,phosphoribosyl pyrophosphate amidotransferase,PPAT
tr_01186,mortality factor 4 like 2,MORF4L2
tr_01187,phosphoinositide-3-kinase regulatory subunit 5,PIK3R5
tr_01188,developmental pluripotency associated 4,DPPA4
tr_01189,arylacetamide deacetylase like 3,AADACL3
tr_01190,cytochrome P450 family 27 subfamily C member 1,CYP27C1
tr_01191,ubiquitin specific peptidase 18,USP18
tr_01192,DDB1 and CUL4 associated factor 5,DCAF5
tr_01193,collagen type XVII alpha 1 chain,COL17A1
tr_01194,regulatory factor X8,RFX8
tr_01195,"microtubule associated monooxygenase, calponin and LIM domain containing 1",MICAL1
tr_01196,ribosomal protein S17,RPS17
tr_01197,FSHD region gene 2 family member B,FRG2B
tr_01198,kinesin light chain 1,KLC1
tr_01199,chromosome 12 open reading frame 42,C12orf42
tr_01200,Fc receptor like 5,FCRL5
tr_01201,myosin heavy chain 8,MYH8
tr_01202,reticulon 4,RTN4
tr_01203,ubiquitin specific peptidase 29,USP29
tr_01204,potassium voltage-gated channel subfamily H member 4,KCNH4
tr_01205,IQ motif containing F2,IQCF2
tr_01206,pyruvate dehydrogenase E1 subunit alpha 2,PDHA2
tr_01207,zinc finger protein 69,ZNF69
tr_01208,eukaryotic translation initiation factor 1A domain containing,EIF1AD
tr_01209,keratin 85,KRT85
tr_01210,intermediate filament family orphan 2,IFFO2
tr_01211,leucine rich repeat and fibronectin type III domain containing 1,LRFN1
tr_01212,autocrine motility factor receptor,AMFR
tr_01213,vacuolar protein sorting 13 homolog B,VPS13B
tr_01214,solute carrier family 25 member 26,SLC25A26
tr_01215,transmembrane protein 116,TMEM116
tr_01216,zygote arrest 1,ZAR1
tr_01217,glycoprotein M6A,GPM6A
tr_01218,transmembrane protein 170A,TMEM170A
tr_01219,serine palmitoyltransferase long chain base subunit 3,SPTLC3
tr_01220,calcium voltage-gated channel auxiliary subunit alpha2delta 1,CACNA2D1
tr_01221,zinc finger MYM-type containing 6,ZMYM6
tr_01222,tripartite motif containing 50,TRIM50
tr_01223,meiotic double-stranded break formation protein 1,MEI1
tr_01224,MHC class I polypeptide-related sequence B,MICB
tr_01225,coiled-coil domain containing 7,CCDC7
tr_01226,ATPase plasma membrane Ca2+ transporting 1,ATP2B1
tr_01227,succinate dehydrogenase complex assembly factor 1,SDHAF1
tr_01228,spermatogenesis and oogenesis specific basic helix-loop-helix 2,SOHLH2
tr_01229,engulfment and cell motility 2,ELMO2
tr_01230,C-X-C motif chemokine ligand 5,CXCL5
tr_01231,ubiquitin specific peptidase 26,USP26
tr_01232,RNA binding motif protein 4B,RBM4B
tr_01233,BCL2 interacting protein 2,BNIP2
tr_01234,gamma-aminobutyric acid type B receptor subunit 2,GABBR2
tr_01235,upstream binding transcription factor like 1,UBTFL1
tr_01236,L-2-hydroxyglutarate dehydrogenase,L2HGDH
tr_01237,arginyl aminopeptidase,RNPEP
tr_01238,neurexin 1,NRXN1
tr_01239,mucosal vascular addressin cell adhesion molecule 1,MADCAM1
tr_01240,phenazine biosynthesis like protein domain containing,PBLD
tr_01241,occludin/ELL domain containing 1,OCEL1
tr_01242,death effector domain containing 2,DEDD2
tr_01243,mitogen-activated protein kinase 12,MAPK12
tr_01244,uronyl 2-sulfotransferase,UST
tr_01245,integrin subunit beta like 1,ITGBL1
tr_01246,contactin 2,CNTN2
tr_01247,erythrocyte membrane protein band 4.1 like 4B,EPB41L4B
tr_01248,peptidylprolyl isomerase D,PPID
tr_01249,transmembrane protein 135,TMEM135
tr_01250,phosphatidylinositol glycan anchor biosynthesis class K,PIGK
tr_01251,keratin associated protein 5-8,KRTAP5-8
tr_01252,zinc finger CCCH-type containing 18,ZC3H18
tr_01253,DExD/H-box 60 like,DDX60L
tr_01254,neuropeptide Y receptor Y5,NPY5R
tr_01255,solute carrier family 46 member 2,SLC46A2
tr_01256,lipoyltransferase 1,LIPT1
tr_01257,kelch domain containing 9,KLHDC9
tr_01258,wolframin ER transmembrane glycoprotein,WFS1
tr_01259,glutamate ionotropic receptor NMDA type subunit 2B,GRIN2B
tr_01260,ral guanine nucleotide dissociation stimulator like 3,RGL3
tr_01261,upstream binding protein 1,UBP1
tr_01262,mitogen-activated protein kinase 13,MAPK13
tr_01263,parvin beta,PARVB
tr_01264,cancer/testis antigen family 45 member A2,CT45A2
tr_01265,olfactory receptor family 4 subfamily K member 15,OR4K15
tr_01266,cyclin dependent kinase like 5,CDKL5
tr_01267,dual specificity phosphatase 28,DUSP28
tr_01268,mitochondrial ribosomal protein S21,MRPS21
tr_01269,"phosphatidylinositol-4,5-bisphosphate 3-kinase catalytic subunit gamma",PIK3CG
tr_01270,bromo adjacent homology domain containing 1,BAHD1
tr_01271,G protein-coupled receptor kinase 6,GRK6
tr_01272,rhomboid domain containing 2,RHBDD2
tr_01273,protein phosphatase 1 regulatory inhibitor subunit 2,PPP1R2
tr_01274,glycophorin A (MNS blood group),GYPA
tr_01275,endomucin,EMCN
tr_01276,tripartite motif containing 23,TRIM23
tr_01277,lysine demethylase 3B,KDM3B
tr_01278,zinc finger and BTB domain containing 16,ZBTB16
tr_01279,selectin P,SELP
tr_01280,protein O-mannosyltransferase 1,POMT1
tr_01281,chromosome 20 open reading frame 173,C20orf173
tr_01282,cerebellar degeneration related protein 2 like,CDR2L
tr_01283,DEAD-box helicase 59,DDX59
tr_01284,zinc finger AN1-type containing 3,ZFAND3
tr_01285,claudin 4,CLDN4
tr_01286,lysine demethylase 2B,KDM2B
tr_01287,transmembrane serine protease 6,TMPRSS6
tr_01288,aldo-keto reductase family 1 member B,AKR1B1
tr_01289,nudix hydrolase 18,NUDT18
tr_01290,olfactory receptor family 2 subfamily L member 3,OR2L3
tr_01291,ATP binding cassette subfamily A member 13,ABCA13
tr_01292,"major histocompatibility complex, class I, G",HLA-G
tr_01293,transmembrane phosphatase with tensin homology,TPTE
tr_01294,ankyrin repeat and LEM domain containing 1,ANKLE1
tr_01295,heat shock transcription factor Y-linked 2,HSFY2
tr_01296,general transcription factor IIA subunit 2,GTF2A2
tr_01297,ferritin heavy chain 1,FTH1
tr_01298,interleukin 19,IL19
tr_01299,tripartite motif containing 39,TRIM39
tr_01300,vesicle associated membrane protein 2,VAMP2
tr_01301,C-C motif chemokine ligand 3 like 3,CCL3L3
tr_01302,replication initiator 1,REPIN1
tr_01303,solute carrier family 22 member 3,SLC22A3
tr_01304,calcium binding protein 4,CABP4
tr_01305,phosphoglucomutase 5,PGM5
tr_01306,ATPase H+ transporting V0 subunit b,ATP6V0B
tr_01307,DEAD-box helicase 19B,DDX19B
tr_01308,leucine rich repeat and fibronectin type III domain containing 5,LRFN5
tr_01309,EP300 interacting inhibitor of differentiation 1,EID1
tr_01310,"killer cell immunoglobulin like receptor, two Ig domains and short cytoplasmic tail 2",KIR2DS2
tr_01311,olfactory receptor family 6 subfamily K member 2,OR6K2
tr_01312,mechanistic target of rapamycin kinase,MTOR
tr_01313,nucleolar and coiled-body phosphoprotein 1,NOLC1
tr_01314,ribosomal protein L5,RPL5
tr_01315,NADH:ubiquinone oxidoreductase subunit A6,NDUFA6
tr_01316,zinc finger and BTB domain containing 2,ZBTB2
tr_01317,TNFAIP3 interacting protein 2,TNIP2
tr_01318,translocase of inner mitochondrial membrane 8A,TIMM8A
tr_01319,potassium voltage-gated channel modifier subfamily S member 3,KCNS3
tr_01320,solute carrier family 39 member 9,SLC39A9
tr_01321,galactosamine (N-acetyl)-6-sulfatase,GALNS
tr_01322,"cerberus 1, DAN family BMP antagonist",CER1
tr_01323,NOP2/Sun RNA methyltransferase 6,NSUN6
tr_01324,neuropeptide Y,NPY
tr_01325,leucine rich repeat containing 14,LRRC14
tr_01326,CCR4-NOT transcription complex subunit 4,CNOT4
tr_01327,integrator complex subunit 10,INTS10
tr_01328,cadherin 1,CDH1
tr_01329,arrestin domain containing 1,ARRDC1
tr_01330,laminin subunit alpha 1,LAMA1
tr_01331,branched chain keto acid dehydrogenase E1 subunit alpha,BCKDHA
tr_01332,potassium inwardly rectifying channel subfamily J member 9,KCNJ9
tr_01333,neurofilament light chain,NEFL
tr_01334,zinc finger and BTB domain containing 26,ZBTB26
tr_01335,kelch repeat and BTB domain containing 11,KBTBD11
tr_01336,epoxide hydrolase 2,EPHX2
tr_01337,receptor associated protein of the synapse,RAPSN
tr_01338,coiled-coil domain containing 18,CCDC18
tr_01339,acyl-CoA thioesterase 11,ACOT11
tr_01340,follicle stimulating hormone subunit beta,FSHB
tr_01341,BCL2 associated transcription factor 1,BCLAF1
tr_01342,aryl hydrocarbon receptor,AHR
tr_01343,secretogranin II,SCG2
tr_01344,kinetochore associated 1,KNTC1
tr_01345,myotubularin related protein 12,MTMR12
tr_01346,cadherin 9,CDH9
tr_01347,mitochondrial translational initiation factor 2,MTIF2
tr_01348,transmembrane protein 176B,TMEM176B
tr_01349,MAM domain containing glycosylphosphatidylinositol anchor 1,MDGA1
tr_01350,acyl-CoA dehydrogenase short chain,ACADS
tr_01351,apolipoprotein L2,APOL2
tr_01352,steroid 5 alpha-reductase 2,SRD5A2
tr_01353,eukaryotic translation initiation factor 3 subunit M,EIF3M
tr_01354,GA binding protein transcription factor subunit beta 2,GABPB2
tr_01355,cadherin 3,CDH3
tr_01356,cadherin 13,CDH13
tr_01357,ATP binding cassette subfamily G member 4,ABCG4
tr_01358,piggyBac transposable element derived 1,PGBD1
tr_01359,ATP binding cassette subfamily G member 2 (JR blood group),ABCG2
tr_01360,gap junction protein alpha 4,GJA4
tr_01361,serine/arginine repetitive matrix 4,SRRM4
tr_01362,family with sequence similarity 24 member A,FAM24A
tr_01363,transcription factor 3,TCF3
tr_01364,suprabasin,SBSN
tr_01365,ubiquitin specific peptidase 17 like family member 3,USP17L3
tr_01366,transmembrane protein 150C,TMEM150C
tr_01367,glycosylphosphatidylinositol anchored molecule like,GML
tr_01368,nuclear receptor corepressor 2,NCOR2
tr_01369,glucosaminyl (N-acetyl) transferase family member 7,GCNT7
tr_01370,chromosome X open reading frame 49,CXorf49
tr_01371,histidine triad nucleotide binding protein 3,HINT3
tr_01372,deoxyribonuclease 1L3,DNASE1L3
tr_01373,trace amine associated receptor 5,TAAR5
tr_01374,chromosome 4 open reading frame 51,C4orf51
tr_01375,ATPase Na+/K+ transporting subunit alpha 1,ATP1A1
tr_01376,ankyrin repeat domain 52,ANKRD52
tr_01377,zinc and ring finger 1,ZNRF1
tr_01378,WW domain binding protein 11,WBP11
tr_01379,insulin receptor substrate 1,IRS1
tr_01380,solute carrier family 46 member 1,SLC46A1
tr_01381,zinc finger protein 383,ZNF383
tr_01382,stonin 2,STON2
tr_01383,myosin light chain 6,MYL6
tr_01384,forkhead box E3,FOXE3
tr_01385,gap junction protein epsilon 1,GJE1
tr_01386,mitochondrial ribosomal protein S27,MRPS27
tr_01387,tubulin alpha 3e,TUBA3E
tr_01388,component of inhibitor of nuclear factor kappa B kinase complex,CHUK
tr_01389,par-6 family cell polarity regulator gamma,PARD6G
tr_01390,zinc finger protein 780A,ZNF780A
tr_01391,homeobox A10,HOXA10
tr_01392,protein phosphatase 1 regulatory inhibitor subunit 14C,PPP1R14C
tr_01393,olfactory receptor family 8 subfamily U member 8,OR8U8
tr_01394,peptidase inhibitor 3,PI3
tr_01395,zinc finger protein 347,ZNF347
tr_01396,zinc finger CCHC-type containing 9,ZCCHC9
tr_01397,tetraspanin 5,TSPAN5
tr_01398,sialic acid binding Ig like lectin 5,SIGLEC5
tr_01399,solute carrier family 25 member 46,SLC25A46
tr_01400,crystallin gamma N,CRYGN
tr_01401,C-C motif chemokine ligand 22,CCL22
tr_01402,MX dynamin like GTPase 2,MX2
tr_01403,copine 7,CPNE7
tr_01404,zinc finger protein 860,ZNF860
tr_01405,T-box transcription factor 18,TBX18
tr_01406,keratin associated protein 9-6,KRTAP9-6
tr_01407,keratin associated protein 1-4,KRTAP1-4
tr_01408,polo like kinase 3,PLK3
tr_01409,lysophosphatidylcholine acyltransferase 2,LPCAT2
tr_01410,prospero homeobox 2,PROX2
tr_01411,myoglobin,MB
tr_01412,olfactory receptor family 10 subfamily Z member 1,OR10Z1
tr_01413,karyopherin subunit alpha 3,KPNA3
tr_01414,NSE4A component of SMC5/6 complex,NSMCE4A
tr_01415,stromal cell derived factor 2,SDF2
tr_01416,cortactin,CTTN
tr_01417,TIA1 cytotoxic granule associated RNA binding protein like 1,TIAL1
tr_01418,"carbamoyl-phosphate synthetase 2, aspartate transcarbamylase, and dihydroorotase",CAD
tr_01419,fatty acid binding protein 9,FABP9
tr_01420,glycerophosphodiester phosphodiesterase domain containing 1,GDPD1
tr_01421,placenta associated 8,PLAC8
tr_01422,F-box and leucine rich repeat protein 17,FBXL17
tr_01423,Ras association (RalGDS/AF-6) and pleckstrin homology domains 1,RAPH1
tr_01424,chromogranin B,CHGB
tr_01425,eukaryotic translation initiation factor 4 gamma 2,EIF4G2
tr_01426,solute carrier family 4 member 10,SLC4A10
tr_01427,ARF like GTPase 10,ARL10
tr_01428,cystatin 9,CST9
tr_01429,zinc finger protein 705G,ZNF705G
tr_01430,frizzled class receptor 1,FZD1
tr_01431,calcium dependent secretion activator 2,CADPS2
tr_01432,proteasome activator subunit 1,PSME1
tr_01433,oligosaccharyltransferase complex non-catalytic subunit,OSTC
tr_01434,RNA binding motif protein 42,RBM42
tr_01435,large tumor suppressor kinase 1,LATS1
tr_01436,eukaryotic translation initiation factor 1A X-linked,EIF1AX
tr_01437,tropomodulin 3,TMOD3
tr_01438,C-C motif chemokine receptor 9,CCR9
tr_01439,annexin A7,ANXA7
tr_01440,solute carrier family 12 member 1,SLC12A1
tr_01441,Rho GTPase activating protein 15,ARHGAP15
tr_01442,stress associated endoplasmic reticulum protein family member 2,SERP2
tr_01443,high mobility group nucleosomal binding domain 2,HMGN2
tr_01444,transketolase,TKT
tr_01445,N-myc downstream regulated 1,NDRG1
tr_01446,poly(A) polymerase gamma,PAPOLG
tr_01447,glycoprotein Ib platelet subunit beta,GP1BB
tr_01448,HECT and RLD domain containing E3 ubiquitin protein ligase 5,HERC5
tr_01449,leucine zipper tumor suppressor 2,LZTS2
tr_01450,uracil DNA glycosylase,UNG
tr_01451,zinc finger protein 438,ZNF438
tr_01452,syntaxin binding protein 5,STXBP5
tr_01453,solute carrier family 8 member A1,SLC8A1
tr_01454,protein phosphatase 1 regulatory subunit 9A,PPP1R9A
tr_01455,zinc finger protein 791,ZNF791
tr_01456,zinc finger protein 45,ZNF45
tr_01457,inosine triphosphatase,ITPA
tr_01458,RUN and FYVE domain containing 3,RUFY3
tr_01459,C-C motif chemokine receptor 10,CCR10
tr_01460,calpain 5,CAPN5
tr_01461,protein phosphatase 1 regulatory subunit 16B,PPP1R16B
tr_01462,calcium binding tyrosine phosphorylation regulated,CABYR
tr_01463,UDP-glucose glycoprotein glucosyltransferase 1,UGGT1
tr_01464,nuclear receptor coactivator 3,NCOA3
tr_01465,carbohydrate sulfotransferase 3,CHST3
tr_01466,integrator complex subunit 3,INTS3
tr_01467,"ArfGAP with SH3 domain, ankyrin repeat and PH domain 2",ASAP2
tr_01468,thyrotropin releasing hormone,TRH
tr_01469,protein C receptor,PROCR
tr_01470,bactericidal permeability increasing protein,BPI
tr_01471,actin binding LIM protein family member 3,ABLIM3
tr_01472,olfactory receptor family 52 subfamily B member 4,OR52B4
tr_01473,mesenchyme homeobox 1,MEOX1
tr_01474,tachykinin receptor 3,TACR3
tr_01475,collagen type V alpha 3 chain,COL5A3
tr_01476,exportin 6,XPO6
tr_01477,G protein-coupled receptor 155,GPR155
tr_01478,myotubularin related protein 10,MTMR10
tr_01479,SNF related kinase,SNRK
tr_01480,PX domain containing serine/threonine kinase like,PXK
tr_01481,parvin gamma,PARVG
tr_01482,transmembrane protein 213,TMEM213
tr_01483,lysophosphatidic acid receptor 5,LPAR5
tr_01484,cancer/testis antigen family 47 member A1,CT47A1
tr_01485,chromodomain Y like 2,CDYL2
tr_01486,tumor associated calcium signal transducer 2,TACSTD2
tr_01487,olfactory receptor family 9 subfamily Q member 1,OR9Q1
tr_01488,G protein subunit gamma 12,GNG12
tr_01489,TNF receptor associated protein 1,TRAP1
tr_01490,carbohydrate sulfotransferase 8,CHST8
tr_01491,chordin like 2,CHRDL2
tr_01492,ARF like GTPase 6 interacting protein 6,ARL6IP6
tr_01493,leucine rich repeats and immunoglobulin like domains 3,LRIG3
tr_01494,G protein-coupled receptor 75,GPR75
tr_01495,adhesion molecule with Ig like domain 1,AMIGO1
tr_01496,eukaryotic translation initiation factor 2 subunit alpha,EIF2S1
tr_01497,zinc finger protein 680,ZNF680
tr_01498,zinc finger protein 34,ZNF34
tr_01499,proliferation and apoptosis adaptor protein 15,PEA15
tr_01500,cytoskeleton associated protein 5,CKAP5
tr_01501,gap junction protein alpha 8,GJA8
tr_01502,connector enhancer of kinase suppressor of Ras 2,CNKSR2
tr_01503,tetratricopeptide repeat domain 38,TTC38
tr_01504,testis associated actin remodelling kinase 2,TESK2
tr_01505,RNA polymerase II subunit B,POLR2B
tr_01506,microtubule affinity regulating kinase 2,MARK2
tr_01507,toll like receptor 4,TLR4
tr_01508,integrin subunit beta 3 binding protein,ITGB3BP
tr_01509,tyrosine 3-monooxygenase/tryptophan 5-monooxygenase activation protein epsilon,YWHAE
tr_01510,F-box and WD repeat domain containing 9,FBXW9
tr_01511,C-C motif chemokine ligand 19,CCL19
tr_01512,interleukin 1 receptor like 1,IL1RL1
tr_01513,RNA exonuclease 1 homolog,REXO1
tr_01514,chromosome 9 open reading frame 43,C9orf43
tr_01515,ring finger protein 113A,RNF113A
tr_01516,casein alpha s1,CSN1S1
tr_01517,X antigen family member 3,XAGE3
tr_01518,elongation factor Tu GTP binding domain containing 2,EFTUD2
tr_01519,histone H4 transcription factor,HINFP
tr_01520,mitochondrial ribosomal protein L17,MRPL17
tr_01521,zinc finger protein 445,ZNF445
tr_01522,endothelin converting enzyme like 1,ECEL1
tr_01523,"hepatocellular carcinoma, down-regulated 1",HEPN1
tr_01524,seizure related 6 homolog like 2,SEZ6L2
tr_01525,ring finger protein 103,RNF103
tr_01526,adaptor related protein complex 2 subunit beta 1,AP2B1
tr_01527,CGRP receptor component,CRCP
tr_01528,acyl-CoA synthetase family member 3,ACSF3
tr_01529,tripartite motif containing 35,TRIM35
tr_01530,cellular repressor of E1A stimulated genes 1,CREG1
tr_01531,taste 2 receptor member 16,TAS2R16
tr_01532,solute carrier family 22 member 23,SLC22A23
tr_01533,protein phosphatase targeting COQ7,PPTC7
tr_01534,nuclear transport factor 2,NUTF2
tr_01535,histidine decarboxylase,HDC
tr_01536,solute carrier family 10 member 2,SLC10A2
tr_01537,Bardet-Biedl syndrome 7,BBS7
tr_01538,annexin A6,ANXA6
tr_01539,C-C motif chemokine ligand 16,CCL16
tr_01540,olfactory receptor family 4 subfamily C member 13,OR4C13
tr_01541,biotinidase,BTD
tr_01542,Charcot-Leyden crystal galectin,CLC
tr_01543,ATPase copper transporting beta,ATP7B
tr_01544,interleukin 3,IL3
tr_01545,adaptor related protein complex 3 subunit beta 1,AP3B1
tr_01546,SET and MYND domain containing 3,SMYD3
tr_01547,prostaglandin I2 receptor,PTGIR
tr_01548,nascent polypeptide associated complex subunit alpha 2,NACA2
tr_01549,NK6 homeobox 3,NKX6-3
tr_01550,syntrophin beta 1,SNTB1
tr_01551,X antigen family member 1B,XAGE1B
tr_01552,retinol dehydrogenase 12,RDH12
tr_01553,calcium binding protein 5,CABP5
tr_01554,solute carrier family 26 member 6,SLC26A6
tr_01555,synaptotagmin like 2,SYTL2
tr_01556,armadillo repeat containing X-linked 5,ARMCX5
tr_01557,tubulin folding cofactor B,TBCB
tr_01558,NLR family apoptosis inhibitory protein,NAIP
tr_01559,zinc finger protein 684,ZNF684
tr_01560,nuclear factor of activated T cells 5,NFAT5
tr_01561,lymphocyte antigen 6 family member D,LY6D
tr_01562,chromosome 16 open reading frame 54,C16orf54
tr_01563,zinc finger protein 575,ZNF575
tr_01564,beta-transducin repeat containing E3 ubiquitin protein ligase,BTRC
tr_01565,RNA binding motif protein 12,RBM12
tr_01566,calcineurin like phosphoesterase domain containing 1,CPPED1
tr_01567,solute carrier family 47 member 1,SLC47A1
tr_01568,leucine rich repeat containing 24,LRRC24
tr_01569,zinc finger CCHC-type containing 10,ZCCHC10
tr_01570,transmembrane protein 100,TMEM100
tr_01571,seizure related 6 homolog,SEZ6
tr_01572,transmembrane protein 170B,TMEM170B
tr_01573,folylpolyglutamate synthase,FPGS
tr_01574,interleukin 1 family member 10,IL1F10
tr_01575,mitochondrial ribosomal protein S17,MRPS17
tr_01576,family with sequence similarity 110 member B,FAM110B
tr_01577,ankyrin repeat domain 18B,ANKRD18B
tr_01578,CDP-diacylglycerol--inositol 3-phosphatidyltransferase,CDIPT
tr_01579,"TATA-box binding protein associated factor, RNA polymerase I subunit A",TAF1A
tr_01580,leucine rich repeats and WD repeat domain containing 1,LRWD1
tr_01581,ubiquitin conjugating enzyme E2 E2,UBE2E2
tr_01582,transmembrane protein 218,TMEM218
tr_01583,zinc finger protein 223,ZNF223
tr_01584,ribonucleotide reductase regulatory TP53 inducible subunit M2B,RRM2B
tr_01585,coiled-coil domain containing 141,CCDC141
tr_01586,meiosis specific nuclear structural 1,MNS1
tr_01587,family with sequence similarity 53 member B,FAM53B
tr_01588,myosin IC,MYO1C
tr_01589,dual oxidase maturation factor 2,DUOXA2
tr_01590,chromosome 3 open reading frame 38,C3orf38
tr_01591,ectonucleoside triphosphate diphosphohydrolase 6,ENTPD6
tr_01592,uridine phosphorylase 2,UPP2
tr_01593,zinc finger protein 57,ZNF57
tr_01594,sprouty RTK signaling antagonist 2,SPRY2
tr_01595,protein-L-isoaspartate (D-aspartate) O-methyltransferase domain containing 1,PCMTD1
tr_01596,family with sequence similarity 167 member B,FAM167B
tr_01597,plexin D1,PLXND1
tr_01598,desmin,DES
tr_01599,yippee like 4,YPEL4
tr_01600,jumonji and AT-rich interaction domain containing 2,JARID2
tr_01601,citron rho-interacting serine/threonine kinase,CIT
tr_01602,cleavage stimulation factor subunit 1,CSTF1
tr_01603,ARF like GTPase 5B,ARL5B
tr_01604,solute carrier family 15 member 5,SLC15A5
tr_01605,chromosome 9 open reading frame 50,C9orf50
tr_01606,retention in endoplasmic reticulum sorting receptor 1,RER1
tr_01607,ankyrin repeat and SOCS box containing 11,ASB11
tr_01608,cyclin J,CCNJ
tr_01609,left-right determination factor 1,LEFTY1
tr_01610,C-type lectin domain containing 9A,CLEC9A
tr_01611,sorting nexin 25,SNX25
tr_01612,translocase of inner mitochondrial membrane 22,TIMM22
tr_01613,"methyltransferase 14, N6-adenosine-methyltransferase non-catalytic subunit",METTL14
tr_01614,actin like 9,ACTL9
tr_01615,peripherin 2,PRPH2
tr_01616,transcription termination factor 1,TTF1
tr_01617,dishevelled segment polarity protein 3,DVL3
tr_01618,exosome component 4,EXOSC4
tr_01619,cystatin B,CSTB
tr_01620,ER degradation enhancing alpha-mannosidase like protein 2,EDEM2
tr_01621,"FYVE, RhoGEF and PH domain containing 1",FGD1
tr_01622,chromosome 5 open reading frame 58,C5orf58
tr_01623,"spliceosome associated factor 3, U4/U6 recycling protein",SART3
tr_01624,signaling threshold regulating transmembrane adaptor 1,SIT1
tr_01625,hephaestin,HEPH
tr_01626,prolactin,PRL
tr_01627,nischarin,NISCH
tr_01628,calcium homeostasis endoplasmic reticulum protein,CHERP
tr_01629,EMAP like 2,EML2
tr_01630,phospholipase D family member 6,PLD6
tr_01631,angiopoietin like 4,ANGPTL4
tr_01632,zinc finger protein 775,ZNF775
tr_01633,autophagy related 4D cysteine peptidase,ATG4D
tr_01634,cytokine dependent hematopoietic cell linker,CLNK
tr_01635,tubulin alpha 8,TUBA8
tr_01636,1-acylglycerol-3-phosphate O-acyltransferase 4,AGPAT4
tr_01637,mono-ADP ribosylhydrolase 1,MACROD1
tr_01638,aldehyde dehydrogenase 18 family member A1,ALDH18A1
tr_01639,phosphodiesterase 6A,PDE6A
tr_01640,secreted phosphoprotein 1,SPP1
tr_01641,myoferlin,MYOF
tr_01642,electron transfer flavoprotein dehydrogenase,ETFDH
tr_01643,C-C motif chemokine ligand 8,CCL8
tr_01644,interferon alpha and beta receptor subunit 1,IFNAR1
tr_01645,RELT like 2,RELL2
tr_01646,protein tyrosine phosphatase non-receptor type 6,PTPN6
tr_01647,MAX dimerization protein 1,MXD1
tr_01648,C-type lectin domain family 12 member B,CLEC12B
tr_01649,ubiquitin like modifier activating enzyme 3,UBA3
tr_01650,monocyte to macrophage differentiation associated 2,MMD2
tr_01651,leucine rich repeat containing 66,LRRC66
tr_01652,capicua transcriptional repressor,CIC
tr_01653,hydroxyacylglutathione hydrolase like,HAGHL
tr_01654,ubiquitin conjugating enzyme E2 L3,UBE2L3
tr_01655,spermatogenesis associated 19,SPATA19
tr_01656,adenylate cyclase 1,ADCY1
tr_01657,radical S-adenosyl methionine domain containing 2,RSAD2
tr_01658,melanocortin 3 receptor,MC3R
tr_01659,transmembrane protein 63B,TMEM63B
tr_01660,interleukin 17 receptor C,IL17RC
tr_01661,kelch like family member 32,KLHL32
tr_01662,solute carrier organic anion transporter family member 2A1,SLCO2A1
tr_01663,testis specific protein Y-linked 1,TSPY1
tr_01664,activating signal cointegrator 1 complex subunit 3,ASCC3
tr_01665,ficolin 1,FCN1
tr_01666,abhydrolase domain containing 1,ABHD1
tr_01667,galactosidase beta 1,GLB1
tr_01668,mesencephalic astrocyte derived neurotrophic factor,MANF
tr_01669,keratin associated protein 3-1,KRTAP3-1
tr_01670,synaptopodin 2,SYNPO2
tr_01671,galactose-3-O-sulfotransferase 3,GAL3ST3
tr_01672,zinc finger protein 618,ZNF618
tr_01673,ectonucleoside triphosphate diphosphohydrolase 5 (inactive),ENTPD5
tr_01674,family with sequence similarity 47 member B,FAM47B
tr_01675,acetylserotonin O-methyltransferase like,ASMTL
tr_01676,pseudouridine synthase like 1,PUSL1
tr_01677,zinc finger MYND-type containing 12,ZMYND12
tr_01678,"methyltransferase 6, tRNA N3-cytidine",METTL6
tr_01679,defensin beta 106B,DEFB106B
tr_01680,proprotein convertase subtilisin/kexin type 9,PCSK9
tr_01681,tyrosyl-tRNA synthetase 2,YARS2
tr_01682,GRB10 interacting GYF protein 1,GIGYF1
tr_01683,myocyte enhancer factor 2D,MEF2D
tr_01684,transmembrane 4 L six family member 4,TM4SF4
tr_01685,zinc finger protein 648,ZNF648
tr_01686,eukaryotic translation initiation factor 4 gamma 1,EIF4G1
tr_01687,vascular endothelial growth factor C,VEGFC
tr_01688,"TATA-box binding protein associated factor, RNA polymerase I subunit D",TAF1D
tr_01689,olfactory receptor family 6 subfamily C member 1,OR6C1
tr_01690,ATPase phospholipid transporting 8B4 (putative),ATP8B4
tr_01691,olfactory receptor family 14 subfamily J member 1,OR14J1
tr_01692,ARF like GTPase 8B,ARL8B
tr_01693,multiple EGF like domains 8,MEGF8
tr_01694,butyrophilin subfamily 3 member A3,BTN3A3
tr_01695,unc-51 like kinase 4,ULK4
tr_01696,cytochrome b5 reductase 4,CYB5R4
tr_01697,"N-acetyltransferase 8B (putative, gene/pseudogene)",NAT8B
tr_01698,transcription factor 24,TCF24
tr_01699,tripartite motif containing 49,TRIM49
tr_01700,CAS1 domain sialic acid O acetyltransferase 1,CASD1
tr_01701,double PHD fingers 3,DPF3
tr_01702,keratin associated protein 15-1,KRTAP15-1
tr_01703,C-X3-C motif chemokine ligand 1,CX3CL1
tr_01704,small ubiquitin like modifier 3,SUMO3
tr_01705,mediator complex subunit 6,MED6
tr_01706,azurocidin 1,AZU1
tr_01707,F-box and WD repeat domain containing 5,FBXW5
tr_01708,DET1 and DDB1 associated 1,DDA1
tr_01709,potassium two pore domain channel subfamily K member 17,KCNK17
tr_01710,chromosome 1 open reading frame 216,C1orf216
tr_01711,phosphatidylinositol transfer protein membrane associated 1,PITPNM1
tr_01712,transmembrane protein 43,TMEM43
tr_01713,peptidyl-tRNA hydrolase 1 homolog,PTRH1
tr_01714,melanocortin 2 receptor accessory protein 2,MRAP2
tr_01715,transformer 2 beta homolog,TRA2B
tr_01716,polynucleotide kinase 3'-phosphatase,PNKP
tr_01717,UL16 binding protein 3,ULBP3
tr_01718,SRY-box transcription factor 13,SOX13
tr_01719,sphingosine-1-phosphate receptor 5,S1PR5
tr_01720,neurochondrin,NCDN
tr_01721,membrane spanning 4-domains A5,MS4A5
tr_01722,olfactory receptor family 11 subfamily H member 7 (gene/pseudogene),OR11H7
tr_01723,Yip1 domain family member 7,YIPF7
tr_01724,eukaryotic translation initiation factor 2B subunit epsilon,EIF2B5
tr_01725,BCL2 interacting killer,BIK
tr_01726,otoancorin,OTOA
tr_01727,caveolin 3,CAV3
tr_01728,phosphatase and actin regulator 3,PHACTR3
tr_01729,"ArfGAP with coiled-coil, ankyrin repeat and PH domains 1",ACAP1
tr_01730,ring finger and WD repeat domain 3,RFWD3
tr_01731,"carboxypeptidase X, M14 family member 2",CPXM2
tr_01732,poly(A) binding protein cytoplasmic 1 like 2B,PABPC1L2B
tr_01733,coronin 1C,CORO1C
tr_01734,cyclin B1,CCNB1
tr_01735,matrix extracellular phosphoglycoprotein,MEPE
tr_01736,activating transcription factor 6,ATF6
tr_01737,Fc gamma receptor IIIb,FCGR3B
tr_01738,HMG-box transcription factor 1,HBP1
tr_01739,GTP cyclohydrolase I feedback regulator,GCHFR
tr_01740,tigger transposable element derived 6,TIGD6
tr_01741,sperm associated antigen 5,SPAG5
tr_01742,sorting nexin 15,SNX15
tr_01743,ubiquitin specific peptidase 51,USP51
tr_01744,DC-STAMP domain containing 1,DCST1
tr_01745,oncoprotein induced transcript 3,OIT3
tr_01746,olfactory receptor family 2 subfamily H member 1,OR2H1
tr_01747,solute carrier family 8 member A3,SLC8A3
tr_01748,Ras related GTP binding A,RRAGA
tr_01749,cytochrome c oxidase subunit 6C,COX6C
tr_01750,prefoldin subunit 4,PFDN4
tr_01751,Ras and Rab interactor 2,RIN2
tr_01752,zinc finger protein 101,ZNF101
tr_01753,torsin family 1 member B,TOR1B
tr_01754,general transcription factor IIF subunit 2,GTF2F2
tr_01755,calmodulin like 6,CALML6
tr_01756,D-dopachrome tautomerase,DDT
tr_01757,SH3 and multiple ankyrin repeat domains 1,SHANK1
tr_01758,phospholipase A2 group IIA,PLA2G2A
tr_01759,methionine adenosyltransferase 2A,MAT2A
tr_01760,phosphatidylinositol transfer protein alpha,PITPNA
tr_01761,synaptosome associated protein 29,SNAP29
tr_01762,WAS/WASL interacting protein family member 2,WIPF2
tr_01763,sorbitol dehydrogenase,SORD
tr_01764,glyoxalase domain containing 5,GLOD5
tr_01765,minichromosome maintenance complex component 3 associated protein,MCM3AP
tr_01766,acetoacetyl-CoA synthetase,AACS
tr_01767,"protein phosphatase, Mg2+/Mn2+ dependent 1K",PPM1K
tr_01768,interleukin 7,IL7
tr_01769,carboxypeptidase B2,CPB2
tr_01770,chromosome 19 open reading frame 44,C19orf44
tr_01771,zinc finger protein 525,ZNF525
tr_01772,glutamate ionotropic receptor NMDA type subunit 2C,GRIN2C
tr_01773,insulin induced gene 1,INSIG1
tr_01774,heparin binding EGF like growth factor,HBEGF
tr_01775,bromodomain and PHD finger containing 1,BRPF1
tr_01776,transmembrane protein 38A,TMEM38A
tr_01777,microtubule affinity regulating kinase 4,MARK4
tr_01778,cysteine rich secretory protein 3,CRISP3
tr_01779,ribosomal protein L9,RPL9
tr_01780,mesogenin 1,MSGN1
tr_01781,FRAS1 related extracellular matrix 3,FREM3
tr_01782,transmembrane protein 59 like,TMEM59L
tr_01783,nescient helix-loop-helix 1,NHLH1
tr_01784,syntrophin alpha 1,SNTA1
tr_01785,armadillo repeat containing 1,ARMC1
tr_01786,transmembrane protein 50B,TMEM50B
tr_01787,olfactory receptor family 1 subfamily L member 4,OR1L4
tr_01788,tubulin folding cofactor A,TBCA
tr_01789,eukaryotic translation initiation factor 4E binding protein 3,EIF4EBP3
tr_01790,porcupine O-acyltransferase,PORCN
tr_01791,neurolysin,NLN
tr_01792,lysozyme like 2,LYZL2
tr_01793,endoplasmic reticulum protein 27,ERP27
tr_01794,collagen type III alpha 1 chain,COL3A1
tr_01795,late cornified envelope 4A,LCE4A
tr_01796,ankyrin repeat and zinc finger peptidyl tRNA hydrolase 1,ANKZF1
tr_01797,connector enhancer of kinase suppressor of Ras 1,CNKSR1
tr_01798,serine dehydratase like,SDSL
tr_01799,transmembrane and coiled-coil domain family 2,TMCC2
tr_01800,"phosphoenolpyruvate carboxykinase 2, mitochondrial",PCK2
tr_01801,coiled-coil domain containing 62,CCDC62
tr_01802,inosine monophosphate dehydrogenase 2,IMPDH2
tr_01803,chaperonin containing TCP1 subunit 8,CCT8
tr_01804,pleckstrin homology domain containing A7,PLEKHA7
tr_01805,ring finger protein 220,RNF220
tr_01806,olfactory receptor family 10 subfamily X member 1,OR10X1
tr_01807,mediator complex subunit 29,MED29
tr_01808,zinc finger protein 513,ZNF513
tr_01809,interferon induced protein 35,IFI35
tr_01810,IL2 inducible T cell kinase,ITK
tr_01811,tudor domain containing 10,TDRD10
tr_01812,leucine rich repeat and fibronectin type III domain containing 3,LRFN3
tr_01813,zinc finger protein 8,ZNF8
tr_01814,A-kinase anchoring protein 4,AKAP4
tr_01815,"BCL2 associated X, apoptosis regulator",BAX
tr_01816,zinc finger and BTB domain containing 25,ZBTB25
tr_01817,WD repeat domain 47,WDR47
tr_01818,secretoglobin family 1D member 2,SCGB1D2
tr_01819,family with sequence similarity 124 member A,FAM124A
tr_01820,lipase family member M,LIPM
tr_01821,eukaryotic translation initiation factor 5A2,EIF5A2
tr_01822,protein interacting with PRKCA 1,PICK1
tr_01823,tetratricopeptide repeat domain 22,TTC22
tr_01824,diacylglycerol kinase kappa,DGKK
tr_01825,mitochondrial ribosomal protein L40,MRPL40
tr_01826,C-terminal Src kinase,CSK
tr_01827,spermine oxidase,SMOX
tr_01828,Fc epsilon receptor II,FCER2
tr_01829,solute carrier family 26 member 5,SLC26A5
tr_01830,Cl-/H+ antiporter 5,CLCN5
tr_01831,homeodomain interacting protein kinase 3,HIPK3
tr_01832,tigger transposable element derived 1,TIGD1
tr_01833,olfactory receptor family 5 subfamily P member 3,OR5P3
tr_01834,"SPT7 like, STAGA complex subunit gamma",SUPT7L
tr_01835,clathrin interactor 1,CLINT1
tr_01836,small nuclear RNA activating complex polypeptide 1,SNAPC1
tr_01837,ubiquitously expressed prefoldin like chaperone,UXT
tr_01838,ring finger protein 166,RNF166
tr_01839,aquaporin 3 (Gill blood group),AQP3
tr_01840,barttin CLCNK type accessory subunit beta,BSND
tr_01841,transmembrane p24 trafficking protein 9,TMED9
tr_01842,NADH:ubiquinone oxidoreductase subunit A9,NDUFA9
tr_01843,G protein-coupled receptor 82,GPR82
tr_01844,methionine adenosyltransferase 1A,MAT1A
tr_01845,cytochrome P450 family 4 subfamily F member 2,CYP4F2
tr_01846,one cut homeobox 3,ONECUT3
tr_01847,cell division cycle 14B,CDC14B
tr_01848,keratin associated protein 12-4,KRTAP12-4
tr_01849,ATP binding cassette subfamily A member 3,ABCA3
tr_01850,interphotoreceptor matrix proteoglycan 1,IMPG1
tr_01851,solute carrier family 46 member 3,SLC46A3
tr_01852,ferric chelate reductase 1,FRRS1
tr_01853,amylase alpha 1B,AMY1B
tr_01854,codanin 1,CDAN1
tr_01855,solute carrier family 25 member 39,SLC25A39
tr_01856,ATP binding cassette subfamily A member 1,ABCA1
tr_01857,transmembrane protein 169,TMEM169
tr_01858,F-box protein 47,FBXO47
tr_01859,cancer/testis antigen family 47 member A2,CT47A2
tr_01860,C-X-C motif chemokine ligand 17,CXCL17
tr_01861,RAR related orphan receptor C,RORC
tr_01862,leucine rich repeat kinase 2,LRRK2
tr_01863,crumbs cell polarity complex component 1,CRB1
tr_01864,cryptochrome circadian regulator 1,CRY1
tr_01865,transmembrane protein 31,TMEM31
tr_01866,calcium modulating ligand,CAMLG
tr_01867,protein tyrosine phosphatase non-receptor type 14,PTPN14
tr_01868,basic helix-loop-helix family member e23,BHLHE23
tr_01869,calpain 3,CAPN3
tr_01870,zinc finger protein 479,ZNF479
tr_01871,stabilin 2,STAB2
tr_01872,WD repeat domain 13,WDR13
tr_01873,chromosome 22 open reading frame 15,C22orf15
tr_01874,pre-mRNA processing factor 39,PRPF39
tr_01875,dihydrouridine synthase 3 like,DUS3L
tr_01876,zinc finger X-linked duplicated A,ZXDA
tr_01877,phospholipase C gamma 1,PLCG1
tr_01878,claudin 19,CLDN19
tr_01879,src kinase associated phosphoprotein 1,SKAP1
tr_01880,ubiquitin conjugating enzyme E2 K,UBE2K
tr_01881,"upstream transcription factor 2, c-fos interacting",USF2
tr_01882,cyclic nucleotide gated channel subunit beta 1,CNGB1
tr_01883,sorbin and SH3 domain containing 3,SORBS3
tr_01884,somatostatin receptor 1,SSTR1
tr_01885,transcription elongation factor A3,TCEA3
tr_01886,tripartite motif containing 8,TRIM8
tr_01887,DEAD-box helicase 56,DDX56
tr_01888,microsomal triglyceride transfer protein,MTTP
tr_01889,autoimmune regulator,AIRE
tr_01890,glycerol kinase 2,GK2
tr_01891,taste 2 receptor member 7,TAS2R7
tr_01892,phosphatidylinositol-4-phosphate 3-kinase catalytic subunit type 2 beta,PIK3C2B
tr_01893,solute carrier family 23 member 1,SLC23A1
tr_01894,cyclin dependent kinase inhibitor 3,CDKN3
tr_01895,decaprenyl diphosphate synthase subunit 1,PDSS1
tr_01896,tubulin tyrosine ligase like 10,TTLL10
tr_01897,ribonuclease A family member 7,RNASE7
tr_01898,solute carrier family 18 member A1,SLC18A1
tr_01899,pyrin domain containing 2,PYDC2
tr_01900,"FYVE, RhoGEF and PH domain containing 2",FGD2
tr_01901,gametocyte specific factor 1 like,GTSF1L
tr_01902,"trans-2,3-enoyl-CoA reductase like",TECRL
tr_01903,fms related receptor tyrosine kinase 3,FLT3
tr_01904,cytochrome c oxidase subunit 8C,COX8C
tr_01905,huntingtin interacting protein 1,HIP1
tr_01906,neuropeptide FF receptor 1,NPFFR1
tr_01907,dehydrogenase/reductase 4 like 2,DHRS4L2
tr_01908,guanosine monophosphate synthase,GMPS
tr_01909,solute carrier family 13 member 5,SLC13A5
tr_01910,pentatricopeptide repeat domain 2,PTCD2
tr_01911,adenosine monophosphate deaminase 1,AMPD1
tr_01912,leukocyte specific transcript 1,LST1
tr_01913,potassium voltage-gated channel subfamily H member 8,KCNH8
tr_01914,neutrophil cytosolic factor 2,NCF2
tr_01915,reticulon 3,RTN3
tr_01916,spermatogenesis associated serine rich 2 like,SPATS2L
tr_01917,TOR signaling pathway regulator,TIPRL
tr_01918,myosin heavy chain 10,MYH10
tr_01919,synthesis of cytochrome C oxidase 2,SCO2
tr_01920,coat protein complex I subunit beta 2,COPB2
tr_01921,kynureninase,KYNU
tr_01922,Cl-/H+ antiporter 3,CLCN3
tr_01923,zinc finger protein 30,ZNF30
tr_01924,homeobox B8,HOXB8
tr_01925,small nuclear ribonucleoprotein U5 subunit 40,SNRNP40
tr_01926,zinc finger protein 740,ZNF740
tr_01927,BAR/IMD domain containing adaptor protein 2 like 2,BAIAP2L2
tr_01928,dual specificity phosphatase 21,DUSP21
tr_01929,transforming growth factor beta regulator 1,TBRG1
tr_01930,mannosidase alpha class 2B member 1,MAN2B1
tr_01931,myosin XVIIIB,MYO18B
tr_01932,methyl-CpG binding domain protein 3 like 2,MBD3L2
tr_01933,protein phosphatase 1 regulatory subunit 3C,PPP1R3C
tr_01934,coiled-coil domain containing 8 subunit of 3M complex,CCDC8
tr_01935,family with sequence similarity 120 member C,FAM120C
tr_01936,calmegin,CLGN
tr_01937,sialic acid binding Ig like lectin 6,SIGLEC6
tr_01938,acyl-CoA binding domain containing 7,ACBD7
tr_01939,Rho guanine nucleotide exchange factor 5,ARHGEF5
tr_01940,diphthamide biosynthesis 2,DPH2
tr_01941,cyclase associated actin cytoskeleton regulatory protein 1,CAP1
tr_01942,trafficking protein particle complex subunit 3,TRAPPC3
tr_01943,karyopherin subunit beta 1,KPNB1
tr_01944,fructosamine 3 kinase,FN3K
tr_01945,zinc finger protein 697,ZNF697
tr_01946,strawberry notch homolog 2,SBNO2
tr_01947,HD domain containing 2,HDDC2
tr_01948,isocitrate dehydrogenase (NAD(+)) 3 catalytic subunit alpha,IDH3A
tr_01949,crystallin gamma A,CRYGA
tr_01950,heat shock protein family A (Hsp70) member 6,HSPA6
tr_01951,leucine rich repeat and fibronectin type III domain containing 4,LRFN4
tr_01952,F-box protein 36,FBXO36
tr_01953,solute carrier family 16 member 14,SLC16A14
tr_01954,ubiquitin specific peptidase 5,USP5
tr_01955,tudor domain containing 9,TDRD9
tr_01956,alpha-methylacyl-CoA racemase,AMACR
tr_01957,leucine rich repeat and coiled-coil centrosomal protein 1,LRRCC1
tr_01958,zinc finger protein 197,ZNF197
tr_01959,asparagine synthetase (glutamine-hydrolyzing),ASNS
tr_01960,G protein-coupled receptor 101,GPR101
tr_01961,zonadhesin,ZAN
tr_01962,G protein subunit gamma 10,GNG10
tr_01963,distal-less homeobox 6,DLX6
tr_01964,ETS variant transcription factor 3,ETV3
tr_01965,ephrin B3,EFNB3
tr_01966,chromosome transmission fidelity factor 8,CHTF8
tr_01967,fetuin B,FETUB
tr_01968,Bardet-Biedl syndrome 4,BBS4
tr_01969,DEAD-box helicase 6,DDX6
tr_01970,olfactory receptor family 8 subfamily J member 1,OR8J1
tr_01971,killer cell lectin like receptor C2,KLRC2
tr_01972,ring finger protein 168,RNF168
tr_01973,forkhead box D4 like 5,FOXD4L5
tr_01974,family with sequence similarity 170 member A,FAM170A
tr_01975,solute carrier family 4 member 1 (Diego blood group),SLC4A1
tr_01976,protein kinase N1,PKN1
tr_01977,glutamate ionotropic receptor NMDA type subunit 3A,GRIN3A
tr_01978,prostate and testis expressed 4,PATE4
tr_01979,phospholipase C eta 2,PLCH2
tr_01980,catenin alpha 2,CTNNA2
tr_01981,variable charge X-linked 3B,VCX3B
tr_01982,glutamate metabotropic receptor 1,GRM1
tr_01983,angiogenic factor with G-patch and FHA domains 1,AGGF1
tr_01984,keratin 31,KRT31
tr_01985,collagen type V alpha 1 chain,COL5A1
tr_01986,zinc finger protein 12,ZNF12
tr_01987,olfactory receptor family 4 subfamily Q member 3,OR4Q3
tr_01988,peptidase domain containing associated with muscle regeneration 1,PAMR1
tr_01989,"phosphatidylinositol-4,5-bisphosphate 3-kinase catalytic subunit alpha",PIK3CA
tr_01990,galanin receptor 3,GALR3
tr_01991,spermatogenesis associated 9,SPATA9
tr_01992,ALF transcription elongation factor 3,AFF3
tr_01993,general transcription factor IIIC subunit 1,GTF3C1
tr_01994,ribosomal protein S25,RPS25
tr_01995,neurogenin 2,NEUROG2
tr_01996,phosphatidylglycerophosphate synthase 1,PGS1
tr_01997,zinc finger protein 142,ZNF142
tr_01998,keratin associated protein 19-8,KRTAP19-8
tr_01999,inhibitor of nuclear factor kappa B kinase subunit epsilon,IKBKE
tr_02000,prokineticin 2,PROK2
tr_02001,ataxin 1,ATXN1
tr_02002,trace amine associated receptor 2,TAAR2
tr_02003,flotillin 2,FLOT2
tr_02004,HECT and RLD domain containing E3 ubiquitin protein ligase 4,HERC4
tr_02005,collagen type IX alpha 1 chain,COL9A1
tr_02006,potassium two pore domain channel subfamily K member 5,KCNK5
tr_02007,pleckstrin homology and RhoGEF domain containing G2,PLEKHG2
tr_02008,butyrophilin like 8,BTNL8
tr_02009,sprouty related EVH1 domain containing 1,SPRED1
tr_02010,"mucin 19, oligomeric (gene/pseudogene)",MUC19
tr_02011,dispatched RND transporter family member 1,DISP1
tr_02012,olfactory receptor family 7 subfamily C member 1,OR7C1
tr_02013,DNA methyltransferase 3 alpha,DNMT3A
tr_02014,paraoxonase 2,PON2
tr_02015,protamine 2,PRM2
tr_02016,ring finger protein 26,RNF26
tr_02017,neuroligin 3,NLGN3
tr_02018,olfactory receptor family 51 subfamily E member 2,OR51E2
tr_02019,protein tyrosine phosphatase receptor type H,PTPRH
tr_02020,UL16 binding protein 2,ULBP2
tr_02021,olfactory receptor family 4 subfamily F member 6,OR4F6
tr_02022,zinc finger protein 219,ZNF219
tr_02023,potassium voltage-gated channel subfamily C member 3,KCNC3
tr_02024,lymphocyte antigen 6 family member K,LY6K
tr_02025,ubiquitin specific peptidase 35,USP35
tr_02026,polypeptide N-acetylgalactosaminyltransferase 10,GALNT10
tr_02027,myeloid associated differentiation marker like 2,MYADML2
tr_02028,achaete-scute family bHLH transcription factor 4,ASCL4
tr_02029,hemoglobin subunit epsilon 1,HBE1
tr_02030,transmembrane protein 26,TMEM26
tr_02031,aralkylamine N-acetyltransferase,AANAT
tr_02032,growth arrest and DNA damage inducible alpha,GADD45A
tr_02033,microcephalin 1,MCPH1
tr_02034,"Ras homolog, mTORC1 binding",RHEB
tr_02035,mitochondrially encoded NADH:ubiquinone oxidoreductase core subunit 3,MT-ND3
tr_02036,WAP four-disulfide core domain 3,WFDC3
tr_02037,fibronectin type III domain containing 3A,FNDC3A
tr_02038,keratin 75,KRT75
tr_02039,"HECT, C2 and WW domain containing E3 ubiquitin protein ligase 2",HECW2
tr_02040,zinc finger protein 24,ZNF24
tr_02041,kringle containing transmembrane protein 2,KREMEN2
tr_02042,tripartite motif containing 68,TRIM68
tr_02043,coagulation factor VIII,F8
tr_02044,transmembrane protein 209,TMEM209
tr_02045,integrin subunit beta 8,ITGB8
tr_02046,ecotropic viral integration site 5 like,EVI5L
tr_02047,exocyst complex component 5,EXOC5
tr_02048,"proteasome 26S subunit, ATPase 3",PSMC3
tr_02049,ATPase family AAA domain containing 5,ATAD5
tr_02050,protein activator of interferon induced protein kinase EIF2AK2,PRKRA
tr_02051,tetraspanin 1,TSPAN1
tr_02052,"macrophage erythroblast attacher, E3 ubiquitin ligase",MAEA
tr_02053,heat shock protein family A (Hsp70) member 2,HSPA2
tr_02054,integrin subunit beta 3,ITGB3
tr_02055,dihydrolipoamide S-succinyltransferase,DLST
tr_02056,neurexophilin 4,NXPH4
tr_02057,casein kinase 1 delta,CSNK1D
tr_02058,rhomboid like 3,RHBDL3
tr_02059,myosin XIX,MYO19
tr_02060,agouti related neuropeptide,AGRP
tr_02061,"junction mediating and regulatory protein, p53 cofactor",JMY
tr_02062,WASP family member 2,WASF2
tr_02063,calsequestrin 2,CASQ2
tr_02064,Ras like without CAAX 2,RIT2
tr_02065,cell division cycle associated 7 like,CDCA7L
tr_02066,ladybird homeobox 1,LBX1
tr_02067,single stranded DNA binding protein 3,SSBP3
tr_02068,cornichon family AMPA receptor auxiliary protein 2,CNIH2
tr_02069,zinc finger protein 517,ZNF517
tr_02070,carboxylesterase 2,CES2
tr_02071,nuclear factor related to kappaB binding protein,NFRKB
tr_02072,golgi SNAP receptor complex member 2,GOSR2
tr_02073,adenosine A3 receptor,ADORA3
tr_02074,cytidine and dCMP deaminase domain containing 1,CDADC1
tr_02075,zinc finger protein 215,ZNF215
tr_02076,sperm associated antigen 4,SPAG4
tr_02077,zinc finger protein 572,ZNF572
tr_02078,Fc receptor like 3,FCRL3
tr_02079,sorting nexin 32,SNX32
tr_02080,Fc gamma receptor IIb,FCGR2B
tr_02081,transmembrane BAX inhibitor motif containing 4,TMBIM4
tr_02082,defensin beta 107B,DEFB107B
tr_02083,bestrophin 4,BEST4
tr_02084,NADH:ubiquinone oxidoreductase subunit B2,NDUFB2
tr_02085,ATPase phospholipid transporting 10D (putative),ATP10D
tr_02086,solute carrier family 22 member 16,SLC22A16
tr_02087,modulator of VRAC current 1,MLC1
tr_02088,leucine rich repeats and calponin homology domain containing 4,LRCH4
tr_02089,B-TFIID TATA-box binding protein associated factor 1,BTAF1
tr_02090,matrix metallopeptidase 2,MMP2
tr_02091,polypeptide N-acetylgalactosaminyltransferase 14,GALNT14
tr_02092,CCAAT enhancer binding protein alpha,CEBPA
tr_02093,G protein-coupled receptor kinase 7,GRK7
tr_02094,mitochondrial ribosomal protein L22,MRPL22
tr_02095,solute carrier family 16 member 4,SLC16A4
tr_02096,cleavage and polyadenylation specific factor 3,CPSF3
tr_02097,kelch like family member 14,KLHL14
tr_02098,USH1 protein network component harmonin binding protein 1,USHBP1
tr_02099,synaptotagmin 10,SYT10
tr_02100,microtubule affinity regulating kinase 1,MARK1
tr_02101,olfactory receptor family 9 subfamily G member 4,OR9G4
tr_02102,glutamate metabotropic receptor 3,GRM3
tr_02103,leucine rich repeat containing 8 VRAC subunit D,LRRC8D
tr_02104,Rho GTPase activating protein 9,ARHGAP9
tr_02105,insulin like growth factor 1,IGF1
tr_02106,zinc finger protein 138,ZNF138
tr_02107,glucosamine (N-acetyl)-6-sulfatase,GNS
tr_02108,DNA cross-link repair 1C,DCLRE1C
tr_02109,olfactory receptor family 51 subfamily G member 2,OR51G2
tr_02110,tubulin tyrosine ligase like 2,TTLL2
tr_02111,protein serine kinase H1,PSKH1
tr_02112,olfactory receptor family 10 subfamily H member 2,OR10H2
tr_02113,aminoacyl tRNA synthetase complex interacting multifunctional protein 1,AIMP1
tr_02114,IQ motif and Sec7 domain ArfGEF 3,IQSEC3
tr_02115,serine protease 38,PRSS38
tr_02116,eomesodermin,EOMES
tr_02117,"proteasome 26S subunit, non-ATPase 11",PSMD11
tr_02118,proline and serine rich coiled-coil 1,PSRC1
tr_02119,DNA topoisomerase III beta,TOP3B
tr_02120,inositol hexakisphosphate kinase 1,IP6K1
tr_02121,kinesin light chain 2,KLC2
tr_02122,zinc finger protein 668,ZNF668
tr_02123,"6-phosphofructo-2-kinase/fructose-2,6-biphosphatase 3",PFKFB3
tr_02124,solute carrier family 12 member 6,SLC12A6
tr_02125,amyloid beta precursor protein binding family A member 1,APBA1
tr_02126,zinc finger protein 721,ZNF721
tr_02127,transforming growth factor beta 3,TGFB3
tr_02128,solute carrier family 25 member 33,SLC25A33
tr_02129,RE1 silencing transcription factor,REST
tr_02130,solute carrier family 16 member 11,SLC16A11
tr_02131,sulfotransferase family 1A member 1,SULT1A1
tr_02132,keratin 20,KRT20
tr_02133,peroxisomal biogenesis factor 14,PEX14
tr_02134,neuronal pentraxin 2,NPTX2
tr_02135,zinc finger protein 627,ZNF627
tr_02136,RNA binding motif protein 10,RBM10
tr_02137,hyaluronan and proteoglycan link protein 1,HAPLN1
tr_02138,transformation/transcription domain associated protein,TRRAP
tr_02139,aminoadipate-semialdehyde dehydrogenase,AASDH
tr_02140,HECT and RLD domain containing E3 ubiquitin protein ligase family member 6,HERC6
tr_02141,solute carrier family 38 member 10,SLC38A10
tr_02142,N-terminal EF-hand calcium binding protein 2,NECAB2
tr_02143,sialic acid binding Ig like lectin 1,SIGLEC1
tr_02144,galectin 9B,LGALS9B
tr_02145,replication factor C subunit 2,RFC2
tr_02146,selectin P ligand,SELPLG
tr_02147,sarcolemma associated protein,SLMAP
tr_02148,olfactory receptor family 5 subfamily A member 2,OR5A2
tr_02149,potassium channel tetramerization domain containing 20,KCTD20
tr_02150,ribosomal protein L34,RPL34
tr_02151,salvador family WW domain containing protein 1,SAV1
tr_02152,DDB1 and CUL4 associated factor 10,DCAF10
tr_02153,centrosomal protein 76,CEP76
tr_02154,mitochondrial ribosomal protein L44,MRPL44
tr_02155,C-type lectin domain family 1 member B,CLEC1B
tr_02156,zinc finger BED-type containing 1,ZBED1
tr_02157,chromosome X open reading frame 58,CXorf58
tr_02158,mannose-P-dolichol utilization defect 1,MPDU1
tr_02159,uridine-cytidine kinase 1 like 1,UCKL1
tr_02160,ankyrin repeat and SOCS box containing 6,ASB6
tr_02161,retinoschisin 1,RS1
tr_02162,LMBR1 domain containing 2,LMBRD2
tr_02163,ubiquitin specific peptidase 16,USP16
tr_02164,sarcoglycan zeta,SGCZ
tr_02165,contactin associated protein 1,CNTNAP1
tr_02166,semaphorin 3A,SEMA3A
tr_02167,tripartite motif containing 64,TRIM64
tr_02168,sterol carrier protein 2,SCP2
tr_02169,"nuclear factor, erythroid 2",NFE2
tr_02170,golgin A6 family like 10,GOLGA6L10
tr_02171,opsin 3,OPN3
tr_02172,forkhead box P4,FOXP4
tr_02173,"sushi, nidogen and EGF like domains 1",SNED1
tr_02174,AE binding protein 2,AEBP2
tr_02175,tyrosinase related protein 1,TYRP1
tr_02176,cyclin dependent kinase 2 interacting protein,CINP
tr_02177,monoamine oxidase A,MAOA
tr_02178,zyg-11 related cell cycle regulator,ZER1
tr_02179,variable charge X-linked 3A,VCX3A
tr_02180,alpha-L-iduronidase,IDUA
tr_02181,syntaxin 7,STX7
tr_02182,interleukin 10 receptor subunit alpha,IL10RA
tr_02183,transmembrane and coiled-coil domains 4,TMCO4
tr_02184,glucosamine-6-phosphate deaminase 1,GNPDA1
tr_02185,transmembrane protein 177,TMEM177
tr_02186,zinc finger CCCH-type containing 13,ZC3H13
tr_02187,sonic hedgehog signaling molecule,SHH
tr_02188,solute carrier family 5 member 11,SLC5A11
tr_02189,exosome component 3,EXOSC3
tr_02190,nudix hydrolase 15,NUDT15
tr_02191,C-C motif chemokine ligand 1,CCL1
tr_02192,mitogen-activated protein kinase 14,MAPK14
tr_02193,ATP binding cassette subfamily A member 2,ABCA2
tr_02194,N-acetyltransferase 1,NAT1
tr_02195,kelch like family member 18,KLHL18
tr_02196,hydroxysteroid 11-beta dehydrogenase 2,HSD11B2
tr_02197,IQ motif containing E,IQCE
tr_02198,sperm associated antigen 8,SPAG8
tr_02199,sorting nexin 13,SNX13
tr_02200,natriuretic peptide receptor 3,NPR3
tr_02201,prostaglandin-endoperoxide synthase 2,PTGS2
tr_02202,galectin 9,LGALS9
tr_02203,intelectin 1,ITLN1
tr_02204,Rho GTPase activating protein 25,ARHGAP25
tr_02205,cancer/testis antigen family 47 member A3,CT47A3
tr_02206,immunoglobulin superfamily member 11,IGSF11
tr_02207,fibroblast growth factor 3,FGF3
tr_02208,thrombomodulin,THBD
tr_02209,zinc finger homeobox 4,ZFHX4
tr_02210,zinc finger protein 418,ZNF418
tr_02211,phospholipase C delta 3,PLCD3
tr_02212,ER degradation enhancing alpha-mannosidase like protein 1,EDEM1
tr_02213,olfactory receptor family 6 subfamily X member 1,OR6X1
tr_02214,cingulin,CGN
tr_02215,transmembrane serine protease 11B,TMPRSS11B
tr_02216,ribosomal protein L3,RPL3
tr_02217,uroplakin 1A,UPK1A
tr_02218,exo/endonuclease G,EXOG
tr_02219,periphilin 1,PPHLN1
tr_02220,bromodomain containing 9,BRD9
tr_02221,otoferlin,OTOF
tr_02222,family with sequence similarity 47 member A,FAM47A
tr_02223,angiomotin like 2,AMOTL2
tr_02224,titin,TTN
tr_02225,solute carrier family 35 member B3,SLC35B3
tr_02226,calcium voltage-gated channel auxiliary subunit alpha2delta 3,CACNA2D3
tr_02227,butyrophilin like 3,BTNL3
tr_02228,purinergic receptor P2X 5,P2RX5
tr_02229,leucine rich repeat containing 58,LRRC58
tr_02230,agrin,AGRN
tr_02231,ligand dependent nuclear receptor corepressor,LCOR
tr_02232,inositol polyphosphate-5-phosphatase B,INPP5B
tr_02233,G2 and S-phase expressed 1,GTSE1
tr_02234,serine/threonine kinase 25,STK25
tr_02235,transient receptor potential cation channel subfamily M member 4,TRPM4
tr_02236,ankyrin repeat domain 22,ANKRD22
tr_02237,TCDD inducible poly(ADP-ribose) polymerase,TIPARP
tr_02238,lysine demethylase 3A,KDM3A
tr_02239,keratin associated protein 5-11,KRTAP5-11
tr_02240,potassium channel tetramerization domain containing 16,KCTD16
tr_02241,cornulin,CRNN
tr_02242,potassium voltage-gated channel modifier subfamily V member 1,KCNV1
tr_02243,PHD finger protein 6,PHF6
tr_02244,ribonuclease P/MRP subunit p14,RPP14
tr_02245,NADH:ubiquinone oxidoreductase subunit A8,NDUFA8
tr_02246,DNA polymerase iota,POLI
tr_02247,cytochrome P450 family 1 subfamily B member 1,CYP1B1
tr_02248,doublecortin,DCX
tr_02249,heterogeneous nuclear ribonucleoprotein U like 2,HNRNPUL2
tr_02250,kallikrein related peptidase 11,KLK11
tr_02251,adrenoceptor alpha 2C,ADRA2C
tr_02252,cyclin I,CCNI
tr_02253,ankyrin repeat and sterile alpha motif domain containing 6,ANKS6
tr_02254,taste 2 receptor member 3,TAS2R3
tr_02255,SET binding factor 2,SBF2
tr_02256,solute carrier family 7 member 3,SLC7A3
tr_02257,microsomal glutathione S-transferase 1,MGST1
tr_02258,GS homeobox 2,GSX2
tr_02259,DEAD-box helicase 28,DDX28
tr_02260,defensin beta 121,DEFB121
tr_02261,crystallin beta B1,CRYBB1
tr_02262,transmembrane protein 202,TMEM202
tr_02263,oxysterol binding protein like 8,OSBPL8
tr_02264,NADH:ubiquinone oxidoreductase subunit B5,NDUFB5
tr_02265,structural maintenance of chromosomes 2,SMC2
tr_02266,mannosidase beta like,MANBAL
tr_02267,PH domain and leucine rich repeat protein phosphatase 2,PHLPP2
tr_02268,senataxin,SETX
tr_02269,nucleophosmin/nucleoplasmin 2,NPM2
tr_02270,"proteasome 26S subunit, non-ATPase 3",PSMD3
tr_02271,"testis expressed 15, meiosis and synapsis associated",TEX15
tr_02272,nuclear factor I C,NFIC
tr_02273,carbonic anhydrase 8 (inactive),CA8
tr_02274,exocyst complex component 6B,EXOC6B
tr_02275,nudix hydrolase 5,NUDT5
tr_02276,"coenzyme Q2, polyprenyltransferase",COQ2
tr_02277,"spectrin beta, non-erythrocytic 5",SPTBN5
tr_02278,fibroblast growth factor receptor like 1,FGFRL1
tr_02279,dynein axonemal intermediate chain 2,DNAI2
tr_02280,abl interactor 1,ABI1
tr_02281,zinc finger CW-type and PWWP domain containing 2,ZCWPW2
tr_02282,acyl-CoA oxidase like,ACOXL
tr_02283,neurexin 2,NRXN2
tr_02284,neurotrophin 4,NTF4
tr_02285,ribosomal protein S13,RPS13
tr_02286,nuclear receptor subfamily 2 group F member 1,NR2F1
tr_02287,tubulin beta class I,TUBB
tr_02288,"proteasome 26S subunit, non-ATPase 9",PSMD9
tr_02289,zinc finger protein 76,ZNF76
tr_02290,ankyrin repeat domain 60,ANKRD60
tr_02291,zinc finger protein 619,ZNF619
tr_02292,nuclear cap binding protein subunit 1,NCBP1
tr_02293,G protein-coupled receptor 137C,GPR137C
tr_02294,lipopolysaccharide binding protein,LBP
tr_02295,fibroblast growth factor binding protein 2,FGFBP2
tr_02296,interleukin 6 cytokine family signal transducer,IL6ST
tr_02297,interleukin 15,IL15
tr_02298,solute carrier family 5 member 10,SLC5A10
tr_02299,olfactory receptor family 5 subfamily F member 1,OR5F1
tr_02300,interferon alpha 16,IFNA16
tr_02301,zinc finger protein 704,ZNF704
tr_02302,retinol dehydrogenase 5,RDH5
tr_02303,lysophosphatidic acid receptor 1,LPAR1
tr_02304,Cbp/p300 interacting transactivator with ED-rich tail 1,CITED1
tr_02305,olfactory receptor family 10 subfamily J member 5,OR10J5
tr_02306,collagen type XXV alpha 1 chain,COL25A1
tr_02307,zinc finger protein 205,ZNF205
tr_02308,G protein-coupled receptor 63,GPR63
tr_02309,phosphodiesterase 3B,PDE3B
tr_02310,eukaryotic translation initiation factor 1B,EIF1B
tr_02311,BTG3 associated nuclear protein,BANP
tr_02312,barrier to autointegration nuclear assembly factor 1,BANF1
tr_02313,ankyrin repeat domain 33,ANKRD33
tr_02314,tetratricopeptide repeat domain 21A,TTC21A
tr_02315,thioredoxin reductase 3,TXNRD3
tr_02316,sperm acrosome associated 3,SPACA3
tr_02317,sialic acid binding Ig like lectin 10,SIGLEC10
tr_02318,bone morphogenetic protein 7,BMP7
tr_02319,ataxin 1 like,ATXN1L
tr_02320,collagen type VI alpha 6 chain,COL6A6
tr_02321,PHD finger protein 5A,PHF5A
tr_02322,C-C motif chemokine ligand 28,CCL28
tr_02323,lipin 1,LPIN1
tr_02324,peptidylprolyl isomerase A like 4G,PPIAL4G
tr_02325,"sentan, cilia apical structure protein",SNTN
tr_02326,glucokinase regulator,GCKR
tr_02327,tRNA methyltransferase 2B,TRMT2B
tr_02328,carbohydrate sulfotransferase 10,CHST10
tr_02329,zona pellucida glycoprotein 1,ZP1
tr_02330,phosphatidylinositol-4-phosphate 3-kinase catalytic subunit type 2 alpha,PIK3C2A
tr_02331,mahogunin ring finger 1,MGRN1
tr_02332,sperm flagellar and cilia associated 2,SPEF2
tr_02333,trefoil factor 2,TFF2
tr_02334,mitochondrial ribosomal protein L4,MRPL4
tr_02335,"PMS1 homolog 2, mismatch repair system component",PMS2
tr_02336,nucleophosmin 1,NPM1
tr_02337,protein phosphatase 1 regulatory inhibitor subunit 1C,PPP1R1C
tr_02338,transglutaminase 1,TGM1
tr_02339,WW domain containing oxidoreductase,WWOX
tr_02340,ring finger protein 112,RNF112
tr_02341,IQ motif containing H,IQCH
tr_02342,syntaxin 12,STX12
tr_02343,CDC like kinase 4,CLK4
tr_02344,acyl-CoA dehydrogenase long chain,ACADL
tr_02345,cerebellin 3 precursor,CBLN3
tr_02346,solute carrier family 16 member 8,SLC16A8
tr_02347,doublecortin domain containing 2B,DCDC2B
tr_02348,COP9 signalosome subunit 5,COPS5
tr_02349,interferon induced transmembrane protein 3,IFITM3
tr_02350,dynein cytoplasmic 2 light intermediate chain 1,DYNC2LI1
tr_02351,forkhead box C2,FOXC2
tr_02352,tubulointerstitial nephritis antigen like 1,TINAGL1
tr_02353,dynein axonemal light chain 4,DNAL4
tr_02354,minichromosome maintenance complex component 5,MCM5
tr_02355,solute carrier family 44 member 3,SLC44A3
tr_02356,WAP four-disulfide core domain 12,WFDC12
tr_02357,"inositol 1,4,5-trisphosphate receptor interacting protein",ITPRIP
tr_02358,peptidoglycan recognition protein 1,PGLYRP1
tr_02359,crooked neck pre-mRNA splicing factor 1,CRNKL1
tr_02360,Obg like ATPase 1,OLA1
tr_02361,kinesin family member 5B,KIF5B
tr_02362,"anillin, actin binding protein",ANLN
tr_02363,proline rich 4,PRR4
tr_02364,xanthine dehydrogenase,XDH
tr_02365,phospholipase A2 group IVD,PLA2G4D
tr_02366,polycystin 1 like 2 (gene/pseudogene),PKD1L2
tr_02367,family with sequence similarity 156 member B,FAM156B
tr_02368,ubiquitin like 5,UBL5
tr_02369,olfactory receptor family 2 subfamily A member 7,OR2A7
tr_02370,programmed cell death 6 interacting protein,PDCD6IP
tr_02371,protein phosphatase 4 catalytic subunit,PPP4C
tr_02372,huntingtin interacting protein 1 related,HIP1R
tr_02373,intercellular adhesion molecule 2,ICAM2
tr_02374,fibronectin type III and SPRY domain containing 1 like,FSD1L
tr_02375,keratin associated protein 10-4,KRTAP10-4
tr_02376,family with sequence similarity 156 member A,FAM156A
tr_02377,"ArfGAP with GTPase domain, ankyrin repeat and PH domain 2",AGAP2
tr_02378,VAMP associated protein A,VAPA
tr_02379,solute carrier organic anion transporter family member 1B1,SLCO1B1
tr_02380,olfactory receptor family 51 subfamily A member 2,OR51A2
tr_02381,fascin actin-bundling protein 1,FSCN1
tr_02382,zinc finger protein 283,ZNF283
tr_02383,nicotinamide nucleotide transhydrogenase,NNT
tr_02384,chromosome 1 open reading frame 105,C1orf105
tr_02385,pleckstrin homology domain containing A4,PLEKHA4
tr_02386,WD repeat domain 37,WDR37
tr_02387,olfactory receptor family 4 subfamily C member 45 (gene/pseudogene),OR4C45
tr_02388,ferredoxin 1,FDX1
tr_02389,olfactory receptor family 14 subfamily A member 16,OR14A16
tr_02390,receptor transporter protein 4,RTP4
tr_02391,solute carrier family 35 member F2,SLC35F2
tr_02392,zinc finger and SCAN domain containing 20,ZSCAN20
tr_02393,sphingosine kinase 1,SPHK1
tr_02394,cytosolic thiouridylase subunit 2,CTU2
tr_02395,transforming growth factor alpha,TGFA
tr_02396,paired immunoglobin like type 2 receptor alpha,PILRA
tr_02397,protein O-mannosyltransferase 2,POMT2
tr_02398,SLIT-ROBO Rho GTPase activating protein 3,SRGAP3
tr_02399,solute carrier family 27 member 5,SLC27A5
tr_02400,fasciculation and elongation protein zeta 2,FEZ2
tr_02401,mitochondrially encoded cytochrome c oxidase I,MT-CO1
tr_02402,solute carrier family 6 member 17,SLC6A17
tr_02403,chromosome 3 open reading frame 22,C3orf22
tr_02404,zinc finger protein 232,ZNF232
tr_02405,glycine receptor alpha 1,GLRA1
tr_02406,sciellin,SCEL
tr_02407,activator of basal transcription 1,ABT1
tr_02408,death effector domain containing,DEDD
tr_02409,adenylate cyclase 10,ADCY10
tr_02410,nuclear RNA export factor 5,NXF5
tr_02411,high mobility group nucleosome binding domain 5,HMGN5
tr_02412,ankyrin repeat and SOCS box containing 12,ASB12
tr_02413,kininogen 1,KNG1
tr_02414,replication protein A4,RPA4
tr_02415,zinc finger protein 280B,ZNF280B
tr_02416,hepatocyte growth factor,HGF
tr_02417,olfactory receptor family 14 subfamily C member 36,OR14C36
tr_02418,chromosome 6 open reading frame 118,C6orf118
tr_02419,enoyl-CoA hydratase domain containing 2,ECHDC2
tr_02420,zinc finger protein 526,ZNF526
tr_02421,peroxisomal biogenesis factor 19,PEX19
tr_02422,leucine rich repeat containing 4,LRRC4
tr_02423,F-box protein 3,FBXO3
tr_02424,transforming growth factor beta receptor associated protein 1,TGFBRAP1
tr_02425,G antigen 10,GAGE10
tr_02426,ribosomal protein L21,RPL21
tr_02427,lysosomal trafficking regulator,LYST
tr_02428,activin A receptor type 1C,ACVR1C
tr_02429,zinc finger protein 687,ZNF687
tr_02430,bromodomain and PHD finger containing 3,BRPF3
tr_02431,olfactory receptor family 51 subfamily L member 1,OR51L1
tr_02432,ARF like GTPase 17B,ARL17B
tr_02433,olfactory receptor family 14 subfamily K member 1,OR14K1
tr_02434,LIM domain containing preferred translocation partner in lipoma,LPP
tr_02435,peptidylprolyl isomerase A like 4A,PPIAL4A
tr_02436,synaptotagmin 6,SYT6
tr_02437,mitogen-activated protein kinase 1 interacting protein 1 like,MAPK1IP1L
tr_02438,heterogeneous nuclear ribonucleoprotein A2/B1,HNRNPA2B1
tr_02439,myosin heavy chain 7,MYH7
tr_02440,nuclear RNA export factor 2,NXF2
tr_02441,proteasome 20S subunit alpha 1,PSMA1
tr_02442,zinc finger and SCAN domain containing 1,ZSCAN1
tr_02443,D-amino acid oxidase activator,DAOA
tr_02444,zinc finger protein 644,ZNF644
tr_02445,olfactory receptor family 5 subfamily AL member 1 (gene/pseudogene),OR5AL1
tr_02446,carnitine O-octanoyltransferase,CROT
tr_02447,glycerol-3-phosphate dehydrogenase 1,GPD1
tr_02448,thioredoxin reductase 1,TXNRD1
tr_02449,"killer cell immunoglobulin like receptor, two Ig domains and short cytoplasmic tail 3",KIR2DS3
tr_02450,leukocyte immunoglobulin like receptor A2,LILRA2
tr_02451,clarin 2,CLRN2
tr_02452,protein tyrosine phosphatase receptor type S,PTPRS
tr_02453,von Willebrand factor A domain containing 5B2,VWA5B2
tr_02454,attractin,ATRN
tr_02455,cleavage stimulation factor subunit 3,CSTF3
tr_02456,adaptor related protein complex 4 subunit mu 1,AP4M1
tr_02457,transmembrane protein 191C,TMEM191C
tr_02458,mediator complex subunit 16,MED16
tr_02459,claudin 5,CLDN5
tr_02460,coronin 1A,CORO1A
tr_02461,golgi integral membrane protein 4,GOLIM4
tr_02462,Fc receptor like 1,FCRL1
tr_02463,cyclin O,CCNO
tr_02464,guanylate binding protein 7,GBP7
tr_02465,transcription factor like 5,TCFL5
tr_02466,G protein-coupled receptor 142,GPR142
tr_02467,lactalbumin alpha,LALBA
tr_02468,matrilin 2,MATN2
tr_02469,diaphanous related formin 1,DIAPH1
tr_02470,erythropoietin receptor,EPOR
tr_02471,biglycan,BGN
tr_02472,zinc finger MYND-type containing 10,ZMYND10
tr_02473,oxidoreductase NAD binding domain containing 1,OXNAD1
tr_02474,protocadherin 17,PCDH17
tr_02475,WD repeat and SOCS box containing 2,WSB2
tr_02476,required for meiotic nuclear division 5 homolog B,RMND5B
tr_02477,zinc activated ion channel,ZACN
tr_02478,coagulation factor XIII A chain,F13A1
tr_02479,N-acylsphingosine amidohydrolase 2,ASAH2
tr_02480,LIM homeobox 4,LHX4
tr_02481,cytochrome P450 family 4 subfamily A member 11,CYP4A11
tr_02482,ATPase phospholipid transporting 11B (putative),ATP11B
tr_02483,jagged canonical Notch ligand 2,JAG2
tr_02484,nescient helix-loop-helix 2,NHLH2
tr_02485,ribosomal protein SA,RPSA
tr_02486,estrogen related receptor alpha,ESRRA
tr_02487,thioesterase superfamily member 4,THEM4
tr_02488,HIV-1 Tat interactive protein 2,HTATIP2
tr_02489,zinc finger MYM-type containing 1,ZMYM1
tr_02490,"germ cell-less 1, spermatogenesis associated",GMCL1
tr_02491,phospholipase A2 group IVB,PLA2G4B
tr_02492,G protein subunit alpha q,GNAQ
tr_02493,NK2 homeobox 4,NKX2-4
tr_02494,GEM interacting protein,GMIP
tr_02495,ring finger protein 44,RNF44
tr_02496,leucine rich repeat containing 37B,LRRC37B
tr_02497,homeobox A3,HOXA3
tr_02498,betacellulin,BTC
tr_02499,FA complementation group A,FANCA
tr_02500,chitinase acidic,CHIA
tr_02501,ubiquitin conjugating enzyme E2 B,UBE2B
tr_02502,arachidonate epidermal lipoxygenase 3,ALOXE3
tr_02503,solute carrier family 17 member 1,SLC17A1
tr_02504,chromosome 6 open reading frame 120,C6orf120
tr_02505,WD repeat domain 87,WDR87
tr_02506,"eukaryotic elongation factor, selenocysteine-tRNA specific",EEFSEC
tr_02507,cytochrome P450 family 2 subfamily D member 6 (gene/pseudogene),CYP2D6
tr_02508,olfactory receptor family 5 subfamily AP member 2,OR5AP2
tr_02509,zinc finger protein 551,ZNF551
tr_02510,signal sequence receptor subunit 2,SSR2
tr_02511,solute carrier family 17 member 7,SLC17A7
tr_02512,epithelial cell adhesion molecule,EPCAM
tr_02513,isocitrate dehydrogenase (NADP(+)) 1,IDH1
tr_02514,tubulin folding cofactor E,TBCE
tr_02515,"protein phosphatase, Mg2+/Mn2+ dependent 1M",PPM1M
tr_02516,calcium voltage-gated channel auxiliary subunit beta 4,CACNB4
tr_02517,olfactory receptor family 2 subfamily Z member 1,OR2Z1
tr_02518,galanin receptor 1,GALR1
tr_02519,"mucin 7, secreted",MUC7
tr_02520,G-patch domain containing 8,GPATCH8
tr_02521,"spectrin alpha, non-erythrocytic 1",SPTAN1
tr_02522,cytochrome c oxidase subunit 8A,COX8A
tr_02523,potassium channel tetramerization domain containing 5,KCTD5
tr_02524,ATPase H+/K+ transporting subunit alpha,ATP4A
tr_02525,collagen type XXVII alpha 1 chain,COL27A1
tr_02526,MAX network transcriptional repressor,MNT
tr_02527,cysteine rich C-terminal 1,CRCT1
tr_02528,ovochymase 2,OVCH2
tr_02529,solute carrier family 12 member 4,SLC12A4
tr_02530,ret finger protein like 3,RFPL3
tr_02531,potassium voltage-gated channel interacting protein 3,KCNIP3
tr_02532,urocortin 3,UCN3
tr_02533,mediator complex subunit 12L,MED12L
tr_02534,tigger transposable element derived 5,TIGD5
tr_02535,"FYVE, RhoGEF and PH domain containing 3",FGD3
tr_02536,cytochrome c1,CYC1
tr_02537,ubiquitin specific peptidase 17 like family member 4,USP17L4
tr_02538,alanyl-tRNA synthetase domain containing 1,AARSD1
tr_02539,euchromatic histone lysine methyltransferase 2,EHMT2
tr_02540,mannosidase alpha class 2C member 1,MAN2C1
tr_02541,non-homologous end joining factor 1,NHEJ1
tr_02542,zinc finger protein 236,ZNF236
tr_02543,olfactory receptor family 4 subfamily D member 1,OR4D1
tr_02544,Cdc42 guanine nucleotide exchange factor 9,ARHGEF9
tr_02545,solute carrier family 29 member 4,SLC29A4
tr_02546,endothelial cell surface expressed chemotaxis and apoptosis regulator,ECSCR
tr_02547,neuronal differentiation 2,NEUROD2
tr_02548,olfactory receptor family 4 subfamily F member 21,OR4F21
tr_02549,solute carrier family 30 member 7,SLC30A7
tr_02550,"methyltransferase 2A, tRNA N3-cytidine",METTL2A
tr_02551,tudor domain containing 1,TDRD1
tr_02552,atonal bHLH transcription factor 8,ATOH8
tr_02553,zinc finger protein 28,ZNF28
tr_02554,phospholipase A2 group XV,PLA2G15
tr_02555,ATPase sarcoplasmic/endoplasmic reticulum Ca2+ transporting 2,ATP2A2
tr_02556,phospholipid scramblase 1,PLSCR1
tr_02557,COP9 signalosome subunit 7A,COPS7A
tr_02558,"coenzyme Q7, hydroxylase",COQ7
tr_02559,nucleolar protein 8,NOL8
tr_02560,snail family transcriptional repressor 1,SNAI1
tr_02561,chromodomain Y-linked 2A,CDY2A
tr_02562,solute carrier family 2 member 1,SLC2A1
tr_02563,coat protein complex I subunit zeta 1,COPZ1
tr_02564,transmembrane protein 86A,TMEM86A
tr_02565,solute carrier family 30 member 3,SLC30A3
tr_02566,SRY-box transcription factor 5,SOX5
tr_02567,carboxypeptidase A2,CPA2
tr_02568,family with sequence similarity 186 member B,FAM186B
tr_02569,ARF like GTPase 16,ARL16
tr_02570,iron-sulfur cluster assembly enzyme,ISCU
tr_02571,homeostatic iron regulator,HFE
tr_02572,tubulin tyrosine ligase like 11,TTLL11
tr_02573,SUMO specific peptidase 6,SENP6
tr_02574,acyl-CoA thioesterase 6,ACOT6
tr_02575,phosducin like,PDCL
tr_02576,mitochondrial ribosomal protein L19,MRPL19
tr_02577,nicalin,NCLN
tr_02578,Morf4 family associated protein 1,MRFAP1
tr_02579,mitochondrial intermediate peptidase,MIPEP
tr_02580,annexin A10,ANXA10
tr_02581,fibrous sheath interacting protein 1,FSIP1
tr_02582,huntingtin,HTT
tr_02583,signal sequence receptor subunit 4,SSR4
tr_02584,interleukin enhancer binding factor 2,ILF2
tr_02585,regulatory factor X associated ankyrin containing protein,RFXANK
tr_02586,"protein disulfide isomerase like, testis expressed",PDILT
tr_02587,glutathione-disulfide reductase,GSR
tr_02588,tyrosine 3-monooxygenase/tryptophan 5-monooxygenase activation protein zeta,YWHAZ
tr_02589,BCL2 binding component 3,BBC3
tr_02590,transmembrane protein 141,TMEM141
tr_02591,solute carrier organic anion transporter family member 5A1,SLCO5A1
tr_02592,NADH:ubiquinone oxidoreductase core subunit V2,NDUFV2
tr_02593,interleukin 34,IL34
tr_02594,glutamine rich 1,QRICH1
tr_02595,myelin basic protein,MBP
tr_02596,complexin 4,CPLX4
tr_02597,cytohesin 3,CYTH3
tr_02598,angiogenin,ANG
tr_02599,olfactory receptor family 13 subfamily C member 3,OR13C3
tr_02600,phosphoribosyl transferase domain containing 1,PRTFDC1
tr_02601,acyl-CoA binding domain containing 3,ACBD3
tr_02602,RNA polymerase II subunit I,POLR2I
tr_02603,arginine vasopressin receptor 1A,AVPR1A
tr_02604,phospholipase A2 activating protein,PLAA
tr_02605,DNA meiotic recombinase 1,DMC1
tr_02606,aminomethyltransferase,AMT
tr_02607,regulator of G protein signaling 18,RGS18
tr_02608,glutathione S-transferase mu 2,GSTM2
tr_02609,general transcription factor IIIC subunit 6,GTF3C6
tr_02610,chromatin assembly factor 1 subunit B,CHAF1B
tr_02611,armadillo repeat containing 9,ARMC9
tr_02612,CAP-Gly domain containing linker protein family member 4,CLIP4
tr_02613,ATPase Na+/K+ transporting subunit alpha 4,ATP1A4
tr_02614,transcobalamin 1,TCN1
tr_02615,heterogeneous nuclear ribonucleoprotein F,HNRNPF
tr_02616,retinol binding protein 3,RBP3
tr_02617,serine hydroxymethyltransferase 1,SHMT1
tr_02618,delta like canonical Notch ligand 1,DLL1
tr_02619,transmembrane protein 185B,TMEM185B
tr_02620,scavenger receptor class F member 2,SCARF2
tr_02621,lymphotoxin alpha,LTA
tr_02622,Suv3 like RNA helicase,SUPV3L1
tr_02623,GDNF inducible zinc finger protein 1,GZF1
tr_02624,F-box and leucine rich repeat protein 13,FBXL13
tr_02625,defensin beta 123,DEFB123
tr_02626,microtubule associated protein 1 light chain 3 alpha,MAP1LC3A
tr_02627,leucine rich repeat containing 39,LRRC39
tr_02628,regulator of G protein signaling 5,RGS5
tr_02629,chromosome 21 open reading frame 58,C21orf58
tr_02630,FAD dependent oxidoreductase domain containing 2,FOXRED2
tr_02631,testis specific serine kinase 4,TSSK4
tr_02632,2'-5'-oligoadenylate synthetase like,OASL
tr_02633,A-kinase anchoring protein 19,AKAP19
tr_02634,zinc finger with KRAB and SCAN domains 4,ZKSCAN4
tr_02635,hepatocyte growth factor-regulated tyrosine kinase substrate,HGS
tr_02636,insulin like 5,INSL5
tr_02637,katanin catalytic subunit A1 like 1,KATNAL1
tr_02638,sarcolipin,SLN
tr_02639,olfactory receptor family 6 subfamily M member 1,OR6M1
tr_02640,PHD finger protein 3,PHF3
tr_02641,transmembrane protein 196,TMEM196
tr_02642,apolipoprotein B mRNA editing enzyme catalytic subunit 3B,APOBEC3B
tr_02643,melanoma cell adhesion molecule,MCAM
tr_02644,solute carrier family 16 member 12,SLC16A12
tr_02645,SPT2 chromatin protein domain containing 1,SPTY2D1
tr_02646,exportin for tRNA,XPOT
tr_02647,chromogranin A,CHGA
tr_02648,occludin,OCLN
tr_02649,histone deacetylase 1,HDAC1
tr_02650,nudix hydrolase 14,NUDT14
tr_02651,zinc finger protein 23,ZNF23
tr_02652,forkhead box B1,FOXB1
tr_02653,DEAD-box helicase 42,DDX42
tr_02654,activating transcription factor 4,ATF4
tr_02655,transmembrane protein 9,TMEM9
tr_02656,glutamate ionotropic receptor AMPA type subunit 1,GRIA1
tr_02657,myosin binding protein C3,MYBPC3
tr_02658,transmembrane protein 127,TMEM127
tr_02659,cyclin dependent kinase inhibitor 2B,CDKN2B
tr_02660,transmembrane anterior posterior transformation 1,TAPT1
tr_02661,"5'-nucleotidase, cytosolic IB",NT5C1B
tr_02662,myosin light chain 12B,MYL12B
tr_02663,activating signal cointegrator 1 complex subunit 2,ASCC2
tr_02664,ribosomal protein S6 kinase A2,RPS6KA2
tr_02665,hydroxysteroid 17-beta dehydrogenase 12,HSD17B12
tr_02666,nuclear receptor binding factor 2,NRBF2
tr_02667,trinucleotide repeat containing adaptor 6A,TNRC6A
tr_02668,"fascin actin-bundling protein 2, retinal",FSCN2
tr_02669,zinc finger MYND-type containing 8,ZMYND8
tr_02670,glutamate ionotropic receptor NMDA type subunit 2A,GRIN2A
tr_02671,glutamate receptor interacting protein 1,GRIP1
tr_02672,chromosome X open reading frame 38,CXorf38
tr_02673,fatty acid desaturase 3,FADS3
tr_02674,zinc finger protein 436,ZNF436
tr_02675,chromosome segregation 1 like,CSE1L
tr_02676,adipogenin,ADIG
tr_02677,spermatogenesis and oogenesis specific basic helix-loop-helix 1,SOHLH1
tr_02678,centrosomal protein 170,CEP170
tr_02679,dual specificity phosphatase 3,DUSP3
tr_02680,protein kinase AMP-activated catalytic subunit alpha 1,PRKAA1
tr_02681,tropomyosin 4,TPM4
tr_02682,phospholipase A2 group IIE,PLA2G2E
tr_02683,interferon regulatory factor 4,IRF4
tr_02684,2-oxoglutarate and iron dependent oxygenase domain containing 2,OGFOD2
tr_02685,transmembrane protein 168,TMEM168
tr_02686,syntrophin gamma 1,SNTG1
tr_02687,"killer cell immunoglobulin like receptor, three Ig domains and long cytoplasmic tail 2",KIR3DL2
tr_02688,"plasminogen activator, urokinase receptor",PLAUR
tr_02689,PPARG related coactivator 1,PPRC1
tr_02690,protein phosphatase 2 regulatory subunit Balpha,PPP2R2A
tr_02691,presenilin 1,PSEN1
tr_02692,pleckstrin homology and FYVE domain containing 2,PLEKHF2
tr_02693,presenilin 2,PSEN2
tr_02694,coiled-coil domain containing 47,CCDC47
tr_02695,family with sequence similarity 131 member C,FAM131C
tr_02696,carbonic anhydrase 12,CA12
tr_02697,optineurin,OPTN
tr_02698,POZ/BTB and AT hook containing zinc finger 1,PATZ1
tr_02699,killer cell lectin like receptor C4,KLRC4
tr_02700,centromere protein F,CENPF
tr_02701,methyl-CpG binding domain protein 2,MBD2
tr_02702,engrailed homeobox 1,EN1
tr_02703,olfactory receptor family 52 subfamily K member 2,OR52K2
tr_02704,F-box protein 6,FBXO6
tr_02705,transmembrane protein 41B,TMEM41B
tr_02706,docking protein 3,DOK3
tr_02707,eukaryotic translation initiation factor 3 subunit L,EIF3L
tr_02708,STE20 related adaptor alpha,STRADA
tr_02709,plasminogen like B1,PLGLB1
tr_02710,olfactory receptor family 10 subfamily V member 1,OR10V1
tr_02711,ankyrin 2,ANK2
tr_02712,forkhead box D2,FOXD2
tr_02713,von Hippel-Lindau tumor suppressor,VHL
tr_02714,WD repeat domain 76,WDR76
tr_02715,ring finger protein 6,RNF6
tr_02716,nyctalopin,NYX
tr_02717,small nuclear ribonucleoprotein polypeptides B and B1,SNRPB
tr_02718,solute carrier family 24 member 3,SLC24A3
tr_02719,"major histocompatibility complex, class II, DM beta",HLA-DMB
tr_02720,myosin light chain 7,MYL7
tr_02721,interferon gamma receptor 2,IFNGR2
tr_02722,succinate receptor 1,SUCNR1
tr_02723,"mucin 21, cell surface associated",MUC21
tr_02724,coiled-coil domain containing 73,CCDC73
tr_02725,N-acetyl-alpha-glucosaminidase,NAGLU
tr_02726,phosphatidylinositol 4-kinase type 2 alpha,PI4K2A
tr_02727,voltage dependent anion channel 2,VDAC2
tr_02728,ring finger protein 151,RNF151
tr_02729,5-hydroxytryptamine receptor 3D,HTR3D
tr_02730,solute carrier family 34 member 3,SLC34A3
tr_02731,hyaluronan synthase 2,HAS2
tr_02732,DDB1 and CUL4 associated factor 12,DCAF12
tr_02733,insulin like growth factor binding protein acid labile subunit,IGFALS
tr_02734,serine protease 8,PRSS8
tr_02735,solute carrier family 36 member 3,SLC36A3
tr_02736,transmembrane protein 8B,TMEM8B
tr_02737,arrestin domain containing 5,ARRDC5
tr_02738,interleukin 1 receptor associated kinase 2,IRAK2
tr_02739,TUB like protein 4,TULP4
tr_02740,HIG1 hypoxia inducible domain family member 1A,HIGD1A
tr_02741,ankyrin repeat and SOCS box containing 4,ASB4
tr_02742,CCAAT enhancer binding protein gamma,CEBPG
tr_02743,nucleolar protein 6,NOL6
tr_02744,branched chain keto acid dehydrogenase kinase,BCKDK
tr_02745,transmembrane protein 165,TMEM165
tr_02746,basic helix-loop-helix family member a9,BHLHA9
tr_02747,sprouty RTK signaling antagonist 3,SPRY3
tr_02748,actin related protein 3,ACTR3
tr_02749,5-hydroxytryptamine receptor 6,HTR6
tr_02750,histone deacetylase 7,HDAC7
tr_02751,pregnancy specific beta-1-glycoprotein 6,PSG6
tr_02752,gap junction protein gamma 1,GJC1
tr_02753,minichromosome maintenance 8 homologous recombination repair factor,MCM8
tr_02754,schlafen family member 11,SLFN11
tr_02755,interferon alpha inducible protein 6,IFI6
tr_02756,myosin IG,MYO1G
tr_02757,death domain containing 1,DTHD1
tr_02758,RALBP1 associated Eps domain containing 2,REPS2
tr_02759,LDL receptor related protein 3,LRP3
tr_02760,"RB binding protein 8, endonuclease",RBBP8
tr_02761,copine 8,CPNE8
tr_02762,CCAAT enhancer binding protein delta,CEBPD
tr_02763,zinc finger protein 239,ZNF239
tr_02764,UDP glucuronosyltransferase family 2 member B7,UGT2B7
tr_02765,membrane spanning 4-domains A2,MS4A2
tr_02766,proline rich 13,PRR13
tr_02767,prenylcysteine oxidase 1 like,PCYOX1L
tr_02768,brain expressed X-linked 4,BEX4
tr_02769,protein tyrosine phosphatase receptor type C associated protein,PTPRCAP
tr_02770,LIM homeobox 9,LHX9
tr_02771,acyl-CoA thioesterase 2,ACOT2
tr_02772,solute carrier family 17 member 3,SLC17A3
tr_02773,coiled-coil and HOOK domain protein 88C,CCDC88C
tr_02774,zinc finger MYND-type containing 19,ZMYND19
tr_02775,olfactory receptor family 5 subfamily W member 2,OR5W2
tr_02776,cell division cycle 5 like,CDC5L
tr_02777,DNA damage inducible transcript 4 like,DDIT4L
tr_02778,UDP-glucose 6-dehydrogenase,UGDH
tr_02779,NADH:ubiquinone oxidoreductase subunit A5,NDUFA5
tr_02780,lysine demethylase 4C,KDM4C
tr_02781,interleukin 9,IL9
tr_02782,prolyl 4-hydroxylase subunit alpha 2,P4HA2
tr_02783,bromodomain containing 7,BRD7
tr_02784,trace amine associated receptor 9,TAAR9
tr_02785,sperm associated antigen 7,SPAG7
tr_02786,MEF2 activating motif and SAP domain containing transcriptional regulator,MAMSTR
tr_02787,reticulon 4 receptor,RTN4R
tr_02788,collagen type VIII alpha 1 chain,COL8A1
tr_02789,solute carrier family 18 member A2,SLC18A2
tr_02790,retinoic acid receptor responder 1,RARRES1
tr_02791,apelin,APLN
tr_02792,kinesin family member 14,KIF14
tr_02793,"microseminoprotein, prostate associated",MSMP
tr_02794,tropomodulin 1,TMOD1
tr_02795,cell adhesion molecule 4,CADM4
tr_02796,"neural precursor cell expressed, developmentally down-regulated 9",NEDD9
tr_02797,transcription factor AP-2 epsilon,TFAP2E
tr_02798,dachsous cadherin-related 1,DCHS1
tr_02799,ligand of numb-protein X 2,LNX2
tr_02800,RB transcriptional corepressor like 1,RBL1
tr_02801,transmembrane protein 54,TMEM54
tr_02802,assembly factor for spindle microtubules,ASPM
tr_02803,actin related protein 2/3 complex subunit 4,ARPC4
tr_02804,G protein-coupled receptor 52,GPR52
tr_02805,chromosome 7 open reading frame 25,C7orf25
tr_02806,major facilitator superfamily domain containing 11,MFSD11
tr_02807,transcription factor 12,TCF12
tr_02808,iodotyrosine deiodinase,IYD
tr_02809,transforming acidic coiled-coil containing protein 3,TACC3
tr_02810,zinc finger MIZ-type containing 1,ZMIZ1
tr_02811,transcription factor EC,TFEC
tr_02812,coiled-coil domain containing 90B,CCDC90B
tr_02813,RNA binding motif protein 15B,RBM15B
tr_02814,nudix hydrolase 10,NUDT10
tr_02815,mitochondrial ribosomal protein L24,MRPL24
tr_02816,egl-9 family hypoxia inducible factor 1,EGLN1
tr_02817,signal recognition particle 72,SRP72
tr_02818,regulator of G protein signaling 17,RGS17
tr_02819,TRAF interacting protein with forkhead associated domain,TIFA
tr_02820,interleukin 12B,IL12B
tr_02821,ring finger and FYVE like domain containing E3 ubiquitin protein ligase,RFFL
tr_02822,Fc gamma receptor and transporter,FCGRT
tr_02823,inositol polyphosphate multikinase,IPMK
tr_02824,nuclear receptor subfamily 5 group A member 1,NR5A1
tr_02825,"protein phosphatase 3 regulatory subunit B, beta",PPP3R2
tr_02826,solute carrier family 24 member 2,SLC24A2
tr_02827,solute carrier family 13 member 3,SLC13A3
tr_02828,gem nuclear organelle associated protein 4,GEMIN4
tr_02829,exocyst complex component 8,EXOC8
tr_02830,leukocyte immunoglobulin like receptor B4,LILRB4
tr_02831,zinc finger and BTB domain containing 6,ZBTB6
tr_02832,olfactory receptor family 5 subfamily M member 9,OR5M9
tr_02833,thioredoxin,TXN
tr_02834,ribonuclease A family member 10 (inactive),RNASE10
tr_02835,TATA-box binding protein associated factor 1 like,TAF1L
tr_02836,prostaglandin reductase 2,PTGR2
tr_02837,ribophorin II,RPN2
tr_02838,ubiquinol-cytochrome c reductase binding protein,UQCRB
tr_02839,protein tyrosine phosphatase 4A2,PTP4A2
tr_02840,olfactory receptor family 13 subfamily H member 1,OR13H1
tr_02841,prefoldin subunit 1,PFDN1
tr_02842,synaptic vesicle glycoprotein 2B,SV2B
tr_02843,protein tyrosine phosphatase non-receptor type 1,PTPN1
tr_02844,nephrocystin 4,NPHP4
tr_02845,matrix metallopeptidase 10,MMP10
tr_02846,establishment of sister chromatid cohesion N-acetyltransferase 2,ESCO2
tr_02847,RNA polymerase II subunit C,POLR2C
tr_02848,solute carrier family 36 member 1,SLC36A1
tr_02849,glycophorin E (MNS blood group),GYPE
tr_02850,F-box and leucine rich repeat protein 18,FBXL18
tr_02851,thyroid hormone receptor beta,THRB
tr_02852,eukaryotic translation initiation factor 2A,EIF2A
tr_02853,microtubule associated protein RP/EB family member 1,MAPRE1
tr_02854,PDZ and LIM domain 3,PDLIM3
tr_02855,PBX/knotted 1 homeobox 1,PKNOX1
tr_02856,hydroxysteroid 17-beta dehydrogenase 6,HSD17B6
tr_02857,thymic stromal lymphopoietin,TSLP
tr_02858,DEAD-box helicase 53,DDX53
tr_02859,ribosomal protein L27,RPL27
tr_02860,ribosomal protein L30,RPL30
tr_02861,ankyrin repeat and SOCS box containing 1,ASB1
tr_02862,olfactory receptor family 5 subfamily T member 3,OR5T3
tr_02863,SID1 transmembrane family member 1,SIDT1
tr_02864,"transmembrane protein 129, E3 ubiquitin ligase",TMEM129
tr_02865,claudin domain containing 2,CLDND2
tr_02866,inhibitor of nuclear factor kappa B kinase subunit beta,IKBKB
tr_02867,NADH:ubiquinone oxidoreductase subunit S6,NDUFS6
tr_02868,tripartite motif containing 42,TRIM42
tr_02869,claudin 17,CLDN17
tr_02870,highly divergent homeobox,HDX
tr_02871,dedicator of cytokinesis 9,DOCK9
tr_02872,golgin A2,GOLGA2
tr_02873,chromosome 9 open reading frame 153,C9orf153
tr_02874,F-box and leucine rich repeat protein 20,FBXL20
tr_02875,sterile alpha motif domain containing 12,SAMD12
tr_02876,regulator of G protein signaling 19,RGS19
tr_02877,peter pan homolog,PPAN
tr_02878,general transcription factor IIIC subunit 2,GTF3C2
tr_02879,discs large MAGUK scaffold protein 5,DLG5
tr_02880,cysteine and histidine rich domain containing 1,CHORDC1
tr_02881,proline rich protein BstNI subfamily 1,PRB1
tr_02882,spermatogenesis associated serine rich 2,SPATS2
tr_02883,immunity related GTPase M,IRGM
tr_02884,syndecan 3,SDC3
tr_02885,olfactory receptor family 5 subfamily AN member 1,OR5AN1
tr_02886,leucine rich repeats and IQ motif containing 4,LRRIQ4
tr_02887,"methyltransferase 1, tRNA methylguanosine",METTL1
tr_02888,"proteasome 26S subunit, ATPase 2",PSMC2
tr_02889,potassium calcium-activated channel subfamily M regulatory beta subunit 1,KCNMB1
tr_02890,aldo-keto reductase family 1 member D1,AKR1D1
tr_02891,synuclein beta,SNCB
tr_02892,tankyrase,TNKS
tr_02893,MAPK interacting serine/threonine kinase 2,MKNK2
tr_02894,ubiquitin associated and SH3 domain containing B,UBASH3B
tr_02895,transmembrane protein 47,TMEM47
tr_02896,eukaryotic translation initiation factor 2B subunit alpha,EIF2B1
tr_02897,coproporphyrinogen oxidase,CPOX
tr_02898,coiled-coil domain containing 34,CCDC34
tr_02899,sprouty related EVH1 domain containing 2,SPRED2
tr_02900,CCAAT enhancer binding protein beta,CEBPB
tr_02901,CCR4-NOT transcription complex subunit 6 like,CNOT6L
tr_02902,coiled-coil domain containing 142,CCDC142
tr_02903,testis expressed 13B,TEX13B
tr_02904,carbamoyl-phosphate synthase 1,CPS1
tr_02905,ATPase H+ transporting V1 subunit F,ATP6V1F
tr_02906,coagulation factor VIII associated 1,F8A1
tr_02907,coiled-coil domain containing 102B,CCDC102B
tr_02908,outer dense fiber of sperm tails 4,ODF4
tr_02909,centromere protein O,CENPO
tr_02910,calcium voltage-gated channel auxiliary subunit gamma 1,CACNG1
tr_02911,G protein-coupled receptor 137,GPR137
tr_02912,general transcription factor IIE subunit 1,GTF2E1
tr_02913,attractin like 1,ATRNL1
tr_02914,tektin 1,TEKT1
tr_02915,sulfotransferase family 1E member 1,SULT1E1
tr_02916,defensin beta 118,DEFB118
tr_02917,phosphatidylinositol 4-kinase beta,PI4KB
tr_02918,serine/threonine kinase receptor associated protein,STRAP
tr_02919,junctional adhesion molecule 2,JAM2
tr_02920,keratin associated protein 22-1,KRTAP22-1
tr_02921,zinc finger protein 823,ZNF823
tr_02922,N-acetylneuraminic acid phosphatase,NANP
tr_02923,esterase D,ESD
tr_02924,mitochondrially encoded ATP synthase membrane subunit 8,MT-ATP8
tr_02925,FERM domain containing 6,FRMD6
tr_02926,IKBKB interacting protein,IKBIP
tr_02927,keratin associated protein 5-9,KRTAP5-9
tr_02928,X-ray repair cross complementing 2,XRCC2
tr_02929,mucolipin TRP cation channel 1,MCOLN1
tr_02930,keratin 1,KRT1
tr_02931,oxysterol binding protein,OSBP
tr_02932,neuralized E3 ubiquitin protein ligase 3,NEURL3
tr_02933,cystatin E/M,CST6
tr_02934,vomeronasal 1 receptor 2,VN1R2
tr_02935,keratin associated protein 9-9,KRTAP9-9
tr_02936,calmodulin 2,CALM2
tr_02937,olfactory receptor family 2 subfamily A member 4,OR2A4
tr_02938,TATA-box binding protein associated factor 4b,TAF4B
tr_02939,"proteasome 26S subunit, non-ATPase 8",PSMD8
tr_02940,fibroblast growth factor 17,FGF17
tr_02941,solute carrier family 41 member 3,SLC41A3
tr_02942,transcription elongation factor A N-terminal and central domain containing,TCEANC
tr_02943,tyrosylprotein sulfotransferase 1,TPST1
tr_02944,tyrosine kinase with immunoglobulin like and EGF like domains 1,TIE1
tr_02945,polypeptide N-acetylgalactosaminyltransferase 5,GALNT5
tr_02946,progestin and adipoQ receptor family member 9,PAQR9
tr_02947,protein kinase cAMP-dependent X-linked catalytic subunit,PRKX
tr_02948,discoidin domain receptor tyrosine kinase 1,DDR1
tr_02949,cytochrome P450 family 4 subfamily F member 11,CYP4F11
tr_02950,serine/threonine kinase 4,STK4
tr_02951,myosin IF,MYO1F
tr_02952,endothelin receptor type B,EDNRB
tr_02953,testis specific protein Y-linked 10,TSPY10
tr_02954,ankyrin repeat and SOCS box containing 2,ASB2
tr_02955,actin related protein 2,ACTR2
tr_02956,cystatin SN,CST1
tr_02957,ribonuclease H2 subunit A,RNASEH2A
tr_02958,intraflagellar transport 172,IFT172
tr_02959,protein O-fucosyltransferase 4,POFUT4
tr_02960,T cell receptor associated transmembrane adaptor 1,TRAT1
tr_02961,cysteine rich secretory protein LCCL domain containing 2,CRISPLD2
tr_02962,casein kinase 2 beta,CSNK2B
tr_02963,glycosyltransferase 8 domain containing 1,GLT8D1
tr_02964,chromosome 10 open reading frame 120,C10orf120
tr_02965,interleukin 16,IL16
tr_02966,insulin receptor substrate 2,IRS2
tr_02967,protein disulfide isomerase family A member 4,PDIA4
tr_02968,olfactory receptor family 5 subfamily B member 3,OR5B3
tr_02969,biorientation of chromosomes in cell division 1,BOD1
tr_02970,phosphomannomutase 1,PMM1
tr_02971,surfeit 2,SURF2
tr_02972,intercellular adhesion molecule 1,ICAM1
tr_02973,olfactory receptor family 52 subfamily J member 3,OR52J3
tr_02974,heme oxygenase 1,HMOX1
tr_02975,"killer cell immunoglobulin like receptor, two Ig domains and long cytoplasmic tail 1",KIR2DL1
tr_02976,nuclear respiratory factor 1,NRF1
tr_02977,peroxisomal testis enriched protein 1,PXT1
tr_02978,solute carrier family 9 member A2,SLC9A2
tr_02979,G kinase anchoring protein 1,GKAP1
tr_02980,anti-Mullerian hormone,AMH
tr_02981,persephin,PSPN
tr_02982,guanylate cyclase activator 2A,GUCA2A
tr_02983,olfactory receptor family 51 subfamily J member 1,OR51J1
tr_02984,G protein nucleolar 3 like,GNL3L
tr_02985,nudix hydrolase 8,NUDT8
tr_02986,telomerase reverse transcriptase,TERT
tr_02987,EF-hand domain family member D1,EFHD1
tr_02988,dual specificity phosphatase 6,DUSP6
tr_02989,"proline rich 7, synaptic",PRR7
tr_02990,protein kinase C theta,PRKCQ
tr_02991,chymotrypsin like elastase 2B,CELA2B
tr_02992,transcription factor Dp family member 3,TFDP3
tr_02993,adaptor related protein complex 1 subunit sigma 1,AP1S1
tr_02994,mediator complex subunit 12,MED12
tr_02995,plexin A3,PLXNA3
tr_02996,zinc finger protein 764,ZNF764
tr_02997,prenylcysteine oxidase 1,PCYOX1
tr_02998,E74 like ETS transcription factor 5,ELF5
tr_02999,interferon kappa,IFNK
tr_03000,olfactory receptor family 4 subfamily F member 5,OR4F5
tr_03001,"leucyl-tRNA synthetase 2, mitochondrial",LARS2
tr_03002,olfactory receptor family 13 subfamily A member 1,OR13A1
tr_03003,interleukin 26,IL26
tr_03004,G protein subunit alpha i2,GNAI2
tr_03005,ring finger protein 167,RNF167
tr_03006,calcium voltage-gated channel subunit alpha1 H,CACNA1H
tr_03007,serpin family B member 2,SERPINB2
tr_03008,interferon related developmental regulator 1,IFRD1
tr_03009,phosphatidylserine synthase 1,PTDSS1
tr_03010,RUN and FYVE domain containing 2,RUFY2
tr_03011,glycoprotein hormone subunit alpha 2,GPHA2
tr_03012,inverted formin 2,INF2
tr_03013,STE20 related adaptor beta,STRADB
tr_03014,zinc finger protein 691,ZNF691
tr_03015,breast carcinoma amplified sequence 4,BCAS4
tr_03016,tubulin alpha like 3,TUBAL3
tr_03017,growth differentiation factor 3,GDF3
tr_03018,CAP-Gly domain containing linker protein 3,CLIP3
tr_03019,TIR domain containing adaptor molecule 1,TICAM1
tr_03020,neuraminidase 1,NEU1
tr_03021,mitochondrial ribosomal protein S15,MRPS15
tr_03022,transmembrane protein 70,TMEM70
tr_03023,RIB43A domain with coiled-coils 1,RIBC1
tr_03024,transmembrane protein 200C,TMEM200C
tr_03025,chromosome 12 open reading frame 71,C12orf71
tr_03026,phosphoribosyl pyrophosphate synthetase 1,PRPS1
tr_03027,cyclin B1 interacting protein 1,CCNB1IP1
tr_03028,lipoprotein lipase,LPL
tr_03029,cerebellin 1 precursor,CBLN1
tr_03030,coenzyme Q9,COQ9
tr_03031,zinc finger and SCAN domain containing 2,ZSCAN2
tr_03032,transmembrane protein 65,TMEM65
tr_03033,zinc finger protein 605,ZNF605
tr_03034,fibulin 5,FBLN5
tr_03035,adaptor related protein complex 3 subunit sigma 1,AP3S1
tr_03036,TATA-box binding protein associated factor 9b,TAF9B
tr_03037,nucleoporin 43,NUP43
tr_03038,transmembrane protein 161A,TMEM161A
tr_03039,V-set domain containing T cell activation inhibitor 1,VTCN1
tr_03040,"microtubule associated monooxygenase, calponin and LIM domain containing 2",MICAL2
tr_03041,adenosine deaminase domain containing 1,ADAD1
tr_03042,surfactant protein C,SFTPC
tr_03043,olfactory receptor family 11 subfamily G member 2,OR11G2
tr_03044,proline rich 19,PRR19
tr_03045,Fas apoptotic inhibitory molecule 2,FAIM2
tr_03046,interleukin 2 receptor subunit alpha,IL2RA
tr_03047,ribosomal protein L27a,RPL27A
tr_03048,T-box transcription factor 6,TBX6
tr_03049,aurora kinase B,AURKB
tr_03050,zinc finger protein 202,ZNF202
tr_03051,taste 2 receptor member 38,TAS2R38
tr_03052,NADH:ubiquinone oxidoreductase complex assembly factor 1,NDUFAF1
tr_03053,acrosin,ACR
tr_03054,chromosome 5 open reading frame 22,C5orf22
tr_03055,diacylglycerol kinase beta,DGKB
tr_03056,"anterior gradient 3, protein disulphide isomerase family member",AGR3
tr_03057,SNF2 related chromatin remodeling annealing helicase 1,SMARCAL1
tr_03058,myosin heavy chain 6,MYH6
tr_03059,zinc finger protein 777,ZNF777
tr_03060,zinc finger protein 746,ZNF746
tr_03061,keratin associated protein 4-8,KRTAP4-8
tr_03062,"acid phosphatase 6, lysophosphatidic",ACP6
tr_03063,dihydrofolate reductase,DHFR
tr_03064,canopy FGF signaling regulator 3,CNPY3
tr_03065,protein tyrosine phosphatase receptor type O,PTPRO
tr_03066,glutamate ionotropic receptor kainate type subunit 1,GRIK1
tr_03067,coiled-coil domain containing 81,CCDC81
tr_03068,astrotactin 2,ASTN2
tr_03069,elastin microfibril interfacer 2,EMILIN2
tr_03070,C-C motif chemokine ligand 3 like 1,CCL3L1
tr_03071,ribophorin I,RPN1
tr_03072,G1 to S phase transition 2,GSPT2
tr_03073,D-aspartate oxidase,DDO
tr_03074,chromosome 2 open reading frame 81,C2orf81
tr_03075,"5',3'-nucleotidase, mitochondrial",NT5M
tr_03076,arginine vasopressin receptor 1B,AVPR1B
tr_03077,immediate early response 3,IER3
tr_03078,acyl-CoA synthetase bubblegum family member 2,ACSBG2
tr_03079,G antigen 2D,GAGE2D
tr_03080,uroporphyrinogen decarboxylase,UROD
tr_03081,activating transcription factor 7 interacting protein,ATF7IP
tr_03082,"gremlin 2, DAN family BMP antagonist",GREM2
tr_03083,ninjurin 1,NINJ1
tr_03084,"Myb like, SWIRM and MPN domains 1",MYSM1
tr_03085,histatin 1,HTN1
tr_03086,receptor activity modifying protein 2,RAMP2
tr_03087,tigger transposable element derived 3,TIGD3
tr_03088,chordin like 1,CHRDL1
tr_03089,syntaxin 19,STX19
tr_03090,U2 small nuclear RNA auxiliary factor 2,U2AF2
tr_03091,"coagulation factor III, tissue factor",F3
tr_03092,transient receptor potential cation channel subfamily V member 1,TRPV1
tr_03093,phospholipase C beta 2,PLCB2
tr_03094,neuronal PAS domain protein 1,NPAS1
tr_03095,regulator of chromosome condensation 1,RCC1
tr_03096,methylenetetrahydrofolate dehydrogenase (NADP+ dependent) 2 like,MTHFD2L
tr_03097,zinc finger protein 473,ZNF473
tr_03098,ankyrin repeat domain 2,ANKRD2
tr_03099,annexin A1,ANXA1
tr_03100,organic solute carrier partner 1,OSCP1
tr_03101,paired box 6,PAX6
tr_03102,diencephalon/mesencephalon homeobox 1,DMBX1
tr_03103,ankyrin repeat domain 1,ANKRD1
tr_03104,calcium voltage-gated channel auxiliary subunit gamma 8,CACNG8
tr_03105,4-hydroxyphenylpyruvate dioxygenase,HPD
tr_03106,growth associated protein 43,GAP43
tr_03107,mannose phosphate isomerase,MPI
tr_03108,phosphodiesterase 4C,PDE4C
tr_03109,ephrin B1,EFNB1
tr_03110,zinc finger protein 485,ZNF485
tr_03111,zinc finger protein 177,ZNF177
tr_03112,late cornified envelope 1B,LCE1B
tr_03113,ectonucleoside triphosphate diphosphohydrolase 1,ENTPD1
tr_03114,ubiquitin conjugating enzyme E2 A,UBE2A
tr_03115,xin actin binding repeat containing 2,XIRP2
tr_03116,actin related protein T1,ACTRT1
tr_03117,golgin A3,GOLGA3
tr_03118,lipocalin 1,LCN1
tr_03119,glucosamine-6-phosphate deaminase 2,GNPDA2
tr_03120,ubiquitin specific peptidase 30,USP30
tr_03121,DAZ interacting zinc finger protein 1 like,DZIP1L
tr_03122,pancreas associated transcription factor 1a,PTF1A
tr_03123,transmembrane protein 184A,TMEM184A
tr_03124,tigger transposable element derived 4,TIGD4
tr_03125,developmentally regulated GTP binding protein 2,DRG2
tr_03126,hypocretin neuropeptide precursor,HCRT
tr_03127,nuclear receptor subfamily 4 group A member 2,NR4A2
tr_03128,ring finger protein 169,RNF169
tr_03129,GC-rich promoter binding protein 1,GPBP1
tr_03130,ARF like GTPase 4C,ARL4C
tr_03131,sushi domain containing 3,SUSD3
tr_03132,paxillin,PXN
tr_03133,G protein-coupled receptor 88,GPR88
tr_03134,kelch like family member 13,KLHL13
tr_03135,WD repeat domain 20,WDR20
tr_03136,claudin 12,CLDN12
tr_03137,protein tyrosine phosphatase non-receptor type 3,PTPN3
tr_03138,"lectin, mannose binding 1",LMAN1
tr_03139,leucine rich repeat containing 4B,LRRC4B
tr_03140,"glyceraldehyde-3-phosphate dehydrogenase, spermatogenic",GAPDHS
tr_03141,CCR4-NOT transcription complex subunit 6,CNOT6
tr_03142,schlafen like 1,SLFNL1
tr_03143,leucine rich repeat containing 10,LRRC10
tr_03144,N-acetylglucosamine kinase,NAGK
tr_03145,polypeptide N-acetylgalactosaminyltransferase 12,GALNT12
tr_03146,olfactory receptor family 10 subfamily AD member 1,OR10AD1
tr_03147,nuclear receptor binding protein 1,NRBP1
tr_03148,apoptosis and caspase activation inhibitor,AVEN
tr_03149,leucine rich repeat containing 45,LRRC45
tr_03150,"phosphatidylinositol-3,4,5-trisphosphate dependent Rac exchange factor 1",PREX1
tr_03151,"UDP-GlcNAc:betaGal beta-1,3-N-acetylglucosaminyltransferase 2",B3GNT2
tr_03152,histone deacetylase 9,HDAC9
tr_03153,WAP four-disulfide core domain 2,WFDC2
tr_03154,solute carrier family 22 member 4,SLC22A4
tr_03155,chromosome 6 open reading frame 52,C6orf52
tr_03156,ArfGAP with FG repeats 2,AGFG2
tr_03157,mastermind like transcriptional coactivator 1,MAML1
tr_03158,"palladin, cytoskeletal associated protein",PALLD
tr_03159,armadillo repeat containing 2,ARMC2
tr_03160,synapsin I,SYN1
tr_03161,neuropeptide S receptor 1,NPSR1
tr_03162,calcium voltage-gated channel auxiliary subunit gamma 2,CACNG2
tr_03163,Purkinje cell protein 2,PCP2
tr_03164,adenylate kinase 3,AK3
tr_03165,zinc finger protein 326,ZNF326
tr_03166,isocitrate dehydrogenase (NAD(+)) 3 non-catalytic subunit gamma,IDH3G
tr_03167,inhibin subunit alpha,INHA
tr_03168,cholecystokinin A receptor,CCKAR
tr_03169,phospholipid scramblase 4,PLSCR4
tr_03170,formin binding protein 1,FNBP1
tr_03171,olfactory receptor family 8 subfamily J member 2 (gene/pseudogene),OR8J2
tr_03172,TGFB induced factor homeobox 2,TGIF2
tr_03173,transmembrane 7 superfamily member 2,TM7SF2
tr_03174,syntaxin 8,STX8
tr_03175,transient receptor potential cation channel subfamily C member 7,TRPC7
tr_03176,sucrase-isomaltase,SI
tr_03177,platelet derived growth factor subunit B,PDGFB
tr_03178,ubiquitin specific peptidase 32,USP32
tr_03179,bromodomain containing 3,BRD3
tr_03180,protocadherin 18,PCDH18
tr_03181,cytochrome P450 family 2 subfamily C member 8,CYP2C8
tr_03182,G protein-coupled receptor 119,GPR119
tr_03183,EH domain binding protein 1 like 1,EHBP1L1
tr_03184,transmembrane protein 87B,TMEM87B
tr_03185,thioredoxin domain containing 9,TXNDC9
tr_03186,transmembrane protein 67,TMEM67
tr_03187,hyaluronan synthase 3,HAS3
tr_03188,interleukin 20 receptor subunit beta,IL20RB
tr_03189,single stranded DNA binding protein 2,SSBP2
tr_03190,mitochondrial ribosomal protein L14,MRPL14
tr_03191,structural maintenance of chromosomes 4,SMC4
tr_03192,transferrin receptor,TFRC
tr_03193,uroplakin 2,UPK2
tr_03194,thymosin beta 15A,TMSB15A
tr_03195,"transducer of ERBB2, 2",TOB2
tr_03196,activating transcription factor 5,ATF5
tr_03197,gamma-butyrobetaine hydroxylase 1,BBOX1
tr_03198,nuclear apoptosis inducing factor 1,NAIF1
tr_03199,absent in melanoma 2,AIM2
tr_03200,regulator of calcineurin 3,RCAN3
tr_03201,protection of telomeres 1,POT1
tr_03202,keratin associated protein 27-1,KRTAP27-1
tr_03203,zinc finger protein 211,ZNF211
tr_03204,"delta 4-desaturase, sphingolipid 1",DEGS1
tr_03205,zinc finger protein 774,ZNF774
tr_03206,potassium voltage-gated channel subfamily E regulatory subunit 3,KCNE3
tr_03207,MBL associated serine protease 1,MASP1
tr_03208,vanin 1,VNN1
tr_03209,"alcohol dehydrogenase 4 (class II), pi polypeptide",ADH4
tr_03210,keratin associated protein 12-2,KRTAP12-2
tr_03211,tripartite motif containing 24,TRIM24
tr_03212,inhibitor of growth family member 2,ING2
tr_03213,dynactin subunit 3,DCTN3
tr_03214,zinc finger protein 423,ZNF423
tr_03215,glutamate metabotropic receptor 6,GRM6
tr_03216,phospholipid scramblase 2,PLSCR2
tr_03217,transcription factor AP-2 beta,TFAP2B
tr_03218,dystrophin related protein 2,DRP2
tr_03219,interferon induced with helicase C domain 1,IFIH1
tr_03220,kinesin associated protein 3,KIFAP3
tr_03221,adaptor related protein complex 1 subunit mu 2,AP1M2
tr_03222,dopamine receptor D4,DRD4
tr_03223,salt inducible kinase 2,SIK2
tr_03224,phosphatidylinositol glycan anchor biosynthesis class S,PIGS
tr_03225,"Yip1 interacting factor homolog B, membrane trafficking protein",YIF1B
tr_03226,cyclin G1,CCNG1
tr_03227,"globoside alpha-1,3-N-acetylgalactosaminyltransferase 1 (FORS blood group)",GBGT1
tr_03228,coagulation factor IX,F9
tr_03229,arylsulfatase family member J,ARSJ
tr_03230,pannexin 1,PANX1
tr_03231,defensin beta 132,DEFB132
tr_03232,F-box protein 32,FBXO32
tr_03233,coagulation factor V,F5
tr_03234,short chain dehydrogenase/reductase family 39U member 1,SDR39U1
tr_03235,ras homolog family member D,RHOD
tr_03236,proline rich acidic protein 1,PRAP1
tr_03237,"transporter 2, ATP binding cassette subfamily B member",TAP2
tr_03238,"ArfGAP with SH3 domain, ankyrin repeat and PH domain 3",ASAP3
tr_03239,interferon epsilon,IFNE
tr_03240,proline rich transmembrane protein 1,PRRT1
tr_03241,keratin associated protein 2-3,KRTAP2-3
tr_03242,glutamate ionotropic receptor AMPA type subunit 2,GRIA2
tr_03243,myosin light chain 10,MYL10
tr_03244,olfactory receptor family 8 subfamily K member 3 (gene/pseudogene),OR8K3
tr_03245,MAGUK p55 scaffold protein 2,MPP2
tr_03246,coiled-coil domain containing 86,CCDC86
tr_03247,zinc finger protein 622,ZNF622
tr_03248,pleckstrin homology and RhoGEF domain containing G3,PLEKHG3
tr_03249,artemin,ARTN
tr_03250,enoyl-CoA hydratase domain containing 3,ECHDC3
tr_03251,"multiple coagulation factor deficiency 2, ER cargo receptor complex subunit",MCFD2
tr_03252,pitrilysin metallopeptidase 1,PITRM1
tr_03253,autophagy and beclin 1 regulator 1,AMBRA1
tr_03254,paired related homeobox 2,PRRX2
tr_03255,RRAD and GEM like GTPase 1,REM1
tr_03256,ubiquitin family domain containing 1,UBFD1
tr_03257,XK related 5,XKR5
tr_03258,myosin IH,MYO1H
tr_03259,poly(rC) binding protein 3,PCBP3
tr_03260,embigin,EMB
tr_03261,sialic acid binding Ig like lectin 12,SIGLEC12
tr_03262,collagen triple helix repeat containing 1,CTHRC1
tr_03263,mitochondrial ribosome associated GTPase 1,MTG1
tr_03264,prostate androgen-regulated mucin-like protein 1,PARM1
tr_03265,Yip1 domain family member 1,YIPF1
tr_03266,olfactory receptor family 2 subfamily A member 14,OR2A14
tr_03267,complement factor D,CFD
tr_03268,cysteine dioxygenase type 1,CDO1
tr_03269,cystatin 9 like,CST9L
tr_03270,C-C motif chemokine ligand 25,CCL25
tr_03271,sarcalumenin,SRL
tr_03272,cytochrome p450 oxidoreductase,POR
tr_03273,A-kinase anchoring protein 6,AKAP6
tr_03274,neuroligin 4 X-linked,NLGN4X
tr_03275,olfactory receptor family 13 subfamily G member 1,OR13G1
tr_03276,chromobox 7,CBX7
tr_03277,"methylenetetrahydrofolate dehydrogenase (NADP+ dependent) 2, methenyltetrahydrofolate cyclohydrolase",MTHFD2
tr_03278,ankyrin repeat domain 24,ANKRD24
tr_03279,olfactory receptor family 4 subfamily N member 5,OR4N5
tr_03280,IQ motif containing C,IQCC
tr_03281,RNA binding motif protein 28,RBM28
tr_03282,zinc finger protein 263,ZNF263
tr_03283,podocalyxin like,PODXL
tr_03284,TANK binding kinase 1,TBK1
tr_03285,transcription elongation regulator 1,TCERG1
tr_03286,CASP8 and FADD like apoptosis regulator,CFLAR
tr_03287,DNA primase subunit 2,PRIM2
tr_03288,granzyme K,GZMK
tr_03289,eukaryotic translation initiation factor 2B subunit beta,EIF2B2
tr_03290,eukaryotic translation initiation factor 5A like 1,EIF5AL1
tr_03291,pleckstrin homology like domain family B member 3,PHLDB3
tr_03292,minichromosome maintenance 10 replication initiation factor,MCM10
tr_03293,zinc finger and BTB domain containing 34,ZBTB34
tr_03294,"leucine, glutamate and lysine rich 1",LEKR1
tr_03295,pyruvate dehydrogenase kinase 1,PDK1
tr_03296,plexin A2,PLXNA2
tr_03297,solute carrier family 25 member 38,SLC25A38
tr_03298,cyclin Y like 1,CCNYL1
tr_03299,progestin and adipoQ receptor family member 5,PAQR5
tr_03300,ATPase phospholipid transporting 9B,ATP9B
tr_03301,olfactory receptor family 6 subfamily A member 2,OR6A2
tr_03302,dolichyl-phosphate N-acetylglucosaminephosphotransferase 1,DPAGT1
tr_03303,ribonuclease A family member 2,RNASE2
tr_03304,"prolyl 4-hydroxylase, transmembrane",P4HTM
tr_03305,RNA guanine-7 methyltransferase,RNMT
tr_03306,transmembrane 4 L six family member 1,TM4SF1
tr_03307,solute carrier family 28 member 1,SLC28A1
tr_03308,olfactory receptor family 4 subfamily Q member 2 (gene/pseudogene),OR4Q2
tr_03309,ribosomal protein S6 kinase like 1,RPS6KL1
tr_03310,olfactory receptor family 7 subfamily G member 1,OR7G1
tr_03311,kinesin family member 27,KIF27
tr_03312,P2Y receptor family member 8,P2RY8
tr_03313,coat protein complex I subunit beta 1,COPB1
tr_03314,zinc finger protein 419,ZNF419
tr_03315,2-oxoglutarate and iron dependent oxygenase domain containing 1,OGFOD1
tr_03316,progestin and adipoQ receptor family member 4,PAQR4
tr_03317,ubiquitin protein ligase E3 component n-recognin 4,UBR4
tr_03318,carboxypeptidase A3,CPA3
tr_03319,carboxylesterase 1,CES1
tr_03320,prodynorphin,PDYN
tr_03321,PR/SET domain 16,PRDM16
tr_03322,Rho/Rac guanine nucleotide exchange factor 2,ARHGEF2
tr_03323,growth hormone 2,GH2
tr_03324,suppressor of cytokine signaling 6,SOCS6
tr_03325,ARF like GTPase 13A,ARL13A
tr_03326,proprotein convertase subtilisin/kexin type 6,PCSK6
tr_03327,ATP binding cassette subfamily B member 11,ABCB11
tr_03328,defensin beta 103B,DEFB103B
tr_03329,neuron navigator 2,NAV2
tr_03330,C-C motif chemokine receptor 3,CCR3
tr_03331,zinc finger protein 230,ZNF230
tr_03332,pleckstrin homology like domain family B member 1,PHLDB1
tr_03333,cystin 1,CYS1
tr_03334,ETS variant transcription factor 5,ETV5
tr_03335,sulfatase modifying factor 1,SUMF1
tr_03336,testis expressed 19,TEX19
tr_03337,mitochondrial translation release factor 1,MTRF1
tr_03338,histamine receptor H2,HRH2
tr_03339,"chibby 1, beta catenin antagonist",CBY1
tr_03340,progestin and adipoQ receptor family member 6,PAQR6
tr_03341,NK2 homeobox 5,NKX2-5
tr_03342,immunoglobulin superfamily DCC subclass member 4,IGDCC4
tr_03343,transportin 3,TNPO3
tr_03344,radial spoke head component 9,RSPH9
tr_03345,basonuclin zinc finger protein 2,BNC2
tr_03346,heat shock protein family A (Hsp70) member 12B,HSPA12B
tr_03347,mesoderm posterior bHLH transcription factor 1,MESP1
tr_03348,solute carrier family 6 member 4,SLC6A4
tr_03349,TP53 regulated inhibitor of apoptosis 1,TRIAP1
tr_03350,cancer/testis antigen 1A,CTAG1A
tr_03351,milk fat globule EGF and factor V/VIII domain containing,MFGE8
tr_03352,pyrin and HIN domain family member 1,PYHIN1
tr_03353,immunoglobulin superfamily containing leucine rich repeat,ISLR
tr_03354,PHD finger protein 11,PHF11
tr_03355,exonuclease 3'-5' domain containing 1,EXD1
tr_03356,fructosamine 3 kinase related protein,FN3KRP
tr_03357,solute carrier family 40 member 1,SLC40A1
tr_03358,sterol O-acyltransferase 2,SOAT2
tr_03359,zinc finger CCCH-type containing 12B,ZC3H12B
tr_03360,elastin,ELN
tr_03361,retinoid X receptor gamma,RXRG
tr_03362,myomesin 1,MYOM1
tr_03363,zinc finger protein 563,ZNF563
tr_03364,C-X-C motif chemokine ligand 13,CXCL13
tr_03365,glucosylceramidase beta 2,GBA2
tr_03366,protein kinase C iota,PRKCI
tr_03367,tRNA aspartic acid methyltransferase 1,TRDMT1
tr_03368,homeobox containing 1,HMBOX1
tr_03369,mitochondrial ribosomal protein L37,MRPL37
tr_03370,purinergic receptor P2X 1,P2RX1
tr_03371,pygopus family PHD finger 1,PYGO1
tr_03372,nuclear mitotic apparatus protein 1,NUMA1
tr_03373,charged multivesicular body protein 4C,CHMP4C
tr_03374,ribonuclease T2,RNASET2
tr_03375,G antigen 5,GAGE5
tr_03376,nidogen 2,NID2
tr_03377,transmembrane serine protease 5,TMPRSS5
tr_03378,transmembrane protein 45B,TMEM45B
tr_03379,ethanolamine kinase 1,ETNK1
tr_03380,defensin beta 116,DEFB116
tr_03381,DiGeorge syndrome critical region gene 2,DGCR2
tr_03382,interferon alpha 21,IFNA21
tr_03383,leucine rich repeats and calponin homology domain containing 2,LRCH2
tr_03384,centrosomal protein 152,CEP152
tr_03385,ribonuclease H2 subunit B,RNASEH2B
tr_03386,placenta associated 1,PLAC1
tr_03387,cytochrome P450 family 4 subfamily F member 22,CYP4F22
tr_03388,pre-mRNA processing factor 8,PRPF8
tr_03389,lysozyme like 4,LYZL4
tr_03390,transmembrane protein 167B,TMEM167B
tr_03391,cytochrome b reductase 1,CYBRD1
tr_03392,ubiquitin like with PHD and ring finger domains 2,UHRF2
tr_03393,olfactory receptor family 5 subfamily P member 2,OR5P2
tr_03394,neurotensin receptor 2,NTSR2
tr_03395,tubulin folding cofactor E like,TBCEL
tr_03396,kelch like family member 38,KLHL38
tr_03397,synaptotagmin 16,SYT16
tr_03398,uromodulin like 1,UMODL1
tr_03399,engulfment and cell motility 1,ELMO1
tr_03400,neurobeachin like 1,NBEAL1
tr_03401,leucine rich repeat containing 2,LRRC2
tr_03402,chorionic gonadotropin subunit beta 1,CGB1
tr_03403,"beta-1,3-galactosyltransferase 4",B3GALT4
tr_03404,nudix hydrolase 17,NUDT17
tr_03405,cortistatin,CORT
tr_03406,U2AF homology motif kinase 1,UHMK1
tr_03407,orthodenticle homeobox 1,OTX1
tr_03408,acyl-CoA dehydrogenase family member 8,ACAD8
tr_03409,component of oligomeric golgi complex 8,COG8
tr_03410,RIMS binding protein 3B,RIMBP3B
tr_03411,translin,TSN
tr_03412,syntrophin beta 2,SNTB2
tr_03413,acyl-CoA synthetase bubblegum family member 1,ACSBG1
tr_03414,aldehyde dehydrogenase 6 family member A1,ALDH6A1
tr_03415,zinc finger imprinted 2,ZIM2
tr_03416,histidine triad nucleotide binding protein 2,HINT2
tr_03417,p21 (RAC1) activated kinase 1,PAK1
tr_03418,peptide YY,PYY
tr_03419,olfactory receptor family 6 subfamily C member 74,OR6C74
tr_03420,sestrin 3,SESN3
tr_03421,leucine twenty homeobox,LEUTX
tr_03422,NADPH oxidase 1,NOX1
tr_03423,tribbles pseudokinase 1,TRIB1
tr_03424,chondroitin sulfate synthase 3,CHSY3
tr_03425,regulatory factor X associated protein,RFXAP
tr_03426,interferon induced protein 44,IFI44
tr_03427,ribosomal protein L37,RPL37
tr_03428,required for meiotic nuclear division 5 homolog A,RMND5A
tr_03429,biogenesis of ribosomes BRX1,BRIX1
tr_03430,solute carrier family 6 member 13,SLC6A13
tr_03431,acyl-CoA synthetase short chain family member 3,ACSS3
tr_03432,tubulin gamma complex component 2,TUBGCP2
tr_03433,tribbles pseudokinase 2,TRIB2
tr_03434,DEAD-box helicase 43,DDX43
tr_03435,prostaglandin E synthase 3,PTGES3
tr_03436,dihydrolipoamide dehydrogenase,DLD
tr_03437,chromosome 1 open reading frame 53,C1orf53
tr_03438,leucine rich repeat containing 69,LRRC69
tr_03439,dynein axonemal heavy chain 2,DNAH2
tr_03440,angiotensinogen,AGT
tr_03441,annexin A8 like 1,ANXA8L1
tr_03442,metallo-beta-lactamase domain containing 2,MBLAC2
tr_03443,stress associated endoplasmic reticulum protein 1,SERP1
tr_03444,T cell activation RhoGTPase activating protein,TAGAP
tr_03445,solute carrier family 48 member 1,SLC48A1
tr_03446,signal peptidase complex subunit 3,SPCS3
tr_03447,"proteasome 26S subunit, non-ATPase 7",PSMD7
tr_03448,collagen type XIII alpha 1 chain,COL13A1
tr_03449,glycosyltransferase 1 domain containing 1,GLT1D1
tr_03450,stereocilin,STRC
tr_03451,secreted and transmembrane 1,SECTM1
tr_03452,oxoglutarate dehydrogenase L,OGDHL
tr_03453,phytanoyl-CoA 2-hydroxylase,PHYH
tr_03454,glyceronephosphate O-acyltransferase,GNPAT
tr_03455,olfactory receptor family 7 subfamily C member 2,OR7C2
tr_03456,armadillo repeat containing X-linked 6,ARMCX6
tr_03457,ring finger protein 121,RNF121
tr_03458,spindle and kinetochore associated complex subunit 1,SKA1
tr_03459,myosin regulatory light chain interacting protein,MYLIP
tr_03460,prolyl endopeptidase,PREP
tr_03461,transformer 2 alpha homolog,TRA2A
tr_03462,interleukin 17 receptor B,IL17RB
tr_03463,SMAD specific E3 ubiquitin protein ligase 1,SMURF1
tr_03464,late cornified envelope 1F,LCE1F
tr_03465,heparan sulfate proteoglycan 2,HSPG2
tr_03466,galactosidase beta 1 like,GLB1L
tr_03467,fidgetin like 1,FIGNL1
tr_03468,tyrosine 3-monooxygenase/tryptophan 5-monooxygenase activation protein beta,YWHAB
tr_03469,transmembrane protein 72,TMEM72
tr_03470,protein phosphatase 1 regulatory inhibitor subunit 1A,PPP1R1A
tr_03471,dynein axonemal heavy chain 11,DNAH11
tr_03472,golgin A7 family member B,GOLGA7B
tr_03473,interferon alpha 5,IFNA5
tr_03474,transmembrane protein 60,TMEM60
tr_03475,solute carrier family 6 member 8,SLC6A8
tr_03476,dystrobrevin alpha,DTNA
tr_03477,defensin beta 112,DEFB112
tr_03478,olfactory receptor family 2 subfamily T member 10,OR2T10
tr_03479,calmin,CLMN
tr_03480,ectonucleotide pyrophosphatase/phosphodiesterase family member 5,ENPP5
tr_03481,"DNA polymerase gamma 2, accessory subunit",POLG2
tr_03482,SCY1 like pseudokinase 2,SCYL2
tr_03483,coiled-coil domain containing 33,CCDC33
tr_03484,vitamin K epoxide reductase complex subunit 1,VKORC1
tr_03485,PRA1 domain family member 2,PRAF2
tr_03486,olfactory receptor family 1 subfamily M member 1,OR1M1
tr_03487,"GTPase, IMAP family member 5",GIMAP5
tr_03488,zinc finger protein 296,ZNF296
tr_03489,transcription elongation factor A like 5,TCEAL5
tr_03490,Fas binding factor 1,FBF1
tr_03491,interleukin 1 receptor accessory protein like 2,IL1RAPL2
tr_03492,solute carrier family 37 member 3,SLC37A3
tr_03493,roundabout guidance receptor 4,ROBO4
tr_03494,dehydrogenase/reductase 7B,DHRS7B
tr_03495,transcription elongation factor A1,TCEA1
tr_03496,tubulin gamma complex component 4,TUBGCP4
tr_03497,C-X-C motif chemokine receptor 4,CXCR4
tr_03498,keratin associated protein 2-4,KRTAP2-4
tr_03499,purinergic receptor P2Y13,P2RY13
tr_03500,retbindin,RTBDN
tr_03501,diacylglycerol kinase iota,DGKI
tr_03502,olfactory receptor family 13 subfamily C member 4,OR13C4
tr_03503,cytidine/uridine monophosphate kinase 1,CMPK1
tr_03504,zinc finger protein 732,ZNF732
tr_03505,glutamine rich 2,QRICH2
tr_03506,complement component 4 binding protein beta,C4BPB
tr_03507,peptidylprolyl isomerase H,PPIH
tr_03508,metallophosphoesterase 1,MPPE1
tr_03509,protein phosphatase 1 regulatory subunit 13 like,PPP1R13L
tr_03510,C-X-C motif chemokine receptor 5,CXCR5
tr_03511,component of oligomeric golgi complex 5,COG5
tr_03512,tenascin N,TNN
tr_03513,cathepsin K,CTSK
tr_03514,pregnancy specific beta-1-glycoprotein 8,PSG8
tr_03515,coiled-coil domain containing 51,CCDC51
tr_03516,serum response factor,SRF
tr_03517,cleavage and polyadenylation specific factor 7,CPSF7
tr_03518,growth arrest specific 7,GAS7
tr_03519,jumonji domain containing 1C,JMJD1C
tr_03520,interleukin 1 receptor type 1,IL1R1
tr_03521,kelch like family member 35,KLHL35
tr_03522,PHD finger protein 8,PHF8
tr_03523,solute carrier family 10 member 6,SLC10A6
tr_03524,solute carrier family 38 member 6,SLC38A6
tr_03525,casein kinase 2 alpha 2,CSNK2A2
tr_03526,tumor protein p53 inducible protein 13,TP53I13
tr_03527,plastin 3,PLS3
tr_03528,collectin subfamily member 12,COLEC12
tr_03529,zinc finger protein 417,ZNF417
tr_03530,eukaryotic translation elongation factor 1 alpha 1,EEF1A1
tr_03531,E74 like ETS transcription factor 3,ELF3
tr_03532,ribosomal protein L39,RPL39
tr_03533,B melanoma antigen,BAGE
tr_03534,ubiquitin specific peptidase 4,USP4
tr_03535,ring finger and SPRY domain containing 1,RSPRY1
tr_03536,sulfotransferase family 6B member 1,SULT6B1
tr_03537,olfactory receptor family 4 subfamily C member 6,OR4C6
tr_03538,ornithine decarboxylase 1,ODC1
tr_03539,cytochrome P450 family 20 subfamily A member 1,CYP20A1
tr_03540,tRNA methyltransferase 1,TRMT1
tr_03541,ATP binding cassette subfamily D member 3,ABCD3
tr_03542,mitochondrially encoded NADH:ubiquinone oxidoreductase core subunit 1,MT-ND1
tr_03543,advanced glycosylation end-product specific receptor,AGER
tr_03544,hepatitis A virus cellular receptor 1,HAVCR1
tr_03545,serine/arginine repetitive matrix 3,SRRM3
tr_03546,lysine demethylase 6B,KDM6B
tr_03547,nucleoporin 85,NUP85
tr_03548,potassium calcium-activated channel subfamily M regulatory beta subunit 3,KCNMB3
tr_03549,SAC1 like phosphatidylinositide phosphatase,SACM1L
tr_03550,general transcription factor IIF subunit 1,GTF2F1
tr_03551,zinc finger protein 700,ZNF700
tr_03552,paired like homeobox 2B,PHOX2B
tr_03553,rhotekin,RTKN
tr_03554,protein kinase AMP-activated non-catalytic subunit beta 2,PRKAB2
tr_03555,myosin heavy chain 13,MYH13
tr_03556,solute carrier family 39 member 13,SLC39A13
tr_03557,ankyrin repeat and SOCS box containing 5,ASB5
tr_03558,cone-rod homeobox,CRX
tr_03559,palmdelphin,PALMD
tr_03560,tubulointerstitial nephritis antigen,TINAG
tr_03561,guanine deaminase,GDA
tr_03562,nucleoporin 88,NUP88
tr_03563,golgi SNAP receptor complex member 1,GOSR1
tr_03564,EMAP like 4,EML4
tr_03565,zinc finger and BTB domain containing 7B,ZBTB7B
tr_03566,kallikrein related peptidase 7,KLK7
tr_03567,UFM1 specific peptidase 1,UFSP1
tr_03568,insulin like growth factor binding protein like 1,IGFBPL1
tr_03569,peptidylprolyl isomerase A like 4F,PPIAL4F
tr_03570,transmembrane protein 14C,TMEM14C
tr_03571,ATPase phospholipid transporting 11A,ATP11A
tr_03572,caspase recruitment domain family member 10,CARD10
tr_03573,tubulin gamma 1,TUBG1
tr_03574,zinc finger protein 772,ZNF772
tr_03575,zinc finger protein 749,ZNF749
tr_03576,trafficking protein particle complex subunit 6B,TRAPPC6B
tr_03577,olfactory receptor family 10 subfamily W member 1,OR10W1
tr_03578,cyclin dependent kinase inhibitor 1B,CDKN1B
tr_03579,gamma-aminobutyric acid type A receptor subunit alpha4,GABRA4
tr_03580,DEAD-box helicase 46,DDX46
tr_03581,aldehyde dehydrogenase 7 family member A1,ALDH7A1
tr_03582,defensin beta 129,DEFB129
tr_03583,synaptotagmin 7,SYT7
tr_03584,keratin associated protein 21-2,KRTAP21-2
tr_03585,annexin A13,ANXA13
tr_03586,chromosome 9 open reading frame 57,C9orf57
tr_03587,hypoxanthine phosphoribosyltransferase 1,HPRT1
tr_03588,histamine receptor H4,HRH4
tr_03589,synaptonemal complex protein 2,SYCP2
tr_03590,serum amyloid A like 1,SAAL1
tr_03591,inhibitor of DNA binding 4,ID4
tr_03592,keratin associated like protein 29-1,KRTAP29-1
tr_03593,MAS related GPR family member X1,MRGPRX1
tr_03594,zyxin,ZYX
tr_03595,gamma-aminobutyric acid type B receptor subunit 1,GABBR1
tr_03596,ubiquitin specific peptidase 44,USP44
tr_03597,PARN like ribonuclease domain containing exonuclease 1,PNLDC1
tr_03598,zinc finger with KRAB and SCAN domains 2,ZKSCAN2
tr_03599,delta like canonical Notch ligand 3,DLL3
tr_03600,eukaryotic translation initiation factor 1A Y-linked,EIF1AY
tr_03601,inner membrane mitochondrial protein,IMMT
tr_03602,LIM domain only 4,LMO4
tr_03603,complement factor H,CFH
tr_03604,NSE1 component of SMC5/6 complex,NSMCE1
tr_03605,C-X9-C motif containing 1,CMC1
tr_03606,haptoglobin,HP
tr_03607,PDGFA associated protein 1,PDAP1
tr_03608,5-hydroxytryptamine receptor 3E,HTR3E
tr_03609,cyclic nucleotide binding domain containing 1,CNBD1
tr_03610,carboxylesterase 3,CES3
tr_03611,ring finger protein 32,RNF32
tr_03612,proteasome 20S subunit beta 3,PSMB3
tr_03613,suppressor of cytokine signaling 5,SOCS5
tr_03614,T-box transcription factor 15,TBX15
tr_03615,vesicle transport through interaction with t-SNAREs 1B,VTI1B
tr_03616,transmembrane protein 164,TMEM164
tr_03617,lysyl oxidase,LOX
tr_03618,microfibril associated protein 4,MFAP4
tr_03619,DNA replication and sister chromatid cohesion 1,DSCC1
tr_03620,protein kinase AMP-activated non-catalytic subunit gamma 3,PRKAG3
tr_03621,protein tyrosine phosphatase receptor type K,PTPRK
tr_03622,3-oxoacid CoA-transferase 2,OXCT2
tr_03623,angiopoietin like 7,ANGPTL7
tr_03624,synaptosome associated protein 23,SNAP23
tr_03625,large tumor suppressor kinase 2,LATS2
tr_03626,golgin A8 family member G,GOLGA8G
tr_03627,A-kinase anchoring protein 3,AKAP3
tr_03628,potassium voltage-gated channel modifier subfamily V member 2,KCNV2
tr_03629,acyl-CoA synthetase medium chain family member 2A,ACSM2A
tr_03630,argininosuccinate lyase,ASL
tr_03631,solute carrier family 12 member 2,SLC12A2
tr_03632,zinc finger protein 540,ZNF540
tr_03633,thyroid stimulating hormone receptor,TSHR
tr_03634,transmembrane protein 191B,TMEM191B
tr_03635,sodium voltage-gated channel alpha subunit 9,SCN9A
tr_03636,zinc finger protein 26,ZNF26
tr_03637,bone morphogenetic protein 10,BMP10
tr_03638,somatostatin receptor 3,SSTR3
tr_03639,COP9 signalosome subunit 4,COPS4
tr_03640,cyclin D2,CCND2
tr_03641,heat shock protein family A (Hsp70) member 1 like,HSPA1L
tr_03642,baculoviral IAP repeat containing 8,BIRC8
tr_03643,G protein subunit beta 3,GNB3
tr_03644,solute carrier family 25 member 16,SLC25A16
tr_03645,PTEN induced kinase 1,PINK1
tr_03646,mitochondrial ribosomal protein S7,MRPS7
tr_03647,bradykinin receptor B1,BDKRB1
tr_03648,zinc finger protein 688,ZNF688
tr_03649,fatty acid desaturase 1,FADS1
tr_03650,ankyrin repeat domain 10,ANKRD10
tr_03651,potassium channel tetramerization domain containing 10,KCTD10
tr_03652,zinc finger protein 366,ZNF366
tr_03653,kinocilin,KNCN
tr_03654,prostaglandin F2 receptor inhibitor,PTGFRN
tr_03655,late cornified envelope 3B,LCE3B
tr_03656,G antigen 12C,GAGE12C
tr_03657,poly(ADP-ribose) polymerase 1,PARP1
tr_03658,Indian hedgehog signaling molecule,IHH
tr_03659,myosin binding protein H,MYBPH
tr_03660,transcription factor Dp-1,TFDP1
tr_03661,myogenic differentiation 1,MYOD1
tr_03662,family with sequence similarity 47 member E,FAM47E
tr_03663,charged multivesicular body protein 6,CHMP6
tr_03664,glucoside xylosyltransferase 2,GXYLT2
tr_03665,midline 1,MID1
tr_03666,mitochondrial ribosomal protein S25,MRPS25
tr_03667,solute carrier family 37 member 4,SLC37A4
tr_03668,cholinergic receptor nicotinic beta 4 subunit,CHRNB4
tr_03669,ribosomal protein L36,RPL36
tr_03670,dipeptidase 3,DPEP3
tr_03671,cullin 7,CUL7
tr_03672,mitogen-activated protein kinase kinase kinase kinase 3,MAP4K3
tr_03673,DEAD-box helicase 41,DDX41
tr_03674,family with sequence similarity 50 member B,FAM50B
tr_03675,keratin 6A,KRT6A
tr_03676,phospholipase B domain containing 1,PLBD1
tr_03677,triggering receptor expressed on myeloid cells 1,TREM1
tr_03678,transmembrane protein 217,TMEM217
tr_03679,acetylcholinesterase (Yt blood group),ACHE
tr_03680,WAP four-disulfide core domain 10A,WFDC10A
tr_03681,slingshot protein phosphatase 1,SSH1
tr_03682,interleukin 17A,IL17A
tr_03683,HIRA interacting protein 3,HIRIP3
tr_03684,ribosomal protein S16,RPS16
tr_03685,synaptophysin,SYP
tr_03686,coiled-coil-helix-coiled-coil-helix domain containing 6,CHCHD6
tr_03687,transmembrane protein 74,TMEM74
tr_03688,olfactory receptor family 2 subfamily B member 11,OR2B11
tr_03689,four and a half LIM domains 2,FHL2
tr_03690,myosin binding protein H like,MYBPHL
tr_03691,ankyrin repeat and BTB domain containing 1,ABTB1
tr_03692,protein tyrosine phosphatase receptor type J,PTPRJ
tr_03693,kinesin family member 6,KIF6
tr_03694,mitochondrial ribosomal protein L10,MRPL10
tr_03695,neurobeachin,NBEA
tr_03696,SIN3A corepressor complex component SDS3,SUDS3
tr_03697,chromosome 1 open reading frame 159,C1orf159
tr_03698,centrosomal protein 72,CEP72
tr_03699,C2 calcium dependent domain containing 2,C2CD2
tr_03700,astacin like metalloendopeptidase,ASTL
tr_03701,nuclear factor of activated T cells 1,NFATC1
tr_03702,cytochrome P450 family 19 subfamily A member 1,CYP19A1
tr_03703,glucosamine (UDP-N-acetyl)-2-epimerase/N-acetylmannosamine kinase,GNE
tr_03704,ecto-NOX disulfide-thiol exchanger 1,ENOX1
tr_03705,ribonuclease H1,RNASEH1
tr_03706,ecotropic viral integration site 2A,EVI2A
tr_03707,amelogenin Y-linked,AMELY
tr_03708,natriuretic peptide A,NPPA
tr_03709,olfactory receptor family 56 subfamily A member 4,OR56A4
tr_03710,endoplasmic reticulum to nucleus signaling 1,ERN1
tr_03711,component of oligomeric golgi complex 7,COG7
tr_03712,FA complementation group D2,FANCD2
tr_03713,adrenoceptor beta 3,ADRB3
tr_03714,tubulin tyrosine ligase like 7,TTLL7
tr_03715,cathepsin S,CTSS
tr_03716,leucine rich repeat and Ig domain containing 4,LINGO4
tr_03717,integrin subunit beta 1 binding protein 1,ITGB1BP1
tr_03718,solute carrier family 29 member 3,SLC29A3
tr_03719,C-X-C motif chemokine ligand 12,CXCL12
tr_03720,non-SMC condensin II complex subunit H2,NCAPH2
tr_03721,biogenesis of lysosomal organelles complex 1 subunit 2,BLOC1S2
tr_03722,nuclear receptor subfamily 3 group C member 2,NR3C2
tr_03723,UFM1 specific peptidase 2,UFSP2
tr_03724,forkhead box A2,FOXA2
tr_03725,SRY-box transcription factor 18,SOX18
tr_03726,immunoglobulin superfamily DCC subclass member 3,IGDCC3
tr_03727,apolipoprotein C4,APOC4
tr_03728,aldehyde dehydrogenase 3 family member A1,ALDH3A1
tr_03729,protein phosphatase 1 regulatory subunit 16A,PPP1R16A
tr_03730,vesicle associated membrane protein 7,VAMP7
tr_03731,forkhead box O4,FOXO4
tr_03732,small ubiquitin like modifier 2,SUMO2
tr_03733,proline rich 15 like,PRR15L
tr_03734,saitohin,STH
tr_03735,hydroxysteroid 17-beta dehydrogenase 10,HSD17B10
tr_03736,delta like non-canonical Notch ligand 2,DLK2
tr_03737,GTPase activating protein and VPS9 domains 1,GAPVD1
tr_03738,arginine and glutamate rich 1,ARGLU1
tr_03739,transcription elongation factor A like 4,TCEAL4
tr_03740,solute carrier organic anion transporter family member 3A1,SLCO3A1
tr_03741,calpain 13,CAPN13
tr_03742,ring finger protein 170,RNF170
tr_03743,crystallin beta A1,CRYBA1
tr_03744,ankyrin 1,ANK1
tr_03745,CKLF like MARVEL transmembrane domain containing 8,CMTM8
tr_03746,transmembrane protein 64,TMEM64
tr_03747,solute carrier family 6 member 6,SLC6A6
tr_03748,zinc finger protein 213,ZNF213
tr_03749,von Willebrand factor A domain containing 3A,VWA3A
tr_03750,solute carrier family 25 member 41,SLC25A41
tr_03751,goosecoid homeobox,GSC
tr_03752,interferon induced transmembrane protein 5,IFITM5
tr_03753,zinc finger SWIM-type containing 7,ZSWIM7
tr_03754,N-myristoyltransferase 1,NMT1
tr_03755,zinc finger protein 490,ZNF490
tr_03756,hemoglobin subunit gamma 1,HBG1
tr_03757,Cdk5 and Abl enzyme substrate 1,CABLES1
tr_03758,complement C3b/C4b receptor 1 like,CR1L
tr_03759,biogenesis of lysosomal organelles complex 1 subunit 1,BLOC1S1
tr_03760,zinc finger protein 416,ZNF416
tr_03761,leucine rich repeat containing 57,LRRC57
tr_03762,suppressor of IKBKE 1,SIKE1
tr_03763,solute carrier family 44 member 4,SLC44A4
tr_03764,ameloblastin,AMBN
tr_03765,Ras suppressor protein 1,RSU1
tr_03766,NIMA related kinase 8,NEK8
tr_03767,"beta-1,3-glucuronyltransferase 2",B3GAT2
tr_03768,schlafen family member 5,SLFN5
tr_03769,glycoprotein A33,GPA33
tr_03770,mitogen-activated protein kinase kinase kinase 4,MAP3K4
tr_03771,carnitine palmitoyltransferase 1C,CPT1C
tr_03772,lanosterol synthase,LSS
tr_03773,tubulin polymerization promoting protein family member 3,TPPP3
tr_03774,acyl-CoA thioesterase 12,ACOT12
tr_03775,BRCA1 associated deubiquitinase 1,BAP1
tr_03776,lymphocyte antigen 75,LY75
tr_03777,dynein cytoplasmic 1 light intermediate chain 2,DYNC1LI2
tr_03778,potassium two pore domain channel subfamily K member 1,KCNK1
tr_03779,glutamate ionotropic receptor AMPA type subunit 3,GRIA3
tr_03780,relaxin family peptide/INSL5 receptor 4,RXFP4
tr_03781,tubulin tyrosine ligase like 9,TTLL9
tr_03782,serine palmitoyltransferase long chain base subunit 2,SPTLC2
tr_03783,kinesin light chain 4,KLC4
tr_03784,glycosylphosphatidylinositol specific phospholipase D1,GPLD1
tr_03785,olfactory receptor family 8 subfamily D member 4,OR8D4
tr_03786,galactose-3-O-sulfotransferase 1,GAL3ST1
tr_03787,tectorin alpha,TECTA
tr_03788,LIM and cysteine rich domains 1,LMCD1
tr_03789,dynamin 2,DNM2
tr_03790,maestro,MRO
tr_03791,enoyl-CoA hydratase and 3-hydroxyacyl CoA dehydrogenase,EHHADH
tr_03792,chromosome 11 open reading frame 91,C11orf91
tr_03793,coiled-coil domain containing 63,CCDC63
tr_03794,cyclic nucleotide gated channel subunit beta 3,CNGB3
tr_03795,WAP four-disulfide core domain 6,WFDC6
tr_03796,"acid phosphatase 2, lysosomal",ACP2
tr_03797,cytochrome P450 family 2 subfamily S member 1,CYP2S1
tr_03798,paired related homeobox 1,PRRX1
tr_03799,golgin A6 family member A,GOLGA6A
tr_03800,clathrin heavy chain like 1,CLTCL1
tr_03801,"fission, mitochondrial 1",FIS1
tr_03802,zinc finger and BTB domain containing 46,ZBTB46
tr_03803,homeobox A2,HOXA2
tr_03804,tripartite motif containing 7,TRIM7
tr_03805,intersectin 2,ITSN2
tr_03806,ataxin 2,ATXN2
tr_03807,PR/SET domain 8,PRDM8
tr_03808,matrix metallopeptidase 24,MMP24
tr_03809,SRSF protein kinase 2,SRPK2
tr_03810,zinc finger protein 135,ZNF135
tr_03811,platelet and endothelial cell adhesion molecule 1,PECAM1
tr_03812,kinase D interacting substrate 220,KIDINS220
tr_03813,heparan-alpha-glucosaminide N-acetyltransferase,HGSNAT
tr_03814,cell division cycle associated 7,CDCA7
tr_03815,kinesin family member 2B,KIF2B
tr_03816,"ribonucleoprotein, PTB binding 2",RAVER2
tr_03817,cytochrome P450 family 2 subfamily A member 6,CYP2A6
tr_03818,ERI1 exoribonuclease family member 2,ERI2
tr_03819,keratin 79,KRT79
tr_03820,dysferlin,DYSF
tr_03821,basonuclin zinc finger protein 1,BNC1
tr_03822,lysine demethylase 1B,KDM1B
tr_03823,glutamate-cysteine ligase modifier subunit,GCLM
tr_03824,ATPase phospholipid transporting 8B3,ATP8B3
tr_03825,NFKB activating protein,NKAP
tr_03826,homeobox C13,HOXC13
tr_03827,interferon alpha 13,IFNA13
tr_03828,transmembrane protein 97,TMEM97
tr_03829,homeodomain interacting protein kinase 4,HIPK4
tr_03830,ribosomal protein L10a,RPL10A
tr_03831,toll like receptor 5,TLR5
tr_03832,coiled-coil domain containing 146,CCDC146
tr_03833,adrenoceptor alpha 1B,ADRA1B
tr_03834,EF-hand calcium binding domain 8,EFCAB8
tr_03835,speckle type BTB/POZ protein like,SPOPL
tr_03836,cholecystokinin,CCK
tr_03837,defective in cullin neddylation 1 domain containing 3,DCUN1D3
tr_03838,vacuolar protein sorting 4 homolog A,VPS4A
tr_03839,mannosidase alpha class 1B member 1,MAN1B1
tr_03840,G protein-coupled receptor 150,GPR150
tr_03841,cytochrome b-245 beta chain,CYBB
tr_03842,coiled-coil domain containing 144A,CCDC144A
tr_03843,Nedd4 family interacting protein 2,NDFIP2
tr_03844,guanylate cyclase activator 1B,GUCA1B
tr_03845,transmembrane 4 L six family member 18,TM4SF18
tr_03846,regulatory factor X2,RFX2
tr_03847,solute carrier family 30 member 1,SLC30A1
tr_03848,mitochondrial ribosomal protein L11,MRPL11
tr_03849,olfactory receptor family 52 subfamily W member 1,OR52W1
tr_03850,thiamine triphosphatase,THTPA
tr_03851,claudin 7,CLDN7
tr_03852,transforming growth factor beta 2,TGFB2
tr_03853,aldo-keto reductase family 1 member E2,AKR1E2
tr_03854,fibroblast growth factor 22,FGF22
tr_03855,stomatin like 3,STOML3
tr_03856,glutamic--pyruvic transaminase,GPT
tr_03857,G protein-coupled receptor 139,GPR139
tr_03858,lysine acetyltransferase 2B,KAT2B
tr_03859,nucleoporin 54,NUP54
tr_03860,arginine vasopressin,AVP
tr_03861,homeobox B9,HOXB9
tr_03862,dyskerin pseudouridine synthase 1,DKC1
tr_03863,copine 4,CPNE4
tr_03864,tetratricopeptide repeat domain 28,TTC28
tr_03865,potassium voltage-gated channel subfamily A regulatory beta subunit 3,KCNAB3
tr_03866,calpain 6,CAPN6
tr_03867,zinc finger protein 626,ZNF626
tr_03868,insulin like growth factor binding protein 7,IGFBP7
tr_03869,claudin 10,CLDN10
tr_03870,solute carrier family 22 member 12,SLC22A12
tr_03871,radixin,RDX
tr_03872,olfactory receptor family 2 subfamily T member 33,OR2T33
tr_03873,establishment of sister chromatid cohesion N-acetyltransferase 1,ESCO1
tr_03874,"dolichyl-phosphate mannosyltransferase subunit 1, catalytic",DPM1
tr_03875,chromosome 19 open reading frame 18,C19orf18
tr_03876,trefoil factor 3,TFF3
tr_03877,nudix hydrolase 6,NUDT6
tr_03878,zinc finger protein 304,ZNF304
tr_03879,regulating synaptic membrane exocytosis 2,RIMS2
tr_03880,F-box and WD repeat domain containing 12,FBXW12
tr_03881,receptor activity modifying protein 3,RAMP3
tr_03882,F-box and leucine rich repeat protein 15,FBXL15
tr_03883,glycine-N-acyltransferase like 1,GLYATL1
tr_03884,receptor interacting serine/threonine kinase 3,RIPK3
tr_03885,"5-oxoprolinase, ATP-hydrolysing",OPLAH
tr_03886,G protein-coupled receptor 173,GPR173
tr_03887,sirtuin 3,SIRT3
tr_03888,regulator of G protein signaling 7,RGS7
tr_03889,"ArfGAP with GTPase domain, ankyrin repeat and PH domain 4",AGAP4
tr_03890,5-hydroxytryptamine receptor 3C,HTR3C
tr_03891,aldehyde dehydrogenase 9 family member A1,ALDH9A1
tr_03892,oxytocin/neurophysin I prepropeptide,OXT
tr_03893,epidermal growth factor receptor pathway substrate 15,EPS15
tr_03894,"methyltransferase 4, N6-adenosine",METTL4
tr_03895,aquaporin 12A,AQP12A
tr_03896,cylicin 2,CYLC2
tr_03897,interferon gamma,IFNG
tr_03898,hemoglobin subunit delta,HBD
tr_03899,cell growth regulator with ring finger domain 1,CGRRF1
tr_03900,leucine rich repeat containing 8 VRAC subunit B,LRRC8B
tr_03901,zinc finger protein 705A,ZNF705A
tr_03902,drebrin 1,DBN1
tr_03903,zinc finger and BTB domain containing 17,ZBTB17
tr_03904,replication factor C subunit 4,RFC4
tr_03905,zinc finger protein 624,ZNF624
tr_03906,tudor domain containing 12,TDRD12
tr_03907,olfactory receptor family 8 subfamily U member 9,OR8U9
tr_03908,pericentriolar material 1,PCM1
tr_03909,C-X-C motif chemokine ligand 1,CXCL1
tr_03910,transmembrane protein 62,TMEM62
tr_03911,lens epithelial protein,LENEP
tr_03912,zinc finger protein 630,ZNF630
tr_03913,phospholipase C epsilon 1,PLCE1
tr_03914,zinc finger protein 599,ZNF599
tr_03915,gap junction protein delta 2,GJD2
tr_03916,sterile alpha motif domain containing 14,SAMD14
tr_03917,flap structure-specific endonuclease 1,FEN1
tr_03918,oocyte expressed protein,OOEP
tr_03919,neurotrophic receptor tyrosine kinase 1,NTRK1
tr_03920,SH2 domain containing adaptor protein B,SHB
tr_03921,"beta-1,3-galactosyltransferase 2",B3GALT2
tr_03922,plakophilin 4,PKP4
tr_03923,F-box protein 16,FBXO16
tr_03924,lemur tyrosine kinase 2,LMTK2
tr_03925,cellular repressor of E1A stimulated genes 2,CREG2
tr_03926,Rho GTPase activating protein 6,ARHGAP6
tr_03927,coagulation factor XII,F12
tr_03928,vitelline membrane outer layer 1 homolog,VMO1
tr_03929,zinc finger protein 784,ZNF784
tr_03930,ankyrin repeat domain 55,ANKRD55
tr_03931,syncollin,SYCN
tr_03932,hemoglobin subunit mu,HBM
tr_03933,mixed lineage kinase domain like pseudokinase,MLKL
tr_03934,BRCA1/BRCA2-containing complex subunit 3,BRCC3
tr_03935,retinoic acid induced 2,RAI2
tr_03936,eukaryotic translation initiation factor 3 subunit K,EIF3K
tr_03937,uroplakin 1B,UPK1B
tr_03938,olfactory receptor family 4 subfamily D member 5,OR4D5
tr_03939,plexin C1,PLXNC1
tr_03940,C-X-C motif chemokine ligand 9,CXCL9
tr_03941,citrate synthase,CS
tr_03942,neurexin 3,NRXN3
tr_03943,"leucine rich repeat, Ig-like and transmembrane domains 1",LRIT1
tr_03944,"UDP-GlcNAc:betaGal beta-1,3-N-acetylglucosaminyltransferase 9",B3GNT9
tr_03945,zinc finger and BTB domain containing 33,ZBTB33
tr_03946,myozenin 1,MYOZ1
tr_03947,ring finger protein 144B,RNF144B
tr_03948,phosphoserine aminotransferase 1,PSAT1
tr_03949,synapse defective Rho GTPase homolog 2,SYDE2
tr_03950,sperm associated antigen 17,SPAG17
tr_03951,sulfotransferase family 1B member 1,SULT1B1
tr_03952,matrix metallopeptidase 19,MMP19
tr_03953,leucine rich repeat containing 20,LRRC20
tr_03954,asparagine synthetase domain containing 1,ASNSD1
tr_03955,cysteinyl leukotriene receptor 1,CYSLTR1
tr_03956,leucine rich repeat containing 30,LRRC30
tr_03957,nucleolar complex associated 4 homolog,NOC4L
tr_03958,zinc finger AN1-type containing 2B,ZFAND2B
tr_03959,Fer3 like bHLH transcription factor,FERD3L
tr_03960,"extra spindle pole bodies like 1, separase",ESPL1
tr_03961,aspartate beta-hydroxylase domain containing 2,ASPHD2
tr_03962,formimidoyltransferase cyclodeaminase,FTCD
tr_03963,GDP dissociation inhibitor 2,GDI2
tr_03964,zinc finger protein 10,ZNF10
tr_03965,protein phosphatase 2 scaffold subunit Aalpha,PPP2R1A
tr_03966,mesoderm specific transcript,MEST
tr_03967,potassium two pore domain channel subfamily K member 18,KCNK18
tr_03968,ribosomal protein lateral stalk subunit P2,RPLP2
tr_03969,neuromedin U,NMU
tr_03970,lysine demethylase 5B,KDM5B
tr_03971,synapse defective Rho GTPase activating protein 1,SYDE1
tr_03972,glutamine and serine rich 1,QSER1
tr_03973,phosphoinositide-3-kinase interacting protein 1,PIK3IP1
tr_03974,translocase of outer mitochondrial membrane 22,TOMM22
tr_03975,alkylglycerone phosphate synthase,AGPS
tr_03976,cyclase associated actin cytoskeleton regulatory protein 2,CAP2
tr_03977,tetratricopeptide repeat domain 33,TTC33
tr_03978,Smad nuclear interacting protein 1,SNIP1
tr_03979,taste 2 receptor member 20,TAS2R20
tr_03980,DDB1 and CUL4 associated factor 17,DCAF17
tr_03981,"GTPase, IMAP family member 1",GIMAP1
tr_03982,copine 3,CPNE3
tr_03983,activity dependent neuroprotector homeobox,ADNP
tr_03984,chondroadherin,CHAD
tr_03985,piwi like RNA-mediated gene silencing 2,PIWIL2
tr_03986,adrenoceptor alpha 1D,ADRA1D
tr_03987,glutamate ionotropic receptor kainate type subunit 4,GRIK4
tr_03988,G protein-coupled receptor 62,GPR62
tr_03989,ring finger protein 115,RNF115
tr_03990,C-type lectin domain family 1 member A,CLEC1A
tr_03991,peroxiredoxin 3,PRDX3
tr_03992,neuritin 1 like,NRN1L
tr_03993,ubiquitin conjugating enzyme E2 O,UBE2O
tr_03994,testis expressed 12,TEX12
tr_03995,interleukin 15 receptor subunit alpha,IL15RA
tr_03996,replication factor C subunit 3,RFC3
tr_03997,phospholipase A2 group IVE,PLA2G4E
tr_03998,von Willebrand factor,VWF
tr_03999,cyclin dependent kinase 18,CDK18
tr_04000,retinaldehyde binding protein 1,RLBP1
tr_04001,stress induced phosphoprotein 1,STIP1
tr_04002,APOBEC1 complementation factor,A1CF
tr_04003,bridging integrator 2,BIN2
tr_04004,dentin sialophosphoprotein,DSPP
tr_04005,NADH:ubiquinone oxidoreductase subunit B8,NDUFB8
tr_04006,C-type lectin domain containing 17A,CLEC17A
tr_04007,ubiquitin specific peptidase 47,USP47
tr_04008,lymphatic vessel endothelial hyaluronan receptor 1,LYVE1
tr_04009,anti-silencing function 1A histone chaperone,ASF1A
tr_04010,remodeling and spacing factor 1,RSF1
tr_04011,leukocyte immunoglobulin like receptor A1,LILRA1
tr_04012,tripartite motif containing 63,TRIM63
tr_04013,"microtubule associated monooxygenase, calponin and LIM domain containing 3",MICAL3
tr_04014,"ArfGAP with GTPase domain, ankyrin repeat and PH domain 1",AGAP1
tr_04015,mannosidase endo-alpha like,MANEAL
tr_04016,regulator of ribosome synthesis 1,RRS1
tr_04017,LIM domain only 2,LMO2
tr_04018,PR/SET domain 4,PRDM4
tr_04019,olfactory receptor family 52 subfamily N member 1,OR52N1
tr_04020,transcriptional adaptor 2A,TADA2A
tr_04021,thioredoxin domain containing 5,TXNDC5
tr_04022,potassium channel modulatory factor 1,KCMF1
tr_04023,chromodomain Y-linked 1,CDY1
tr_04024,complexin 3,CPLX3
tr_04025,PHD finger protein 13,PHF13
tr_04026,succinate dehydrogenase complex subunit C,SDHC
tr_04027,sprouty related EVH1 domain containing 3,SPRED3
tr_04028,ribosomal protein L6,RPL6
tr_04029,Lck interacting transmembrane adaptor 1,LIME1
tr_04030,thiosulfate sulfurtransferase,TST
tr_04031,UV radiation resistance associated,UVRAG
tr_04032,synapsin III,SYN3
tr_04033,caspase recruitment domain family member 6,CARD6
tr_04034,Rho guanine nucleotide exchange factor 12,ARHGEF12
tr_04035,muscleblind like splicing regulator 3,MBNL3
tr_04036,zinc finger protein 671,ZNF671
tr_04037,ubiquitin like modifier activating enzyme 6,UBA6
tr_04038,ribonuclease P/MRP subunit p30,RPP30
tr_04039,family with sequence similarity 24 member B,FAM24B
tr_04040,zinc finger protein 468,ZNF468
tr_04041,apolipoprotein D,APOD
tr_04042,acetyl-CoA acetyltransferase 1,ACAT1
tr_04043,"indoleamine 2,3-dioxygenase 2",IDO2
tr_04044,fucosyltransferase 8,FUT8
tr_04045,tripartite motif family like 2,TRIML2
tr_04046,AT-hook DNA binding motif containing 1,AHDC1
tr_04047,tripartite motif containing 56,TRIM56
tr_04048,atonal bHLH transcription factor 1,ATOH1
tr_04049,mitochondrial rRNA methyltransferase 1,MRM1
tr_04050,apolipoprotein A4,APOA4
tr_04051,hydroxypyruvate isomerase (putative),HYI
tr_04052,hydroxyacyl-CoA dehydrogenase trifunctional multienzyme complex subunit alpha,HADHA
tr_04053,"killer cell immunoglobulin like receptor, three Ig domains and long cytoplasmic tail 1",KIR3DL1
tr_04054,inositol-3-phosphate synthase 1,ISYNA1
tr_04055,kelch like family member 10,KLHL10
tr_04056,ubiquitin conjugating enzyme E2 Q2,UBE2Q2
tr_04057,dishevelled associated activator of morphogenesis 2,DAAM2
tr_04058,olfactory receptor family 6 subfamily B member 2,OR6B2
tr_04059,PLAG1 like zinc finger 1,PLAGL1
tr_04060,retinoic acid induced 1,RAI1
tr_04061,zinc finger homeobox 2,ZFHX2
tr_04062,"aldolase, fructose-bisphosphate A",ALDOA
tr_04063,gap junction protein alpha 5,GJA5
tr_04064,estrogen receptor binding site associated antigen 9,EBAG9
tr_04065,mediator complex subunit 18,MED18
tr_04066,ring finger protein 208,RNF208
tr_04067,gamma-glutamyl carboxylase,GGCX
tr_04068,zinc finger CCCH-type containing 7A,ZC3H7A
tr_04069,protein O-fucosyltransferase 1,POFUT1
tr_04070,ARF like GTPase 5C,ARL5C
tr_04071,aggrecan,ACAN
tr_04072,transcription elongation regulator 1 like,TCERG1L
tr_04073,dual serine/threonine and tyrosine protein kinase,DSTYK
tr_04074,transmembrane protein 171,TMEM171
tr_04075,aldehyde dehydrogenase 3 family member A2,ALDH3A2
tr_04076,coiled-coil domain containing 14,CCDC14
tr_04077,adaptor related protein complex 4 subunit epsilon 1,AP4E1
tr_04078,3-hydroxybutyrate dehydrogenase 1,BDH1
tr_04079,"interacts with SUPT6H, CTD assembly factor 1",IWS1
tr_04080,nebulin,NEB
tr_04081,FA complementation group M,FANCM
tr_04082,cementum protein 1,CEMP1
tr_04083,phosphatidylinositol glycan anchor biosynthesis class B,PIGB
tr_04084,tight junction protein 3,TJP3
tr_04085,palmitoyl-protein thioesterase 2,PPT2
tr_04086,heat shock protein family A (Hsp70) member 8,HSPA8
tr_04087,myosin light chain 3,MYL3
tr_04088,"carboxypeptidase X, M14 family member 1",CPXM1
tr_04089,mitochondrial ribosomal protein S9,MRPS9
tr_04090,frizzled class receptor 4,FZD4
tr_04091,"spectrin beta, erythrocytic",SPTB
tr_04092,leukocyte immunoglobulin like receptor A6,LILRA6
tr_04093,cholinergic receptor nicotinic alpha 9 subunit,CHRNA9
tr_04094,inhibitor of DNA binding 3,ID3
tr_04095,transmembrane protein 61,TMEM61
tr_04096,sperm acrosome associated 1,SPACA1
tr_04097,isochorismatase domain containing 2,ISOC2
tr_04098,splicing factor 3a subunit 1,SF3A1
tr_04099,mitochondrial ribosomal protein L30,MRPL30
tr_04100,signal transducing adaptor family member 1,STAP1
tr_04101,F-box protein 38,FBXO38
tr_04102,C-type lectin domain containing 10A,CLEC10A
tr_04103,neuroepithelial cell transforming 1,NET1
tr_04104,tectonin beta-propeller repeat containing 2,TECPR2
tr_04105,proline rich 18,PRR18
tr_04106,protein kinase cAMP-activated catalytic subunit gamma,PRKACG
tr_04107,src-related kinase lacking C-terminal regulatory tyrosine and N-terminal myristylation sites,SRMS
tr_04108,transmembrane protein 37,TMEM37
tr_04109,laminin subunit alpha 2,LAMA2
tr_04110,glycolipid transfer protein domain containing 2,GLTPD2
tr_04111,G antigen 2C,GAGE2C
tr_04112,DDB1 and CUL4 associated factor 6,DCAF6
tr_04113,double C2 domain alpha,DOC2A
tr_04114,claudin 6,CLDN6
tr_04115,fucosyltransferase 9,FUT9
tr_04116,cysteine and glycine rich protein 3,CSRP3
tr_04117,neuroplastin,NPTN
tr_04118,family with sequence similarity 174 member A,FAM174A
tr_04119,aldo-keto reductase family 1 member B15,AKR1B15
tr_04120,cystatin F,CST7
tr_04121,sodium voltage-gated channel alpha subunit 7,SCN7A
tr_04122,calneuron 1,CALN1
tr_04123,gigaxonin,GAN
tr_04124,NK6 homeobox 1,NKX6-1
tr_04125,mitochondrial ribosomal protein S18B,MRPS18B
tr_04126,ventricular zone expressed PH domain containing 1,VEPH1
tr_04127,transmembrane protein 223,TMEM223
tr_04128,Ras related GTP binding D,RRAGD
tr_04129,solute carrier family 33 member 1,SLC33A1
tr_04130,testis specific 13,TSGA13
tr_04131,major facilitator superfamily domain containing 6,MFSD6
tr_04132,transforming growth factor beta 1,TGFB1
tr_04133,SWI/SNF related BAF chromatin remodeling complex subunit D3,SMARCD3
tr_04134,cyclin dependent kinase 6,CDK6
tr_04135,leukocyte immunoglobulin like receptor A4,LILRA4
tr_04136,apoptosis associated tyrosine kinase,AATK
tr_04137,Rac/Cdc42 guanine nucleotide exchange factor 6,ARHGEF6
tr_04138,centrosomal protein 63,CEP63
tr_04139,zinc finger protein 514,ZNF514
tr_04140,5-methyltetrahydrofolate-homocysteine methyltransferase,MTR
tr_04141,radial spoke head component 4A,RSPH4A
tr_04142,cystatin SA,CST2
tr_04143,calcium binding protein 7,CABP7
tr_04144,5-hydroxytryptamine receptor 7,HTR7
tr_04145,period circadian regulator 3,PER3
tr_04146,folliculogenesis specific bHLH transcription factor,FIGLA
tr_04147,piggyBac transposable element derived 3,PGBD3
tr_04148,"phosphoribosylglycinamide formyltransferase, phosphoribosylglycinamide synthetase, phosphoribosylaminoimidazole synthetase",GART
tr_04149,olfactory receptor family 51 subfamily B member 2,OR51B2
tr_04150,nuclear factor I A,NFIA
tr_04151,"acyl-CoA oxidase 3, pristanoyl",ACOX3
tr_04152,trace amine associated receptor 1,TAAR1
tr_04153,GS homeobox 1,GSX1
tr_04154,monooxygenase DBH like 1,MOXD1
tr_04155,transmembrane inner ear,TMIE
tr_04156,zinc finger protein 334,ZNF334
tr_04157,dipeptidyl peptidase 4,DPP4
tr_04158,orthodenticle homeobox 2,OTX2
tr_04159,ring finger protein 38,RNF38
tr_04160,dynein axonemal heavy chain 12,DNAH12
tr_04161,malate dehydrogenase 1B,MDH1B
tr_04162,integrin subunit alpha 6,ITGA6
tr_04163,two pore segment channel 1,TPCN1
tr_04164,mannosidase endo-alpha,MANEA
tr_04165,multiple EGF like domains 11,MEGF11
tr_04166,lysozyme,LYZ
tr_04167,RALBP1 associated Eps domain containing 1,REPS1
tr_04168,inhibitor of growth family member 4,ING4
tr_04169,glucoside xylosyltransferase 1,GXYLT1
tr_04170,cutaneous T cell lymphoma-associated antigen 1,CTAGE1
tr_04171,adenylate cyclase 8,ADCY8
tr_04172,transmembrane protein 114,TMEM114
tr_04173,chromodomain Y like,CDYL
tr_04174,PTPN13 like Y-linked 2,PRY2
tr_04175,"SUMO peptidase family member, NEDD8 specific",SENP8
tr_04176,poly(ADP-ribose) polymerase 2,PARP2
tr_04177,olfactory receptor family 2 subfamily T member 2,OR2T2
tr_04178,CDGSH iron sulfur domain 2,CISD2
tr_04179,zinc finger protein 395,ZNF395
tr_04180,receptor activity modifying protein 1,RAMP1
tr_04181,keratin 24,KRT24
tr_04182,coagulation factor VII,F7
tr_04183,diacylglycerol lipase alpha,DAGLA
tr_04184,transmembrane protein 167A,TMEM167A
tr_04185,aspartoacylase,ASPA
tr_04186,nucleus accumbens associated 1,NACC1
tr_04187,olfactory receptor family 4 subfamily M member 2,OR4M2
tr_04188,chromodomain helicase DNA binding protein 3,CHD3
tr_04189,synaptic vesicle glycoprotein 2A,SV2A
tr_04190,zinc finger protein 33B,ZNF33B
tr_04191,zinc finger protein 518A,ZNF518A
tr_04192,sprouty RTK signaling antagonist 4,SPRY4
tr_04193,guanylate cyclase activator 1C,GUCA1C
tr_04194,sorting nexin family member 30,SNX30
tr_04195,neuropeptide Y receptor Y2,NPY2R
tr_04196,testis specific 10,TSGA10
tr_04197,purinergic receptor P2Y14,P2RY14
tr_04198,coiled-coil domain containing 127,CCDC127
tr_04199,villin like,VILL
tr_04200,zinc finger BED-type containing 5,ZBED5
tr_04201,oligodendrocyte transcription factor 1,OLIG1
tr_04202,tetratricopeptide repeat domain 34,TTC34
tr_04203,thyroid peroxidase,TPO
tr_04204,enolase-phosphatase 1,ENOPH1
tr_04205,glutathione S-transferase mu 4,GSTM4
tr_04206,cytochrome P450 family 2 subfamily E member 1,CYP2E1
tr_04207,intraflagellar transport 80,IFT80
tr_04208,calcium voltage-gated channel subunit alpha1 B,CACNA1B
tr_04209,cytochrome P450 family 11 subfamily A member 1,CYP11A1
tr_04210,enolase 3,ENO3
tr_04211,F-box protein 25,FBXO25
tr_04212,defensin alpha 6,DEFA6
tr_04213,slingshot protein phosphatase 3,SSH3
tr_04214,SH3 domain binding kinase 1,SBK1
tr_04215,myotubularin related protein 9,MTMR9
tr_04216,small proline rich protein 2G,SPRR2G
tr_04217,zinc finger protein 195,ZNF195
tr_04218,mediator complex subunit 13,MED13
tr_04219,zinc finger protein 74,ZNF74
tr_04220,solute carrier family 10 member 1,SLC10A1
tr_04221,lactamase beta,LACTB
tr_04222,homeobox B4,HOXB4
tr_04223,defensin beta 105B,DEFB105B
tr_04224,exophilin 5,EXPH5
tr_04225,"mago homolog B, exon junction complex subunit",MAGOHB
tr_04226,X-C motif chemokine ligand 1,XCL1
tr_04227,protein-L-isoaspartate (D-aspartate) O-methyltransferase,PCMT1
tr_04228,ankyrin repeat domain 11,ANKRD11
tr_04229,NADPH oxidase organizer 1,NOXO1
tr_04230,noggin,NOG
tr_04231,zinc finger protein 208,ZNF208
tr_04232,colony stimulating factor 2 receptor subunit alpha,CSF2RA
tr_04233,solute carrier family 15 member 2,SLC15A2
tr_04234,transient receptor potential cation channel subfamily M member 3,TRPM3
tr_04235,transient receptor potential cation channel subfamily M member 8,TRPM8
tr_04236,EF-hand domain family member B,EFHB
tr_04237,adaptor related protein complex 1 subunit sigma 2,AP1S2
tr_04238,platelet derived growth factor D,PDGFD
tr_04239,quiescin sulfhydryl oxidase 1,QSOX1
tr_04240,ubiquinol-cytochrome c reductase complex III subunit VII,UQCRQ
tr_04241,cullin 2,CUL2
tr_04242,aldo-keto reductase family 7 like (gene/pseudogene),AKR7L
tr_04243,regenerating family member 1 alpha,REG1A
tr_04244,trinucleotide repeat containing adaptor 6B,TNRC6B
tr_04245,zinc finger protein 20,ZNF20
tr_04246,olfactory receptor family 2 subfamily F member 1,OR2F1
tr_04247,RANBP2 like and GRIP domain containing 2,RGPD2
tr_04248,lysophosphatidylcholine acyltransferase 3,LPCAT3
tr_04249,aldehyde dehydrogenase 1 family member L2,ALDH1L2
tr_04250,heterogeneous nuclear ribonucleoprotein H2,HNRNPH2
tr_04251,phosphoribosylaminoimidazole carboxylase and phosphoribosylaminoimidazolesuccinocarboxamide synthase,PAICS
tr_04252,stathmin 1,STMN1
tr_04253,synaptonemal complex central element protein 1,SYCE1
tr_04254,non-SMC condensin II complex subunit G2,NCAPG2
tr_04255,transmembrane protein 175,TMEM175
tr_04256,myeloperoxidase,MPO
tr_04257,olfactory receptor family 52 subfamily I member 2,OR52I2
tr_04258,crystallin zeta,CRYZ
tr_04259,zinc and ring finger 4,ZNRF4
tr_04260,"sushi, von Willebrand factor type A, EGF and pentraxin domain containing 1",SVEP1
tr_04261,mevalonate diphosphate decarboxylase,MVD
tr_04262,cholecystokinin B receptor,CCKBR
tr_04263,endoglin,ENG
tr_04264,family with sequence similarity 32 member A,FAM32A
tr_04265,DNA nucleotidylexotransferase,DNTT
tr_04266,hyperpolarization activated cyclic nucleotide gated potassium channel 4,HCN4
tr_04267,heat shock protein family A (Hsp70) member 9,HSPA9
tr_04268,WD repeat domain 1,WDR1
tr_04269,zinc finger protein 558,ZNF558
tr_04270,coagulation factor XIII B chain,F13B
tr_04271,LIM homeobox 6,LHX6
tr_04272,clathrin heavy chain,CLTC
tr_04273,zinc finger protein 454,ZNF454
tr_04274,"ubiquinol-cytochrome c reductase, Rieske iron-sulfur polypeptide 1",UQCRFS1
tr_04275,family with sequence similarity 181 member A,FAM181A
tr_04276,galectin 13,LGALS13
tr_04277,trafficking protein particle complex subunit 6A,TRAPPC6A
tr_04278,DEAD-box helicase 25,DDX25
tr_04279,adaptor related protein complex 2 subunit alpha 2,AP2A2
tr_04280,retinol dehydrogenase 11,RDH11
tr_04281,SEC14 and spectrin domain containing 1,SESTD1
tr_04282,myotubularin related protein 1,MTMR1
tr_04283,SRY-box transcription factor 17,SOX17
tr_04284,zinc finger protein 112,ZNF112
tr_04285,nicotinamide nucleotide adenylyltransferase 3,NMNAT3
tr_04286,G protein-coupled receptor 4,GPR4
tr_04287,matrix metallopeptidase 7,MMP7
tr_04288,coiled-coil-helix-coiled-coil-helix domain containing 3,CHCHD3
tr_04289,sorting nexin 4,SNX4
tr_04290,gap junction protein gamma 2,GJC2
tr_04291,glycogen phosphorylase B,PYGB
tr_04292,hydroxysteroid 11-beta dehydrogenase 1 like,HSD11B1L
tr_04293,"troponin I3, cardiac type",TNNI3
tr_04294,unc-51 like kinase 3,ULK3
tr_04295,tetratricopeptide repeat domain 13,TTC13
tr_04296,zinc finger protein 165,ZNF165
tr_04297,"La ribonucleoprotein 7, transcriptional regulator",LARP7
tr_04298,interferon alpha 1,IFNA1
tr_04299,"DNA polymerase epsilon 3, accessory subunit",POLE3
tr_04300,"nuclear distribution C, dynein complex regulator",NUDC
tr_04301,RNA binding motif protein 19,RBM19
tr_04302,solute carrier family 7 member 1,SLC7A1
tr_04303,carbonic anhydrase 2,CA2
tr_04304,"polycystin 2 like 1, transient receptor potential cation channel",PKD2L1
tr_04305,cathepsin D,CTSD
tr_04306,small EDRK-rich factor 1A,SERF1A
tr_04307,family with sequence similarity 186 member A,FAM186A
tr_04308,tudor domain containing 5,TDRD5
tr_04309,pyridine nucleotide-disulphide oxidoreductase domain 1,PYROXD1
tr_04310,Fc gamma receptor IIc (gene/pseudogene),FCGR2C
tr_04311,espin like,ESPNL
tr_04312,amylase alpha 2B,AMY2B
tr_04313,G protein-coupled receptor 85,GPR85
tr_04314,WAP four-disulfide core domain 5,WFDC5
tr_04315,myosin ID,MYO1D
tr_04316,zinc finger protein 442,ZNF442
tr_04317,gamma-aminobutyric acid type A receptor subunit beta3,GABRB3
tr_04318,tetratricopeptide repeat domain 23 like,TTC23L
tr_04319,"FERM, ARH/RhoGEF and pleckstrin domain protein 2",FARP2
tr_04320,zinc finger protein 511,ZNF511
tr_04321,keratin 8,KRT8
tr_04322,NK2 homeobox 8,NKX2-8
tr_04323,claudin 22,CLDN22
tr_04324,PHD finger protein 20,PHF20
tr_04325,mono-ADP ribosylhydrolase 2,MACROD2
tr_04326,serpin family F member 2,SERPINF2
tr_04327,amyloid beta precursor like protein 1,APLP1
tr_04328,chromodomain Y-linked 2B,CDY2B
tr_04329,actin binding Rho activating protein,ABRA
tr_04330,Rh blood group D antigen,RHD
tr_04331,"zinc finger protein 598, E3 ubiquitin ligase",ZNF598
tr_04332,kelch like family member 2,KLHL2
tr_04333,baculoviral IAP repeat containing 7,BIRC7
tr_04334,family with sequence similarity 117 member A,FAM117A
tr_04335,protein interacting with cyclin A1,PROCA1
tr_04336,chromosome 4 open reading frame 33,C4orf33
tr_04337,filamin B,FLNB
tr_04338,solute carrier family 22 member 2,SLC22A2
tr_04339,insulin like growth factor binding protein 5,IGFBP5
tr_04340,interleukin 1 receptor type 2,IL1R2
tr_04341,colony stimulating factor 2 receptor subunit beta,CSF2RB
tr_04342,G protein-coupled receptor 135,GPR135
tr_04343,ATPase H+ transporting V1 subunit E1,ATP6V1E1
tr_04344,syntaxin 1B,STX1B
tr_04345,TATA-box binding protein associated factor 8,TAF8
tr_04346,testis expressed 2,TEX2
tr_04347,AU RNA binding methylglutaconyl-CoA hydratase,AUH
tr_04348,microtubule associated protein RP/EB family member 3,MAPRE3
tr_04349,achaete-scute family bHLH transcription factor 2,ASCL2
tr_04350,gamma-aminobutyric acid type A receptor subunit rho1,GABRR1
tr_04351,aldehyde dehydrogenase 4 family member A1,ALDH4A1
tr_04352,olfactory receptor family 4 subfamily L member 1,OR4L1
tr_04353,FERM domain containing 7,FRMD7
tr_04354,interleukin 1 beta,IL1B
tr_04355,crystallin alpha B,CRYAB
tr_04356,zinc finger protein 335,ZNF335
tr_04357,cyclic nucleotide gated channel subunit alpha 4,CNGA4
tr_04358,protein phosphatase 1 catalytic subunit alpha,PPP1CA
tr_04359,ankyrin repeat and FYVE domain containing 1,ANKFY1
tr_04360,insulin like growth factor binding protein 3,IGFBP3
tr_04361,chromosome 5 open reading frame 46,C5orf46
tr_04362,neurofilament heavy chain,NEFH
tr_04363,actin beta,ACTB
tr_04364,nestin,NES
tr_04365,embryonic ectoderm development,EED
tr_04366,interferon regulatory factor 2 binding protein 1,IRF2BP1
tr_04367,transcription factor 7 like 2,TCF7L2
tr_04368,CHRNA7 (exons 5-10) and FAM7A (exons A-E) fusion,CHRFAM7A
tr_04369,lactase,LCT
tr_04370,glycophorin C (Gerbich blood group),GYPC
tr_04371,immediate early response 2,IER2
tr_04372,nth like DNA glycosylase 1,NTHL1
tr_04373,G protein-coupled receptor 18,GPR18
tr_04374,CUB domain containing protein 2,CDCP2
tr_04375,cell adhesion molecule L1 like,CHL1
tr_04376,kelch like family member 36,KLHL36
tr_04377,aldo-keto reductase family 1 member C1,AKR1C1
tr_04378,apolipoprotein C1,APOC1
tr_04379,protocadherin 1,PCDH1
tr_04380,N-acetyltransferase 2,NAT2
tr_04381,PR/SET domain 2,PRDM2
tr_04382,collectin subfamily member 11,COLEC11
tr_04383,olfactory receptor family 4 subfamily C member 12,OR4C12
tr_04384,sideroflexin 4,SFXN4
tr_04385,protein phosphatase 1 regulatory subunit 9B,PPP1R9B
tr_04386,myotubularin related protein 14,MTMR14
tr_04387,archaelysin family metallopeptidase 1,AMZ1
tr_04388,zinc finger FYVE-type containing 21,ZFYVE21
tr_04389,olfactory receptor family 5 subfamily AR member 1,OR5AR1
tr_04390,T cell leukemia translocation altered,TCTA
tr_04391,ribosomal protein S10,RPS10
tr_04392,translin associated factor X interacting protein 1,TSNAXIP1
tr_04393,ankyrin repeat domain 9,ANKRD9
tr_04394,G protein-coupled receptor 35,GPR35
tr_04395,zinc finger protein 16,ZNF16
tr_04396,neurofilament medium chain,NEFM
tr_04397,arginine-fifty homeobox,ARGFX
tr_04398,menin 1,MEN1
tr_04399,gliomedin,GLDN
tr_04400,G protein-coupled receptor 12,GPR12
tr_04401,transmembrane O-mannosyltransferase targeting cadherins 4,TMTC4
tr_04402,nuclear receptor subfamily 1 group H member 2,NR1H2
tr_04403,sidekick cell adhesion molecule 2,SDK2
tr_04404,"mucin 13, cell surface associated",MUC13
tr_04405,poly(A) binding protein interacting protein 1,PAIP1
tr_04406,dipeptidyl peptidase like 10,DPP10
tr_04407,calcium voltage-gated channel subunit alpha1 F,CACNA1F
tr_04408,tetratricopeptide repeat domain 21B,TTC21B
tr_04409,mannosidase alpha class 1C member 1,MAN1C1
tr_04410,docking protein 7,DOK7
tr_04411,DEAD-box helicase 49,DDX49
tr_04412,tripartite motif containing 69,TRIM69
tr_04413,eukaryotic translation initiation factor 3 subunit C,EIF3C
tr_04414,CUB and Sushi multiple domains 3,CSMD3
tr_04415,odd-skipped related transciption factor 2,OSR2
tr_04416,homeobox D8,HOXD8
tr_04417,cyclin dependent kinase 2 associated protein 2,CDK2AP2
tr_04418,ventral anterior homeobox 1,VAX1
tr_04419,matrix remodeling associated 7,MXRA7
tr_04420,DNA polymerase lambda,POLL
tr_04421,glutamate metabotropic receptor 2,GRM2
tr_04422,intraflagellar transport 74,IFT74
tr_04423,gasdermin A,GSDMA
tr_04424,out at first homolog,OAF
tr_04425,splicing factor 3b subunit 4,SF3B4
tr_04426,peptidylprolyl isomerase C,PPIC
tr_04427,radial spoke head 10 homolog B,RSPH10B
tr_04428,cholesterol 25-hydroxylase,CH25H
tr_04429,beaded filament structural protein 2,BFSP2
tr_04430,succinate-CoA ligase GDP/ADP-forming subunit alpha,SUCLG1
tr_04431,dehydrogenase/reductase 1,DHRS1
tr_04432,dynein axonemal heavy chain 10,DNAH10
tr_04433,RNA binding motif protein Y-linked family 1 member E,RBMY1E
tr_04434,dedicator of cytokinesis 11,DOCK11
tr_04435,polypeptide N-acetylgalactosaminyltransferase 6,GALNT6
tr_04436,coiled-coil domain containing 97,CCDC97
tr_04437,ribosomal protein L17,RPL17
tr_04438,DEAD-box helicase 47,DDX47
tr_04439,olfactory receptor family 2 subfamily T member 12,OR2T12
tr_04440,stomatin like 1,STOML1
tr_04441,synoviolin 1,SYVN1
tr_04442,triosephosphate isomerase 1,TPI1
tr_04443,solute carrier family 39 member 6,SLC39A6
tr_04444,nudix hydrolase 12,NUDT12
tr_04445,F-box protein 11,FBXO11
tr_04446,angiopoietin 2,ANGPT2
tr_04447,sideroflexin 3,SFXN3
tr_04448,zinc finger protein 280C,ZNF280C
tr_04449,transmembrane protein adipocyte associated 1,TPRA1
tr_04450,brain protein I3,BRI3
tr_04451,"procollagen-lysine,2-oxoglutarate 5-dioxygenase 1",PLOD1
tr_04452,cysteine rich protein 2,CRIP2
tr_04453,kelch like family member 22,KLHL22
tr_04454,G protein-coupled receptor 3,GPR3
tr_04455,testis specific protein Y-linked 8,TSPY8
tr_04456,small glutamine rich tetratricopeptide repeat co-chaperone alpha,SGTA
tr_04457,pre T cell antigen receptor alpha,PTCRA
tr_04458,N-acyl phosphatidylethanolamine phospholipase D,NAPEPLD
tr_04459,protein tyrosine phosphatase 4A3,PTP4A3
tr_04460,growth arrest specific 2 like 3,GAS2L3
tr_04461,serine protease 33,PRSS33
tr_04462,phospholipid transfer protein,PLTP
tr_04463,zinc finger and SCAN domain containing 4,ZSCAN4
tr_04464,guanylate binding protein 5,GBP5
tr_04465,zinc finger protein 260,ZNF260
tr_04466,tripeptidyl peptidase 2,TPP2
tr_04467,galanin and GMAP prepropeptide,GAL
tr_04468,hexosaminidase subunit beta,HEXB
tr_04469,zinc finger protein 121,ZNF121
tr_04470,leucine carboxyl methyltransferase 2,LCMT2
tr_04471,ornithine decarboxylase antizyme 1,OAZ1
tr_04472,tubulin beta 1 class VI,TUBB1
tr_04473,calcium dependent secretion activator,CADPS
tr_04474,chromosome 19 open reading frame 12,C19orf12
tr_04475,armadillo repeat containing 6,ARMC6
tr_04476,"renalase, FAD dependent amine oxidase",RNLS
tr_04477,syntaxin 16,STX16
tr_04478,tetratricopeptide repeat domain 23,TTC23
tr_04479,olfactory receptor family 11 subfamily H member 6,OR11H6
tr_04480,phenylalanyl-tRNA synthetase subunit alpha,FARSA
tr_04481,potassium channel tetramerization domain containing 1,KCTD1
tr_04482,"DNA polymerase epsilon 2, accessory subunit",POLE2
tr_04483,coiled-coil domain containing 102A,CCDC102A
tr_04484,ribosomal protein L7 like 1,RPL7L1
tr_04485,acylglycerol kinase,AGK
tr_04486,myotubularin related protein 7,MTMR7
tr_04487,spermatogenic leucine zipper 1,SPZ1
tr_04488,thrombospondin 1,THBS1
tr_04489,complement factor I,CFI
tr_04490,proprotein convertase subtilisin/kexin type 4,PCSK4
tr_04491,cytoskeleton associated protein 2L,CKAP2L
tr_04492,glycerophosphodiester phosphodiesterase domain containing 3,GDPD3
tr_04493,peptidylprolyl isomerase like 1,PPIL1
tr_04494,Bcl2 modifying factor,BMF
tr_04495,EMAP like 3,EML3
tr_04496,tectonic family member 2,TCTN2
tr_04497,phosphogluconate dehydrogenase,PGD
tr_04498,zinc finger protein 763,ZNF763
tr_04499,ribosomal RNA processing 7 homolog A,RRP7A
tr_04500,XIAP associated factor 1,XAF1
tr_04501,golgin B1,GOLGB1
tr_04502,coiled-coil domain containing 85B,CCDC85B
tr_04503,cAMP responsive element binding protein 3 like 1,CREB3L1
tr_04504,FRAS1 related extracellular matrix 1,FREM1
tr_04505,methylcrotonyl-CoA carboxylase subunit 2,MCCC2
tr_04506,chromosome 5 open reading frame 34,C5orf34
tr_04507,parathymosin,PTMS
tr_04508,CDC like kinase 2,CLK2
tr_04509,formin binding protein 4,FNBP4
tr_04510,secretory carrier membrane protein 4,SCAMP4
tr_04511,filamin binding LIM protein 1,FBLIM1
tr_04512,Fc receptor like 2,FCRL2
tr_04513,C-type lectin domain containing 5A,CLEC5A
tr_04514,sodium/potassium transporting ATPase interacting 1,NKAIN1
tr_04515,olfactory receptor family 2 subfamily K member 2,OR2K2
tr_04516,trafficking protein particle complex subunit 4,TRAPPC4
tr_04517,olfactory receptor family 52 subfamily B member 2,OR52B2
tr_04518,receptor accessory protein 3,REEP3
tr_04519,RAR related orphan receptor B,RORB
tr_04520,cadherin 26,CDH26
tr_04521,fatty acid binding protein 4,FABP4
tr_04522,cell division cycle 20B,CDC20B
tr_04523,peroxiredoxin 2,PRDX2
tr_04524,hyperpolarization activated cyclic nucleotide gated potassium channel 3,HCN3
tr_04525,catenin delta 2,CTNND2
tr_04526,filamin C,FLNC
tr_04527,tripartite motif containing 32,TRIM32
tr_04528,cadherin 4,CDH4
tr_04529,colony stimulating factor 1,CSF1
tr_04530,5'-nucleotidase domain containing 4,NT5DC4
tr_04531,zinc finger and BTB domain containing 11,ZBTB11
tr_04532,discs large MAGUK scaffold protein 4,DLG4
tr_04533,tetratricopeptide repeat domain 9B,TTC9B
tr_04534,sclerostin,SOST
tr_04535,F-box protein 33,FBXO33
tr_04536,hexose-6-phosphate dehydrogenase/glucose 1-dehydrogenase,H6PD
tr_04537,zinc finger HIT-type containing 6,ZNHIT6
tr_04538,dopamine receptor D2,DRD2
tr_04539,"ring finger protein, transmembrane 1",RNFT1
tr_04540,signal-induced proliferation-associated 1,SIPA1
tr_04541,sushi repeat containing protein X-linked 2,SRPX2
tr_04542,keratin associated protein 4-2,KRTAP4-2
tr_04543,ribosome production factor 2 homolog,RPF2
tr_04544,tubulin tyrosine ligase like 8,TTLL8
tr_04545,exoribonuclease 1,ERI1
tr_04546,mitochondrial ribosomal protein S5,MRPS5
tr_04547,signal regulatory protein beta 2,SIRPB2
tr_04548,phosphoglycolate phosphatase,PGP
tr_04549,general transcription factor IIA subunit 1,GTF2A1
tr_04550,tubulin gamma 2,TUBG2
tr_04551,C-type lectin domain family 18 member C,CLEC18C
tr_04552,chromosome 19 open reading frame 73,C19orf73
tr_04553,Rho GDP dissociation inhibitor beta,ARHGDIB
tr_04554,adherens junctions associated protein 1,AJAP1
tr_04555,poly(A) binding protein cytoplasmic 4 like,PABPC4L
tr_04556,melatonin receptor 1A,MTNR1A
tr_04557,tubulin beta 3 class III,TUBB3
tr_04558,myosin heavy chain 15,MYH15
tr_04559,kinesin family member 13A,KIF13A
tr_04560,V-set and transmembrane domain containing 1,VSTM1
tr_04561,L1 cell adhesion molecule,L1CAM
tr_04562,transgelin 3,TAGLN3
tr_04563,tubulin gamma complex component 6,TUBGCP6
tr_04564,zinc finger protein 7,ZNF7
tr_04565,sarcoglycan delta,SGCD
tr_04566,phospholipase A2 group IVC,PLA2G4C
tr_04567,spermatid maturation 1,SPEM1
tr_04568,apolipoprotein O,APOO
tr_04569,coiled-coil domain containing 9,CCDC9
tr_04570,olfactory receptor family 4 subfamily A member 47,OR4A47
tr_04571,tissue factor pathway inhibitor,TFPI
tr_04572,amyloid beta precursor protein binding family A member 2,APBA2
tr_04573,platelet activating factor acetylhydrolase 2,PAFAH2
tr_04574,calcium/calmodulin dependent protein kinase II inhibitor 1,CAMK2N1
tr_04575,gephyrin,GPHN
tr_04576,A-kinase anchoring protein 10,AKAP10
tr_04577,alpha kinase 2,ALPK2
tr_04578,intercellular adhesion molecule 3,ICAM3
tr_04579,proline dehydrogenase 2,PRODH2
tr_04580,"FYVE, RhoGEF and PH domain containing 6",FGD6
tr_04581,NADH:ubiquinone oxidoreductase subunit A13,NDUFA13
tr_04582,acyl-CoA synthetase medium chain family member 1,ACSM1
tr_04583,immediate early response 3 interacting protein 1,IER3IP1
tr_04584,ubiquitin conjugating enzyme E2 E3,UBE2E3
tr_04585,ubiquitin specific peptidase 54,USP54
tr_04586,forkhead associated phosphopeptide binding domain 1,FHAD1
tr_04587,interferon regulatory factor 5,IRF5
tr_04588,"plasminogen activator, tissue type",PLAT
tr_04589,ubiquitin like modifier activating enzyme 5,UBA5
tr_04590,diacylglycerol O-acyltransferase 2,DGAT2
tr_04591,sirtuin 1,SIRT1
tr_04592,zinc finger CCCH-type containing 12D,ZC3H12D
tr_04593,paired box 3,PAX3
tr_04594,leucine rich repeat containing 36,LRRC36
tr_04595,fibroblast growth factor 8,FGF8
tr_04596,PDZ binding kinase,PBK
tr_04597,folate hydrolase 1,FOLH1
tr_04598,phospholipase A2 group IVF,PLA2G4F
tr_04599,ubiquitin conjugating enzyme E2 I,UBE2I
tr_04600,arrestin domain containing 2,ARRDC2
tr_04601,family with sequence similarity 177 member A1,FAM177A1
tr_04602,peptidyl arginine deiminase 3,PADI3
tr_04603,FERM and PDZ domain containing 2,FRMPD2
tr_04604,purinergic receptor P2X 6,P2RX6
tr_04605,secretoglobin family 1D member 4,SCGB1D4
tr_04606,phosphodiesterase 4A,PDE4A
tr_04607,testis specific serine kinase 1B,TSSK1B
tr_04608,mitochondrial ribosomal protein L18,MRPL18
tr_04609,phosphoglucomutase 1,PGM1
tr_04610,zinc finger protein 561,ZNF561
tr_04611,LY6/PLAUR domain containing 2,LYPD2
tr_04612,caspase 8 associated protein 2,CASP8AP2
tr_04613,acyl-CoA synthetase family member 2,ACSF2
tr_04614,"killer cell immunoglobulin like receptor, two Ig domains and long cytoplasmic tail 5B",KIR2DL5B
tr_04615,transmembrane protein 220,TMEM220
tr_04616,late cornified envelope 2D,LCE2D
tr_04617,complement factor H related 4,CFHR4
tr_04618,RNA binding motif protein Y-linked family 1 member J,RBMY1J
tr_04619,keratin associated protein 5-2,KRTAP5-2
tr_04620,C-type lectin domain family 18 member B,CLEC18B
tr_04621,synaptotagmin 2,SYT2
tr_04622,late cornified envelope 6A,LCE6A
tr_04623,dishevelled segment polarity protein 2,DVL2
tr_04624,desmoglein 1,DSG1
tr_04625,zinc finger protein 257,ZNF257
tr_04626,solute carrier family 41 member 1,SLC41A1
tr_04627,integrin subunit alpha 8,ITGA8
tr_04628,cytoplasmic linker associated protein 1,CLASP1
tr_04629,spectrin repeat containing nuclear envelope protein 1,SYNE1
tr_04630,zinc finger protein 717,ZNF717
tr_04631,neuropeptide VF precursor,NPVF
tr_04632,zinc finger protein 169,ZNF169
tr_04633,tyrosine aminotransferase,TAT
tr_04634,homeodomain interacting protein kinase 1,HIPK1
tr_04635,zinc finger protein 782,ZNF782
tr_04636,F-box and WD repeat domain containing 7,FBXW7
tr_04637,gastrin releasing peptide receptor,GRPR
tr_04638,deoxyribonuclease 1 like 1,DNASE1L1
tr_04639,leucine rich repeat containing 43,LRRC43
tr_04640,angiopoietin 4,ANGPT4
tr_04641,thrombospondin type 1 domain containing 7B,THSD7B
tr_04642,solute carrier family 36 member 2,SLC36A2
tr_04643,repulsive guidance molecule BMP co-receptor a,RGMA
tr_04644,farnesyl-diphosphate farnesyltransferase 1,FDFT1
tr_04645,lysozyme like 6,LYZL6
tr_04646,caspase recruitment domain family member 8,CARD8
tr_04647,dimethylglycine dehydrogenase,DMGDH
tr_04648,intraflagellar transport 122,IFT122
tr_04649,dual oxidase maturation factor 1,DUOXA1
tr_04650,testis specific serine kinase 6,TSSK6
tr_04651,translocase of outer mitochondrial membrane 7,TOMM7
tr_04652,BCL2 antagonist/killer 1,BAK1
tr_04653,trafficking kinesin protein 2,TRAK2
tr_04654,interleukin 17C,IL17C
tr_04655,empty spiracles homeobox 2,EMX2
tr_04656,"syncoilin, intermediate filament protein",SYNC
tr_04657,macrophage receptor with collagenous structure,MARCO
tr_04658,solute carrier family 5 member 8,SLC5A8
tr_04659,keratin 18,KRT18
tr_04660,leucine zipper protein 1,LUZP1
tr_04661,LDL receptor related protein 6,LRP6
tr_04662,RNA binding motif protein Y-linked family 1 member A1,RBMY1A1
tr_04663,double PHD fingers 2,DPF2
tr_04664,ribosomal protein L12,RPL12
tr_04665,crumbs cell polarity complex component 2,CRB2
tr_04666,family with sequence similarity 193 member A,FAM193A
tr_04667,transmembrane protein 86B,TMEM86B
tr_04668,programmed cell death 1,PDCD1
tr_04669,family with sequence similarity 163 member B,FAM163B
tr_04670,melanocyte inducing transcription factor,MITF
tr_04671,G-patch domain containing 3,GPATCH3
tr_04672,tudor and KH domain containing,TDRKH
tr_04673,endonuclease G,ENDOG
tr_04674,glutamate receptor interacting protein 2,GRIP2
tr_04675,RNA binding motif protein 45,RBM45
tr_04676,eukaryotic translation initiation factor 4 gamma 3,EIF4G3
tr_04677,olfactory receptor family 2 subfamily V member 1,OR2V1
tr_04678,leiomodin 3,LMOD3
tr_04679,cytochrome P450 family 4 subfamily V member 2,CYP4V2
tr_04680,epsin 3,EPN3
tr_04681,zona pellucida glycoprotein 2,ZP2
tr_04682,microfibril associated protein 3,MFAP3
tr_04683,sterile alpha motif domain containing 1,SAMD1
tr_04684,basic helix-loop-helix family member a15,BHLHA15
tr_04685,amelogenin X-linked,AMELX
tr_04686,small proline rich protein 3,SPRR3
tr_04687,glutaryl-CoA dehydrogenase,GCDH
tr_04688,serine palmitoyltransferase long chain base subunit 1,SPTLC1
tr_04689,ras homolog family member B,RHOB
tr_04690,ETS variant transcription factor 1,ETV1
tr_04691,glycosyltransferase 8 domain containing 2,GLT8D2
tr_04692,peptidylprolyl isomerase A,PPIA
tr_04693,pyridoxal kinase,PDXK
tr_04694,zinc finger protein 541,ZNF541
tr_04695,keratin associated protein 10-9,KRTAP10-9
tr_04696,charged multivesicular body protein 4B,CHMP4B
tr_04697,"DNA polymerase gamma, catalytic subunit",POLG
tr_04698,apolipoprotein A5,APOA5
tr_04699,junctophilin 3,JPH3
tr_04700,FYVE and coiled-coil domain autophagy adaptor 1,FYCO1
tr_04701,eukaryotic translation elongation factor 1 alpha 2,EEF1A2
tr_04702,olfactory receptor family 10 subfamily G member 6,OR10G6
tr_04703,regulator of chromosome condensation 2,RCC2
tr_04704,armadillo repeat containing X-linked 2,ARMCX2
tr_04705,myosin XVB,MYO15B
tr_04706,tripartite motif containing 43,TRIM43
tr_04707,solute carrier family 39 member 1,SLC39A1
tr_04708,vascular endothelial growth factor A,VEGFA
tr_04709,chromodomain helicase DNA binding protein 7,CHD7
tr_04710,olfactory receptor family 2 subfamily D member 2,OR2D2
tr_04711,chromosome 3 open reading frame 18,C3orf18
tr_04712,ubiquitin specific peptidase 9 X-linked,USP9X
tr_04713,zinc finger protein 787,ZNF787
tr_04714,apolipoprotein B mRNA editing enzyme catalytic subunit 3H,APOBEC3H
tr_04715,Rho guanine nucleotide exchange factor 10,ARHGEF10
tr_04716,interferon induced transmembrane protein 1,IFITM1
tr_04717,serine/threonine kinase 10,STK10
tr_04718,hedgehog acyltransferase,HHAT
tr_04719,secernin 1,SCRN1
tr_04720,"polycystin 1 like 1, transient receptor potential channel interacting",PKD1L1
tr_04721,"GRB2 binding adaptor protein, transmembrane",GAPT
tr_04722,copine 2,CPNE2
tr_04723,myelin protein zero like 2,MPZL2
tr_04724,peroxisomal biogenesis factor 7,PEX7
tr_04725,polypeptide N-acetylgalactosaminyltransferase 2,GALNT2
tr_04726,ataxin 7 like 1,ATXN7L1
tr_04727,calcium voltage-gated channel auxiliary subunit gamma 7,CACNG7
tr_04728,solute carrier family 25 member 13,SLC25A13
tr_04729,ventral anterior homeobox 2,VAX2
tr_04730,FERM domain containing 8,FRMD8
tr_04731,T-box transcription factor 22,TBX22
tr_04732,NADPH oxidase 5,NOX5
tr_04733,psoriasis susceptibility 1 candidate 2,PSORS1C2
tr_04734,solute carrier family 30 member 2,SLC30A2
tr_04735,coiled-coil domain containing 80,CCDC80
tr_04736,nuclear receptor subfamily 2 group F member 2,NR2F2
tr_04737,myosin light chain 9,MYL9
tr_04738,neurensin 2,NRSN2
tr_04739,zinc finger protein 212,ZNF212
tr_04740,transglutaminase 3,TGM3
tr_04741,oxoeicosanoid receptor 1,OXER1
tr_04742,midasin AAA ATPase 1,MDN1
tr_04743,aquaporin 7,AQP7
tr_04744,moesin,MSN
tr_04745,zinc finger protein 556,ZNF556
tr_04746,cleavage and polyadenylation specific factor 4 like,CPSF4L
tr_04747,mitochondrial ribosomal protein L3,MRPL3
tr_04748,ERI1 exoribonuclease family member 3,ERI3
tr_04749,nucleolar protein 7,NOL7
tr_04750,ubiquitin specific peptidase 11,USP11
tr_04751,torsin 1A interacting protein 1,TOR1AIP1
tr_04752,chromosome 1 open reading frame 116,C1orf116
tr_04753,DNA methyltransferase 3 beta,DNMT3B
tr_04754,inhibitor of growth family member 5,ING5
tr_04755,solute carrier family 9 member A5,SLC9A5
tr_04756,zinc finger protein 124,ZNF124
tr_04757,immunoglobulin like domain containing receptor 2,ILDR2
tr_04758,chromosome 9 open reading frame 78,C9orf78
tr_04759,frataxin,FXN
tr_04760,transmembrane protein 132E,TMEM132E
tr_04761,dual specificity phosphatase 18,DUSP18
tr_04762,sigma non-opioid intracellular receptor 1,SIGMAR1
tr_04763,casein beta,CSN2
tr_04764,catenin beta 1,CTNNB1
tr_04765,peroxisomal biogenesis factor 12,PEX12
tr_04766,TP53RK binding protein,TPRKB
tr_04767,phosphofurin acidic cluster sorting protein 2,PACS2
tr_04768,"papilin, proteoglycan like sulfated glycoprotein",PAPLN
tr_04769,mediator complex subunit 30,MED30
tr_04770,proteolipid protein 2,PLP2
tr_04771,keratin associated protein 8-1,KRTAP8-1
tr_04772,zinc finger C4H2-type containing,ZC4H2
tr_04773,F-box protein 31,FBXO31
tr_04774,ATP binding cassette subfamily B member 10,ABCB10
tr_04775,leucine rich repeat containing 3B,LRRC3B
tr_04776,oxidative stress responsive kinase 1,OXSR1
tr_04777,golgin A8 family member B,GOLGA8B
tr_04778,caspase 7,CASP7
tr_04779,fatty acid amide hydrolase 2,FAAH2
tr_04780,chromosome 16 open reading frame 86,C16orf86
tr_04781,transient receptor potential cation channel subfamily A member 1,TRPA1
tr_04782,pregnancy specific beta-1-glycoprotein 11,PSG11
tr_04783,tenascin C,TNC
tr_04784,Rho GTPase activating protein 10,ARHGAP10
tr_04785,zinc finger CCCH-type containing 12C,ZC3H12C
tr_04786,cholinergic receptor nicotinic gamma subunit,CHRNG
tr_04787,potassium calcium-activated channel subfamily N member 3,KCNN3
tr_04788,killer cell lectin like receptor C3,KLRC3
tr_04789,thymocyte selection associated high mobility group box,TOX
tr_04790,rhomboid domain containing 1,RHBDD1
tr_04791,malonyl-CoA-acyl carrier protein transacylase,MCAT
tr_04792,nei like DNA glycosylase 2,NEIL2
tr_04793,enhancer of mRNA decapping 3,EDC3
tr_04794,homeobox B2,HOXB2
tr_04795,solute carrier family 4 member 4,SLC4A4
tr_04796,C-X-C motif chemokine receptor 3,CXCR3
tr_04797,"protein kinase domain containing, cytoplasmic",PKDCC
tr_04798,BR serine/threonine kinase 1,BRSK1
tr_04799,deleted in malignant brain tumors 1,DMBT1
tr_04800,progestagen associated endometrial protein,PAEP
tr_04801,zinc finger protein 813,ZNF813
tr_04802,translocase of outer mitochondrial membrane 40 like,TOMM40L
tr_04803,ATPase plasma membrane Ca2+ transporting 2,ATP2B2
tr_04804,crystallin beta A4,CRYBA4
tr_04805,methyl-CpG binding domain protein 1,MBD1
tr_04806,peripherin,PRPH
tr_04807,"alcohol dehydrogenase 5 (class III), chi polypeptide",ADH5
tr_04808,syntaxin 11,STX11
tr_04809,keratin associated protein 10-5,KRTAP10-5
tr_04810,dual specificity tyrosine phosphorylation regulated kinase 1B,DYRK1B
tr_04811,membrane spanning 4-domains A12,MS4A12
tr_04812,chaperonin containing TCP1 subunit 6A,CCT6A
tr_04813,aminocarboxymuconate semialdehyde decarboxylase,ACMSD
tr_04814,interferon alpha 6,IFNA6
tr_04815,protogenin,PRTG
tr_04816,ubiquitin C,UBC
tr_04817,sine oculis binding protein homolog,SOBP
tr_04818,zinc finger protein 695,ZNF695
tr_04819,translocation associated membrane protein 1 like 1,TRAM1L1
tr_04820,pleckstrin homology domain containing B2,PLEKHB2
tr_04821,leucine rich repeat containing 3,LRRC3
tr_04822,B and T lymphocyte associated,BTLA
tr_04823,vacuolar protein sorting 36 homolog,VPS36
tr_04824,angiopoietin like 1,ANGPTL1
tr_04825,catenin alpha like 1,CTNNAL1
tr_04826,regulator of G protein signaling 9 binding protein,RGS9BP
tr_04827,nuclear receptor subfamily 2 group C member 1,NR2C1
tr_04828,"lipase G, endothelial type",LIPG
tr_04829,relaxin 3,RLN3
tr_04830,protein tyrosine phosphatase non-receptor type 13,PTPN13
tr_04831,ubiquitin conjugating enzyme E2 J1,UBE2J1
tr_04832,olfactory receptor family 6 subfamily J member 1,OR6J1
tr_04833,pleckstrin homology domain containing A3,PLEKHA3
tr_04834,interleukin 1 receptor associated kinase 3,IRAK3
tr_04835,forkhead box R1,FOXR1
tr_04836,decaprenyl diphosphate synthase subunit 2,PDSS2
tr_04837,zinc finger protein 616,ZNF616
tr_04838,glutamine--fructose-6-phosphate transaminase 1,GFPT1
tr_04839,taxilin beta,TXLNB
tr_04840,5-hydroxytryptamine receptor 3A,HTR3A
tr_04841,zinc finger protein 565,ZNF565
tr_04842,heparan sulfate-glucosamine 3-sulfotransferase 3B1,HS3ST3B1
tr_04843,apolipoprotein L4,APOL4
tr_04844,NOP2/Sun RNA methyltransferase 4,NSUN4
tr_04845,colony stimulating factor 2,CSF2
tr_04846,"proteasome 26S subunit ubiquitin receptor, non-ATPase 2",PSMD2
tr_04847,"2,4-dienoyl-CoA reductase 2",DECR2
tr_04848,phosphodiesterase 4D,PDE4D
tr_04849,aminolevulinate dehydratase,ALAD
tr_04850,cullin 5,CUL5
tr_04851,transmembrane channel like 3,TMC3
tr_04852,poly(A) binding protein nuclear 1,PABPN1
tr_04853,F-box protein 8,FBXO8
tr_04854,zinc finger protein 672,ZNF672
tr_04855,cathepsin G,CTSG
tr_04856,hydroxymethylbilane synthase,HMBS
tr_04857,chymotrypsin like elastase 3B,CELA3B
tr_04858,solute carrier family 2 member 2,SLC2A2
tr_04859,collagen type XI alpha 1 chain,COL11A1
tr_04860,ring finger protein 31,RNF31
tr_04861,transmembrane p24 trafficking protein 7,TMED7
tr_04862,metal regulatory transcription factor 1,MTF1
tr_04863,thioesterase superfamily member 5,THEM5
tr_04864,butyrophilin subfamily 3 member A1,BTN3A1
tr_04865,apolipoprotein L1,APOL1
tr_04866,inositol monophosphatase 1,IMPA1
tr_04867,spindle and kinetochore associated complex subunit 2,SKA2
tr_04868,ribosomal RNA processing 15 homolog,RRP15
tr_04869,UDP glucuronosyltransferase family 2 member B11,UGT2B11
tr_04870,CARD and death domain containing adaptor protein,CRADD
tr_04871,mediator complex subunit 23,MED23
tr_04872,ribosomal protein L11,RPL11
tr_04873,zinc finger matrin-type 3,ZMAT3
tr_04874,aminoadipate-semialdehyde dehydrogenase-phosphopantetheinyl transferase,AASDHPPT
tr_04875,exosome component 7,EXOSC7
tr_04876,amyloid beta precursor protein binding protein 2,APPBP2
tr_04877,ADP-ribosyltransferase 4 (inactive) (Dombrock blood group),ART4
tr_04878,cyclin dependent kinase inhibitor 1C,CDKN1C
tr_04879,chitinase 3 like 2,CHI3L2
tr_04880,TATA-box binding protein associated factor 2,TAF2
tr_04881,"major histocompatibility complex, class II, DR beta 3",HLA-DRB3
tr_04882,G protein-coupled receptor 39,GPR39
tr_04883,keratin associated protein 11-1,KRTAP11-1
tr_04884,potassium voltage-gated channel subfamily A regulatory beta subunit 2,KCNAB2
tr_04885,solute carrier family 25 member 17,SLC25A17
tr_04886,coiled-coil and C2 domain containing 1A,CC2D1A
tr_04887,zinc finger protein 324B,ZNF324B
tr_04888,cysteine rich secretory protein 1,CRISP1
tr_04889,golgin A6 family member D,GOLGA6D
tr_04890,mitogen-activated protein kinase 11,MAPK11
tr_04891,ribonuclease K,RNASEK
tr_04892,G protein pathway suppressor 1,GPS1
tr_04893,translocase of outer mitochondrial membrane 40,TOMM40
tr_04894,splicing factor 3b subunit 5,SF3B5
tr_04895,mediator complex subunit 7,MED7
tr_04896,trafficking protein particle complex subunit 9,TRAPPC9
tr_04897,sperm equatorial segment protein 1,SPESP1
tr_04898,Fas associated factor family member 2,FAF2
tr_04899,mitogen-activated protein kinase kinase 6,MAP2K6
tr_04900,GDP dissociation inhibitor 1,GDI1
tr_04901,chromosome 1 open reading frame 210,C1orf210
tr_04902,AT-rich interaction domain 5B,ARID5B
tr_04903,integrin subunit alpha 5,ITGA5
tr_04904,phospholipase A2 group XIIB,PLA2G12B
tr_04905,neuronal differentiation 6,NEUROD6
tr_04906,pepsinogen A4,PGA4
tr_04907,clathrin light chain B,CLTB
tr_04908,phorbol-12-myristate-13-acetate-induced protein 1,PMAIP1
tr_04909,actin binding LIM protein family member 2,ABLIM2
tr_04910,abhydrolase domain containing 12B,ABHD12B
tr_04911,natriuretic peptide C,NPPC
tr_04912,zinc finger protein 638,ZNF638
tr_04913,acyl-CoA dehydrogenase very long chain,ACADVL
tr_04914,family with sequence similarity 167 member A,FAM167A
tr_04915,glutaredoxin and cysteine rich domain containing 2,GRXCR2
tr_04916,"transcription factor A, mitochondrial",TFAM
tr_04917,transmembrane protein 95,TMEM95
tr_04918,mediator complex subunit 27,MED27
tr_04919,vestigial like family member 1,VGLL1
tr_04920,scavenger receptor class A member 5,SCARA5
tr_04921,ribulose-5-phosphate-3-epimerase,RPE
tr_04922,mucolipin TRP cation channel 2,MCOLN2
tr_04923,ubiquitin specific peptidase 28,USP28
tr_04924,"beta-1,4-galactosyltransferase 6",B4GALT6
tr_04925,solute carrier family 25 member 42,SLC25A42
tr_04926,docking protein 5,DOK5
tr_04927,vitamin D receptor,VDR
tr_04928,centrin 3,CETN3
tr_04929,proprotein convertase subtilisin/kexin type 2,PCSK2
tr_04930,fibroblast growth factor 4,FGF4
tr_04931,eukaryotic translation initiation factor 3 subunit F,EIF3F
tr_04932,actin beta like 2,ACTBL2
tr_04933,chromosome 20 open reading frame 144,C20orf144
tr_04934,olfactory receptor family 52 subfamily N member 4,OR52N4
tr_04935,choline/ethanolamine phosphotransferase 1,CEPT1
tr_04936,galectin 4,LGALS4
tr_04937,WW domain containing transcription regulator 1,WWTR1
tr_04938,zinc finger protein 628,ZNF628
tr_04939,RANBP2 like and GRIP domain containing 6,RGPD6
tr_04940,glucocorticoid modulatory element binding protein 1,GMEB1
tr_04941,cancer/testis antigen family 47 member A4,CT47A4
tr_04942,coat protein complex I subunit epsilon,COPE
tr_04943,NADH:ubiquinone oxidoreductase core subunit S1,NDUFS1
tr_04944,family with sequence similarity 13 member C,FAM13C
tr_04945,protein inhibitor of activated STAT 1,PIAS1
tr_04946,heat shock protein family B (small) member 8,HSPB8
tr_04947,nucleoredoxin like 1,NXNL1
tr_04948,solute carrier family 2 member 10,SLC2A10
tr_04949,calcitonin related polypeptide beta,CALCB
tr_04950,hematopoietic cell-specific Lyn substrate 1,HCLS1
tr_04951,dymeclin,DYM
tr_04952,RNA binding protein with serine rich domain 1,RNPS1
tr_04953,EF-hand domain containing 2,EFHC2
tr_04954,dehydrogenase/reductase 12,DHRS12
tr_04955,olfactory receptor family 5 subfamily AU member 1,OR5AU1
tr_04956,Yip1 domain family member 5,YIPF5
tr_04957,N-deacetylase and N-sulfotransferase 3,NDST3
tr_04958,stathmin 4,STMN4
tr_04959,adenosine deaminase tRNA specific 3,ADAT3
tr_04960,ATPase Na+/K+ transporting subunit beta 3,ATP1B3
tr_04961,inositol hexakisphosphate kinase 3,IP6K3
tr_04962,deltex E3 ubiquitin ligase 3,DTX3
tr_04963,zinc finger protein 592,ZNF592
tr_04964,olfactory receptor family 51 subfamily Q member 1,OR51Q1
tr_04965,nudix hydrolase 2,NUDT2
tr_04966,delta/notch like EGF repeat containing,DNER
tr_04967,deoxyribonuclease 1,DNASE1
tr_04968,oxytocin receptor,OXTR
tr_04969,Fc receptor like B,FCRLB
tr_04970,matrix metallopeptidase 25,MMP25
tr_04971,zinc finger protein 136,ZNF136
tr_04972,aldo-keto reductase family 1 member C3,AKR1C3
tr_04973,filamin A,FLNA
tr_04974,glucagon like peptide 2 receptor,GLP2R
tr_04975,dual adaptor of phosphotyrosine and 3-phosphoinositides 1,DAPP1
tr_04976,olfactory receptor family 10 subfamily K member 1,OR10K1
tr_04977,olfactory receptor family 2 subfamily A member 1,OR2A1
tr_04978,FA complementation group G,FANCG
tr_04979,RCC1 domain containing 1,RCCD1
tr_04980,family with sequence similarity 107 member A,FAM107A
tr_04981,collagen type I alpha 2 chain,COL1A2
tr_04982,chloride channel CLIC like 1,CLCC1
tr_04983,cytochrome c oxidase subunit 7C,COX7C
tr_04984,zinc finger protein 705D,ZNF705D
tr_04985,ATP binding cassette subfamily A member 5,ABCA5
tr_04986,G protein-coupled receptor 171,GPR171
tr_04987,ribonuclease P/MRP subunit p40,RPP40
tr_04988,signal peptidase complex subunit 2,SPCS2
tr_04989,NODAL modulator 3,NOMO3
tr_04990,fatty acid binding protein 6,FABP6
tr_04991,prostaglandin E synthase,PTGES
tr_04992,platelet derived growth factor subunit A,PDGFA
tr_04993,ribosome binding protein 1,RRBP1
tr_04994,tRNA splicing endonuclease subunit 2,TSEN2
tr_04995,sterile alpha motif domain containing 11,SAMD11
tr_04996,calcium voltage-gated channel subunit alpha1 C,CACNA1C
tr_04997,canopy FGF signaling regulator 4,CNPY4
tr_04998,cleavage factor polyribonucleotide kinase subunit 1,CLP1
tr_04999,golgi membrane protein 1,GOLM1
tr_05000,CDC like kinase 3,CLK3
tr_05001,solute carrier family 39 member 11,SLC39A11
tr_05002,claudin domain containing 1,CLDND1
tr_05003,dystrophin,DMD
tr_05004,ubiquitin specific peptidase 17 like family member 5,USP17L5
tr_05005,chromosome 2 open reading frame 78,C2orf78
tr_05006,solute carrier family 38 member 2,SLC38A2
tr_05007,lysozyme g1,LYG1
tr_05008,zinc finger protein 610,ZNF610
tr_05009,cytochrome P450 family 4 subfamily B member 1,CYP4B1
tr_05010,limb and CNS expressed 1 like,LIX1L
tr_05011,sirtuin 4,SIRT4
tr_05012,cellular retinoic acid binding protein 1,CRABP1
tr_05013,gap junction protein delta 3,GJD3
tr_05014,distal-less homeobox 2,DLX2
tr_05015,transmembrane p24 trafficking protein 4,TMED4
tr_05016,"glucosaminyl (N-acetyl) transferase 3, mucin type",GCNT3
tr_05017,colony stimulating factor 3 receptor,CSF3R
tr_05018,transmembrane protein 233,TMEM233
tr_05019,hematopoietic cell signal transducer,HCST
tr_05020,ubiquitin conjugating enzyme E2 V1,UBE2V1
tr_05021,C-X-C motif chemokine receptor 2,CXCR2
tr_05022,trafficking kinesin protein 1,TRAK1
tr_05023,proteasome 20S subunit beta 7,PSMB7
tr_05024,G protein-coupled receptor 158,GPR158
tr_05025,molybdenum cofactor synthesis 3,MOCS3
tr_05026,glucuronidase beta,GUSB
tr_05027,t-complex 11 like 2,TCP11L2
tr_05028,Y-box binding protein 2,YBX2
tr_05029,family with sequence similarity 151 member A,FAM151A
tr_05030,haloacid dehalogenase like hydrolase domain containing 3,HDHD3
tr_05031,zinc finger FYVE-type containing 19,ZFYVE19
tr_05032,olfactory receptor family 6 subfamily C member 65,OR6C65
tr_05033,chromosome 4 open reading frame 46,C4orf46
tr_05034,G protein subunit beta 1,GNB1
tr_05035,solute carrier family 25 member 34,SLC25A34
tr_05036,zinc finger protein 14,ZNF14
tr_05037,RNA pseudouridine synthase domain containing 2,RPUSD2
tr_05038,mediator complex subunit 15,MED15
tr_05039,FGF1 intracellular binding protein,FIBP
tr_05040,mitogen-activated protein kinase kinase kinase 14,MAP3K14
tr_05041,homeobox D3,HOXD3
tr_05042,ubiquitin specific peptidase 40,USP40
tr_05043,golgin A6 family like 6 (gene/pseudogene),GOLGA6L6
tr_05044,N-acetylglucosamine-1-phosphate transferase subunit gamma,GNPTG
tr_05045,potassium channel tetramerization domain containing 6,KCTD6
tr_05046,receptor transporter protein 1,RTP1
tr_05047,diaphanous related formin 3,DIAPH3
tr_05048,dystrotelin,DYTN
tr_05049,olfactory receptor family 8 subfamily B member 8,OR8B8
tr_05050,chromosome 20 open reading frame 96,C20orf96
tr_05051,synaptotagmin like 1,SYTL1
tr_05052,phytanoyl-CoA 2-hydroxylase interacting protein like,PHYHIPL
tr_05053,translocase of outer mitochondrial membrane 20,TOMM20
tr_05054,sterile alpha motif domain containing 13,SAMD13
tr_05055,coiled-coil domain containing 74B,CCDC74B
tr_05056,IQ motif and Sec7 domain ArfGEF 2,IQSEC2
tr_05057,"ciliary rootlet coiled-coil, rootletin",CROCC
tr_05058,cold inducible RNA binding protein,CIRBP
tr_05059,farnesyl diphosphate synthase,FDPS
tr_05060,ribosomal protein L36a like,RPL36AL
tr_05061,keratin 74,KRT74
tr_05062,cytochrome c oxidase subunit 5B,COX5B
tr_05063,heterogeneous nuclear ribonucleoprotein U,HNRNPU
tr_05064,aquarius intron-binding spliceosomal factor,AQR
tr_05065,inter-alpha-trypsin inhibitor heavy chain 5,ITIH5
tr_05066,adenosine A2a receptor,ADORA2A
tr_05067,transmembrane protein 160,TMEM160
tr_05068,mitochondrial ribosomal protein S14,MRPS14
tr_05069,kelch like family member 3,KLHL3
tr_05070,oleoyl-ACP hydrolase,OLAH
tr_05071,proteinase 3,PRTN3
tr_05072,endothelin converting enzyme 2,ECE2
tr_05073,chromosome 17 open reading frame 99,C17orf99
tr_05074,zinc finger protein 155,ZNF155
tr_05075,"lipase C, hepatic type",LIPC
tr_05076,solute carrier family 7 member 8,SLC7A8
tr_05077,protein O-fucosyltransferase 2,POFUT2
tr_05078,"nuclear protein, coactivator of histone transcription",NPAT
tr_05079,corticotropin releasing hormone binding protein,CRHBP
tr_05080,pleckstrin homology and RhoGEF domain containing G5,PLEKHG5
tr_05081,keratin associated protein 9-7,KRTAP9-7
tr_05082,insulin receptor,INSR
tr_05083,ubiquitin conjugating enzyme E2 T,UBE2T
tr_05084,SH3GL interacting endocytic adaptor 1,SGIP1
tr_05085,UDP-N-acetylglucosamine pyrophosphorylase 1 like 1,UAP1L1
tr_05086,prostaglandin I2 synthase,PTGIS
tr_05087,coactivator associated arginine methyltransferase 1,CARM1
tr_05088,nudix hydrolase 11,NUDT11
tr_05089,coat protein complex I subunit gamma 2,COPG2
tr_05090,molybdenum cofactor synthesis 1,MOCS1
tr_05091,retrotransposon Gag like 1,RTL1
tr_05092,NIMA related kinase 5,NEK5
tr_05093,zinc finger matrin-type 2,ZMAT2
tr_05094,oxysterol binding protein like 6,OSBPL6
tr_05095,dihydrolipoamide branched chain transacylase E2,DBT
tr_05096,far upstream element binding protein 3,FUBP3
tr_05097,LIM homeobox 1,LHX1
tr_05098,2-hydroxyacyl-CoA lyase 1,HACL1
tr_05099,phosphatidylinositol-4-phosphate 5-kinase type 1 alpha,PIP5K1A
tr_05100,olfactory receptor family 2 subfamily V member 2,OR2V2
tr_05101,dynamin 1,DNM1
tr_05102,ecotropic viral integration site 2B,EVI2B
tr_05103,olfactory receptor family 52 subfamily M member 1,OR52M1
tr_05104,DNA topoisomerase II alpha,TOP2A
tr_05105,N-acetylneuraminate pyruvate lyase,NPL
tr_05106,G protein subunit gamma 7,GNG7
tr_05107,T-box transcription factor 19,TBX19
tr_05108,translocase of inner mitochondrial membrane 44,TIMM44
tr_05109,paired immunoglobin like type 2 receptor beta,PILRB
tr_05110,keratin associated protein 9-1,KRTAP9-1
tr_05111,WW domain binding protein 2,WBP2
tr_05112,ras homolog family member Q,RHOQ
tr_05113,nuclear receptor subfamily 4 group A member 1,NR4A1
tr_05114,deoxynucleotidyltransferase terminal interacting protein 1,DNTTIP1
tr_05115,metaxin 3,MTX3
tr_05116,solute carrier family 35 member B4,SLC35B4
tr_05117,tectorin beta,TECTB
tr_05118,distal-less homeobox 4,DLX4
tr_05119,phosphodiesterase 6C,PDE6C
tr_05120,coiled-coil domain containing 121,CCDC121
tr_05121,crystallin lambda 1,CRYL1
tr_05122,spermatogenesis associated 24,SPATA24
tr_05123,ATP binding cassette subfamily A member 6,ABCA6
tr_05124,RNA polymerase I subunit E,POLR1E
tr_05125,apolipoprotein L3,APOL3
tr_05126,myosin IIIB,MYO3B
tr_05127,ubiquitin conjugating enzyme E2 Q1,UBE2Q1
tr_05128,"abhydrolase domain containing 6, acylglycerol lipase",ABHD6
tr_05129,sperm adhesion molecule 1,SPAM1
tr_05130,erb-b2 receptor tyrosine kinase 3,ERBB3
tr_05131,FERM domain containing 5,FRMD5
tr_05132,cyclin Y,CCNY
tr_05133,opioid receptor delta 1,OPRD1
tr_05134,zinc finger and AT-hook domain containing,ZFAT
tr_05135,solute carrier family 2 member 13,SLC2A13
tr_05136,ribosomal protein L38,RPL38
tr_05137,gap junction protein alpha 9,GJA9
tr_05138,eukaryotic translation initiation factor 4E,EIF4E
tr_05139,olfactomedin like 2A,OLFML2A
tr_05140,secretogranin V,SCG5
tr_05141,solute carrier family 25 member 3,SLC25A3
tr_05142,keratin 71,KRT71
tr_05143,chromosome 12 open reading frame 75,C12orf75
tr_05144,myosin IA,MYO1A
tr_05145,neogenin 1,NEO1
tr_05146,DNA damage regulated autophagy modulator 2,DRAM2
tr_05147,serine protease 23,PRSS23
tr_05148,small nuclear ribonucleoprotein U5 subunit 200,SNRNP200
tr_05149,zinc finger protein 251,ZNF251
tr_05150,potassium two pore domain channel subfamily K member 7,KCNK7
tr_05151,zinc finger protein 835,ZNF835
tr_05152,matrix metallopeptidase 11,MMP11
tr_05153,ubiquitin specific peptidase 45,USP45
tr_05154,mitochondrial ribosomal protein S24,MRPS24
tr_05155,TATA-box binding protein associated factor 9,TAF9
tr_05156,transmembrane serine protease 4,TMPRSS4
tr_05157,MYC associated zinc finger protein,MAZ
tr_05158,high mobility group nucleosomal binding domain 4,HMGN4
tr_05159,carbonic anhydrase 10 (inactive),CA10
tr_05160,transcription elongation factor A2,TCEA2
tr_05161,sacsin molecular chaperone,SACS
tr_05162,potassium two pore domain channel subfamily K member 4,KCNK4
tr_05163,chromosome 14 open reading frame 132,C14orf132
tr_05164,asteroid structure-specific endonuclease 1,ASTE1
tr_05165,serpin family I member 1,SERPINI1
tr_05166,ATPase H+ transporting V1 subunit E2,ATP6V1E2
tr_05167,N-deacetylase and N-sulfotransferase 1,NDST1
tr_05168,WD repeat domain 59,WDR59
tr_05169,filamin A interacting protein 1 like,FILIP1L
tr_05170,olfactory receptor family 1 subfamily A member 1,OR1A1
tr_05171,goosecoid homeobox 2,GSC2
tr_05172,purinergic receptor P2Y2,P2RY2
tr_05173,sorting nexin 2,SNX2
tr_05174,aurora kinase A interacting protein 1,AURKAIP1
tr_05175,8-oxoguanine DNA glycosylase,OGG1
tr_05176,immunoglobulin superfamily member 3,IGSF3
tr_05177,single-strand-selective monofunctional uracil-DNA glycosylase 1,SMUG1
tr_05178,BR serine/threonine kinase 2,BRSK2
tr_05179,olfactory receptor family 10 subfamily G member 3,OR10G3
tr_05180,estrogen related receptor gamma,ESRRG
tr_05181,retinal outer segment membrane protein 1,ROM1
tr_05182,gem nuclear organelle associated protein 5,GEMIN5
tr_05183,uridine monophosphate synthetase,UMPS
tr_05184,collagen type X alpha 1 chain,COL10A1
tr_05185,olfactory receptor family 1 subfamily E member 1,OR1E1
tr_05186,extended synaptotagmin 1,ESYT1
tr_05187,solute carrier family 27 member 6,SLC27A6
tr_05188,glycoprotein 2,GP2
tr_05189,zinc finger protein 506,ZNF506
tr_05190,transient receptor potential cation channel subfamily C member 3,TRPC3
tr_05191,cullin 4B,CUL4B
tr_05192,zinc finger MYND-type containing 11,ZMYND11
tr_05193,"consortin, connexin sorting protein",CNST
tr_05194,endothelial cell specific molecule 1,ESM1
tr_05195,collagen type IX alpha 2 chain,COL9A2
tr_05196,olfactory receptor family 52 subfamily A member 5,OR52A5
tr_05197,ras related dexamethasone induced 1,RASD1
tr_05198,cadherin 11,CDH11
tr_05199,thrombospondin 3,THBS3
tr_05200,coiled-coil domain containing 69,CCDC69
tr_05201,N-acetyltransferase 10,NAT10
tr_05202,ubiquitin protein ligase E3C,UBE3C
tr_05203,signal sequence receptor subunit 3,SSR3
tr_05204,defensin beta 1,DEFB1
tr_05205,M-phase phosphoprotein 9,MPHOSPH9
tr_05206,zinc finger protein 707,ZNF707
tr_05207,exocyst complex component 1,EXOC1
tr_05208,nebulette,NEBL
tr_05209,histidine rich calcium binding protein,HRC
tr_05210,coiled-coil-helix-coiled-coil-helix domain containing 7,CHCHD7
tr_05211,integrin subunit alpha 7,ITGA7
tr_05212,gamma-aminobutyric acid type A receptor subunit delta,GABRD
tr_05213,muskelin 1,MKLN1
tr_05214,pleckstrin and Sec7 domain containing 4,PSD4
tr_05215,leucine rich repeat containing 14B,LRRC14B
tr_05216,gap junction protein beta 5,GJB5
tr_05217,autophagy related 2A,ATG2A
tr_05218,growth differentiation factor 11,GDF11
tr_05219,nei like DNA glycosylase 1,NEIL1
tr_05220,succinate dehydrogenase complex assembly factor 2,SDHAF2
tr_05221,adenosine deaminase domain containing 2,ADAD2
tr_05222,sterile alpha motif domain containing 8,SAMD8
tr_05223,hydroxysteroid 17-beta dehydrogenase 2,HSD17B2
tr_05224,coiled-coil domain containing 160,CCDC160
tr_05225,free fatty acid receptor 3,FFAR3
tr_05226,receptor accessory protein 5,REEP5
tr_05227,nuclear receptor coactivator 5,NCOA5
tr_05228,coat protein complex I subunit zeta 2,COPZ2
tr_05229,regulatory factor X6,RFX6
tr_05230,microtubule associated protein 1A,MAP1A
tr_05231,membrane bound glycerophospholipid O-acyltransferase 2,MBOAT2
tr_05232,galectin-related inter-fiber protein,GRIFIN
tr_05233,ARF like GTPase 2,ARL2
tr_05234,F-box protein 41,FBXO41
tr_05235,ectodermal-neural cortex 1,ENC1
tr_05236,solute carrier family 39 member 3,SLC39A3
tr_05237,enolase superfamily member 1,ENOSF1
tr_05238,hemicentin 1,HMCN1
tr_05239,"inhibitor of CDK, cyclin A1 interacting protein 1",INCA1
tr_05240,mitogen-activated protein kinase 8 interacting protein 2,MAPK8IP2
tr_05241,lipocalin 2,LCN2
tr_05242,proline rich 20B,PRR20B
tr_05243,F-box and leucine rich repeat protein 2,FBXL2
tr_05244,cadherin 22,CDH22
tr_05245,ADP-ribosyltransferase 5,ART5
tr_05246,sodium voltage-gated channel alpha subunit 10,SCN10A
tr_05247,adaptor related protein complex 1 associated regulatory protein,AP1AR
tr_05248,cysteine rich hydrophobic domain 2,CHIC2
tr_05249,neurogranin,NRGN
tr_05250,defensin alpha 1B,DEFA1B
tr_05251,serine/threonine/tyrosine interacting like 1,STYXL1
tr_05252,receptor interacting serine/threonine kinase 4,RIPK4
tr_05253,transmembrane protein 184C,TMEM184C
tr_05254,xin actin binding repeat containing 1,XIRP1
tr_05255,protein regulator of cytokinesis 1,PRC1
tr_05256,aldehyde oxidase 1,AOX1
tr_05257,cadherin related 23,CDH23
tr_05258,pleiotrophin,PTN
tr_05259,hydroxysteroid 17-beta dehydrogenase 1,HSD17B1
tr_05260,ATPase phospholipid transporting 8B2,ATP8B2
tr_05261,neuroguidin,NGDN
tr_05262,"plasminogen activator, urokinase",PLAU
tr_05263,tryptase alpha/beta 1,TPSAB1
tr_05264,JNK1/MAPK8 associated membrane protein,JKAMP
tr_05265,lysophosphatidic acid receptor 3,LPAR3
tr_05266,tripartite motif containing 38,TRIM38
tr_05267,interferon alpha 2,IFNA2
tr_05268,"seryl-tRNA synthetase 2, mitochondrial",SARS2
tr_05269,forkhead box N1,FOXN1
tr_05270,"polycystin 1 like 3, transient receptor potential channel interacting",PKD1L3
tr_05271,solute carrier family 28 member 2,SLC28A2
tr_05272,3-hydroxy-3-methylglutaryl-CoA synthase 2,HMGCS2
tr_05273,protein tyrosine kinase 2,PTK2
tr_05274,melanin concentrating hormone receptor 1,MCHR1
tr_05275,kelch domain containing 7B,KLHDC7B
tr_05276,potassium voltage-gated channel subfamily A member 4,KCNA4
tr_05277,solute carrier family 25 member 15,SLC25A15
tr_05278,"ras homolog family member F, filopodia associated",RHOF
tr_05279,bombesin receptor subtype 3,BRS3
tr_05280,sulfite oxidase,SUOX
tr_05281,elongation factor for RNA polymerase II 2,ELL2
tr_05282,solute carrier family 5 member 1,SLC5A1
tr_05283,fms related receptor tyrosine kinase 4,FLT4
tr_05284,aspartate dehydrogenase domain containing,ASPDH
tr_05285,regenerating family member 4,REG4
tr_05286,carboxypeptidase A6,CPA6
tr_05287,piggyBac transposable element derived 4,PGBD4
tr_05288,secernin 2,SCRN2
tr_05289,pseudouridine synthase 7 like,PUS7L
tr_05290,zinc finger protein 705B,ZNF705B
tr_05291,gamma-aminobutyric acid type A receptor subunit gamma2,GABRG2
tr_05292,RNA binding motif protein 18,RBM18
tr_05293,serine/threonine kinase 33,STK33
tr_05294,golgi transport 1B,GOLT1B
tr_05295,non-SMC condensin I complex subunit G,NCAPG
tr_05296,homeobox and leucine zipper encoding,HOMEZ
tr_05297,leukotriene B4 receptor,LTB4R
tr_05298,interleukin 1 receptor accessory protein like 1,IL1RAPL1
tr_05299,protein phosphatase 2 regulatory subunit B''gamma,PPP2R3C
tr_05300,solute carrier family 35 member E4,SLC35E4
tr_05301,acyl-CoA synthetase medium chain family member 5,ACSM5
tr_05302,adenosylhomocysteinase,AHCY
tr_05303,chromosome 15 open reading frame 61,C15orf61
tr_05304,shadow of prion protein,SPRN
tr_05305,transaldolase 1,TALDO1
tr_05306,proline-serine-threonine phosphatase interacting protein 2,PSTPIP2
tr_05307,transforming growth factor beta regulator 4,TBRG4
tr_05308,inositol polyphosphate-4-phosphatase type II B,INPP4B
tr_05309,brevican,BCAN
tr_05310,cell division cycle 25C,CDC25C
tr_05311,tripartite motif containing 15,TRIM15
tr_05312,C-X-C motif chemokine ligand 11,CXCL11
tr_05313,exocyst complex component 6,EXOC6
tr_05314,small nuclear ribonucleoprotein U11/U12 subunit 35,SNRNP35
tr_05315,serine protease 48,PRSS48
tr_05316,sorting nexin 8,SNX8
tr_05317,acetylserotonin O-methyltransferase,ASMT
tr_05318,DEAH-box helicase 37,DHX37
tr_05319,methyl-CpG binding protein 2,MECP2
tr_05320,outer dense fiber of sperm tails 1,ODF1
tr_05321,islet cell autoantigen 1,ICA1
tr_05322,family with sequence similarity 163 member A,FAM163A
tr_05323,ankyrin repeat and KH domain containing 1,ANKHD1
tr_05324,insulin receptor related receptor,INSRR
tr_05325,"obscurin, cytoskeletal calmodulin and titin-interacting RhoGEF",OBSCN
tr_05326,zinc finger protein 391,ZNF391
tr_05327,ATPase H+ transporting V0 subunit a1,ATP6V0A1
tr_05328,ubiquitin specific peptidase 50,USP50
tr_05329,deltex E3 ubiquitin ligase 2,DTX2
tr_05330,"adiponectin, C1Q and collagen domain containing",ADIPOQ
tr_05331,lysosomal protein transmembrane 5,LAPTM5
tr_05332,matrix metallopeptidase 13,MMP13
tr_05333,heart and neural crest derivatives expressed 1,HAND1
tr_05334,zinc finger and SCAN domain containing 16,ZSCAN16
tr_05335,factor interacting with PAPOLA and CPSF1,FIP1L1
tr_05336,enhancer of mRNA decapping 4,EDC4
tr_05337,phosphatidylinositol glycan anchor biosynthesis class Y,PIGY
tr_05338,endoplasmic reticulum to nucleus signaling 2,ERN2
tr_05339,ectodysplasin A receptor,EDAR
tr_05340,CCR4-NOT transcription complex subunit 10,CNOT10
tr_05341,desmocollin 3,DSC3
tr_05342,melanophilin,MLPH
tr_05343,plexin domain containing 2,PLXDC2
tr_05344,zinc finger protein 446,ZNF446
tr_05345,RNA binding motif protein 14,RBM14
tr_05346,histone cell cycle regulator,HIRA
tr_05347,SMAD specific E3 ubiquitin protein ligase 2,SMURF2
tr_05348,ankyrin repeat domain 13A,ANKRD13A
tr_05349,sulfotransferase family 1A member 2,SULT1A2
tr_05350,vasohibin 1,VASH1
tr_05351,solute carrier family 45 member 4,SLC45A4
tr_05352,solute carrier family 3 member 2,SLC3A2
tr_05353,"ankyrin repeat, SAM and basic leucine zipper domain containing 1",ASZ1
tr_05354,"UDP-GlcNAc:betaGal beta-1,3-N-acetylglucosaminyltransferase 5",B3GNT5
tr_05355,LIM domain 7,LMO7
tr_05356,follistatin,FST
tr_05357,golgin A6 family member C,GOLGA6C
tr_05358,X-box binding protein 1,XBP1
tr_05359,X-ray repair cross complementing 1,XRCC1
tr_05360,arylsulfatase B,ARSB
tr_05361,G protein-coupled receptor 176,GPR176
tr_05362,purine rich element binding protein A,PURA
tr_05363,olfactory receptor family 10 subfamily H member 1,OR10H1
tr_05364,coiled-coil domain containing 61,CCDC61
tr_05365,ATPase family AAA domain containing 3A,ATAD3A
tr_05366,makorin ring finger protein 2,MKRN2
tr_05367,transforming growth factor beta induced,TGFBI
tr_05368,glutaredoxin 2,GLRX2
tr_05369,angiopoietin 1,ANGPT1
tr_05370,zinc finger protein 80,ZNF80
tr_05371,cornichon family AMPA receptor auxiliary protein 3,CNIH3
tr_05372,"beta-1,3-N-acetylgalactosaminyltransferase 1 (Globoside blood group)",B3GALNT1
tr_05373,RNA binding motif protein 38,RBM38
tr_05374,alpha fetoprotein,AFP
tr_05375,cyclin dependent kinase 17,CDK17
tr_05376,G2/M-phase specific E3 ubiquitin protein ligase,G2E3
tr_05377,prostaglandin D2 synthase,PTGDS
tr_05378,keratin 5,KRT5
tr_05379,Parkinsonism associated deglycase,PARK7
tr_05380,FA complementation group L,FANCL
tr_05381,osteoclastogenesis associated transmembrane protein 1,OSTM1
tr_05382,calcium voltage-gated channel subunit alpha1 G,CACNA1G
tr_05383,"methylenetetrahydrofolate dehydrogenase, cyclohydrolase and formyltetrahydrofolate synthetase 1",MTHFD1
tr_05384,"GTPase, IMAP family member 8",GIMAP8
tr_05385,serpin family A member 5,SERPINA5
tr_05386,WD repeat domain 86,WDR86
tr_05387,C-type lectin domain family 4 member A,CLEC4A
tr_05388,solute carrier family 16 member 1,SLC16A1
tr_05389,branched chain amino acid transaminase 1,BCAT1
tr_05390,Bardet-Biedl syndrome 9,BBS9
tr_05391,calcium/calmodulin dependent protein kinase IG,CAMK1G
tr_05392,solute carrier family 25 member 40,SLC25A40
tr_05393,transglutaminase 5,TGM5
tr_05394,glycogen synthase 1,GYS1
tr_05395,SWI/SNF related BAF chromatin remodeling complex subunit E1,SMARCE1
tr_05396,"alanyl aminopeptidase, membrane",ANPEP
tr_05397,retinoic acid receptor beta,RARB
tr_05398,zinc finger MYND-type containing 15,ZMYND15
tr_05399,limb and CNS expressed 1,LIX1
tr_05400,R-spondin 3,RSPO3
tr_05401,microtubule associated protein 6,MAP6
tr_05402,mirror-image polydactyly 1,MIPOL1
tr_05403,C-X-C motif chemokine ligand 14,CXCL14
tr_05404,WD repeat domain 54,WDR54
tr_05405,zinc finger protein 670,ZNF670
tr_05406,kinase suppressor of ras 1,KSR1
tr_05407,spermidine/spermine N1-acetyltransferase 1,SAT1
tr_05408,adenylate cyclase 4,ADCY4
tr_05409,ubiquitin specific peptidase like 1,USPL1
tr_05410,proopiomelanocortin,POMC
tr_05411,histone deacetylase 8,HDAC8
tr_05412,serpin family A member 9,SERPINA9
tr_05413,2'-5'-oligoadenylate synthetase 1,OAS1
tr_05414,solute carrier family 35 member A4,SLC35A4
tr_05415,cyclin dependent kinase 2,CDK2
tr_05416,olfactory receptor family 4 subfamily C member 16,OR4C16
tr_05417,ATP binding cassette subfamily D member 4,ABCD4
tr_05418,ETS homologous factor,EHF
tr_05419,serine protease 12,PRSS12
tr_05420,proline dehydrogenase 1,PRODH
tr_05421,taste 2 receptor member 36,TAS2R36
tr_05422,"RNA polymerase II, I and III subunit F",POLR2F
tr_05423,modulator of apoptosis 1,MOAP1
tr_05424,nucleolar protein 10,NOL10
tr_05425,TUB like protein 3,TULP3
tr_05426,Epstein-Barr virus induced 3,EBI3
tr_05427,zinc finger protein 488,ZNF488
tr_05428,leucine rich repeat neuronal 3,LRRN3
tr_05429,anaphase promoting complex subunit 11,ANAPC11
tr_05430,TUB like protein 1,TULP1
tr_05431,"killer cell immunoglobulin like receptor, two Ig domains and short cytoplasmic tail 1",KIR2DS1
tr_05432,diacylglycerol O-acyltransferase 1,DGAT1
tr_05433,pleckstrin and Sec7 domain containing,PSD
tr_05434,olfactory receptor family 6 subfamily C member 6,OR6C6
tr_05435,calcium and integrin binding 1,CIB1
tr_05436,peptidylprolyl isomerase like 4,PPIL4
tr_05437,olfactory receptor family 5 subfamily T member 2,OR5T2
tr_05438,protein phosphatase 1 regulatory subunit 10,PPP1R10
tr_05439,3-hydroxybutyrate dehydrogenase 2,BDH2
tr_05440,sodium channel and clathrin linker 1,SCLT1
tr_05441,"nuclear factor, interleukin 3 regulated",NFIL3
tr_05442,serine incorporator 4,SERINC4
tr_05443,ribosomal protein S21,RPS21
tr_05444,thioredoxin domain containing 16,TXNDC16
tr_05445,solute carrier family 22 member 15,SLC22A15
tr_05446,nuclear receptor coactivator 4,NCOA4
tr_05447,zinc finger protein 71,ZNF71
tr_05448,interferon induced protein 44 like,IFI44L
tr_05449,ER lipid raft associated 2,ERLIN2
tr_05450,nuclear VCP like,NVL
tr_05451,regulator of G protein signaling 20,RGS20
tr_05452,X antigen family member 1A,XAGE1A
tr_05453,collagen like tail subunit of asymmetric acetylcholinesterase,COLQ
tr_05454,myosin XVI,MYO16
tr_05455,quinolinate phosphoribosyltransferase,QPRT
tr_05456,forkhead box L2,FOXL2
tr_05457,isopentenyl-diphosphate delta isomerase 2,IDI2
tr_05458,apoptosis inducing factor mitochondria associated 1,AIFM1
tr_05459,dishevelled segment polarity protein 1,DVL1
tr_05460,cyclin C,CCNC
tr_05461,tripartite motif containing 74,TRIM74
tr_05462,phosphatidylinositol specific phospholipase C X domain containing 2,PLCXD2
tr_05463,tumor suppressor candidate 1,TUSC1
tr_05464,WD repeat domain 70,WDR70
tr_05465,aminoadipate-semialdehyde synthase,AASS
tr_05466,transmembrane protein 215,TMEM215
tr_05467,adaptor related protein complex 2 subunit sigma 1,AP2S1
tr_05468,ubiquitin specific peptidase 33,USP33
tr_05469,ras homolog family member J,RHOJ
tr_05470,hemoglobin subunit beta,HBB
tr_05471,chloride voltage-gated channel 1,CLCN1
tr_05472,cyclin dependent kinase 15,CDK15
tr_05473,colipase,CLPS
tr_05474,reactive oxygen species modulator 1,ROMO1
tr_05475,proliferating cell nuclear antigen,PCNA
tr_05476,Rho GTPase activating protein 27,ARHGAP27
tr_05477,spleen associated tyrosine kinase,SYK
tr_05478,DEAQ-box RNA dependent ATPase 1,DQX1
tr_05479,zinc finger protein 662,ZNF662
tr_05480,heparan sulfate 2-O-sulfotransferase 1,HS2ST1
tr_05481,eukaryotic translation elongation factor 2,EEF2
tr_05482,autophagy related 9B,ATG9B
tr_05483,CREB regulated transcription coactivator 1,CRTC1
tr_05484,zinc finger protein 600,ZNF600
tr_05485,peptidylprolyl isomerase B,PPIB
tr_05486,kelch domain containing 7A,KLHDC7A
tr_05487,large 60S subunit nuclear export GTPase 1,LSG1
tr_05488,formyl peptide receptor 3,FPR3
tr_05489,platelet activating factor acetylhydrolase 1b catalytic subunit 3,PAFAH1B3
tr_05490,heterogeneous nuclear ribonucleoprotein D,HNRNPD
tr_05491,"GTPase, IMAP family member 6",GIMAP6
tr_05492,carbohydrate sulfotransferase 5,CHST5
tr_05493,splA/ryanodine receptor domain and SOCS box containing 3,SPSB3
tr_05494,Src homology 2 domain containing E,SHE
tr_05495,membrane spanning 4-domains A13,MS4A13
tr_05496,mitogen-activated protein kinase kinase kinase 3,MAP3K3
tr_05497,ubiquilin 3,UBQLN3
tr_05498,marker of proliferation Ki-67,MKI67
tr_05499,olfactory receptor family 6 subfamily N member 1,OR6N1
tr_05500,keratin associated protein 20-3,KRTAP20-3
tr_05501,chromatin accessibility complex subunit 1,CHRAC1
tr_05502,glutamate dehydrogenase 1,GLUD1
tr_05503,solute carrier family 31 member 1,SLC31A1
tr_05504,5'-3' exoribonuclease 1,XRN1
tr_05505,sperm associated antigen 16,SPAG16
tr_05506,ribosomal protein L4,RPL4
tr_05507,"DM1 locus, WD repeat containing",DMWD
tr_05508,ALF transcription elongation factor 1,AFF1
tr_05509,matrix metallopeptidase 14,MMP14
tr_05510,corticotropin releasing hormone receptor 2,CRHR2
tr_05511,PEST proteolytic signal containing nuclear protein,PCNP
tr_05512,cyclin dependent kinase like 1,CDKL1
tr_05513,keratin associated protein 12-3,KRTAP12-3
tr_05514,RNA binding motif protein 24,RBM24
tr_05515,calbindin 1,CALB1
tr_05516,leiomodin 1,LMOD1
tr_05517,protein kinase C epsilon,PRKCE
tr_05518,proline rich 5,PRR5
tr_05519,zinc finger protein 507,ZNF507
tr_05520,FERM domain containing 1,FRMD1
tr_05521,A-kinase anchoring protein 7,AKAP7
tr_05522,exostosin glycosyltransferase 2,EXT2
tr_05523,Rh associated glycoprotein,RHAG
tr_05524,mitotic arrest deficient 1 like 1,MAD1L1
tr_05525,vascular endothelial growth factor B,VEGFB
tr_05526,cannabinoid receptor 2,CNR2
tr_05527,fatty acid synthase,FASN
tr_05528,cyclin dependent kinase 2 associated protein 1,CDK2AP1
tr_05529,tripartite motif containing 10,TRIM10
tr_05530,lysine demethylase 4A,KDM4A
tr_05531,histone deacetylase 10,HDAC10
tr_05532,integrator complex subunit 5,INTS5
tr_05533,ankyrin repeat domain 50,ANKRD50
tr_05534,cysteine sulfinic acid decarboxylase,CSAD
tr_05535,integrin subunit alpha D,ITGAD
tr_05536,zinc finger protein 221,ZNF221
tr_05537,NOP2/Sun RNA methyltransferase family member 7,NSUN7
tr_05538,sperm autoantigenic protein 17,SPA17
tr_05539,CKLF like MARVEL transmembrane domain containing 2,CMTM2
tr_05540,multiple inositol-polyphosphate phosphatase 1,MINPP1
tr_05541,ribosomal protein S6 kinase A1,RPS6KA1
tr_05542,HIG1 hypoxia inducible domain family member 1C,HIGD1C
tr_05543,thioredoxin domain containing 8,TXNDC8
tr_05544,tryptophan hydroxylase 1,TPH1
tr_05545,mbt domain containing 1,MBTD1
tr_05546,cytochrome P450 family 27 subfamily B member 1,CYP27B1
tr_05547,FSHD region gene 1,FRG1
tr_05548,ring finger protein 14,RNF14
tr_05549,lymphocyte transmembrane adaptor 1,LAX1
tr_05550,glycogenin 1,GYG1
tr_05551,chromosome 15 open reading frame 40,C15orf40
tr_05552,"lipase F, gastric type",LIPF
tr_05553,metallothionein 1M,MT1M
tr_05554,protein phosphatase 1 regulatory inhibitor subunit 11,PPP1R11
tr_05555,apelin receptor,APLNR
tr_05556,fibroblast growth factor 18,FGF18
tr_05557,pre-mRNA processing factor 40B,PRPF40B
tr_05558,"ribonuclease A family member 1, pancreatic",RNASE1
tr_05559,proteasome 20S subunit alpha 7,PSMA7
tr_05560,WD repeat domain 27,WDR27
tr_05561,zinc finger protein 331,ZNF331
tr_05562,zinc finger protein 132,ZNF132
tr_05563,polycomb group ring finger 1,PCGF1
tr_05564,glutamate ionotropic receptor kainate type subunit 2,GRIK2
tr_05565,solute carrier family 23 member 3,SLC23A3
tr_05566,interleukin 6 receptor,IL6R
tr_05567,keratin associated protein 20-2,KRTAP20-2
tr_05568,betaine--homocysteine S-methyltransferase 2,BHMT2
tr_05569,basic transcription factor 3 like 4,BTF3L4
tr_05570,keratin associated protein 2-1,KRTAP2-1
tr_05571,amyloid beta precursor protein binding family B member 3,APBB3
tr_05572,serpin family A member 10,SERPINA10
tr_05573,haloacid dehalogenase like hydrolase domain containing 2,HDHD2
tr_05574,ubiquitin conjugating enzyme E2 L6,UBE2L6
tr_05575,G-patch domain containing 2,GPATCH2
tr_05576,visual system homeobox 1,VSX1
tr_05577,serine peptidase inhibitor Kazal type 2,SPINK2
tr_05578,carboxypeptidase B1,CPB1
tr_05579,cofilin 2,CFL2
tr_05580,G protein-coupled receptor 107,GPR107
tr_05581,lipocalin 15,LCN15
tr_05582,keratin 19,KRT19
tr_05583,Jun dimerization protein 2,JDP2
tr_05584,solute carrier family 39 member 8,SLC39A8
tr_05585,structural maintenance of chromosomes flexible hinge domain containing 1,SMCHD1
tr_05586,myosin phosphatase Rho interacting protein,MPRIP
tr_05587,chitinase domain containing 1,CHID1
tr_05588,fibroblast growth factor 12,FGF12
tr_05589,zinc finger and BTB domain containing 47,ZBTB47
tr_05590,hematopoietically expressed homeobox,HHEX
tr_05591,chymotrypsin like elastase 2A,CELA2A
tr_05592,SPARC related modular calcium binding 1,SMOC1
tr_05593,zinc finger protein 474,ZNF474
tr_05594,NADH:ubiquinone oxidoreductase subunit B9,NDUFB9
tr_05595,actin related protein 10,ACTR10
tr_05596,zinc finger protein 385A,ZNF385A
tr_05597,zinc finger and BTB domain containing 45,ZBTB45
tr_05598,mitochondrial ribosomal protein L27,MRPL27
tr_05599,leucine rich repeat and Ig domain containing 1,LINGO1
tr_05600,tRNA-yW synthesizing protein 3 homolog,TYW3
tr_05601,transition protein 2,TNP2
tr_05602,DNA topoisomerase I mitochondrial,TOP1MT
tr_05603,killer cell lectin like receptor D1,KLRD1
tr_05604,exocyst complex component 3,EXOC3
tr_05605,piwi like RNA-mediated gene silencing 3,PIWIL3
tr_05606,solute carrier family 1 member 4,SLC1A4
tr_05607,calpain 7,CAPN7
tr_05608,solute carrier family 4 member 5,SLC4A5
tr_05609,zinc finger protein 276,ZNF276
tr_05610,olfactory receptor family 5 subfamily L member 2,OR5L2
tr_05611,zinc finger protein 420,ZNF420
tr_05612,crystallin gamma C,CRYGC
tr_05613,sorting nexin 31,SNX31
tr_05614,olfactory receptor family 11 subfamily H member 4,OR11H4
tr_05615,R-spondin 1,RSPO1
tr_05616,potassium channel tetramerization domain containing 2,KCTD2
tr_05617,"5'-nucleotidase, cytosolic II",NT5C2
tr_05618,granulysin,GNLY
tr_05619,adaptor related protein complex 1 subunit mu 1,AP1M1
tr_05620,retinol binding protein 5,RBP5
tr_05621,oxysterol binding protein like 11,OSBPL11
tr_05622,serpin family A member 12,SERPINA12
tr_05623,methionine sulfoxide reductase B2,MSRB2
tr_05624,NOTCH regulated ankyrin repeat protein,NRARP
tr_05625,ubiquitin specific peptidase 6,USP6
tr_05626,tetraspanin 7,TSPAN7
tr_05627,"amylo-alpha-1,6-glucosidase and 4-alpha-glucanotransferase",AGL
tr_05628,1-aminocyclopropane-1-carboxylate synthase homolog (inactive) like,ACCSL
tr_05629,erythroblast membrane associated protein (Scianna blood group),ERMAP
tr_05630,myosin heavy chain 4,MYH4
tr_05631,zinc finger protein 846,ZNF846
tr_05632,small nuclear ribonucleoprotein U1 subunit 70,SNRNP70
tr_05633,baculoviral IAP repeat containing 5,BIRC5
tr_05634,dynein axonemal heavy chain 17,DNAH17
tr_05635,small nuclear ribonucleoprotein polypeptide A',SNRPA1
tr_05636,"major histocompatibility complex, class I, C",HLA-C
tr_05637,GRB2 related adaptor protein 2,GRAP2
tr_05638,poly(ADP-ribose) polymerase family member 3,PARP3
tr_05639,neuromedin U receptor 1,NMUR1
tr_05640,uncoupling protein 1,UCP1
tr_05641,achaete-scute family bHLH transcription factor 3,ASCL3
tr_05642,polypeptide N-acetylgalactosaminyltransferase 13,GALNT13
tr_05643,cerebral dopamine neurotrophic factor,CDNF
tr_05644,pseudouridine synthase 7,PUS7
tr_05645,"leucine rich repeat, Ig-like and transmembrane domains 2",LRIT2
tr_05646,peroxisomal biogenesis factor 11 beta,PEX11B
tr_05647,olfactory receptor family 4 subfamily F member 29,OR4F29
tr_05648,ribosomal protein S6 kinase B1,RPS6KB1
tr_05649,neuropeptide Y receptor Y1,NPY1R
tr_05650,solute carrier family 35 member A2,SLC35A2
tr_05651,olfactory receptor family 5 subfamily K member 2,OR5K2
tr_05652,R-spondin 2,RSPO2
tr_05653,hypocretin receptor 1,HCRTR1
tr_05654,olfactory receptor family 4 subfamily K member 2,OR4K2
tr_05655,methyl-CpG binding domain protein 5,MBD5
tr_05656,Rho guanine nucleotide exchange factor 1,ARHGEF1
tr_05657,myosin VC,MYO5C
tr_05658,SAM and SH3 domain containing 3,SASH3
tr_05659,solute carrier family 22 member 6,SLC22A6
tr_05660,"mal, T cell differentiation protein like",MALL
tr_05661,platelet derived growth factor receptor alpha,PDGFRA
tr_05662,dual specificity phosphatase 22,DUSP22
tr_05663,mevalonate kinase,MVK
tr_05664,zinc finger AN1-type containing 6,ZFAND6
tr_05665,lysyl oxidase like 1,LOXL1
tr_05666,ankyrin repeat domain 13B,ANKRD13B
tr_05667,fibroblast growth factor 10,FGF10
tr_05668,cell division cycle 25A,CDC25A
tr_05669,proprotein convertase subtilisin/kexin type 1 inhibitor,PCSK1N
tr_05670,phosphatidylinositol 4-kinase alpha,PI4KA
tr_05671,mediator complex subunit 13L,MED13L
tr_05672,phospholipid scramblase family member 5,PLSCR5
tr_05673,inosine monophosphate dehydrogenase 1,IMPDH1
tr_05674,mohawk homeobox,MKX
tr_05675,pyrin domain containing 1,PYDC1
tr_05676,microfibril associated protein 1,MFAP1
tr_05677,kinesin family member 2C,KIF2C
tr_05678,reticulon 1,RTN1
tr_05679,src kinase associated phosphoprotein 2,SKAP2
tr_05680,SUMO specific peptidase 1,SENP1
tr_05681,"GTPase, IMAP family member 2",GIMAP2
tr_05682,olfactory receptor family 2 subfamily J member 2,OR2J2
tr_05683,flavin containing dimethylaniline monoxygenase 1,FMO1
tr_05684,PR/SET domain 5,PRDM5
tr_05685,solute carrier family 9 member A7,SLC9A7
tr_05686,zinc finger protein 184,ZNF184
tr_05687,semaphorin 3C,SEMA3C
tr_05688,G protein subunit alpha z,GNAZ
tr_05689,solute carrier family 6 member 20,SLC6A20
tr_05690,chromosome 10 open reading frame 53,C10orf53
tr_05691,ubiquitin specific peptidase 14,USP14
tr_05692,chromosome 6 open reading frame 136,C6orf136
tr_05693,solute carrier family 29 member 2,SLC29A2
tr_05694,F-box protein 30,FBXO30
tr_05695,smoothelin like 2,SMTNL2
tr_05696,B cell linker,BLNK
tr_05697,scavenger receptor class A member 3,SCARA3
tr_05698,C-C motif chemokine ligand 21,CCL21
tr_05699,phosphodiesterase 5A,PDE5A
tr_05700,homeobox B13,HOXB13
tr_05701,polycomb group ring finger 5,PCGF5
tr_05702,leucine rich repeat and Ig domain containing 3,LINGO3
tr_05703,defensin beta 107A,DEFB107A
tr_05704,dynein cytoplasmic 1 light intermediate chain 1,DYNC1LI1
tr_05705,profilin 3,PFN3
tr_05706,family with sequence similarity 53 member C,FAM53C
tr_05707,fascin actin-bundling protein 3,FSCN3
tr_05708,golgin A5,GOLGA5
tr_05709,glutathione S-transferase mu 5,GSTM5
tr_05710,syntaxin 3,STX3
tr_05711,potassium channel tetramerization domain containing 17,KCTD17
tr_05712,butyrophilin like 9,BTNL9
tr_05713,pancreatic lipase related protein 3,PNLIPRP3
tr_05714,glutamic-oxaloacetic transaminase 1 like 1,GOT1L1
tr_05715,cystatin like 1,CSTL1
tr_05716,glycerol-3-phosphate dehydrogenase 2,GPD2
tr_05717,lysine demethylase 5D,KDM5D
tr_05718,BRCA1 associated protein,BRAP
tr_05719,coiled-coil domain containing 152,CCDC152
tr_05720,ribonucleic acid export 1,RAE1
tr_05721,chromosome 12 open reading frame 76,C12orf76
tr_05722,killer cell lectin like receptor B1,KLRB1
tr_05723,plexin A1,PLXNA1
tr_05724,Rho guanine nucleotide exchange factor 16,ARHGEF16
tr_05725,melanocortin 2 receptor accessory protein,MRAP
tr_05726,telomeric repeat binding factor 1,TERF1
tr_05727,galactosidase alpha,GLA
tr_05728,G protein signaling modulator 1,GPSM1
tr_05729,signal induced proliferation associated 1 like 1,SIPA1L1
tr_05730,protein phosphatase 2 regulatory subunit Bbeta,PPP2R2B
tr_05731,exostosin like glycosyltransferase 3,EXTL3
tr_05732,growth factor independent 1B transcriptional repressor,GFI1B
tr_05733,stearoyl-CoA desaturase 5,SCD5
tr_05734,ubiquinol-cytochrome c reductase hinge protein,UQCRH
tr_05735,defensin alpha 4,DEFA4
tr_05736,pleckstrin homology and RhoGEF domain containing G4B,PLEKHG4B
tr_05737,chromosome 16 open reading frame 90,C16orf90
tr_05738,NFKB repressing factor,NKRF
tr_05739,protamine 3,PRM3
tr_05740,G protein-coupled receptor 31,GPR31
tr_05741,coronin 1B,CORO1B
tr_05742,R-spondin 4,RSPO4
tr_05743,aldo-keto reductase family 1 member B10,AKR1B10
tr_05744,ATP binding cassette subfamily B member 7,ABCB7
tr_05745,hydroxysteroid 17-beta dehydrogenase 3,HSD17B3
tr_05746,olfactory receptor family 2 subfamily A member 25,OR2A25
tr_05747,G protein-coupled receptor 78,GPR78
tr_05748,zinc finger protein 404,ZNF404
tr_05749,non-SMC condensin I complex subunit H,NCAPH
tr_05750,parathyroid hormone,PTH
tr_05751,leucine rich repeats and immunoglobulin like domains 2,LRIG2
tr_05752,docking protein 6,DOK6
tr_05753,cysteine rich transmembrane BMP regulator 1,CRIM1
tr_05754,transmembrane channel like 1,TMC1
tr_05755,N-deacetylase and N-sulfotransferase 2,NDST2
tr_05756,macrophage stimulating 1 receptor,MST1R
tr_05757,hypoxia up-regulated 1,HYOU1
tr_05758,ring finger protein 128,RNF128
tr_05759,cytochrome P450 family 2 subfamily F member 1,CYP2F1
tr_05760,diphthamide biosynthesis 3,DPH3
tr_05761,cytochrome P450 family 2 subfamily A member 13,CYP2A13
tr_05762,jumonji domain containing 8,JMJD8
tr_05763,transmembrane protein 42,TMEM42
tr_05764,ssemaphorin 4F,SEMA4F
tr_05765,AT-rich interaction domain 2,ARID2
tr_05766,golgin A8 family member A,GOLGA8A
tr_05767,regulator of G protein signaling 10,RGS10
tr_05768,von Willebrand factor A domain containing 5B1,VWA5B1
tr_05769,keratin associated protein 10-7,KRTAP10-7
tr_05770,solute carrier family 35 member D2,SLC35D2
tr_05771,zinc finger protein 2,ZNF2
tr_05772,olfactory receptor family 10 subfamily R member 2,OR10R2
tr_05773,proline rich protein HaeIII subfamily 2,PRH2
tr_05774,cholinergic receptor nicotinic beta 2 subunit,CHRNB2
tr_05775,mitochondrial ribosomal protein L45,MRPL45
tr_05776,cytochrome c oxidase subunit 4I1,COX4I1
tr_05777,bridging integrator 3,BIN3
tr_05778,IKAROS family zinc finger 2,IKZF2
tr_05779,gamma-glutamyltransferase light chain family member 3,GGTLC3
tr_05780,prosaposin like 1,PSAPL1
tr_05781,claudin 20,CLDN20
tr_05782,glutamic-oxaloacetic transaminase 1,GOT1
tr_05783,coenzyme Q10A,COQ10A
tr_05784,dickkopf Wnt signaling pathway inhibitor 2,DKK2
tr_05785,nudix hydrolase 21,NUDT21
tr_05786,programmed cell death 4,PDCD4
tr_05787,zinc finger protein 225,ZNF225
tr_05788,tripartite motif containing 14,TRIM14
tr_05789,DEAD/H-box helicase 11,DDX11
tr_05790,dihydropyrimidinase,DPYS
tr_05791,ubiquitin like 4A,UBL4A
tr_05792,chromosome 16 open reading frame 46,C16orf46
tr_05793,kelch repeat and BTB domain containing 12,KBTBD12
tr_05794,chromosome 17 open reading frame 75,C17orf75
tr_05795,chromodomain helicase DNA binding protein 1 like,CHD1L
tr_05796,enhancer of polycomb 1,EPC1
tr_05797,paired box 4,PAX4
tr_05798,tripartite motif containing 64C,TRIM64C
tr_05799,cell adhesion molecule 1,CADM1
tr_05800,phosphatidylinositol 4-kinase type 2 beta,PI4K2B
tr_05801,regenerating family member 1 beta,REG1B
tr_05802,multiple PDZ domain crumbs cell polarity complex component,MPDZ
tr_05803,catenin alpha 1,CTNNA1
tr_05804,solute carrier family 39 member 7,SLC39A7
tr_05805,zinc finger protein 800,ZNF800
tr_05806,TATA-box binding protein associated factor 6,TAF6
tr_05807,nuclear receptor binding SET domain protein 1,NSD1
tr_05808,immunoglobin superfamily member 21,IGSF21
tr_05809,interleukin 13 receptor subunit alpha 2,IL13RA2
tr_05810,calcium binding protein 2,CABP2
tr_05811,homeodomain interacting protein kinase 2,HIPK2
tr_05812,mitochondrial ribosomal protein L42,MRPL42
tr_05813,immunoglobulin mu DNA binding protein 2,IGHMBP2
tr_05814,gonadotropin releasing hormone 1,GNRH1
tr_05815,coiled-coil-helix-coiled-coil-helix domain containing 2,CHCHD2
tr_05816,transcriptional adaptor 2B,TADA2B
tr_05817,dynein light chain LC8-type 1,DYNLL1
tr_05818,olfactory receptor family 2 subfamily G member 2,OR2G2
tr_05819,trafficking protein particle complex subunit 5,TRAPPC5
tr_05820,tripartite motif containing 64B,TRIM64B
tr_05821,ribosomal protein S6 kinase A5,RPS6KA5
tr_05822,anoctamin 6,ANO6
tr_05823,eukaryotic translation initiation factor 3 subunit H,EIF3H
tr_05824,ribosomal protein S2,RPS2
tr_05825,fasciculation and elongation protein zeta 1,FEZ1
tr_05826,"B-Raf proto-oncogene, serine/threonine kinase",BRAF
tr_05827,coronin 6,CORO6
tr_05828,phosphorylase kinase regulatory subunit alpha 1,PHKA1
tr_05829,TGFB induced factor homeobox 1,TGIF1
tr_05830,kinesin family member 1A,KIF1A
tr_05831,solute carrier family 39 member 12,SLC39A12
tr_05832,beta-ureidopropionase 1,UPB1
tr_05833,potassium two pore domain channel subfamily K member 2,KCNK2
tr_05834,ribosomal protein S27a,RPS27A
tr_05835,brain derived neurotrophic factor,BDNF
tr_05836,arylacetamide deacetylase like 4,AADACL4
tr_05837,interleukin 1 receptor like 2,IL1RL2
tr_05838,sorting nexin 17,SNX17
tr_05839,oligodendrocyte transcription factor 3,OLIG3
tr_05840,katanin catalytic subunit A1,KATNA1
tr_05841,tumor protein D52,TPD52
tr_05842,schlafen family member 12 like,SLFN12L
tr_05843,cell cycle progression 1,CCPG1
tr_05844,cyclin K,CCNK
tr_05845,ribosomal protein L19,RPL19
tr_05846,"opsin 1, medium wave sensitive",OPN1MW
tr_05847,bone morphogenetic protein 1,BMP1
tr_05848,potassium voltage-gated channel subfamily B member 1,KCNB1
tr_05849,NADH:ubiquinone oxidoreductase subunit A1,NDUFA1
tr_05850,"mucin 5B, oligomeric mucus/gel-forming",MUC5B
tr_05851,sodium voltage-gated channel alpha subunit 8,SCN8A
tr_05852,zinc finger RANBP2-type containing 3,ZRANB3
tr_05853,trafficking protein particle complex subunit 2,TRAPPC2
tr_05854,tripartite motif containing 34,TRIM34
tr_05855,basic transcription factor 3,BTF3
tr_05856,olfactory receptor family 8 subfamily B member 3,OR8B3
tr_05857,protein phosphatase 1 regulatory subunit 3B,PPP1R3B
tr_05858,lipase I,LIPI
tr_05859,prolactin releasing hormone,PRLH
tr_05860,exocyst complex component 4,EXOC4
tr_05861,actin related protein 2/3 complex subunit 5 like,ARPC5L
tr_05862,retinol binding protein 7,RBP7
tr_05863,UL16 binding protein 1,ULBP1
tr_05864,"lon peptidase 1, mitochondrial",LONP1
tr_05865,C-type lectin domain family 12 member A,CLEC12A
tr_05866,coiled-coil and C2 domain containing 1B,CC2D1B
tr_05867,caspase 5,CASP5
tr_05868,poly(ADP-ribose) polymerase family member 14,PARP14
tr_05869,diphthamide biosynthesis 5,DPH5
tr_05870,FERM domain containing 3,FRMD3
tr_05871,ATPase phospholipid transporting 9A,ATP9A
tr_05872,PR/SET domain 11,PRDM11
tr_05873,solute carrier family 25 member 2,SLC25A2
tr_05874,olfactory receptor family 9 subfamily I member 1,OR9I1
tr_05875,integrin subunit alpha V,ITGAV
tr_05876,transmembrane protein 192,TMEM192
tr_05877,acylaminoacyl-peptide hydrolase,APEH
tr_05878,fibronectin type III and ankyrin repeat domains 1,FANK1
tr_05879,synaptotagmin like 3,SYTL3
tr_05880,phosphodiesterase 4D interacting protein,PDE4DIP
tr_05881,olfactory receptor family 6 subfamily F member 1,OR6F1
tr_05882,zinc finger protein 439,ZNF439
tr_05883,protein tyrosine phosphatase non-receptor type 5,PTPN5
tr_05884,heat shock protein family A (Hsp70) member 1A,HSPA1A
tr_05885,major intrinsic protein of lens fiber,MIP
tr_05886,spermatogenesis associated 12,SPATA12
tr_05887,relaxin 2,RLN2
tr_05888,developmentally regulated GTP binding protein 1,DRG1
tr_05889,zinc finger protein 333,ZNF333
tr_05890,kinesin family member 1B,KIF1B
tr_05891,solute carrier family 31 member 2,SLC31A2
tr_05892,FSHD region gene 2,FRG2
tr_05893,Bardet-Biedl syndrome 12,BBS12
tr_05894,valosin containing protein interacting protein 1,VCPIP1
tr_05895,aminopeptidase like 1,NPEPL1
tr_05896,death associated protein 3,DAP3
tr_05897,calcium homeostasis modulator 3,CALHM3
tr_05898,ankyrin repeat domain 37,ANKRD37
tr_05899,insulin like growth factor binding protein 6,IGFBP6
tr_05900,galectin 1,LGALS1
tr_05901,POM121 and ZP3 fusion,POMZP3
tr_05902,lysine acetyltransferase 5,KAT5
tr_05903,proteasome 20S subunit beta 5,PSMB5
tr_05904,clathrin light chain A,CLTA
tr_05905,olfactory receptor family 56 subfamily A member 5,OR56A5
tr_05906,cyclin F,CCNF
tr_05907,neutral cholesterol ester hydrolase 1,NCEH1
tr_05908,zinc finger protein 613,ZNF613
tr_05909,zinc finger and BTB domain containing 39,ZBTB39
tr_05910,myosin light chain kinase family member 4,MYLK4
tr_05911,aldo-keto reductase family 1 member A1,AKR1A1
tr_05912,dishevelled binding antagonist of beta catenin 2,DACT2
tr_05913,zinc finger protein 461,ZNF461
tr_05914,galactose-3-O-sulfotransferase 2,GAL3ST2
tr_05915,napsin A aspartic peptidase,NAPSA
tr_05916,solute carrier family 7 member 4,SLC7A4
tr_05917,zona pellucida glycoprotein 3,ZP3
tr_05918,myosin X,MYO10
tr_05919,cyclin E1,CCNE1
tr_05920,solute carrier family 27 member 3,SLC27A3
tr_05921,phospholipase A2 group IID,PLA2G2D
tr_05922,transketolase like 1,TKTL1
tr_05923,transmembrane protein 144,TMEM144
tr_05924,solute carrier organic anion transporter family member 2B1,SLCO2B1
tr_05925,leucine rich repeat containing 8 VRAC subunit A,LRRC8A
tr_05926,parathyroid hormone 1 receptor,PTH1R
tr_05927,integrin subunit alpha 4,ITGA4
tr_05928,olfactory receptor family 4 subfamily K member 17,OR4K17
tr_05929,polypyrimidine tract binding protein 2,PTBP2
tr_05930,F-box protein 45,FBXO45
tr_05931,"methyltransferase 2B, tRNA N3-cytidine",METTL2B
tr_05932,solute carrier family 35 member E1,SLC35E1
tr_05933,"ArfGAP with GTPase domain, ankyrin repeat and PH domain 9",AGAP9
tr_05934,protein O-fucosyltransferase 3,POFUT3
tr_05935,protein phosphatase 1 regulatory subunit 15B,PPP1R15B
tr_05936,lipoyl(octanoyl) transferase 2,LIPT2
tr_05937,otopetrin 2,OTOP2
tr_05938,erb-b2 receptor tyrosine kinase 4,ERBB4
tr_05939,prokineticin receptor 1,PROKR1
tr_05940,DEAD-box helicase 24,DDX24
tr_05941,photoreceptor disc component,PRCD
tr_05942,LDL receptor related protein 2,LRP2
tr_05943,insulin receptor substrate 4,IRS4
tr_05944,contactin associated protein family member 3B,CNTNAP3B
tr_05945,WD repeat domain 36,WDR36
tr_05946,plasminogen like B2,PLGLB2
tr_05947,centrin 1,CETN1
tr_05948,fibroblast activation protein alpha,FAP
tr_05949,DNA damage inducible transcript 4,DDIT4
tr_05950,speedy/RINGO cell cycle regulator family member E1,SPDYE1
tr_05951,"zinc finger CCCH-type containing, antiviral 1",ZC3HAV1
tr_05952,transmembrane p24 trafficking protein 5,TMED5
tr_05953,olfactory receptor family 6 subfamily C member 4,OR6C4
tr_05954,nuclear receptor subfamily 2 group F member 6,NR2F6
tr_05955,olfactomedin 4,OLFM4
tr_05956,amphiregulin,AREG
tr_05957,tigger transposable element derived 7,TIGD7
tr_05958,fibrinogen gamma chain,FGG
tr_05959,mastermind like transcriptional coactivator 3,MAML3
tr_05960,family with sequence similarity 168 member B,FAM168B
tr_05961,matrix Gla protein,MGP
tr_05962,proteasome 20S subunit alpha 2,PSMA2
tr_05963,proline rich 23C,PRR23C
tr_05964,peroxisome proliferator activated receptor delta,PPARD
tr_05965,monoacylglycerol O-acyltransferase 1,MOGAT1
tr_05966,chromobox 1,CBX1
tr_05967,cubilin,CUBN
tr_05968,deleted in azoospermia 2,DAZ2
tr_05969,fibulin 7,FBLN7
tr_05970,cAMP responsive element binding protein 5,CREB5
tr_05971,ATP binding cassette subfamily C member 3,ABCC3
tr_05972,zinc finger and SCAN domain containing 5B,ZSCAN5B
tr_05973,SV2 related protein,SVOP
tr_05974,forkhead box C1,FOXC1
tr_05975,"hydroxy-delta-5-steroid dehydrogenase, 3 beta- and steroid delta-isomerase 1",HSD3B1
tr_05976,phosphatase and tensin homolog,PTEN
tr_05977,A-kinase anchoring protein 1,AKAP1
tr_05978,lysophosphatidylglycerol acyltransferase 1,LPGAT1
tr_05979,myelin oligodendrocyte glycoprotein,MOG
tr_05980,purinergic receptor P2X 3,P2RX3
tr_05981,"actin gamma 2, smooth muscle",ACTG2
tr_05982,G protein-coupled receptor 19,GPR19
tr_05983,chromosome 2 open reading frame 76,C2orf76
tr_05984,zinc finger protein 566,ZNF566
tr_05985,olfactory receptor family 56 subfamily B member 1,OR56B1
tr_05986,transmembrane protein 151A,TMEM151A
tr_05987,cytochrome P450 family 4 subfamily F member 8,CYP4F8
tr_05988,ubiquitin conjugating enzyme E2 G2,UBE2G2
tr_05989,nuclear autoantigenic sperm protein,NASP
tr_05990,zinc finger protein 286A,ZNF286A
tr_05991,spermatogenesis associated 1,SPATA1
tr_05992,regulator of G protein signaling 2,RGS2
tr_05993,netrin 5,NTN5
tr_05994,cell division cycle associated 3,CDCA3
tr_05995,serpin family B member 6,SERPINB6
tr_05996,granzyme B,GZMB
tr_05997,transient receptor potential cation channel subfamily V member 2,TRPV2
tr_05998,gastric inhibitory polypeptide,GIP
tr_05999,general transcription factor IIH subunit 1,GTF2H1
tr_06000,olfactory receptor family 10 subfamily A member 3,OR10A3
tr_06001,proteasome assembly chaperone 3,PSMG3
tr_06002,Rho GTPase activating protein 21,ARHGAP21
tr_06003,solute carrier family 9 member A8,SLC9A8
tr_06004,phospholipase A2 group IVA,PLA2G4A
tr_06005,crystallin zeta like 1,CRYZL1
tr_06006,ribosomal protein L7,RPL7
tr_06007,oligophrenin 1,OPHN1
tr_06008,checkpoint kinase 2,CHEK2
tr_06009,nicotinamide nucleotide adenylyltransferase 1,NMNAT1
tr_06010,enamelin,ENAM
tr_06011,U2 small nuclear RNA auxiliary factor 1,U2AF1
tr_06012,opioid binding protein/cell adhesion molecule like,OPCML
tr_06013,ribosomal protein L23,RPL23
tr_06014,netrin G2,NTNG2
tr_06015,RIB43A domain with coiled-coils 2,RIBC2
tr_06016,bone marrow stromal cell antigen 2,BST2
tr_06017,fibrillarin like rRNA 2'-O-methyltransferase 1,FBLL1
tr_06018,netrin 1,NTN1
tr_06019,outer dense fiber of sperm tails 2 like,ODF2L
tr_06020,A-kinase anchoring protein 13,AKAP13
tr_06021,mediator complex subunit 19,MED19
tr_06022,"alpha-1,3-mannosyl-glycoprotein 4-beta-N-acetylglucosaminyltransferase B",MGAT4B
tr_06023,DEAH-box helicase 33,DHX33
tr_06024,eukaryotic translation elongation factor 1 delta,EEF1D
tr_06025,coiled-coil domain 40 molecular ruler complex subunit,CCDC40
tr_06026,zinc finger protein 441,ZNF441
tr_06027,aspartyl aminopeptidase,DNPEP
tr_06028,NADH:ubiquinone oxidoreductase core subunit S2,NDUFS2
tr_06029,poly(ADP-ribose) polymerase family member 12,PARP12
tr_06030,olfactory receptor family 13 subfamily C member 9,OR13C9
tr_06031,cytochrome b561 family member D1,CYB561D1
tr_06032,zona pellucida glycoprotein 4,ZP4
tr_06033,RNA binding motif protein 5,RBM5
tr_06034,tubulin epsilon 1,TUBE1
tr_06035,nuclear transcription factor Y subunit alpha,NFYA
tr_06036,chromosome 10 open reading frame 90,C10orf90
tr_06037,RPTOR independent companion of MTOR complex 2,RICTOR
tr_06038,zeta chain of T cell receptor associated protein kinase 70,ZAP70
tr_06039,olfactory receptor family 10 subfamily J member 4 (gene/pseudogene),OR10J4
tr_06040,X-prolyl aminopeptidase 3,XPNPEP3
tr_06041,class II major histocompatibility complex transactivator,CIITA
tr_06042,Janus kinase 1,JAK1
tr_06043,Rap associating with DIL domain,RADIL
tr_06044,sorting nexin 14,SNX14
tr_06045,RB transcriptional corepressor like 2,RBL2
tr_06046,serum/glucocorticoid regulated kinase 1,SGK1
tr_06047,pleckstrin homology like domain family B member 2,PHLDB2
tr_06048,leucine rich repeat containing 18,LRRC18
tr_06049,kinesin family member 5C,KIF5C
tr_06050,protein disulfide isomerase family A member 2,PDIA2
tr_06051,olfactory receptor family 5 subfamily M member 8,OR5M8
tr_06052,PML-RARA regulated adaptor molecule 1,PRAM1
tr_06053,cysteine and tyrosine rich 1,CYYR1
tr_06054,coiled-coil domain 39 molecular ruler complex subunit,CCDC39
tr_06055,nuclear transcription factor Y subunit gamma,NFYC
tr_06056,acyl-CoA synthetase long chain family member 1,ACSL1
tr_06057,integrin subunit alpha 10,ITGA10
tr_06058,odorant binding protein 2A,OBP2A
tr_06059,integrin subunit alpha E,ITGAE
tr_06060,cannabinoid receptor 1,CNR1
tr_06061,chondroitin sulfate N-acetylgalactosaminyltransferase 1,CSGALNACT1
tr_06062,makorin ring finger protein 3,MKRN3
tr_06063,DR1 associated protein 1,DRAP1
tr_06064,G protein-coupled receptor 26,GPR26
tr_06065,eukaryotic translation initiation factor 2 alpha kinase 4,EIF2AK4
tr_06066,vascular endothelial zinc finger 1,VEZF1
tr_06067,protein inhibitor of activated STAT 4,PIAS4
tr_06068,N-acetyltransferase 8 (putative),NAT8
tr_06069,contactin 5,CNTN5
tr_06070,lactate dehydrogenase A like 6A,LDHAL6A
tr_06071,protein phosphatase 1 regulatory subunit 12B,PPP1R12B
tr_06072,ring finger protein 149,RNF149
tr_06073,calcium binding protein 39 like,CAB39L
tr_06074,small nuclear ribonucleoprotein polypeptide N,SNRPN
tr_06075,macrophage scavenger receptor 1,MSR1
tr_06076,"patatin like domain 7, lysophospholipase",PNPLA7
tr_06077,sequestosome 1,SQSTM1
tr_06078,cullin 1,CUL1
tr_06079,NADPH dependent diflavin oxidoreductase 1,NDOR1
tr_06080,cathepsin A,CTSA
tr_06081,family with sequence similarity 78 member B,FAM78B
tr_06082,zinc finger protein 233,ZNF233
tr_06083,GRB2 associated binding protein 1,GAB1
tr_06084,acyl-CoA synthetase medium chain family member 4,ACSM4
tr_06085,cystatin C,CST3
tr_06086,phosphoglycerate mutase 2,PGAM2
tr_06087,lipase family member K,LIPK
tr_06088,olfactory receptor family 3 subfamily A member 1,OR3A1
tr_06089,"alpha 1,4-galactosyltransferase (P1PK blood group)",A4GALT
tr_06090,SWI/SNF related BAF chromatin remodeling complex subunit ATPase 4,SMARCA4
tr_06091,"target of EGR1, exonuclease",TOE1
tr_06092,voltage dependent anion channel 1,VDAC1
tr_06093,paternally expressed 3,PEG3
tr_06094,von Willebrand factor A domain containing 3B,VWA3B
tr_06095,G protein-coupled receptor class C group 5 member C,GPRC5C
tr_06096,zinc finger protein 552,ZNF552
tr_06097,golgi glycoprotein 1,GLG1
tr_06098,inversin,INVS
tr_06099,neuritin 1,NRN1
tr_06100,regulatory factor X7,RFX7
tr_06101,CMT1A duplicated region transcript 4,CDRT4
tr_06102,olfactory receptor family 10 subfamily G member 2,OR10G2
tr_06103,kelch domain containing 1,KLHDC1
tr_06104,zinc finger protein 350,ZNF350
tr_06105,signal regulatory protein gamma,SIRPG
tr_06106,ubiquitin specific peptidase 17 like family member 7,USP17L7
tr_06107,kinesin family member 18B,KIF18B
tr_06108,proline rich nuclear receptor coactivator 1,PNRC1
tr_06109,calmodulin 3,CALM3
tr_06110,chromosome 1 open reading frame 87,C1orf87
tr_06111,paired box 1,PAX1
tr_06112,adenylate cyclase activating polypeptide 1,ADCYAP1
tr_06113,GRB2 associated binding protein family member 4,GAB4
tr_06114,leukocyte immunoglobulin like receptor B1,LILRB1
tr_06115,sperm associated antigen 6,SPAG6
tr_06116,aurora kinase A,AURKA
tr_06117,leucine rich repeat containing 37 member A2,LRRC37A2
tr_06118,HCLS1 associated protein X-1,HAX1
tr_06119,leukemia NUP98 fusion partner 1,LNP1
tr_06120,protocadherin related 15,PCDH15
tr_06121,transmembrane protein 151B,TMEM151B
tr_06122,transmembrane protein 107,TMEM107
tr_06123,family with sequence similarity 13 member B,FAM13B
tr_06124,ribosomal RNA processing 1B,RRP1B
tr_06125,perilipin 3,PLIN3
tr_06126,cytochrome P450 family 4 subfamily F member 12,CYP4F12
tr_06127,microtubule associated serine/threonine kinase like,MASTL
tr_06128,fragile X messenger ribonucleoprotein 1,FMR1
tr_06129,ring finger protein 2,RNF2
tr_06130,zinc finger protein 160,ZNF160
tr_06131,bone morphogenetic protein receptor type 1B,BMPR1B
tr_06132,matrix metallopeptidase 21,MMP21
tr_06133,tRNA methyltransferase 61B,TRMT61B
tr_06134,chromosome 17 open reading frame 67,C17orf67
tr_06135,capping actin protein of muscle Z-line subunit alpha 1,CAPZA1
tr_06136,amyloid beta precursor protein binding family A member 3,APBA3
tr_06137,retinol dehydrogenase 14,RDH14
tr_06138,adenylate cyclase 3,ADCY3
tr_06139,tripartite motif containing 73,TRIM73
tr_06140,thyroid hormone receptor interactor 11,TRIP11
tr_06141,forkhead box H1,FOXH1
tr_06142,phosphoinositide-3-kinase regulatory subunit 4,PIK3R4
tr_06143,transferrin receptor 2,TFR2
tr_06144,solute carrier family 20 member 1,SLC20A1
tr_06145,olfactory receptor family 1 subfamily L member 3,OR1L3
tr_06146,olfactory receptor family 2 subfamily H member 2,OR2H2
tr_06147,"DNA polymerase epsilon 4, accessory subunit",POLE4
tr_06148,1-acylglycerol-3-phosphate O-acyltransferase 2,AGPAT2
tr_06149,nudix hydrolase 1,NUDT1
tr_06150,cancer/testis antigen 2,CTAG2
tr_06151,cell division cycle 26,CDC26
tr_06152,nucleoporin 62 C-terminal like,NUP62CL
tr_06153,prokineticin 1,PROK1
tr_06154,TATA-box binding protein associated factor 7 like,TAF7L
tr_06155,kelch like family member 5,KLHL5
tr_06156,ATPase Na+/K+ transporting subunit alpha 2,ATP1A2
tr_06157,kinesin family member 17,KIF17
tr_06158,solute carrier family 25 member 20,SLC25A20
tr_06159,TNFRSF1A associated via death domain,TRADD
tr_06160,angiopoietin like 6,ANGPTL6
tr_06161,nucleoredoxin,NXN
tr_06162,elongation factor for RNA polymerase II 3,ELL3
tr_06163,secreted protein acidic and cysteine rich,SPARC
tr_06164,ubiquitin conjugating enzyme E2 N like (gene/pseudogene),UBE2NL
tr_06165,purine rich element binding protein G,PURG
tr_06166,LIM homeobox 5,LHX5
tr_06167,kinesin family member 24,KIF24
tr_06168,dynein axonemal heavy chain 5,DNAH5
tr_06169,toll like receptor 10,TLR10
tr_06170,receptor accessory protein 6,REEP6
tr_06171,beclin 1,BECN1
tr_06172,coiled-coil domain containing 50,CCDC50
tr_06173,solute carrier family 26 member 4,SLC26A4
tr_06174,"lipase E, hormone sensitive type",LIPE
tr_06175,polypeptide N-acetylgalactosaminyltransferase 9,GALNT9
tr_06176,phospholipase D2,PLD2
tr_06177,zinc finger AN1-type containing 1,ZFAND1
tr_06178,coagulation factor II thrombin receptor like 2,F2RL2
tr_06179,cyclin dependent kinase 19,CDK19
tr_06180,keratin associated protein 7-1,KRTAP7-1
tr_06181,"alpha-1,6-mannosyl-glycoprotein 2-beta-N-acetylglucosaminyltransferase",MGAT2
tr_06182,purine rich element binding protein B,PURB
tr_06183,peroxiredoxin 5,PRDX5
tr_06184,CKLF like MARVEL transmembrane domain containing 4,CMTM4
tr_06185,XK related 6,XKR6
tr_06186,alpha-1-microglobulin/bikunin precursor,AMBP
tr_06187,mitotic arrest deficient 2 like 1,MAD2L1
tr_06188,talin 2,TLN2
tr_06189,keratin 72,KRT72
tr_06190,coiled-coil domain containing 78,CCDC78
tr_06191,metallophosphoesterase domain containing 2,MPPED2
tr_06192,late cornified envelope 1D,LCE1D
tr_06193,serine/threonine kinase 11,STK11
tr_06194,forkhead box B2,FOXB2
tr_06195,centrosomal protein 250,CEP250
tr_06196,signal peptidase complex subunit 1,SPCS1
tr_06197,interferon regulatory factor 1,IRF1
tr_06198,calpain 14,CAPN14
tr_06199,WD repeat and HMG-box DNA binding protein 1,WDHD1
tr_06200,"basic, immunoglobulin-like variable motif containing",BIVM
tr_06201,transmembrane protein 14A,TMEM14A
tr_06202,transgelin,TAGLN
tr_06203,transmembrane and coiled-coil domain family 1,TMCC1
tr_06204,zinc finger protein 93,ZNF93
tr_06205,stem-loop histone mRNA binding protein,SLBP
tr_06206,thymidine phosphorylase,TYMP
tr_06207,ARF like GTPase 8A,ARL8A
tr_06208,cytochrome c oxidase subunit 6B2,COX6B2
tr_06209,cytochrome P450 family 4 subfamily Z member 1,CYP4Z1
tr_06210,La ribonucleoprotein 4,LARP4
tr_06211,centromere protein Q,CENPQ
tr_06212,acyl-CoA thioesterase 1,ACOT1
tr_06213,"reprimo, TP53 dependent G2 arrest mediator homolog",RPRM
tr_06214,derlin 3,DERL3
tr_06215,transducin beta like 1 Y-linked,TBL1Y
tr_06216,G protein-coupled receptor kinase 5,GRK5
tr_06217,inhibitor of nuclear factor kappa B kinase regulatory subunit gamma,IKBKG
tr_06218,transmembrane protein 212,TMEM212
tr_06219,F-box and leucine rich repeat protein 22,FBXL22
tr_06220,chorionic somatomammotropin hormone 1,CSH1
tr_06221,ubiquitin conjugating enzyme E2 U,UBE2U
tr_06222,glutamate decarboxylase 2,GAD2
tr_06223,potassium inwardly rectifying channel subfamily J member 14,KCNJ14
tr_06224,choline dehydrogenase,CHDH
tr_06225,chromosome 1 open reading frame 52,C1orf52
tr_06226,regulator of G protein signaling 7 binding protein,RGS7BP
tr_06227,lysophospholipase 2,LYPLA2
tr_06228,exonuclease 1,EXO1
tr_06229,tubulin alpha 1b,TUBA1B
tr_06230,protein arginine methyltransferase 8,PRMT8
tr_06231,coiled-coil domain containing 149,CCDC149
tr_06232,"protein phosphatase, Mg2+/Mn2+ dependent 1A",PPM1A
tr_06233,dephospho-CoA kinase domain containing,DCAKD
tr_06234,RANBP2 like and GRIP domain containing 1,RGPD1
tr_06235,small proline rich protein 2B,SPRR2B
tr_06236,ankyrin repeat domain 13D,ANKRD13D
tr_06237,piggyBac transposable element derived 2,PGBD2
tr_06238,component of oligomeric golgi complex 6,COG6
tr_06239,RNA guanylyltransferase and 5'-phosphatase,RNGTT
tr_06240,intraflagellar transport 52,IFT52
tr_06241,histone deacetylase 6,HDAC6
tr_06242,ribosomal protein S6 kinase A3,RPS6KA3
tr_06243,nibrin,NBN
tr_06244,CUB and Sushi multiple domains 1,CSMD1
tr_06245,malonyl-CoA decarboxylase,MLYCD
tr_06246,tetratricopeptide repeat domain 3,TTC3
tr_06247,coiled-coil domain containing 107,CCDC107
tr_06248,tripartite motif containing 21,TRIM21
tr_06249,phosphatidylcholine transfer protein,PCTP
tr_06250,olfactory receptor family 13 subfamily C member 8,OR13C8
tr_06251,interleukin 18 receptor accessory protein,IL18RAP
tr_06252,leukotriene A4 hydrolase,LTA4H
tr_06253,olfactory receptor family 52 subfamily B member 6,OR52B6
tr_06254,acid phosphatase 1,ACP1
tr_06255,tripartite motif containing 36,TRIM36
tr_06256,olfactory receptor family 11 subfamily H member 1,OR11H1
tr_06257,calcium and integrin binding family member 2,CIB2
tr_06258,late cornified envelope 1E,LCE1E
tr_06259,protein tyrosine phosphatase non-receptor type 22,PTPN22
tr_06260,EGF-like fibulin extracellular matrix protein 1,EFEMP1
tr_06261,LY6/PLAUR domain containing 4,LYPD4
tr_06262,phosphoprotein membrane anchor with glycosphingolipid microdomains 1,PAG1
tr_06263,potassium inwardly rectifying channel subfamily J member 2,KCNJ2
tr_06264,pantothenate kinase 4 (inactive),PANK4
tr_06265,triggering receptor expressed on myeloid cells 2,TREM2
tr_06266,arylacetamide deacetylase like 2,AADACL2
tr_06267,galactose-3-O-sulfotransferase 4,GAL3ST4
tr_06268,coiled-coil domain containing 124,CCDC124
tr_06269,egl-9 family hypoxia inducible factor 3,EGLN3
tr_06270,tetratricopeptide repeat domain 9,TTC9
tr_06271,dual specificity phosphatase 11,DUSP11
tr_06272,taste 2 receptor member 41,TAS2R41
tr_06273,microtubule associated protein 1S,MAP1S
tr_06274,poly(A) binding protein cytoplasmic 4,PABPC4
tr_06275,zinc finger with KRAB and SCAN domains 5,ZKSCAN5
tr_06276,solute carrier family 22 member 9,SLC22A9
tr_06277,monoacylglycerol O-acyltransferase 3,MOGAT3
tr_06278,calmodulin like 3,CALML3
tr_06279,zinc finger protein 431,ZNF431
tr_06280,sterile alpha motif domain containing 4B,SAMD4B
tr_06281,family with sequence similarity 78 member A,FAM78A
tr_06282,nephrocystin 3,NPHP3
tr_06283,secretoglobin family 1D member 1,SCGB1D1
tr_06284,solute carrier organic anion transporter family member 1C1,SLCO1C1
tr_06285,olfactory receptor family 4 subfamily X member 2,OR4X2
tr_06286,abhydrolase domain containing 8,ABHD8
tr_06287,guanosine monophosphate reductase,GMPR
tr_06288,insulin like growth factor 2 receptor,IGF2R
tr_06289,chromosome 1 open reading frame 174,C1orf174
tr_06290,karyopherin subunit alpha 4,KPNA4
tr_06291,arginyltransferase 1,ATE1
tr_06292,semaphorin 5B,SEMA5B
tr_06293,keratin 34,KRT34
tr_06294,regenerating family member 3 alpha,REG3A
tr_06295,thiopurine S-methyltransferase,TPMT
tr_06296,N-acylsphingosine amidohydrolase 2B,ASAH2B
tr_06297,cancer/testis antigen 1B,CTAG1B
tr_06298,acyl-CoA oxidase 2,ACOX2
tr_06299,zinc finger protein 583,ZNF583
tr_06300,brain abundant membrane attached signal protein 1,BASP1
tr_06301,chorionic gonadotropin subunit beta 2,CGB2
tr_06302,splicing factor 3b subunit 1,SF3B1
tr_06303,Rho GTPase activating protein 4,ARHGAP4
tr_06304,integral membrane protein 2B,ITM2B
tr_06305,tRNA-histidine guanylyltransferase 1 like,THG1L
tr_06306,apolipoprotein A2,APOA2
tr_06307,ATPase H+ transporting V0 subunit d1,ATP6V0D1
tr_06308,chondroitin polymerizing factor,CHPF
tr_06309,ATPase H+ transporting V0 subunit a2,ATP6V0A2
tr_06310,phosphatidylserine synthase 2,PTDSS2
tr_06311,inositol polyphosphate-4-phosphatase type I A,INPP4A
tr_06312,spindlin 1,SPIN1
tr_06313,delta like non-canonical Notch ligand 1,DLK1
tr_06314,forkhead box I3,FOXI3
tr_06315,leucine rich repeat containing 41,LRRC41
tr_06316,solute carrier family 16 member 2,SLC16A2
tr_06317,mitochondrial ribosomal protein L34,MRPL34
tr_06318,solute carrier family 36 member 4,SLC36A4
tr_06319,rhophilin Rho GTPase binding protein 2,RHPN2
tr_06320,fibroblast growth factor receptor 2,FGFR2
tr_06321,elastin microfibril interfacer 1,EMILIN1
tr_06322,angiomotin,AMOT
tr_06323,C-X-C motif chemokine ligand 2,CXCL2
tr_06324,epsin 1,EPN1
tr_06325,ubiquitin conjugating enzyme E2 D3,UBE2D3
tr_06326,heat shock protein family E (Hsp10) member 1,HSPE1
tr_06327,chimerin 2,CHN2
tr_06328,RNA binding motif protein 33,RBM33
tr_06329,caspase 12 (gene/pseudogene),CASP12
tr_06330,serine/threonine kinase 32C,STK32C
tr_06331,formyl peptide receptor 2,FPR2
tr_06332,zinc finger protein 853,ZNF853
tr_06333,G protein-coupled receptor 50,GPR50
tr_06334,cytosolic iron-sulfur assembly component 1,CIAO1
tr_06335,retinoid X receptor beta,RXRB
tr_06336,RNA polymerase I subunit B,POLR1B
tr_06337,zinc finger protein 589,ZNF589
tr_06338,translocase of outer mitochondrial membrane 34,TOMM34
tr_06339,growth hormone secretagogue receptor,GHSR
tr_06340,FERM and PDZ domain containing 1,FRMPD1
tr_06341,zinc finger protein 273,ZNF273
tr_06342,RCC1 and BTB domain containing protein 2,RCBTB2
tr_06343,SET binding factor 1,SBF1
tr_06344,forkhead box D4 like 4,FOXD4L4
tr_06345,family with sequence similarity 124 member B,FAM124B
tr_06346,zinc finger protein 235,ZNF235
tr_06347,defensin beta 136,DEFB136
tr_06348,CDKN1A interacting zinc finger protein 1,CIZ1
tr_06349,transient receptor potential cation channel subfamily M member 6,TRPM6
tr_06350,family with sequence similarity 89 member B,FAM89B
tr_06351,baculoviral IAP repeat containing 2,BIRC2
tr_06352,olfactory receptor family 1 subfamily D member 4,OR1D4
tr_06353,receptor accessory protein 1,REEP1
tr_06354,chromosome 8 open reading frame 48,C8orf48
tr_06355,interleukin 1 receptor associated kinase 4,IRAK4
tr_06356,chromosome 8 open reading frame 76,C8orf76
tr_06357,polybromo 1,PBRM1
tr_06358,filamin A interacting protein 1,FILIP1
tr_06359,G protein-coupled receptor 146,GPR146
tr_06360,WD repeat domain 64,WDR64
tr_06361,intestine specific homeobox,ISX
tr_06362,olfactory receptor family 51 subfamily V member 1,OR51V1
tr_06363,zinc finger and BTB domain containing 3,ZBTB3
tr_06364,stromal interaction molecule 1,STIM1
tr_06365,"nicolin 1, tubulin polyglutamylase complex subunit",NICN1
tr_06366,staufen double-stranded RNA binding protein 2,STAU2
tr_06367,forkhead box L1,FOXL1
tr_06368,sorting nexin 9,SNX9
tr_06369,fibroblast growth factor receptor substrate 3,FRS3
tr_06370,diaphanous related formin 2,DIAPH2
tr_06371,triggering receptor expressed on myeloid cells like 4,TREML4
tr_06372,hes related family bHLH transcription factor with YRPW motif like,HEYL
tr_06373,coiled-coil domain containing 13,CCDC13
tr_06374,serpin family B member 8,SERPINB8
tr_06375,ralA binding protein 1,RALBP1
tr_06376,multiple EGF like domains 6,MEGF6
tr_06377,ATPase phospholipid transporting 10A (putative),ATP10A
tr_06378,sortilin related receptor 1,SORL1
tr_06379,lymphocyte activating 3,LAG3
tr_06380,zinc finger protein 33A,ZNF33A
tr_06381,catenin alpha 3,CTNNA3
tr_06382,DEAD-box helicase 55,DDX55
tr_06383,ribosomal protein S9,RPS9
tr_06384,mitogen-activated protein kinase kinase kinase 13,MAP3K13
tr_06385,acyl-CoA wax alcohol acyltransferase 1,AWAT1
tr_06386,splicing factor 3a subunit 3,SF3A3
tr_06387,potassium voltage-gated channel subfamily Q member 5,KCNQ5
tr_06388,developmental pluripotency associated 2,DPPA2
tr_06389,otoraplin,OTOR
tr_06390,olfactory receptor family 52 subfamily R member 1,OR52R1
tr_06391,zinc finger protein 224,ZNF224
tr_06392,tripartite motif containing 61,TRIM61
tr_06393,solute carrier family 38 member 5,SLC38A5
tr_06394,nucleoporin 160,NUP160
tr_06395,integrator complex subunit 4,INTS4
tr_06396,G protein-coupled receptor 87,GPR87
tr_06397,zinc finger FYVE-type containing 1,ZFYVE1
tr_06398,casein kinase 1 gamma 1,CSNK1G1
tr_06399,arachidonate 15-lipoxygenase type B,ALOX15B
tr_06400,chromosome 20 open reading frame 141,C20orf141
tr_06401,cancer/testis antigen family 47 member A5,CT47A5
tr_06402,zinc finger protein 716,ZNF716
tr_06403,ribosomal protein S12,RPS12
tr_06404,nucleosome assembly protein 1 like 4,NAP1L4
tr_06405,COP9 signalosome subunit 6,COPS6
tr_06406,keratin associated protein 19-7,KRTAP19-7
tr_06407,tyrosinase,TYR
tr_06408,TBC1 domain containing kinase,TBCK
tr_06409,growth arrest and DNA damage inducible beta,GADD45B
tr_06410,"HECT, UBA and WWE domain containing E3 ubiquitin protein ligase 1",HUWE1
tr_06411,exosome component 9,EXOSC9
tr_06412,olfactory receptor family 52 subfamily H member 1,OR52H1
tr_06413,armadillo repeat containing 5,ARMC5
tr_06414,piwi like RNA-mediated gene silencing 1,PIWIL1
tr_06415,copine 5,CPNE5
tr_06416,T-box transcription factor 5,TBX5
tr_06417,urotensin 2,UTS2
tr_06418,"zinc finger protein, FOG family member 2",ZFPM2
tr_06419,ubiquitin specific peptidase 39,USP39
tr_06420,extracellular matrix protein 1,ECM1
tr_06421,nucleolar protein 9,NOL9
tr_06422,purinergic receptor P2Y11,P2RY11
tr_06423,hydroxysteroid 17-beta dehydrogenase 11,HSD17B11
tr_06424,crumbs cell polarity complex component 3,CRB3
tr_06425,autophagy related 12,ATG12
tr_06426,solute carrier family 5 member 9,SLC5A9
tr_06427,tetratricopeptide repeat domain 9C,TTC9C
tr_06428,cytokine induced apoptosis inhibitor 1,CIAPIN1
tr_06429,brain expressed X-linked 2,BEX2
tr_06430,metallothionein 1E,MT1E
tr_06431,calcium voltage-gated channel subunit alpha1 S,CACNA1S
tr_06432,zinc finger protein 519,ZNF519
tr_06433,Rho GTPase activating protein 26,ARHGAP26
tr_06434,immunity related GTPase Q,IRGQ
tr_06435,eukaryotic elongation factor 2 kinase,EEF2K
tr_06436,ubiquitin C-terminal hydrolase L5,UCHL5
tr_06437,RIMS binding protein 3,RIMBP3
tr_06438,armadillo repeat containing 7,ARMC7
tr_06439,chymotrypsin like elastase 3A,CELA3A
tr_06440,spermatid perinuclear RNA binding protein,STRBP
tr_06441,solute carrier family 6 member 5,SLC6A5
tr_06442,"procollagen-lysine,2-oxoglutarate 5-dioxygenase 2",PLOD2
tr_06443,nitric oxide synthase 2,NOS2
tr_06444,tripartite motif containing 54,TRIM54
tr_06445,dynein axonemal heavy chain 3,DNAH3
tr_06446,partner of NOB1 homolog,PNO1
tr_06447,transmembrane 7 superfamily member 3,TM7SF3
tr_06448,forkhead box O3B,FOXO3B
tr_06449,1-acylglycerol-3-phosphate O-acyltransferase 5,AGPAT5
tr_06450,olfactory receptor family 5 subfamily AK member 2,OR5AK2
tr_06451,phosphatidylinositol glycan anchor biosynthesis class F,PIGF
tr_06452,mitogen-activated protein kinase kinase 4,MAP2K4
tr_06453,tyrosine kinase 2,TYK2
tr_06454,"indoleamine 2,3-dioxygenase 1",IDO1
tr_06455,ubiquitin A-52 residue ribosomal protein fusion product 1,UBA52
tr_06456,F-box protein 9,FBXO9
tr_06457,RANBP2 like and GRIP domain containing 8,RGPD8
tr_06458,PLAG1 like zinc finger 2,PLAGL2
tr_06459,leucine rich repeat containing 47,LRRC47
tr_06460,ketohexokinase,KHK
tr_06461,RNA exonuclease 2,REXO2
tr_06462,keratin associated protein 6-1,KRTAP6-1
tr_06463,sphingomyelin phosphodiesterase acid like 3B,SMPDL3B
tr_06464,glycine-N-acyltransferase,GLYAT
tr_06465,transmembrane protein 17,TMEM17
tr_06466,chromosome 11 open reading frame 42,C11orf42
tr_06467,olfactory receptor family 2 subfamily J member 1,OR2J1
tr_06468,tripartite motif containing 17,TRIM17
tr_06469,zinc finger protein 718,ZNF718
tr_06470,paraoxonase 1,PON1
tr_06471,"transcription factor B2, mitochondrial",TFB2M
tr_06472,regulator of G protein signaling 12,RGS12
tr_06473,phosphoinositide-3-kinase regulatory subunit 1,PIK3R1
tr_06474,solute carrier family 12 member 7,SLC12A7
tr_06475,calpain small subunit 1,CAPNS1
tr_06476,leucine rich repeat containing 49,LRRC49
tr_06477,target of myb1 membrane trafficking protein,TOM1
tr_06478,midnolin,MIDN
tr_06479,fms related receptor tyrosine kinase 1,FLT1
tr_06480,hydroxyacid oxidase 2,HAO2
tr_06481,splA/ryanodine receptor domain and SOCS box containing 2,SPSB2
tr_06482,sodium voltage-gated channel alpha subunit 5,SCN5A
tr_06483,ankyrin repeat domain 30A,ANKRD30A
tr_06484,caldesmon 1,CALD1
tr_06485,synaptogyrin 4,SYNGR4
tr_06486,chromosome 6 open reading frame 89,C6orf89
tr_06487,metaxin 2,MTX2
tr_06488,keratin 12,KRT12
tr_06489,reelin,RELN
tr_06490,F-box and leucine rich repeat protein 5,FBXL5
tr_06491,family with sequence similarity 177 member B,FAM177B
tr_06492,biliverdin reductase B,BLVRB
tr_06493,olfactory receptor family 2 subfamily T member 4,OR2T4
tr_06494,cytohesin 2,CYTH2
tr_06495,chromosome 19 open reading frame 25,C19orf25
tr_06496,dachshund family transcription factor 2,DACH2
tr_06497,opioid growth factor receptor like 1,OGFRL1
tr_06498,synaptic vesicle glycoprotein 2C,SV2C
tr_06499,cytochrome b5 reductase 1,CYB5R1
tr_06500,caspase 6,CASP6
tr_06501,Rho guanine nucleotide exchange factor 4,ARHGEF4
tr_06502,chromosome 7 open reading frame 33,C7orf33
tr_06503,anaphase promoting complex subunit 1,ANAPC1
tr_06504,"peptide deformylase, mitochondrial",PDF
tr_06505,ELL associated factor 2,EAF2
tr_06506,DS cell adhesion molecule,DSCAM
tr_06507,reversion inducing cysteine rich protein with kazal motifs,RECK
tr_06508,"major histocompatibility complex, class II, DR beta 5",HLA-DRB5
tr_06509,poly(A) binding protein cytoplasmic 3,PABPC3
tr_06510,"alcohol dehydrogenase 1C (class I), gamma polypeptide",ADH1C
tr_06511,actin binding LIM protein 1,ABLIM1
tr_06512,transmembrane protein with EGF like and two follistatin like domains 2,TMEFF2
tr_06513,PYD and CARD domain containing,PYCARD
tr_06514,protein kinase cAMP-activated catalytic subunit alpha,PRKACA
tr_06515,C-C motif chemokine ligand 20,CCL20
tr_06516,calcium binding and coiled-coil domain 2,CALCOCO2
tr_06517,WD repeat domain 3,WDR3
tr_06518,protein phosphatase 2 catalytic subunit beta,PPP2CB
tr_06519,ankyrin repeat and death domain containing 1A,ANKDD1A
tr_06520,jumonji domain containing 4,JMJD4
tr_06521,islet amyloid polypeptide,IAPP
tr_06522,RNA binding motif protein 47,RBM47
tr_06523,tumor protein p73,TP73
tr_06524,integrin binding sialoprotein,IBSP
tr_06525,arylformamidase,AFMID
tr_06526,ribosomal RNA processing 1,RRP1
tr_06527,aquaporin 5,AQP5
tr_06528,angiopoietin like 2,ANGPTL2
tr_06529,centrosomal protein 55,CEP55
tr_06530,fibronectin leucine rich transmembrane protein 3,FLRT3
tr_06531,carboxypeptidase M,CPM
tr_06532,proteasome assembly chaperone 2,PSMG2
tr_06533,ring-box 1,RBX1
tr_06534,potassium two pore domain channel subfamily K member 10,KCNK10
tr_06535,KH domain containing 1,KHDC1
tr_06536,neuromedin S,NMS
tr_06537,contactin associated protein family member 5,CNTNAP5
tr_06538,mitochondrial fission regulator 1,MTFR1
tr_06539,transcription factor binding to IGHM enhancer 3,TFE3
tr_06540,"proteasome 26S subunit, ATPase 1",PSMC1
tr_06541,heat shock protein family B (small) member 2,HSPB2
tr_06542,C-C motif chemokine ligand 13,CCL13
tr_06543,dihydropyrimidine dehydrogenase,DPYD
tr_06544,ATPase phospholipid transporting 8B1,ATP8B1
tr_06545,proline rich 20D,PRR20D
tr_06546,"WASP homolog associated with actin, golgi membranes and microtubules",WHAMM
tr_06547,mediator complex subunit 28,MED28
tr_06548,sperm associated antigen 11A,SPAG11A
tr_06549,tubulin gamma complex component 5,TUBGCP5
tr_06550,nexilin F-actin binding protein,NEXN
tr_06551,protamine 1,PRM1
tr_06552,abhydrolase domain containing 13,ABHD13
tr_06553,V-set and transmembrane domain containing 2B,VSTM2B
tr_06554,heat shock protein family A (Hsp70) member 1B,HSPA1B
tr_06555,serine incorporator 5,SERINC5
tr_06556,dipeptidyl peptidase 8,DPP8
tr_06557,ATPase H+ transporting V1 subunit C1,ATP6V1C1
tr_06558,testis specific protein Y-linked 4,TSPY4
tr_06559,erb-b2 receptor tyrosine kinase 2,ERBB2
tr_06560,ring finger protein 40,RNF40
tr_06561,tetraspanin 9,TSPAN9
tr_06562,checkpoint kinase 1,CHEK1
tr_06563,sestrin 2,SESN2
tr_06564,aarF domain containing kinase 1,ADCK1
tr_06565,cyclin dependent kinase inhibitor 2C,CDKN2C
tr_06566,leucine rich repeat containing 28,LRRC28
tr_06567,leucine rich repeat containing 7,LRRC7
tr_06568,musculin,MSC
tr_06569,trehalase,TREH
tr_06570,small EDRK-rich factor 2,SERF2
tr_06571,zinc finger protein 32,ZNF32
tr_06572,zinc finger protein 586,ZNF586
tr_06573,ATPase phospholipid transporting 8A1,ATP8A1
tr_06574,phosphodiesterase 8B,PDE8B
tr_06575,E74 like ETS transcription factor 4,ELF4
tr_06576,glycophorin B (MNS blood group),GYPB
tr_06577,double C2 domain beta,DOC2B
tr_06578,transient receptor potential cation channel subfamily C member 4,TRPC4
tr_06579,WD repeat containing antisense to TP53,WRAP53
tr_06580,cell death inducing DFFA like effector a,CIDEA
tr_06581,D-box binding PAR bZIP transcription factor,DBP
tr_06582,transmembrane 9 superfamily member 3,TM9SF3
tr_06583,uncoupling protein 3,UCP3
tr_06584,leucine rich repeat containing 10B,LRRC10B
tr_06585,solute carrier family 45 member 2,SLC45A2
tr_06586,ornithine transcarbamylase,OTC
tr_06587,stathmin 3,STMN3
tr_06588,zinc finger protein 248,ZNF248
tr_06589,defensin beta 108B,DEFB108B
tr_06590,growth arrest and DNA damage inducible gamma,GADD45G
tr_06591,olfactory receptor family 2 subfamily Y member 1,OR2Y1
tr_06592,mitogen-activated protein kinase kinase kinase kinase 1,MAP4K1
tr_06593,serum response factor binding protein 1,SRFBP1
tr_06594,corticotropin releasing hormone receptor 1,CRHR1
tr_06595,cyclin dependent kinase 9,CDK9
tr_06596,solute carrier family 5 member 3,SLC5A3
tr_06597,potassium voltage-gated channel subfamily Q member 4,KCNQ4
tr_06598,semaphorin 5A,SEMA5A
tr_06599,myelin associated glycoprotein,MAG
tr_06600,pyruvate dehydrogenase kinase 3,PDK3
tr_06601,olfactory receptor family 2 subfamily A member 5,OR2A5
tr_06602,DEAD-box helicase 10,DDX10
tr_06603,trinucleotide repeat containing adaptor 6C,TNRC6C
tr_06604,ariadne RBR E3 ubiquitin protein ligase 2,ARIH2
tr_06605,intraflagellar transport 88,IFT88
tr_06606,F-box and leucine rich repeat protein 7,FBXL7
tr_06607,olfactory receptor family 10 subfamily A member 5,OR10A5
tr_06608,sorting nexin 16,SNX16
tr_06609,"Yip1 interacting factor homolog A, membrane trafficking protein",YIF1A
tr_06610,von Willebrand factor A domain containing 2,VWA2
tr_06611,protein arginine methyltransferase 7,PRMT7
tr_06612,mitochondrial ribosomal protein L36,MRPL36
tr_06613,activating signal cointegrator 1 complex subunit 1,ASCC1
tr_06614,serpin family B member 5,SERPINB5
tr_06615,ubiquitin like modifier activating enzyme 7,UBA7
tr_06616,"proteasome 26S subunit, non-ATPase 12",PSMD12
tr_06617,dipeptidyl peptidase 3,DPP3
tr_06618,programmed cell death 2 like,PDCD2L
tr_06619,heparanase,HPSE
tr_06620,"alpha-1,6-mannosylglycoprotein 6-beta-N-acetylglucosaminyltransferase",MGAT5
tr_06621,heparan sulfate-glucosamine 3-sulfotransferase 2,HS3ST2
tr_06622,WD repeat domain 43,WDR43
tr_06623,minichromosome maintenance complex component 7,MCM7
tr_06624,eukaryotic translation initiation factor 3 subunit C like,EIF3CL
tr_06625,transketolase like 2,TKTL2
tr_06626,RNA binding motif protein X-linked 2,RBMX2
tr_06627,"proteasome 26S subunit, non-ATPase 5",PSMD5
tr_06628,phytanoyl-CoA 2-hydroxylase interacting protein,PHYHIP
tr_06629,ribosomal protein S4 X-linked,RPS4X
tr_06630,"centrobin, centriole duplication and spindle assembly protein",CNTROB
tr_06631,PR/SET domain 1,PRDM1
tr_06632,glucose-6-phosphate isomerase,GPI
tr_06633,olfactory receptor family 4 subfamily A member 5,OR4A5
tr_06634,t-complex 11,TCP11
tr_06635,zinc finger protein 107,ZNF107
tr_06636,zinc finger protein 337,ZNF337
tr_06637,cell division cycle associated 5,CDCA5
tr_06638,ubiquitin like 4B,UBL4B
tr_06639,"cystinosin, lysosomal cystine transporter",CTNS
tr_06640,olfactory receptor family 6 subfamily C member 76,OR6C76
tr_06641,high mobility group 20A,HMG20A
tr_06642,"alkaline phosphatase, intestinal",ALPI
tr_06643,ubiquitin conjugating enzyme E2 C,UBE2C
tr_06644,crystallin mu,CRYM
tr_06645,homeobox C11,HOXC11
tr_06646,olfactory receptor family 2 subfamily M member 5,OR2M5
tr_06647,solute carrier family 5 member 5,SLC5A5
tr_06648,F-box protein 34,FBXO34
tr_06649,cyclin dependent kinase 12,CDK12
tr_06650,peptidase inhibitor 16,PI16
tr_06651,olfactory receptor family 52 subfamily K member 1,OR52K1
tr_06652,nuclear factor I B,NFIB
tr_06653,crystallin gamma B,CRYGB
tr_06654,cut like homeobox 1,CUX1
tr_06655,family with sequence similarity 162 member A,FAM162A
tr_06656,renin,REN
tr_06657,kielin cysteine rich BMP regulator,KCP
tr_06658,resistin,RETN
tr_06659,t-complex 10 like,TCP10L
tr_06660,zinc finger protein 229,ZNF229
tr_06661,"zinc finger protein, FOG family member 1",ZFPM1
tr_06662,membrane spanning 4-domains A15,MS4A15
tr_06663,secreted frizzled related protein 2,SFRP2
tr_06664,forkhead box M1,FOXM1
tr_06665,lacritin,LACRT
tr_06666,matrix metallopeptidase 8,MMP8
tr_06667,family with sequence similarity 153 member B,FAM153B
tr_06668,transthyretin,TTR
tr_06669,nucleoporin 50,NUP50
tr_06670,ankyrin repeat domain 36B,ANKRD36B
tr_06671,solute carrier family 22 member 17,SLC22A17
tr_06672,cAMP responsive element binding protein like 2,CREBL2
tr_06673,olfactory receptor family 56 subfamily A member 3,OR56A3
tr_06674,activated leukocyte cell adhesion molecule,ALCAM
tr_06675,proline rich mitotic checkpoint control factor,PRCC
tr_06676,olfactory receptor family 2 subfamily D member 3,OR2D3
tr_06677,golgin A6 family member B,GOLGA6B
tr_06678,"methyl-CpG binding domain 4, DNA glycosylase",MBD4
tr_06679,potassium calcium-activated channel subfamily M alpha 1,KCNMA1
tr_06680,olfactory receptor family 5 subfamily D member 3,OR5D3
tr_06681,snail family transcriptional repressor 3,SNAI3
tr_06682,forkhead box D4 like 6,FOXD4L6
tr_06683,musashi RNA binding protein 1,MSI1
tr_06684,serine peptidase inhibitor Kazal type 8 (putative),SPINK8
tr_06685,olfactory receptor family 8 subfamily I member 2,OR8I2
tr_06686,patched 2,PTCH2
tr_06687,mediator of DNA damage checkpoint 1,MDC1
tr_06688,C3 and PZP like alpha-2-macroglobulin domain containing 8,CPAMD8
tr_06689,transcription factor AP-2 delta,TFAP2D
tr_06690,adaptor related protein complex 1 subunit sigma 3,AP1S3
tr_06691,adenosylhomocysteinase like 1,AHCYL1
tr_06692,paired box 7,PAX7
tr_06693,macrophage stimulating 1,MST1
tr_06694,aryl hydrocarbon receptor repressor,AHRR
tr_06695,abhydrolase domain containing 15,ABHD15
tr_06696,potassium voltage-gated channel subfamily A member 7,KCNA7
tr_06697,potassium voltage-gated channel subfamily A member 3,KCNA3
tr_06698,cholinergic receptor nicotinic alpha 4 subunit,CHRNA4
tr_06699,phospholipase A2 group VI,PLA2G6
tr_06700,oxysterol binding protein like 5,OSBPL5
tr_06701,kinesin family member 19,KIF19
tr_06702,synaptotagmin like 5,SYTL5
tr_06703,BCL2 interacting protein like,BNIPL
tr_06704,ariadne RBR E3 ubiquitin protein ligase 1,ARIH1
tr_06705,"farnesyltransferase, CAAX box, subunit beta",FNTB
tr_06706,"glomulin, FKBP associated protein",GLMN
tr_06707,glutathione S-transferase zeta 1,GSTZ1
tr_06708,"mucin 3B, cell surface associated",MUC3B
tr_06709,transmembrane protein 229B,TMEM229B
tr_06710,TRAF family member associated NFKB activator,TANK
tr_06711,sodium voltage-gated channel alpha subunit 2,SCN2A
tr_06712,motile sperm domain containing 2,MOSPD2
tr_06713,A-kinase anchoring protein 8,AKAP8
tr_06714,C-C motif chemokine ligand 27,CCL27
tr_06715,zinc finger matrin-type 1,ZMAT1
tr_06716,keratin associated protein 3-3,KRTAP3-3
tr_06717,serine hydroxymethyltransferase 2,SHMT2
tr_06718,structural maintenance of chromosomes 6,SMC6
tr_06719,kinesin family member 9,KIF9
tr_06720,CCCTC-binding factor,CTCF
tr_06721,nuclear receptor corepressor 1,NCOR1
tr_06722,myeloid leukemia factor 1,MLF1
tr_06723,chromosome 12 open reading frame 56,C12orf56
tr_06724,dehydrogenase/reductase 4,DHRS4
tr_06725,interleukin 17D,IL17D
tr_06726,B cell receptor associated protein 31,BCAP31
tr_06727,2-aminoethanethiol dioxygenase,ADO
tr_06728,serum amyloid A1,SAA1
tr_06729,RELT like 1,RELL1
tr_06730,Fc alpha and mu receptor,FCAMR
tr_06731,thioredoxin domain containing 12,TXNDC12
tr_06732,nitrilase family member 2,NIT2
tr_06733,SUMO specific peptidase 3,SENP3
tr_06734,adenosine A1 receptor,ADORA1
tr_06735,peptidyl arginine deiminase 2,PADI2
tr_06736,vacuolar protein sorting 45 homolog,VPS45
tr_06737,glucosidase II alpha subunit,GANAB
tr_06738,DNA methyltransferase 1 associated protein 1,DMAP1
tr_06739,activator of HSP90 ATPase activity 1,AHSA1
tr_06740,solute carrier family 2 member 12,SLC2A12
tr_06741,ankyrin repeat domain 27,ANKRD27
tr_06742,transmembrane and coiled-coil domain family 3,TMCC3
tr_06743,family with sequence similarity 180 member A,FAM180A
tr_06744,cadherin 15,CDH15
tr_06745,phenylalanyl-tRNA synthetase subunit beta,FARSB
tr_06746,synapsin II,SYN2
tr_06747,chromosome 10 open reading frame 105,C10orf105
tr_06748,sidekick cell adhesion molecule 1,SDK1
tr_06749,adenosine monophosphate deaminase 2,AMPD2
tr_06750,peroxisome proliferator activated receptor alpha,PPARA
tr_06751,poly(A) polymerase alpha,PAPOLA
tr_06752,dolichol kinase,DOLK
tr_06753,choline O-acetyltransferase,CHAT
tr_06754,eukaryotic translation initiation factor 4A2,EIF4A2
tr_06755,heat shock protein family B (small) member 3,HSPB3
tr_06756,olfactory receptor family 8 subfamily K member 5,OR8K5
tr_06757,stromal cell derived factor 2 like 1,SDF2L1
tr_06758,"meteorin, glial cell differentiation regulator",METRN
tr_06759,"major histocompatibility complex, class II, DP beta 1",HLA-DPB1
tr_06760,coiled-coil domain containing 117,CCDC117
tr_06761,potassium inwardly rectifying channel subfamily J member 3,KCNJ3
tr_06762,olfactory receptor family 5 subfamily M member 3,OR5M3
tr_06763,family with sequence similarity 47 member C,FAM47C
tr_06764,target of myb1 like 1 membrane trafficking protein,TOM1L1
tr_06765,vestigial like family member 3,VGLL3
tr_06766,CCCTC-binding factor like,CTCFL
tr_06767,synaptophysin like 1,SYPL1
tr_06768,"fidgetin, microtubule severing factor",FIGN
tr_06769,PR/SET domain 15,PRDM15
tr_06770,poly(ADP-ribose) polymerase family member 8,PARP8
tr_06771,receptor interacting serine/threonine kinase 1,RIPK1
tr_06772,serine protease 2,PRSS2
tr_06773,zinc finger protein 665,ZNF665
tr_06774,solute carrier family 2 member 3,SLC2A3
tr_06775,"DNA polymerase alpha 2, accessory subunit",POLA2
tr_06776,translational activator of cytochrome c oxidase I,TACO1
tr_06777,gem nuclear organelle associated protein 8,GEMIN8
tr_06778,deoxyribonuclease 1 like 2,DNASE1L2
tr_06779,potassium channel tetramerization domain containing 12,KCTD12
tr_06780,serpin family A member 11,SERPINA11
tr_06781,U2 small nuclear RNA auxiliary factor 1 like 4,U2AF1L4
tr_06782,zinc finger and BTB domain containing 4,ZBTB4
tr_06783,perilipin 4,PLIN4
tr_06784,tensin 4,TNS4
tr_06785,phosphatidylinositol-4-phosphate 3-kinase catalytic subunit type 2 gamma,PIK3C2G
tr_06786,olfactory receptor family 10 subfamily A member 7,OR10A7
tr_06787,PHD finger protein 10,PHF10
tr_06788,lipase H,LIPH
tr_06789,heparan sulfate-glucosamine 3-sulfotransferase 1,HS3ST1
tr_06790,solute carrier family 1 member 2,SLC1A2
tr_06791,chromosome 12 open reading frame 43,C12orf43
tr_06792,amyloid beta precursor like protein 2,APLP2
tr_06793,motor neuron and pancreas homeobox 1,MNX1
tr_06794,olfactory receptor family 2 subfamily A member 2,OR2A2
tr_06795,sirtuin 7,SIRT7
tr_06796,mitochondrial ribosomal protein S30,MRPS30
tr_06797,mitochondrial ribosomal protein S35,MRPS35
tr_06798,"testis expressed 264, ER-phagy receptor",TEX264
tr_06799,chromosome 4 open reading frame 17,C4orf17
tr_06800,selenophosphate synthetase 2,SEPHS2
tr_06801,sirtuin 5,SIRT5
tr_06802,interferon alpha 10,IFNA10
tr_06803,ATPase 13A1,ATP13A1
tr_06804,zinc fingers and homeoboxes 1,ZHX1
tr_06805,neuronal pentraxin 1,NPTX1
tr_06806,solute carrier family 22 member 14,SLC22A14
tr_06807,forkhead box A3,FOXA3
tr_06808,PHD and ring finger domains 1,PHRF1
tr_06809,serine protease 16,PRSS16
tr_06810,ALF transcription elongation factor 4,AFF4
tr_06811,collagen type XXI alpha 1 chain,COL21A1
tr_06812,cyclin dependent kinase like 3,CDKL3
tr_06813,metallothionein 4,MT4
tr_06814,biliverdin reductase A,BLVRA
tr_06815,family with sequence similarity 120 member A,FAM120A
tr_06816,tripartite motif containing 48,TRIM48
tr_06817,PDZ and LIM domain 4,PDLIM4
tr_06818,recombination signal binding protein for immunoglobulin kappa J region like,RBPJL
tr_06819,cardiotrophin 1,CTF1
tr_06820,"polycystin 1, transient receptor potential channel interacting",PKD1
tr_06821,general transcription factor IIB,GTF2B
tr_06822,cation channel sperm associated 3,CATSPER3
tr_06823,NIMA related kinase 1,NEK1
tr_06824,anoctamin 4,ANO4
tr_06825,serine/threonine kinase 40,STK40
tr_06826,chromosome X open reading frame 65,CXorf65
tr_06827,"beta-1,4-galactosyltransferase 1",B4GALT1
tr_06828,CDGSH iron sulfur domain 1,CISD1
tr_06829,GDP-mannose pyrophosphorylase A,GMPPA
tr_06830,testis expressed 261,TEX261
tr_06831,solute carrier family 47 member 2,SLC47A2
tr_06832,lactate dehydrogenase A like 6B,LDHAL6B
tr_06833,programmed cell death 1 ligand 2,PDCD1LG2
tr_06834,succinate-CoA ligase ADP-forming subunit beta,SUCLA2
tr_06835,eukaryotic translation elongation factor 1 epsilon 1,EEF1E1
tr_06836,carnitine palmitoyltransferase 2,CPT2
tr_06837,tetraspanin 3,TSPAN3
tr_06838,keratin associated protein 16-1,KRTAP16-1
tr_06839,pentatricopeptide repeat domain 3,PTCD3
tr_06840,serine protease 21,PRSS21
tr_06841,defensin beta 126,DEFB126
tr_06842,sepiapterin reductase,SPR
tr_06843,chromosome 1 open reading frame 50,C1orf50
tr_06844,fibrinogen C domain containing 1,FIBCD1
tr_06845,defensin beta 105A,DEFB105A
tr_06846,interferon induced protein with tetratricopeptide repeats 1,IFIT1
tr_06847,glutaredoxin 3,GLRX3
tr_06848,SRY-box transcription factor 2,SOX2
tr_06849,ret finger protein like 4A,RFPL4A
tr_06850,leucine rich repeat containing 63,LRRC63
tr_06851,family with sequence similarity 120 member B,FAM120B
tr_06852,integrin subunit beta 4,ITGB4
tr_06853,mediator complex subunit 4,MED4
tr_06854,BAR/IMD domain containing adaptor protein 2 like 1,BAIAP2L1
tr_06855,tyrosine 3-monooxygenase/tryptophan 5-monooxygenase activation protein gamma,YWHAG
tr_06856,von Willebrand factor D and EGF domains,VWDE
tr_06857,homeobox C12,HOXC12
tr_06858,scavenger receptor class F member 1,SCARF1
tr_06859,dynein axonemal light intermediate chain 1,DNALI1
tr_06860,protein kinase C gamma,PRKCG
tr_06861,hypoxia inducible factor 3 subunit alpha,HIF3A
tr_06862,zinc finger protein 548,ZNF548
tr_06863,gem nuclear organelle associated protein 6,GEMIN6
tr_06864,NK1 homeobox 2,NKX1-2
tr_06865,castor zinc finger 1,CASZ1
tr_06866,MX dynamin like GTPase 1,MX1
tr_06867,lysine demethylase 2A,KDM2A
tr_06868,Rieske Fe-S domain containing,RFESD
tr_06869,isocitrate dehydrogenase (NADP(+)) 2,IDH2
tr_06870,periostin,POSTN
tr_06871,Ras and Rab interactor like,RINL
tr_06872,potassium inwardly rectifying channel subfamily J member 16,KCNJ16
tr_06873,cholinergic receptor muscarinic 1,CHRM1
tr_06874,malic enzyme 2,ME2
tr_06875,testis specific serine kinase 3,TSSK3
tr_06876,cytochrome c oxidase subunit 7B,COX7B
tr_06877,nuclear factor kappa B subunit 2,NFKB2
tr_06878,polyhomeotic homolog 2,PHC2
tr_06879,lymphocyte antigen 6 family member G5B,LY6G5B
tr_06880,ataxin 7 like 3,ATXN7L3
tr_06881,zinc finger protein 729,ZNF729
tr_06882,pogo transposable element derived with ZNF domain,POGZ
tr_06883,IQ motif containing F5,IQCF5
tr_06884,MAS related GPR family member X2,MRGPRX2
tr_06885,TATA-box binding protein associated factor 5 like,TAF5L
tr_06886,EF-hand calcium binding domain 7,EFCAB7
tr_06887,acidic nuclear phosphoprotein 32 family member B,ANP32B
tr_06888,kallikrein related peptidase 3,KLK3
tr_06889,regulatory associated protein of MTOR complex 1,RPTOR
tr_06890,G antigen 13,GAGE13
tr_06891,succinate dehydrogenase complex subunit D,SDHD
tr_06892,myelin expression factor 2,MYEF2
tr_06893,cell division cycle 6,CDC6
tr_06894,synaptic Ras GTPase activating protein 1,SYNGAP1
tr_06895,aprataxin and PNKP like factor,APLF
tr_06896,zinc finger protein 804B,ZNF804B
tr_06897,solute carrier family 6 member 12,SLC6A12
tr_06898,pyruvate dehydrogenase kinase 4,PDK4
tr_06899,COP9 signalosome subunit 2,COPS2
tr_06900,TNF receptor associated factor 1,TRAF1
tr_06901,aldehyde dehydrogenase 1 family member A3,ALDH1A3
tr_06902,GDP-mannose pyrophosphorylase B,GMPPB
tr_06903,calcium voltage-gated channel auxiliary subunit alpha2delta 2,CACNA2D2
tr_06904,ribosomal L1 domain containing 1,RSL1D1
tr_06905,SWI/SNF related BAF chromatin remodeling complex subunit C1,SMARCC1
tr_06906,T-box brain transcription factor 1,TBR1
tr_06907,Yip1 domain family member 4,YIPF4
tr_06908,pleckstrin homology domain containing B1,PLEKHB1
tr_06909,keratin associated protein 10-6,KRTAP10-6
tr_06910,"arachidonate 12-lipoxygenase, 12S type",ALOX12
tr_06911,dynamin 1 like,DNM1L
tr_06912,structure specific recognition protein 1,SSRP1
tr_06913,NADH:ubiquinone oxidoreductase subunit B1,NDUFB1
tr_06914,peptidyl arginine deiminase 1,PADI1
tr_06915,LIM domain only 1,LMO1
tr_06916,bone morphogenetic protein receptor type 2,BMPR2
tr_06917,NK2 homeobox 3,NKX2-3
tr_06918,orthopedia homeobox,OTP
tr_06919,transmembrane protein 19,TMEM19
tr_06920,adenylate kinase 5,AK5
tr_06921,contactin associated protein family member 4,CNTNAP4
tr_06922,solute carrier family 43 member 2,SLC43A2
tr_06923,xenotropic and polytropic retrovirus receptor 1,XPR1
tr_06924,"killer cell immunoglobulin like receptor, two Ig domains and long cytoplasmic tail 2",KIR2DL2
tr_06925,ubiquitin-fold modifier conjugating enzyme 1,UFC1
tr_06926,RNA binding motif protein 27,RBM27
tr_06927,"sodium leak channel, non-selective",NALCN
tr_06928,ankyrin repeat domain 39,ANKRD39
tr_06929,cyclin D1 binding protein 1,CCNDBP1
tr_06930,endoplasmic reticulum metallopeptidase 1,ERMP1
tr_06931,mitochondrial ribosomal protein L2,MRPL2
tr_06932,family with sequence similarity 110 member A,FAM110A
tr_06933,cell adhesion molecule 3,CADM3
tr_06934,serine/threonine kinase 32A,STK32A
tr_06935,acyl-CoA synthetase long chain family member 6,ACSL6
tr_06936,leucine rich repeat transmembrane neuronal 4,LRRTM4
tr_06937,filaggrin 2,FLG2
tr_06938,sorting nexin 33,SNX33
tr_06939,ankyrin repeat family A member 2,ANKRA2
tr_06940,solute carrier family 15 member 1,SLC15A1
tr_06941,N-deacetylase and N-sulfotransferase 4,NDST4
tr_06942,serine incorporator 2,SERINC2
tr_06943,iron-sulfur cluster assembly 1,ISCA1
tr_06944,glutathione peroxidase 3,GPX3
tr_06945,KN motif and ankyrin repeat domains 3,KANK3
tr_06946,phosphoglycerate kinase 2,PGK2
tr_06947,RNA polymerase III subunit E,POLR3E
tr_06948,guanidinoacetate N-methyltransferase,GAMT
tr_06949,SRY-box transcription factor 9,SOX9
tr_06950,chromosome 11 open reading frame 16,C11orf16
tr_06951,chromosome 8 open reading frame 33,C8orf33
tr_06952,solute carrier family 25 member 6,SLC25A6
tr_06953,immunoglobulin superfamily member 8,IGSF8
tr_06954,olfactory receptor family 5 subfamily C member 1,OR5C1
tr_06955,prolactin induced protein,PIP
tr_06956,transmembrane protein 130,TMEM130
tr_06957,cytoplasmic linker associated protein 2,CLASP2
tr_06958,transmembrane p24 trafficking protein 2,TMED2
tr_06959,kallikrein related peptidase 13,KLK13
tr_06960,"abhydrolase domain containing 2, acylglycerol lipase",ABHD2
tr_06961,clusterin like 1,CLUL1
tr_06962,family with sequence similarity 86 member B1 (gene/pseudogene),FAM86B1
tr_06963,monocyte to macrophage differentiation associated,MMD
tr_06964,Josephin domain containing 1,JOSD1
tr_06965,leukocyte immunoglobulin like receptor A5,LILRA5
tr_06966,solute carrier family 43 member 3,SLC43A3
tr_06967,fructose-bisphosphatase 1,FBP1
tr_06968,ankyrin repeat and LEM domain containing 2,ANKLE2
tr_06969,aminopeptidase puromycin sensitive,NPEPPS
tr_06970,desmocollin 1,DSC1
tr_06971,golgi phosphoprotein 3,GOLPH3
tr_06972,proteasome assembly chaperone 4,PSMG4
tr_06973,olfactory receptor family 11 subfamily L member 1,OR11L1
tr_06974,fin bud initiation factor homolog,FIBIN
tr_06975,matrilin 3,MATN3
tr_06976,WD repeat and FYVE domain containing 1,WDFY1
tr_06977,cytochrome P450 family 46 subfamily A member 1,CYP46A1
tr_06978,succinate dehydrogenase complex iron sulfur subunit B,SDHB
tr_06979,centromere protein B,CENPB
tr_06980,C-C motif chemokine ligand 7,CCL7
tr_06981,sperm acrosome associated 5,SPACA5
tr_06982,major facilitator superfamily domain containing 6 like,MFSD6L
tr_06983,chromosome 19 open reading frame 47,C19orf47
tr_06984,"smoothened, frizzled class receptor",SMO
tr_06985,glutamate ionotropic receptor AMPA type subunit 4,GRIA4
tr_06986,cytochrome P450 family 3 subfamily A member 4,CYP3A4
tr_06987,latent transforming growth factor beta binding protein 1,LTBP1
tr_06988,"elastase, neutrophil expressed",ELANE
tr_06989,keratin associated protein 13-2,KRTAP13-2
tr_06990,adrenoceptor alpha 2A,ADRA2A
tr_06991,pre-mRNA processing factor 31,PRPF31
tr_06992,claudin 1,CLDN1
tr_06993,homeobox A11,HOXA11
tr_06994,hexosaminidase subunit alpha,HEXA
tr_06995,vesicle associated membrane protein 4,VAMP4
tr_06996,carbohydrate sulfotransferase 6,CHST6
tr_06997,supervillin,SVIL
tr_06998,epithelial splicing regulatory protein 1,ESRP1
tr_06999,tubulin polymerization promoting protein family member 2,TPPP2
tr_07000,RNA polymerase III subunit C,POLR3C
tr_07001,bone morphogenetic protein 4,BMP4
tr_07002,basic leucine zipper and W2 domains 1,BZW1
tr_07003,FA complementation group B,FANCB
tr_07004,ret finger protein like 1,RFPL1
tr_07005,N-acetylated alpha-linked acidic dipeptidase like 1,NAALADL1
tr_07006,kelch domain containing 4,KLHDC4
tr_07007,monoamine oxidase B,MAOB
tr_07008,signal transducer and activator of transcription 3,STAT3
tr_07009,low density lipoprotein receptor class A domain containing 3,LDLRAD3
tr_07010,transglutaminase 4,TGM4
tr_07011,ubiquitin specific peptidase 9 Y-linked,USP9Y
tr_07012,prohibitin 2,PHB2
tr_07013,polo like kinase 4,PLK4
tr_07014,MyoD family inhibitor,MDFI
tr_07015,epoxide hydrolase 3,EPHX3
tr_07016,cardiotrophin like cytokine factor 1,CLCF1
tr_07017,TIMELESS interacting protein,TIPIN
tr_07018,nurim,NRM
tr_07019,metabolism of cobalamin associated C,MMACHC
tr_07020,ATPase copper transporting alpha,ATP7A
tr_07021,olfactory receptor family 51 subfamily F member 1,OR51F1
tr_07022,MAX dimerization protein 3,MXD3
tr_07023,myozenin 3,MYOZ3
tr_07024,leucine rich repeat containing 53,LRRC53
tr_07025,FERM and PDZ domain containing 3,FRMPD3
tr_07026,"tumor suppressor 2, mitochondrial calcium regulator",TUSC2
tr_07027,NODAL modulator 2,NOMO2
tr_07028,fucosyltransferase 4,FUT4
tr_07029,"anterior gradient 2, protein disulphide isomerase family member",AGR2
tr_07030,cancer antigen 1,CAGE1
tr_07031,cyclin dependent kinase 16,CDK16
tr_07032,forkhead box D4 like 3,FOXD4L3
tr_07033,carboxymethylenebutenolidase homolog,CMBL
tr_07034,olfactory receptor family 6 subfamily Q member 1,OR6Q1
tr_07035,hyaluronan and proteoglycan link protein 4,HAPLN4
tr_07036,keratin 84,KRT84
tr_07037,C-X-C motif chemokine receptor 6,CXCR6
tr_07038,UDP-glucose ceramide glucosyltransferase,UGCG
tr_07039,ankyrin and armadillo repeat containing,ANKAR
tr_07040,testis expressed 9,TEX9
tr_07041,latent transforming growth factor beta binding protein 3,LTBP3
tr_07042,hydroxysteroid 17-beta dehydrogenase 14,HSD17B14
tr_07043,myogenic factor 5,MYF5
tr_07044,mitochondrial ribosomal protein S10,MRPS10
tr_07045,dCMP deaminase,DCTD
tr_07046,SRSF protein kinase 3,SRPK3
tr_07047,"phosphatase, orphan 2",PHOSPHO2
tr_07048,frizzled class receptor 8,FZD8
tr_07049,bromodomain testis associated,BRDT
tr_07050,polypeptide N-acetylgalactosaminyltransferase like 5,GALNTL5
tr_07051,AT-hook containing transcription factor 1,AHCTF1
tr_07052,transcobalamin 2,TCN2
tr_07053,sodium channel epithelial 1 subunit delta,SCNN1D
tr_07054,interleukin 13 receptor subunit alpha 1,IL13RA1
tr_07055,"mucin 5AC, oligomeric mucus/gel-forming",MUC5AC
tr_07056,synuclein alpha interacting protein,SNCAIP
tr_07057,poly(A) binding protein cytoplasmic 1 like,PABPC1L
tr_07058,solute carrier family 25 member 10,SLC25A10
tr_07059,tetraspanin 17,TSPAN17
tr_07060,zinc finger protein 17,ZNF17
tr_07061,mitogen-activated protein kinase kinase 1,MAP2K1
tr_07062,brain enriched myelin associated protein 1,BCAS1
tr_07063,notchless homolog 1,NLE1
tr_07064,mercaptopyruvate sulfurtransferase,MPST
tr_07065,interleukin 17 receptor E,IL17RE
tr_07066,solute carrier family 7 member 11,SLC7A11
tr_07067,general transcription factor IIH subunit 3,GTF2H3
tr_07068,ubiquitin conjugating enzyme E2 W,UBE2W
tr_07069,protein tyrosine phosphatase non-receptor type 23,PTPN23
tr_07070,ETS2 repressor factor,ERF
tr_07071,phosphate regulating endopeptidase X-linked,PHEX
tr_07072,minichromosome maintenance 9 homologous recombination repair factor,MCM9
tr_07073,calpastatin,CAST
tr_07074,tripartite motif containing 72,TRIM72
tr_07075,molybdenum cofactor sulfurase,MOCOS
tr_07076,"pinin, desmosome associated protein",PNN
tr_07077,serpin family B member 10,SERPINB10
tr_07078,aquaporin 6,AQP6
tr_07079,solute carrier family 26 member 3,SLC26A3
tr_07080,"proline, glutamate and leucine rich protein 1",PELP1
tr_07081,calcium/calmodulin dependent protein kinase kinase 1,CAMKK1
tr_07082,myotubularin related protein 6,MTMR6
tr_07083,proteolipid protein 1,PLP1
tr_07084,proline rich 9,PRR9
tr_07085,MAS related GPR family member G,MRGPRG
tr_07086,malate dehydrogenase 1,MDH1
tr_07087,GRB2 related adaptor protein,GRAP
tr_07088,zinc finger protein 562,ZNF562
tr_07089,dishevelled associated activator of morphogenesis 1,DAAM1
tr_07090,stonin 1,STON1
tr_07091,alkaline ceramidase 1,ACER1
tr_07092,fibroblast growth factor 2,FGF2
tr_07093,misshapen like kinase 1,MINK1
tr_07094,tripartite motif containing 52,TRIM52
tr_07095,copine 6,CPNE6
tr_07096,chromosome 19 open reading frame 67,C19orf67
tr_07097,age-related maculopathy susceptibility 2,ARMS2
tr_07098,tubulin tyrosine ligase like 5,TTLL5
tr_07099,chromosome 12 open reading frame 60,C12orf60
tr_07100,cingulin like 1,CGNL1
tr_07101,myosin heavy chain 7B,MYH7B
tr_07102,ermin,ERMN
tr_07103,translocase of outer mitochondrial membrane 6,TOMM6
tr_07104,peroxisomal biogenesis factor 11 gamma,PEX11G
tr_07105,glycerol kinase 5,GK5
tr_07106,sushi domain containing 1,SUSD1
tr_07107,ankyrin repeat domain 12,ANKRD12
tr_07108,cancer/testis antigen family 47 member A8,CT47A8
tr_07109,outer dense fiber of sperm tails 2,ODF2
tr_07110,cytochrome P450 family 17 subfamily A member 1,CYP17A1
tr_07111,serpin family B member 3,SERPINB3
tr_07112,coiled-coil domain containing 24,CCDC24
tr_07113,growth differentiation factor 1,GDF1
tr_07114,transmembrane 4 L six family member 5,TM4SF5
tr_07115,protein phosphatase 1 regulatory inhibitor subunit 14B,PPP1R14B
tr_07116,early growth response 1,EGR1
tr_07117,peptidase M20 domain containing 2,PM20D2
tr_07118,"axin interactor, dorsalization associated",AIDA
tr_07119,glutamate ionotropic receptor NMDA type subunit 3B,GRIN3B
tr_07120,REST corepressor 3,RCOR3
tr_07121,G protein-coupled receptor 143,GPR143
tr_07122,nucleolar protein 11,NOL11
tr_07123,NSF attachment protein gamma,NAPG
tr_07124,karyopherin subunit alpha 6,KPNA6
tr_07125,chromosome 3 open reading frame 52,C3orf52
tr_07126,solute carrier family 2 member 5,SLC2A5
tr_07127,protein tyrosine phosphatase receptor type A,PTPRA
tr_07128,arginine and serine rich coiled-coil 2,RSRC2
tr_07129,alpha kinase 3,ALPK3
tr_07130,myocardin,MYOCD
tr_07131,proline rich 23B,PRR23B
tr_07132,cytoplasmic polyadenylation element binding protein 3,CPEB3
tr_07133,ATP binding cassette subfamily A member 10,ABCA10
tr_07134,"protein phosphatase, Mg2+/Mn2+ dependent 1G",PPM1G
tr_07135,hyaluronidase 3,HYAL3
tr_07136,solute carrier family 2 member 6,SLC2A6
tr_07137,general transcription factor IIE subunit 2,GTF2E2
tr_07138,trafficking protein particle complex subunit 1,TRAPPC1
tr_07139,actin related protein 6,ACTR6
tr_07140,defective in cullin neddylation 1 domain containing 1,DCUN1D1
tr_07141,cyclin and CBS domain divalent metal cation transport mediator 1,CNNM1
tr_07142,olfactory receptor family 10 subfamily T member 2,OR10T2
tr_07143,general transcription factor IIA subunit 1 like,GTF2A1L
tr_07144,NK2 homeobox 6,NKX2-6
tr_07145,netrin G1,NTNG1
tr_07146,molybdenum cofactor synthesis 2,MOCS2
tr_07147,polyamine oxidase,PAOX
tr_07148,transmembrane protein 14B,TMEM14B
tr_07149,"golgi associated, gamma adaptin ear containing, ARF binding protein 2",GGA2
tr_07150,WT1 interacting protein,WTIP
tr_07151,polyhomeotic homolog 3,PHC3
tr_07152,paralemmin,PALM
tr_07153,fibroblast growth factor 7,FGF7
tr_07154,5'-nucleotidase ecto,NT5E
tr_07155,mediator complex subunit 9,MED9
tr_07156,zinc finger protein 324,ZNF324
tr_07157,melanocortin 5 receptor,MC5R
tr_07158,bromodomain containing 2,BRD2
tr_07159,rhophilin associated tail protein 1B,ROPN1B
tr_07160,WW domain containing E3 ubiquitin protein ligase 2,WWP2
tr_07161,fibronectin type III domain containing 7,FNDC7
tr_07162,phosphotriesterase related,PTER
tr_07163,phospholipid scramblase 3,PLSCR3
tr_07164,transmembrane serine protease 3,TMPRSS3
tr_07165,laminin subunit alpha 5,LAMA5
tr_07166,phospholipase A2 group VII,PLA2G7
tr_07167,nuclear receptor subfamily 1 group H member 3,NR1H3
tr_07168,deoxyhypusine synthase,DHPS
tr_07169,C-type lectin domain containing 19A,CLEC19A
tr_07170,zinc finger protein 579,ZNF579
tr_07171,coiled-coil domain containing 112,CCDC112
tr_07172,zinc finger protein 41,ZNF41
tr_07173,neuroglobin,NGB
tr_07174,hydroxyacyl-CoA dehydrogenase trifunctional multienzyme complex subunit beta,HADHB
tr_07175,calcium voltage-gated channel subunit alpha1 I,CACNA1I
tr_07176,syntaxin binding protein 3,STXBP3
tr_07177,Cbp/p300 interacting transactivator with ED-rich tail 2,CITED2
tr_07178,pyroglutamyl-peptidase I,PGPEP1
tr_07179,histone deacetylase 11,HDAC11
tr_07180,chromatin licensing and DNA replication factor 1,CDT1
tr_07181,signal transducing adaptor molecule,STAM
tr_07182,B cell receptor associated protein 29,BCAP29
tr_07183,methionine adenosyltransferase 2 non-catalytic beta subunit,MAT2B
tr_07184,cerebellin 2 precursor,CBLN2
tr_07185,solute carrier family 2 member 4,SLC2A4
tr_07186,dynein axonemal heavy chain 14,DNAH14
tr_07187,surfactant associated 2,SFTA2
tr_07188,karyopherin subunit alpha 1,KPNA1
tr_07189,purinergic receptor P2X 2,P2RX2
tr_07190,glia maturation factor beta,GMFB
tr_07191,small ArfGAP2,SMAP2
tr_07192,claudin 16,CLDN16
tr_07193,proteasome 20S subunit beta 1,PSMB1
tr_07194,claudin 14,CLDN14
tr_07195,C-C motif chemokine ligand 26,CCL26
tr_07196,apoptotic peptidase activating factor 1,APAF1
tr_07197,chromosome 16 open reading frame 82,C16orf82
tr_07198,transcription factor AP-2 alpha,TFAP2A
tr_07199,olfactory receptor family 4 subfamily F member 4,OR4F4
tr_07200,anti-silencing function 1B histone chaperone,ASF1B
tr_07201,integrin subunit beta 1 binding protein 2,ITGB1BP2
tr_07202,general transcription factor IIIA,GTF3A
tr_07203,D-aminoacyl-tRNA deacylase 1,DTD1
tr_07204,solute carrier family 39 member 4,SLC39A4
tr_07205,golgin A7,GOLGA7
tr_07206,F-box protein 21,FBXO21
tr_07207,phosphorylated CTD interacting factor 1,PCIF1
tr_07208,high mobility group box 3,HMGB3
tr_07209,galectin 14,LGALS14
tr_07210,mitogen-activated protein kinase kinase kinase 12,MAP3K12
tr_07211,formin like 2,FMNL2
tr_07212,leukocyte receptor cluster member 9,LENG9
tr_07213,bradykinin receptor B2,BDKRB2
tr_07214,pelota mRNA surveillance and ribosome rescue factor,PELO
tr_07215,uridine phosphorylase 1,UPP1
tr_07216,involucrin,IVL
tr_07217,solute carrier family 9 member A6,SLC9A6
tr_07218,ankyrin repeat domain 54,ANKRD54
tr_07219,ankyrin repeat domain 13C,ANKRD13C
tr_07220,Rho GTPase activating protein 24,ARHGAP24
tr_07221,radical S-adenosyl methionine domain containing 1,RSAD1
tr_07222,paraoxonase 3,PON3
tr_07223,potassium inwardly rectifying channel subfamily J member 11,KCNJ11
tr_07224,oxidative stress induced growth inhibitor 1,OSGIN1
tr_07225,phosphoglucomutase 3,PGM3
tr_07226,ankyrin repeat and SOCS box containing 8,ASB8
tr_07227,hemoglobin subunit theta 1,HBQ1
tr_07228,tumor susceptibility 101,TSG101
tr_07229,ring finger protein 207,RNF207
tr_07230,zinc finger protein 384,ZNF384
tr_07231,cytoskeleton associated protein 4,CKAP4
tr_07232,sodium voltage-gated channel beta subunit 3,SCN3B
tr_07233,eukaryotic translation initiation factor 2 alpha kinase 3,EIF2AK3
tr_07234,cyclin L2,CCNL2
tr_07235,eukaryotic translation initiation factor 4E family member 2,EIF4E2
tr_07236,nei like DNA glycosylase 3,NEIL3
tr_07237,olfactory receptor family 1 subfamily J member 2,OR1J2
tr_07238,"enkurin, TRPC channel interacting protein",ENKUR
tr_07239,hemopexin,HPX
tr_07240,apolipoprotein B mRNA editing enzyme catalytic subunit 3D,APOBEC3D
tr_07241,tectonic family member 1,TCTN1
tr_07242,pterin-4 alpha-carbinolamine dehydratase 1,PCBD1
tr_07243,"GTPase, IMAP family member 7",GIMAP7
tr_07244,zinc finger protein 530,ZNF530
tr_07245,MAPK interacting serine/threonine kinase 1,MKNK1
tr_07246,"beta-1,4-N-acetyl-galactosaminyltransferase 1",B4GALNT1
tr_07247,keratin associated protein 10-3,KRTAP10-3
tr_07248,apolipoprotein B mRNA editing enzyme catalytic subunit 2,APOBEC2
tr_07249,chromosome 4 open reading frame 36,C4orf36
tr_07250,NADH:ubiquinone oxidoreductase subunit A7,NDUFA7
tr_07251,X-linked inhibitor of apoptosis,XIAP
tr_07252,basic charge Y-linked 2C,BPY2C
tr_07253,zinc finger protein 449,ZNF449
tr_07254,coiled-coil domain containing 91,CCDC91
tr_07255,"beta-1,4-N-acetyl-galactosaminyltransferase 4",B4GALNT4
tr_07256,tubulin tyrosine ligase like 3,TTLL3
tr_07257,keratin associated protein 2-2,KRTAP2-2
tr_07258,suppressor of cytokine signaling 3,SOCS3
tr_07259,archaelysin family metallopeptidase 2,AMZ2
tr_07260,poly(U) binding splicing factor 60,PUF60
tr_07261,small muscle protein X-linked,SMPX
tr_07262,double homeobox 5,DUX5
tr_07263,Ras like without CAAX 1,RIT1
tr_07264,collagen type XX alpha 1 chain,COL20A1
tr_07265,janus kinase and microtubule interacting protein 2,JAKMIP2
tr_07266,leukocyte immunoglobulin like receptor B5,LILRB5
tr_07267,potassium inwardly rectifying channel subfamily J member 12,KCNJ12
tr_07268,olfactory receptor family 51 subfamily I member 2,OR51I2
tr_07269,solute carrier family 25 member 43,SLC25A43
tr_07270,protein disulfide isomerase family A member 5,PDIA5
tr_07271,cysteine rich secretory protein 2,CRISP2
tr_07272,zinc finger protein 433,ZNF433
tr_07273,zinc finger protein 524,ZNF524
tr_07274,ganglioside induced differentiation associated protein 1 like 1,GDAP1L1
tr_07275,pyrimidinergic receptor P2Y4,P2RY4
tr_07276,keratin 28,KRT28
tr_07277,reticulocalbin 1,RCN1
tr_07278,Rho family GTPase 3,RND3
tr_07279,solute carrier family 35 member H1,SLC35H1
tr_07280,SRY-box transcription factor 1,SOX1
tr_07281,DAZ interacting zinc finger protein 1,DZIP1
tr_07282,TATA-box binding protein associated factor 6 like,TAF6L
tr_07283,apoptotic chromatin condensation inducer 1,ACIN1
tr_07284,G protein-coupled receptor 27,GPR27
tr_07285,sushi domain containing 2,SUSD2
tr_07286,cadherin 5,CDH5
tr_07287,"RB binding protein 7, chromatin remodeling factor",RBBP7
tr_07288,"major histocompatibility complex, class II, DR alpha",HLA-DRA
tr_07289,nudE neurodevelopment protein 1,NDE1
tr_07290,sideroflexin 1,SFXN1
tr_07291,B-box and SPRY domain containing,BSPRY
tr_07292,"procollagen-lysine,2-oxoglutarate 5-dioxygenase 3",PLOD3
tr_07293,La ribonucleoprotein 1B,LARP1B
tr_07294,erythrocyte membrane protein band 4.1,EPB41
tr_07295,cytochrome c oxidase subunit 6B1,COX6B1
tr_07296,myosin binding protein C1,MYBPC1
tr_07297,calcium/calmodulin dependent protein kinase II gamma,CAMK2G
tr_07298,intercellular adhesion molecule 5,ICAM5
tr_07299,syntaxin binding protein 4,STXBP4
tr_07300,ribosomal protein S6 kinase A6,RPS6KA6
tr_07301,thrombospondin 2,THBS2
tr_07302,polyhomeotic homolog 1,PHC1
tr_07303,pyruvate dehydrogenase phosphatase catalytic subunit 2,PDP2
tr_07304,apolipoprotein B,APOB
tr_07305,zinc finger protein 410,ZNF410
tr_07306,homeobox A13,HOXA13
tr_07307,glycogen synthase 2,GYS2
tr_07308,carbonic anhydrase 9,CA9
tr_07309,FLT3 interacting zinc finger 1,FIZ1
tr_07310,kelch like family member 15,KLHL15
tr_07311,NADPH oxidase activator 1,NOXA1
tr_07312,ATPase H+ transporting accessory protein 2,ATP6AP2
tr_07313,"major histocompatibility complex, class II, DO alpha",HLA-DOA
tr_07314,zinc finger protein 527,ZNF527
tr_07315,synaptotagmin 4,SYT4
tr_07316,chromosome 11 open reading frame 86,C11orf86
tr_07317,cystatin 8,CST8
tr_07318,"protein phosphatase, Mg2+/Mn2+ dependent 1J",PPM1J
tr_07319,solute carrier family 4 member 1 adaptor protein,SLC4A1AP
tr_07320,family with sequence similarity 193 member B,FAM193B
tr_07321,protein phosphatase 6 catalytic subunit,PPP6C
tr_07322,adaptor related protein complex 1 subunit gamma 1,AP1G1
tr_07323,N-glycanase 1,NGLY1
tr_07324,zinc finger protein 730,ZNF730
tr_07325,brain specific homeobox,BSX
tr_07326,coiled-coil domain containing 28A,CCDC28A
tr_07327,coiled-coil domain containing 30,CCDC30
tr_07328,thioredoxin like 4A,TXNL4A
tr_07329,zinc finger and BTB domain containing 7C,ZBTB7C
tr_07330,F-box protein 5,FBXO5
tr_07331,"gremlin 1, DAN family BMP antagonist",GREM1
tr_07332,zinc finger protein 398,ZNF398
tr_07333,NIMA related kinase 6,NEK6
tr_07334,collagen type VII alpha 1 chain,COL7A1
tr_07335,dedicator of cytokinesis 5,DOCK5
tr_07336,Ras related GTP binding C,RRAGC
tr_07337,solute carrier family 11 member 1,SLC11A1
tr_07338,aarF domain containing kinase 5,ADCK5
tr_07339,SRY-box transcription factor 21,SOX21
tr_07340,interleukin 33,IL33
tr_07341,zinc finger and SCAN domain containing 10,ZSCAN10
tr_07342,nudix hydrolase 22,NUDT22
tr_07343,nitric oxide synthase interacting protein,NOSIP
tr_07344,neuron navigator 3,NAV3
tr_07345,hes related family bHLH transcription factor with YRPW motif 2,HEY2
tr_07346,ring finger protein 126,RNF126
tr_07347,mitogen-activated protein kinase 1,MAPK1
tr_07348,olfactory receptor family 8 subfamily H member 2,OR8H2
tr_07349,sorting nexin 20,SNX20
tr_07350,small proline rich protein 2F,SPRR2F
tr_07351,solute carrier family 6 member 11,SLC6A11
tr_07352,G elongation factor mitochondrial 1,GFM1
tr_07353,motile sperm domain containing 3,MOSPD3
tr_07354,actin like 7A,ACTL7A
tr_07355,heat shock protein family B (small) member 1,HSPB1
tr_07356,opticin,OPTC
tr_07357,"RNA polymerase II, I and III subunit H",POLR2H
tr_07358,FH2 domain containing 1,FHDC1
tr_07359,pituitary tumor-transforming 2,PTTG2
tr_07360,"ArfGAP with RhoGAP domain, ankyrin repeat and PH domain 1",ARAP1
tr_07361,"X-linked Kx blood group antigen, Kell and VPS13A binding protein",XK
tr_07362,cytokine inducible SH2 containing protein,CISH
tr_07363,kelch like family member 33,KLHL33
tr_07364,kinesin family member 7,KIF7
tr_07365,protein phosphatase 1 regulatory subunit 13B,PPP1R13B
tr_07366,zinc finger and BTB domain containing 38,ZBTB38
tr_07367,protein phosphatase 1 regulatory subunit 3E,PPP1R3E
tr_07368,DEAH-box helicase 15,DHX15
tr_07369,arylsulfatase family member I,ARSI
tr_07370,protein disulfide isomerase family A member 6,PDIA6
tr_07371,chromodomain helicase DNA binding protein 8,CHD8
tr_07372,oxidation resistance 1,OXR1
tr_07373,ring finger protein 150,RNF150
tr_07374,gasdermin C,GSDMC
tr_07375,splicing factor proline and glutamine rich,SFPQ
tr_07376,microsomal glutathione S-transferase 3,MGST3
tr_07377,DEAD-box helicase 31,DDX31
tr_07378,tumor protein p53 inducible nuclear protein 2,TP53INP2
tr_07379,crystallin alpha A,CRYAA
tr_07380,RANBP2-type and C3HC4-type zinc finger containing 1,RBCK1
tr_07381,carbonic anhydrase 3,CA3
tr_07382,estrogen receptor 2,ESR2
tr_07383,interleukin 5 receptor subunit alpha,IL5RA
tr_07384,ubiquilin 1,UBQLN1
tr_07385,uroplakin 3A,UPK3A
tr_07386,proprotein convertase subtilisin/kexin type 5,PCSK5
tr_07387,negative regulator of ubiquitin like proteins 1,NUB1
tr_07388,sulfatase 2,SULF2
tr_07389,"peptidase, mitochondrial processing subunit alpha",PMPCA
tr_07390,parathyroid hormone 2,PTH2
tr_07391,phosphatidylinositol-4-phosphate 5-kinase type 1 gamma,PIP5K1C
tr_07392,forkhead box P3,FOXP3
tr_07393,F-box protein 27,FBXO27
tr_07394,zinc finger protein 652,ZNF652
tr_07395,N-methylpurine DNA glycosylase,MPG
tr_07396,methyl-CpG binding domain protein 6,MBD6
tr_07397,calcium/calmodulin dependent protein kinase II beta,CAMK2B
tr_07398,prolylcarboxypeptidase,PRCP
tr_07399,nucleoporin 205,NUP205
tr_07400,cyclic nucleotide gated channel subunit alpha 2,CNGA2
tr_07401,kinesin family member 26A,KIF26A
tr_07402,layilin,LAYN
tr_07403,aldehyde dehydrogenase 1 family member A1,ALDH1A1
tr_07404,malic enzyme 1,ME1
tr_07405,G protein regulated inducer of neurite outgrowth 2,GPRIN2
tr_07406,spastin,SPAST
tr_07407,vestigial like family member 2,VGLL2
tr_07408,late cornified envelope 1C,LCE1C
tr_07409,protein tyrosine kinase 2 beta,PTK2B
tr_07410,folate receptor gamma,FOLR3
tr_07411,SREBF chaperone,SCAP
tr_07412,"patatin like domain 6, lysophospholipase",PNPLA6
tr_07413,RNA polymerase II subunit D,POLR2D
tr_07414,forkhead box N2,FOXN2
tr_07415,eukaryotic translation initiation factor 3 subunit J,EIF3J
tr_07416,interferon regulatory factor 7,IRF7
tr_07417,nuclear receptor interacting protein 1,NRIP1
tr_07418,small ubiquitin like modifier 4,SUMO4
tr_07419,glypican 4,GPC4
tr_07420,G protein subunit alpha i3,GNAI3
tr_07421,T cell leukemia homeobox 3,TLX3
tr_07422,NIMA related kinase 3,NEK3
tr_07423,mitochondrially encoded cytochrome b,MT-CYB
tr_07424,adaptor related protein complex 4 subunit beta 1,AP4B1
tr_07425,progesterone receptor,PGR
tr_07426,replication protein A3,RPA3
tr_07427,"UDP-GlcNAc:betaGal beta-1,3-N-acetylglucosaminyltransferase 3",B3GNT3
tr_07428,coiled-coil domain containing 38,CCDC38
tr_07429,olfactory receptor family 52 subfamily E member 1 (gene/pseudogene),OR52E1
tr_07430,cyclin D1,CCND1
tr_07431,potassium calcium-activated channel subfamily N member 1,KCNN1
tr_07432,neurotrophic receptor tyrosine kinase 3,NTRK3
tr_07433,mitochondrial ribosomal protein S16,MRPS16
tr_07434,motilin,MLN
tr_07435,calmodulin regulated spectrin associated protein 1,CAMSAP1
tr_07436,F-box and WD repeat domain containing 4,FBXW4
tr_07437,calpain 9,CAPN9
tr_07438,phospholipase B1,PLB1
tr_07439,"RNA binding region (RNP1, RRM) containing 3",RNPC3
tr_07440,taste 2 receptor member 60,TAS2R60
tr_07441,inorganic pyrophosphatase 1,PPA1
tr_07442,eukaryotic translation initiation factor 3 subunit E,EIF3E
tr_07443,collagen type I alpha 1 chain,COL1A1
tr_07444,caspase recruitment domain family member 9,CARD9
tr_07445,WD repeat domain 48,WDR48
tr_07446,cytochrome P450 family 8 subfamily B member 1,CYP8B1
tr_07447,calmodulin like 4,CALML4
tr_07448,histone deacetylase 4,HDAC4
tr_07449,chromosome 11 open reading frame 58,C11orf58
tr_07450,solute carrier family 25 member 1,SLC25A1
tr_07451,retinoic acid receptor gamma,RARG
tr_07452,membrane spanning 4-domains A1,MS4A1
tr_07453,nudix hydrolase 16,NUDT16
tr_07454,WD repeat domain 41,WDR41
tr_07455,G protein-coupled receptor 148,GPR148
tr_07456,calmodulin binding transcription activator 1,CAMTA1
tr_07457,mediator complex subunit 1,MED1
tr_07458,mitogen-activated protein kinase kinase kinase kinase 4,MAP4K4
tr_07459,transmembrane protein 229A,TMEM229A
tr_07460,myosin VIIB,MYO7B
tr_07461,olfactory receptor family 1 subfamily L member 8,OR1L8
tr_07462,ATP binding cassette subfamily C member 5,ABCC5
tr_07463,zinc finger protein 264,ZNF264
tr_07464,kallikrein related peptidase 15,KLK15
tr_07465,secretory carrier membrane protein 5,SCAMP5
tr_07466,pancreatic lipase,PNLIP
tr_07467,"enoyl-CoA hydratase, short chain 1",ECHS1
tr_07468,WD repeat domain 5,WDR5
tr_07469,zinc finger protein 766,ZNF766
tr_07470,HD domain containing 3,HDDC3
tr_07471,metallo-beta-lactamase domain containing 1,MBLAC1
tr_07472,phosphomevalonate kinase,PMVK
tr_07473,3'-phosphoadenosine 5'-phosphosulfate synthase 1,PAPSS1
tr_07474,olfactory receptor family 2 subfamily T member 11,OR2T11
tr_07475,serine/threonine kinase 11 interacting protein,STK11IP
tr_07476,catechol-O-methyltransferase domain containing 1,COMTD1
tr_07477,mitotic arrest deficient 2 like 2,MAD2L2
tr_07478,ribosomal protein L31,RPL31
tr_07479,N-sulfoglucosamine sulfohydrolase,SGSH
tr_07480,syntaxin 5,STX5
tr_07481,tankyrase 2,TNKS2
tr_07482,osteomodulin,OMD
tr_07483,pregnancy up-regulated nonubiquitous CaM kinase,PNCK
tr_07484,phosphohistidine phosphatase 1,PHPT1
tr_07485,ring finger protein 11,RNF11
tr_07486,podocan,PODN
tr_07487,dopa decarboxylase,DDC
tr_07488,tetraspanin 18,TSPAN18
tr_07489,zinc finger protein 282,ZNF282
tr_07490,solute carrier family 11 member 2,SLC11A2
tr_07491,pancreatic and duodenal homeobox 1,PDX1
tr_07492,olfactory receptor family 1 subfamily J member 4,OR1J4
tr_07493,"phosphatidylinositol-4,5-bisphosphate 3-kinase catalytic subunit delta",PIK3CD
tr_07494,WD repeat domain 91,WDR91
tr_07495,"cell adhesion associated, oncogene regulated",CDON
tr_07496,zinc finger CCHC-type containing 14,ZCCHC14
tr_07497,nucleoporin 188,NUP188
tr_07498,EP300 interacting inhibitor of differentiation 2B,EID2B
tr_07499,olfactory receptor family 5 subfamily H member 1,OR5H1
tr_07500,Cbp/p300 interacting transactivator with ED-rich tail 4,CITED4
tr_07501,dual specificity tyrosine phosphorylation regulated kinase 3,DYRK3
tr_07502,centrosomal protein 350,CEP350
tr_07503,G antigen 2B,GAGE2B
tr_07504,coiled-coil domain containing 60,CCDC60
tr_07505,proline rich 20A,PRR20A
tr_07506,splA/ryanodine receptor domain and SOCS box containing 1,SPSB1
tr_07507,"beta-1,3-galactosyltransferase 6",B3GALT6
tr_07508,cytochrome P450 family 7 subfamily B member 1,CYP7B1
tr_07509,choline kinase alpha,CHKA
tr_07510,histocompatibility minor HB-1,HMHB1
tr_07511,defensin alpha 3,DEFA3
tr_07512,post-GPI attachment to proteins inositol deacylase 1,PGAP1
tr_07513,salt inducible kinase 1,SIK1
tr_07514,WW domain binding protein 4,WBP4
tr_07515,insulin like growth factor 2,IGF2
tr_07516,melatonin receptor 1B,MTNR1B
tr_07517,DNA polymerase nu,POLN
tr_07518,TNF receptor associated factor 7,TRAF7
tr_07519,lysosomal protein transmembrane 4 alpha,LAPTM4A
tr_07520,calpain 2,CAPN2
tr_07521,heterogeneous nuclear ribonucleoprotein L,HNRNPL
tr_07522,keratin associated protein 21-1,KRTAP21-1
tr_07523,solute carrier family 34 member 2,SLC34A2
tr_07524,zinc finger protein 143,ZNF143
tr_07525,YY1 associated factor 2,YAF2
tr_07526,small ArfGAP 1,SMAP1
tr_07527,doublesex and mab-3 related transcription factor 2,DMRT2
tr_07528,solute carrier family 44 member 1,SLC44A1
tr_07529,zinc finger CCHC-type containing 12,ZCCHC12
tr_07530,SH3 and cysteine rich domain,STAC
tr_07531,differentially expressed in FDCP 8 homolog,DEF8
tr_07532,zinc finger protein 584,ZNF584
tr_07533,potassium voltage-gated channel interacting protein 1,KCNIP1
tr_07534,cell division cycle 16,CDC16
tr_07535,adaptor related protein complex 2 subunit mu 1,AP2M1
tr_07536,coiled-coil domain containing 25,CCDC25
tr_07537,protein phosphatase 1 regulatory inhibitor subunit 14A,PPP1R14A
tr_07538,dermatan sulfate epimerase,DSE
tr_07539,testis specific serine kinase 2,TSSK2
tr_07540,SPARC related modular calcium binding 2,SMOC2
tr_07541,Rho GTPase activating protein 30,ARHGAP30
tr_07542,phospholipase C beta 4,PLCB4
tr_07543,centrosomal protein 290,CEP290
tr_07544,DEAH-box helicase 32 (putative),DHX32
tr_07545,"discoidin, CUB and LCCL domain containing 1",DCBLD1
tr_07546,ARF like GTPase 17A,ARL17A
tr_07547,contactin associated protein family member 3,CNTNAP3
tr_07548,tRNA methyltransferase activator subunit 11-2,TRMT112
tr_07549,transmembrane p24 trafficking protein 6,TMED6
tr_07550,cystatin A,CSTA
tr_07551,potassium voltage-gated channel subfamily A member 6,KCNA6
tr_07552,keratin 80,KRT80
tr_07553,praja ring finger ubiquitin ligase 2,PJA2
tr_07554,ETS variant transcription factor 7,ETV7
tr_07555,zinc finger protein 35,ZNF35
tr_07556,gamma-glutamyltransferase 7,GGT7
tr_07557,MAGUK p55 scaffold protein 7,MPP7
tr_07558,family with sequence similarity 76 member B,FAM76B
tr_07559,RNA pseudouridine synthase D3,RPUSD3
tr_07560,lysine demethylase 6A,KDM6A
tr_07561,serpin family D member 1,SERPIND1
tr_07562,NADH:ubiquinone oxidoreductase complex assembly factor 2,NDUFAF2
tr_07563,mitogen-activated protein kinase 7,MAPK7
tr_07564,leucine rich repeat and Ig domain containing 2,LINGO2
tr_07565,autophagy related 16 like 2,ATG16L2
tr_07566,ubiquitin specific peptidase 3,USP3
tr_07567,family with sequence similarity 107 member B,FAM107B
tr_07568,RNA polymerase I subunit A,POLR1A
tr_07569,serpin family B member 9,SERPINB9
tr_07570,keratin associated protein 1-1,KRTAP1-1
tr_07571,atlastin GTPase 3,ATL3
tr_07572,pancreatic polypeptide,PPY
tr_07573,integrin linked kinase,ILK
tr_07574,collagen type IX alpha 3 chain,COL9A3
tr_07575,hepatic and glial cell adhesion molecule,HEPACAM
tr_07576,G protein subunit gamma transducin 2,GNGT2
tr_07577,coiled-coil domain containing 126,CCDC126
tr_07578,proline rich coiled-coil 1,PRRC1
tr_07579,cadherin 8,CDH8
tr_07580,autophagy related 16 like 1,ATG16L1
tr_07581,cerebellar degeneration related protein 2,CDR2
tr_07582,ring finger protein 125,RNF125
tr_07583,Fc epsilon receptor Ig,FCER1G
tr_07584,CDC28 protein kinase regulatory subunit 1B,CKS1B
tr_07585,ninein like,NINL
tr_07586,zinc finger protein 75A,ZNF75A
tr_07587,transcription elongation factor A like 6,TCEAL6
tr_07588,TATA-box binding protein associated factor 11,TAF11
tr_07589,immunoglobulin binding protein 1,IGBP1
tr_07590,serpin family E member 2,SERPINE2
tr_07591,alpha-2-macroglobulin,A2M
tr_07592,zinc finger protein 480,ZNF480
tr_07593,microtubule associated protein 9,MAP9
tr_07594,zinc finger protein 606,ZNF606
tr_07595,protein tyrosine phosphatase non-receptor type 12,PTPN12
tr_07596,small nuclear ribonucleoprotein polypeptide E,SNRPE
tr_07597,phosphatidylinositol glycan anchor biosynthesis class Q,PIGQ
tr_07598,zinc finger protein 48,ZNF48
tr_07599,enolase 4,ENO4
tr_07600,taspase 1,TASP1
tr_07601,chromosome 3 open reading frame 70,C3orf70
tr_07602,lysophospholipase like 1,LYPLAL1
tr_07603,defective in cullin neddylation 1 domain containing 5,DCUN1D5
tr_07604,linker for activation of T cells,LAT
tr_07605,huntingtin associated protein 1,HAP1
tr_07606,zinc finger protein 320,ZNF320
tr_07607,glucose-6-phosphate dehydrogenase,G6PD
tr_07608,zinc finger protein 580,ZNF580
tr_07609,protein phosphatase 3 catalytic subunit beta,PPP3CB
tr_07610,G protein-coupled receptor 132,GPR132
tr_07611,olfactory receptor family 4 subfamily D member 2,OR4D2
tr_07612,TRAF2 and NCK interacting kinase,TNIK
tr_07613,zinc finger C3H1-type containing,ZFC3H1
tr_07614,"major histocompatibility complex, class II, DQ beta 1",HLA-DQB1
tr_07615,unk like zinc finger,UNKL
tr_07616,roundabout guidance receptor 1,ROBO1
tr_07617,granzyme M,GZMM
tr_07618,"necdin, MAGE family member",NDN
tr_07619,WASP actin nucleation promoting factor,WAS
tr_07620,G protein-coupled receptor class C group 5 member A,GPRC5A
tr_07621,F-box protein 10,FBXO10
tr_07622,calcium voltage-gated channel auxiliary subunit gamma 3,CACNG3
tr_07623,"major histocompatibility complex, class II, DQ alpha 1",HLA-DQA1
tr_07624,inter-alpha-trypsin inhibitor heavy chain 3,ITIH3
tr_07625,coiled-coil and C2 domain containing 2B,CC2D2B
tr_07626,metastasis associated 1,MTA1
tr_07627,RNA pseudouridine synthase D4,RPUSD4
tr_07628,nucleoporin 37,NUP37
tr_07629,ribosomal protein L8,RPL8
tr_07630,SRY-box transcription factor 12,SOX12
tr_07631,glutamate metabotropic receptor 8,GRM8
tr_07632,platelet activating factor acetylhydrolase 1b catalytic subunit 2,PAFAH1B2
tr_07633,zinc finger protein 440,ZNF440
tr_07634,coiled-coil-helix-coiled-coil-helix domain containing 4,CHCHD4
tr_07635,transcription factor 7 like 1,TCF7L1
tr_07636,"MRT4 homolog, ribosome maturation factor",MRTO4
tr_07637,leucine rich repeat transmembrane protein 1,LRTM1
tr_07638,secreted frizzled related protein 4,SFRP4
tr_07639,olfactory receptor family 10 subfamily H member 3,OR10H3
tr_07640,inorganic pyrophosphatase 2,PPA2
tr_07641,synaptophysin like 2,SYPL2
tr_07642,solute carrier organic anion transporter family member 6A1,SLCO6A1
tr_07643,lysine demethylase 4B,KDM4B
tr_07644,actin related protein T2,ACTRT2
tr_07645,peroxisomal biogenesis factor 10,PEX10
tr_07646,S1 RNA binding domain 1,SRBD1
tr_07647,gap junction protein gamma 3,GJC3
tr_07648,lemur tyrosine kinase 3,LMTK3
tr_07649,mitogen-activated protein kinase kinase 2,MAP2K2
tr_07650,ATP binding cassette subfamily D member 2,ABCD2
tr_07651,annexin A5,ANXA5
tr_07652,laminin subunit gamma 2,LAMC2
tr_07653,laminin subunit beta 4,LAMB4
tr_07654,ankyrin repeat domain 33B,ANKRD33B
tr_07655,hydroxysteroid dehydrogenase like 1,HSDL1
tr_07656,mitochondrial ribosomal protein L55,MRPL55
tr_07657,Cl-/H+ antiporter 6,CLCN6
tr_07658,olfactory receptor family 8 subfamily A member 1,OR8A1
tr_07659,even-skipped homeobox 1,EVX1
tr_07660,ectonucleotide pyrophosphatase/phosphodiesterase 6,ENPP6
tr_07661,proline-serine-threonine phosphatase interacting protein 1,PSTPIP1
tr_07662,plexin B2,PLXNB2
tr_07663,mitochondrial ribosomal protein L21,MRPL21
tr_07664,gastrin releasing peptide,GRP
tr_07665,ARF like GTPase 14,ARL14
tr_07666,carbonic anhydrase 7,CA7
tr_07667,chromosome 21 open reading frame 91,C21orf91
tr_07668,G protein subunit alpha 15,GNA15
tr_07669,alpha-2-macroglobulin like 1,A2ML1
tr_07670,neurotensin receptor 1,NTSR1
tr_07671,charged multivesicular body protein 7,CHMP7
tr_07672,membrane metalloendopeptidase like 1,MMEL1
tr_07673,CXXC repeat containing interactor of PDZ3 domain,CRIPT
tr_07674,keratin associated protein 13-3,KRTAP13-3
tr_07675,vascular cell adhesion molecule 1,VCAM1
tr_07676,"protein phosphatase, Mg2+/Mn2+ dependent 1F",PPM1F
tr_07677,prefoldin subunit 2,PFDN2
tr_07678,heat shock protein family H (Hsp110) member 1,HSPH1
tr_07679,bleomycin hydrolase,BLMH
tr_07680,lysosome associated membrane protein 3,LAMP3
tr_07681,G-patch domain and KOW motifs,GPKOW
tr_07682,ovo like zinc finger 2,OVOL2
tr_07683,olfactory receptor family 1 subfamily S member 1,OR1S1
tr_07684,palmitoyl-protein thioesterase 1,PPT1
tr_07685,glutathione synthetase,GSS
tr_07686,cryptochrome circadian regulator 2,CRY2
tr_07687,tubulin folding cofactor D,TBCD
tr_07688,dual specificity phosphatase 15,DUSP15
tr_07689,kallikrein related peptidase 9,KLK9
tr_07690,sirtuin 6,SIRT6
tr_07691,nicotinamide N-methyltransferase,NNMT
tr_07692,quiescin sulfhydryl oxidase 2,QSOX2
tr_07693,phospholipase A2 receptor 1,PLA2R1
tr_07694,adducin 3,ADD3
tr_07695,mitochondrial ribosomal protein L15,MRPL15
tr_07696,cartilage associated protein,CRTAP
tr_07697,RNA binding motif protein 3,RBM3
tr_07698,F-box protein 39,FBXO39
tr_07699,sialic acid binding Ig like lectin 14,SIGLEC14
tr_07700,poly(ADP-ribose) polymerase family member 4,PARP4
tr_07701,small nuclear ribonucleoprotein U11/U12 subunit 48,SNRNP48
tr_07702,replication factor C subunit 1,RFC1
tr_07703,cation channel sperm associated 1,CATSPER1
tr_07704,prospero homeobox 1,PROX1
tr_07705,potassium sodium-activated channel subfamily T member 2,KCNT2
tr_07706,"DNA polymerase delta 2, accessory subunit",POLD2
tr_07707,gamma-aminobutyric acid type A receptor subunit rho2,GABRR2
tr_07708,signal sequence receptor subunit 1,SSR1
tr_07709,zinc finger protein 568,ZNF568
tr_07710,kinesin family member 21B,KIF21B
tr_07711,mannosidase beta,MANBA
tr_07712,glutathione S-transferase pi 1,GSTP1
tr_07713,doublesex and mab-3 related transcription factor 1,DMRT1
tr_07714,Yip1 domain family member 6,YIPF6
tr_07715,biphenyl hydrolase like,BPHL
tr_07716,"SPARC (osteonectin), cwcv and kazal like domains proteoglycan 1",SPOCK1
tr_07717,ring finger protein 5,RNF5
tr_07718,glutamate rich 1,ERICH1
tr_07719,G antigen 8,GAGE8
tr_07720,corneodesmosin,CDSN
tr_07721,interleukin 13,IL13
tr_07722,tripartite motif containing 55,TRIM55
tr_07723,lymphocyte antigen 6 family member E,LY6E
tr_07724,synaptotagmin 9,SYT9
tr_07725,LIM domain binding 3,LDB3
tr_07726,lysophosphatidylcholine acyltransferase 4,LPCAT4
tr_07727,folate receptor beta,FOLR2
tr_07728,olfactory receptor family 5 subfamily D member 13,OR5D13
tr_07729,"zinc finger CCCH-type, RNA binding motif and serine/arginine rich 2",ZRSR2
tr_07730,cell division cycle 73,CDC73
tr_07731,family with sequence similarity 133 member A,FAM133A
tr_07732,"RNA polymerase II, I and III subunit K",POLR2K
tr_07733,chloride channel accessory 4,CLCA4
tr_07734,methylphosphate capping enzyme,MEPCE
tr_07735,ATP binding cassette subfamily C member 12,ABCC12
tr_07736,F-box and WD repeat domain containing 2,FBXW2
tr_07737,synapse associated protein 1,SYAP1
tr_07738,transmembrane protein 78,TMEM78
tr_07739,C-C motif chemokine ligand 24,CCL24
tr_07740,envoplakin like,EVPLL
tr_07741,metallothionein 1F,MT1F
tr_07742,olfactory receptor family 56 subfamily B member 4,OR56B4
tr_07743,protein tyrosine kinase 7 (inactive),PTK7
tr_07744,serine/threonine kinase 39,STK39
tr_07745,ectodysplasin A,EDA
tr_07746,mitochondrial ribosomal protein L12,MRPL12
tr_07747,propionyl-CoA carboxylase subunit alpha,PCCA
tr_07748,dihydropyrimidinase like 2,DPYSL2
tr_07749,glutamic--pyruvic transaminase 2,GPT2
tr_07750,meprin A subunit beta,MEP1B
tr_07751,actin like 7B,ACTL7B
tr_07752,ubiquitin specific peptidase 15,USP15
tr_07753,cyclin dependent kinase 5 regulatory subunit 2,CDK5R2
tr_07754,paired box 9,PAX9
tr_07755,rotatin,RTTN
tr_07756,G protein-coupled receptor 34,GPR34
tr_07757,myelin transcription factor 1,MYT1
tr_07758,prolactin regulatory element binding,PREB
tr_07759,short coiled-coil protein,SCOC
tr_07760,potassium calcium-activated channel subfamily U member 1,KCNU1
tr_07761,lactamase beta 2,LACTB2
tr_07762,olfactory marker protein,OMP
tr_07763,cytochrome b5 type B,CYB5B
tr_07764,EMAP like 5,EML5
tr_07765,methionyl aminopeptidase 1,METAP1
tr_07766,ryanodine receptor 2,RYR2
tr_07767,C-C motif chemokine receptor 8,CCR8
tr_07768,bromodomain adjacent to zinc finger domain 2B,BAZ2B
tr_07769,interleukin 18 binding protein,IL18BP
tr_07770,folliculin interacting protein 1,FNIP1
tr_07771,C-X-C motif chemokine ligand 6,CXCL6
tr_07772,thiosulfate sulfurtransferase like domain containing 1,TSTD1
tr_07773,zinc finger CCHC-type containing 3,ZCCHC3
tr_07774,synaptotagmin 1,SYT1
tr_07775,ATPase H+ transporting V1 subunit D,ATP6V1D
tr_07776,actin related protein 2/3 complex subunit 5,ARPC5
tr_07777,transmembrane 6 superfamily member 2,TM6SF2
tr_07778,liver enriched antimicrobial peptide 2,LEAP2
tr_07779,synaptoporin,SYNPR
tr_07780,chromosome 1 open reading frame 185,C1orf185
tr_07781,myogenin,MYOG
tr_07782,taurine up-regulated 1,TUG1
tr_07783,F-box protein 17,FBXO17
tr_07784,otogelin,OTOG
tr_07785,poly(A)-specific ribonuclease,PARN
tr_07786,G protein-coupled receptor 61,GPR61
tr_07787,glutathione peroxidase 2,GPX2
tr_07788,zinc finger protein 483,ZNF483
tr_07789,kinesin family member 20B,KIF20B
tr_07790,scratch family transcriptional repressor 1,SCRT1
tr_07791,RIMS binding protein 2,RIMBP2
tr_07792,inhibitor of DNA binding 2,ID2
tr_07793,adaptor related protein complex 4 subunit sigma 1,AP4S1
tr_07794,sodium voltage-gated channel alpha subunit 11,SCN11A
tr_07795,zinc finger MYM-type containing 2,ZMYM2
tr_07796,leucine rich repeat containing 37A,LRRC37A
tr_07797,"killer cell immunoglobulin like receptor, three Ig domains and short cytoplasmic tail 1",KIR3DS1
tr_07798,TBK1 binding protein 1,TBKBP1
tr_07799,chromosome 1 open reading frame 162,C1orf162
tr_07800,calumenin,CALU
tr_07801,polypeptide N-acetylgalactosaminyltransferase 11,GALNT11
tr_07802,zinc finger protein 275,ZNF275
tr_07803,solute carrier family 30 member 4,SLC30A4
tr_07804,RNA binding motif protein 44,RBM44
tr_07805,G antigen 4,GAGE4
tr_07806,insulin like growth factor 2 mRNA binding protein 2,IGF2BP2
tr_07807,high density lipoprotein binding protein,HDLBP
tr_07808,FSHD region gene 2 family member C,FRG2C
tr_07809,oxoglutarate dehydrogenase,OGDH
tr_07810,harbinger transposase derived 1,HARBI1
tr_07811,rhophilin Rho GTPase binding protein 1,RHPN1
tr_07812,sulfatase 1,SULF1
tr_07813,neuropeptides B and W receptor 1,NPBWR1
tr_07814,acyl-CoA dehydrogenase short/branched chain,ACADSB
tr_07815,bromodomain containing 1,BRD1
tr_07816,potassium voltage-gated channel subfamily B member 2,KCNB2
tr_07817,interleukin 2 receptor subunit beta,IL2RB
tr_07818,potassium sodium-activated channel subfamily T member 1,KCNT1
tr_07819,roundabout guidance receptor 3,ROBO3
tr_07820,zinc finger protein 623,ZNF623
tr_07821,semaphorin 4D,SEMA4D
tr_07822,G antigen 2E,GAGE2E
tr_07823,olfactory receptor family 7 subfamily A member 10,OR7A10
tr_07824,cathepsin E,CTSE
tr_07825,solute carrier family 12 member 8,SLC12A8
tr_07826,calcium voltage-gated channel auxiliary subunit beta 3,CACNB3
tr_07827,olfactory receptor family 2 subfamily AK member 2,OR2AK2
tr_07828,signal recognition particle 14,SRP14
tr_07829,ERBB receptor feedback inhibitor 1,ERRFI1
tr_07830,pterin-4 alpha-carbinolamine dehydratase 2,PCBD2
tr_07831,taxilin alpha,TXLNA
tr_07832,inositol-trisphosphate 3-kinase A,ITPKA
tr_07833,ATPase Na+/K+ transporting family member beta 4,ATP1B4
tr_07834,IKAROS family zinc finger 5,IKZF5
tr_07835,transcription factor EB,TFEB
tr_07836,collagen type XXVIII alpha 1 chain,COL28A1
tr_07837,keratin associated protein 10-11,KRTAP10-11
tr_07838,interleukin 12 receptor subunit beta 2,IL12RB2
tr_07839,homeobox D13,HOXD13
tr_07840,purinergic receptor P2Y1,P2RY1
tr_07841,keratin associated protein 5-5,KRTAP5-5
tr_07842,clarin 3,CLRN3
tr_07843,"NPL4 homolog, ubiquitin recognition factor",NPLOC4
tr_07844,DDB1 and CUL4 associated factor 8 like 1,DCAF8L1
tr_07845,RING1 and YY1 binding protein,RYBP
tr_07846,G protein nucleolar 3,GNL3
tr_07847,myozenin 2,MYOZ2
tr_07848,natriuretic peptide B,NPPB
tr_07849,phosducin like 3,PDCL3
tr_07850,C-C motif chemokine receptor 2,CCR2
tr_07851,GA binding protein transcription factor subunit alpha,GABPA
tr_07852,ATPase secretory pathway Ca2+ transporting 2,ATP2C2
tr_07853,olfactory receptor family 14 subfamily A member 2,OR14A2
tr_07854,ribosomal protein S28,RPS28
tr_07855,CDC28 protein kinase regulatory subunit 2,CKS2
tr_07856,cadherin 10,CDH10
tr_07857,autophagy related 4C cysteine peptidase,ATG4C
tr_07858,four and a half LIM domains 3,FHL3
tr_07859,"alpha-1,4-N-acetylglucosaminyltransferase",A4GNT
tr_07860,arginase 2,ARG2
tr_07861,ataxin 2 like,ATXN2L
tr_07862,cyclin G2,CCNG2
tr_07863,suppression of tumorigenicity 7 like,ST7L
tr_07864,zinc finger protein 629,ZNF629
tr_07865,mitogen-activated protein kinase 8,MAPK8
tr_07866,eukaryotic translation initiation factor 2 alpha kinase 1,EIF2AK1
tr_07867,5-hydroxytryptamine receptor 5A,HTR5A
tr_07868,deleted in primary ciliary dyskinesia homolog (mouse),DPCD
tr_07869,ring finger protein 135,RNF135
tr_07870,solute carrier family 26 member 1,SLC26A1
tr_07871,zinc finger protein 581,ZNF581
tr_07872,transmembrane protein 176A,TMEM176A
tr_07873,N-acetylglucosamine-1-phosphodiester alpha-N-acetylglucosaminidase,NAGPA
tr_07874,family with sequence similarity 149 member A,FAM149A
tr_07875,cAMP-dependent protein kinase inhibitor beta,PKIB
tr_07876,mitogen-activated protein kinase 6,MAPK6
tr_07877,gamma-aminobutyric acid type A receptor subunit theta,GABRQ
tr_07878,GRIP1 associated protein 1,GRIPAP1
tr_07879,3-hydroxy-3-methylglutaryl-CoA lyase like 1,HMGCLL1
tr_07880,pyridoxal phosphatase,PDXP
tr_07881,WASP like actin nucleation promoting factor,WASL
tr_07882,coiled-coil domain containing 27,CCDC27
tr_07883,nitrilase 1,NIT1
tr_07884,olfactory receptor family 6 subfamily B member 1,OR6B1
tr_07885,retinol saturase,RETSAT
tr_07886,family with sequence similarity 50 member A,FAM50A
tr_07887,olfactory receptor family 4 subfamily C member 11,OR4C11
tr_07888,ring finger protein 10,RNF10
tr_07889,F-box and WD repeat domain containing 11,FBXW11
tr_07890,"jumonji domain containing 6, arginine demethylase and lysine hydroxylase",JMJD6
tr_07891,dentin matrix acidic phosphoprotein 1,DMP1
tr_07892,nerve growth factor,NGF
tr_07893,protein kinase AMP-activated non-catalytic subunit beta 1,PRKAB1
tr_07894,protein inhibitor of activated STAT 3,PIAS3
tr_07895,potassium voltage-gated channel subfamily Q member 3,KCNQ3
tr_07896,glutathione S-transferase kappa 1,GSTK1
tr_07897,hexokinase domain containing 1,HKDC1
tr_07898,ganglioside induced differentiation associated protein 2,GDAP2
tr_07899,four and a half LIM domains 5,FHL5
tr_07900,carboxypeptidase vitellogenic like,CPVL
tr_07901,pancreatic progenitor cell differentiation and proliferation factor,PPDPF
tr_07902,"cytochrome c, somatic",CYCS
tr_07903,chloride nucleotide-sensitive channel 1A,CLNS1A
tr_07904,solute carrier family 25 member 4,SLC25A4
tr_07905,cell adhesion molecule 2,CADM2
tr_07906,"spectrin beta, non-erythrocytic 2",SPTBN2
tr_07907,alpha-N-acetylgalactosaminidase,NAGA
tr_07908,osteoglycin,OGN
tr_07909,tRNA splicing endonuclease subunit 54,TSEN54
tr_07910,synaptotagmin 13,SYT13
tr_07911,dermatopontin,DPT
tr_07912,serine protease 37,PRSS37
tr_07913,microtubule associated protein 1B,MAP1B
tr_07914,collagen type XXII alpha 1 chain,COL22A1
tr_07915,phosphodiesterase 12,PDE12
tr_07916,"protein C, inactivator of coagulation factors Va and VIIIa",PROC
tr_07917,HIG1 hypoxia inducible domain family member 2B,HIGD2B
tr_07918,metallothionein 3,MT3
tr_07919,hydroxyacyl-CoA dehydrogenase,HADH
tr_07920,zinc finger protein 790,ZNF790
tr_07921,dual specificity phosphatase 2,DUSP2
tr_07922,amylase alpha 2A,AMY2A
tr_07923,inositol polyphosphate-5-phosphatase K,INPP5K
tr_07924,tyrosine kinase non receptor 2,TNK2
tr_07925,taste 2 receptor member 31,TAS2R31
tr_07926,potassium channel tetramerization domain containing 3,KCTD3
tr_07927,regulator of calcineurin 1,RCAN1
tr_07928,signal transducer and activator of transcription 1,STAT1
tr_07929,WT1 associated protein,WTAP
tr_07930,epithelial cell transforming 2 like,ECT2L
tr_07931,dysbindin domain containing 2,DBNDD2
tr_07932,transforming growth factor beta receptor 3,TGFBR3
tr_07933,tryptase delta 1,TPSD1
tr_07934,tectonic family member 3,TCTN3
tr_07935,DDB1 and CUL4 associated factor 15,DCAF15
tr_07936,actin like 8,ACTL8
tr_07937,deltex E3 ubiquitin ligase 1,DTX1
tr_07938,chromosome 12 open reading frame 54,C12orf54
tr_07939,MAGUK p55 scaffold protein 1,MPP1
tr_07940,serpin family E member 3,SERPINE3
tr_07941,transmembrane and coiled-coil domains 2,TMCO2
tr_07942,phosphatidylinositol specific phospholipase C X domain containing 3,PLCXD3
tr_07943,transmembrane protein 232,TMEM232
tr_07944,early endosome antigen 1,EEA1
tr_07945,amelotin,AMTN
tr_07946,tetraspanin 2,TSPAN2
tr_07947,leucine rich repeat containing 9,LRRC9
tr_07948,myosin light chain 5,MYL5
tr_07949,olfactory receptor family 10 subfamily G member 9,OR10G9
tr_07950,RAD50 interactor 1,RINT1
tr_07951,zinc finger RNA binding protein,ZFR
tr_07952,tripartite motif containing 28,TRIM28
tr_07953,upregulator of cell proliferation,URGCP
tr_07954,PHD finger protein 12,PHF12
tr_07955,component of oligomeric golgi complex 4,COG4
tr_07956,tumor protein p53 regulated apoptosis inducing protein 1,TP53AIP1
tr_07957,non-POU domain containing octamer binding,NONO
tr_07958,crystallin gamma S,CRYGS
tr_07959,tRNA splicing endonuclease subunit 15,TSEN15
tr_07960,anoctamin 3,ANO3
tr_07961,chloride voltage-gated channel Ka,CLCNKA
tr_07962,lysophosphatidic acid receptor 2,LPAR2
tr_07963,ring finger protein 217,RNF217
tr_07964,leptin receptor,LEPR
tr_07965,ephrin A4,EFNA4
tr_07966,amidohydrolase domain containing 1,AMDHD1
tr_07967,"MAX interactor 1, dimerization protein",MXI1
tr_07968,"testis expressed 14, intercellular bridge forming factor",TEX14
tr_07969,coagulation factor VIII associated 2,F8A2
tr_07970,chorionic somatomammotropin hormone like 1,CSHL1
tr_07971,leucine rich repeat containing 55,LRRC55
tr_07972,grainyhead like transcription factor 1,GRHL1
tr_07973,RNA binding motif protein 46,RBM46
tr_07974,thioredoxin reductase 2,TXNRD2
tr_07975,carbohydrate sulfotransferase 7,CHST7
tr_07976,coenzyme Q10B,COQ10B
tr_07977,1-aminocyclopropane-1-carboxylate synthase homolog (inactive),ACCS
tr_07978,multiple EGF like domains 10,MEGF10
tr_07979,phosphodiesterase 6H,PDE6H
tr_07980,protein tyrosine phosphatase 4A1,PTP4A1
tr_07981,C-C motif chemokine ligand 17,CCL17
tr_07982,"lipase A, lysosomal acid type",LIPA
tr_07983,anoctamin 1,ANO1
tr_07984,dihydrolipoamide S-acetyltransferase,DLAT
tr_07985,guanylate kinase 1,GUK1
tr_07986,pannexin 2,PANX2
tr_07987,mitochondrial antiviral signaling protein,MAVS
tr_07988,obscurin like cytoskeletal adaptor 1,OBSL1
tr_07989,protein tyrosine phosphatase receptor type D,PTPRD
tr_07990,zinc finger protein 770,ZNF770
tr_07991,actin alpha cardiac muscle 1,ACTC1
tr_07992,leishmanolysin like peptidase,LMLN
tr_07993,iroquois homeobox 3,IRX3
tr_07994,integral membrane protein 2C,ITM2C
tr_07995,family with sequence similarity 185 member A,FAM185A
tr_07996,2'-5'-oligoadenylate synthetase 2,OAS2
tr_07997,vesicle associated membrane protein 3,VAMP3
tr_07998,mitochondrial ribosomal protein S28,MRPS28
tr_07999,pygopus family PHD finger 2,PYGO2
tr_08000,zinc finger CCCH-type containing 3,ZC3H3
tr_08001,internexin neuronal intermediate filament protein alpha,INA
tr_08002,WW domain containing adaptor with coiled-coil,WAC
tr_08003,calcyphosine 2,CAPS2
tr_08004,DAZ interacting zinc finger protein 3,DZIP3
tr_08005,tRNA mitochondrial 2-thiouridylase,TRMU
tr_08006,ribosomal protein L39 like,RPL39L
tr_08007,complement C8 gamma chain,C8G
tr_08008,solute carrier family 25 member 35,SLC25A35
tr_08009,heparan sulfate-glucosamine 3-sulfotransferase 4,HS3ST4
tr_08010,glutathione S-transferase alpha 5,GSTA5
tr_08011,homeobox A9,HOXA9
tr_08012,homeobox B6,HOXB6
tr_08013,aldo-keto reductase family 1 member C2,AKR1C2
tr_08014,lymphocyte specific protein 1,LSP1
tr_08015,zinc finger protein 821,ZNF821
tr_08016,keratin associated protein 6-3,KRTAP6-3
tr_08017,gastrokine 1,GKN1
tr_08018,potassium inwardly rectifying channel subfamily J member 13,KCNJ13
tr_08019,T cell leukemia homeobox 1,TLX1
tr_08020,F-box and leucine rich repeat protein 6,FBXL6
tr_08021,myosin XVIIIA,MYO18A
tr_08022,tripartite motif containing 29,TRIM29
tr_08023,phosphatidylinositol glycan anchor biosynthesis class A,PIGA
tr_08024,5-hydroxytryptamine receptor 1B,HTR1B
tr_08025,zinc finger protein 543,ZNF543
tr_08026,zinc finger protein 827,ZNF827
tr_08027,cytochrome P450 family 11 subfamily B member 2,CYP11B2
tr_08028,RAR related orphan receptor A,RORA
tr_08029,fibrinogen beta chain,FGB
tr_08030,potassium channel regulator,KCNRG
tr_08031,chromosome X open reading frame 66,CXorf66
tr_08032,unconventional SNARE in the ER 1,USE1
tr_08033,protein serine kinase H2,PSKH2
tr_08034,isovaleryl-CoA dehydrogenase,IVD
tr_08035,"pleckstrin homology, MyTH4 and FERM domain containing H3",PLEKHH3
tr_08036,microtubule associated protein tau,MAPT
tr_08037,Fc receptor like 6,FCRL6
tr_08038,phosphatidylinositol-5-phosphate 4-kinase type 2 alpha,PIP4K2A
tr_08039,major facilitator superfamily domain containing 8,MFSD8
tr_08040,tetratricopeptide repeat domain 31,TTC31
tr_08041,developing brain homeobox 1,DBX1
tr_08042,tetratricopeptide repeat domain 4,TTC4
tr_08043,family with sequence similarity 135 member A,FAM135A
tr_08044,chromosome X open reading frame 49B,CXorf49B
tr_08045,family with sequence similarity 135 member B,FAM135B
tr_08046,fibronectin type III domain containing 5,FNDC5
tr_08047,glutamate ionotropic receptor NMDA type subunit 2D,GRIN2D
tr_08048,phosphodiesterase 3A,PDE3A
tr_08049,zinc finger protein 658,ZNF658
tr_08050,eukaryotic translation initiation factor 4E nuclear import factor 1,EIF4ENIF1
tr_08051,three prime repair exonuclease 2,TREX2
tr_08052,olfactory receptor family 1 subfamily D member 2,OR1D2
tr_08053,NADH:ubiquinone oxidoreductase core subunit V1,NDUFV1
tr_08054,mitochondrial ribosomal protein L48,MRPL48
tr_08055,retinol dehydrogenase 13,RDH13
tr_08056,kinesin family member 26B,KIF26B
tr_08057,protein tyrosine phosphatase non-receptor type 21,PTPN21
tr_08058,olfactory receptor family 51 subfamily E member 1,OR51E1
tr_08059,zinc finger protein 678,ZNF678
tr_08060,AT-rich interaction domain 3A,ARID3A
tr_08061,mitochondrial ribosomal protein L47,MRPL47
tr_08062,fibronectin type III domain containing 4,FNDC4
tr_08063,adiponectin receptor 1,ADIPOR1
tr_08064,ras homolog family member T1,RHOT1
tr_08065,leucine rich repeat neuronal 1,LRRN1
tr_08066,nebulin related anchoring protein,NRAP
tr_08067,chromobox 8,CBX8
tr_08068,arrestin 3,ARR3
tr_08069,ATPase 13A5,ATP13A5
tr_08070,heterogeneous nuclear ribonucleoprotein M,HNRNPM
tr_08071,small proline rich protein 4,SPRR4
tr_08072,family with sequence similarity 9 member C,FAM9C
tr_08073,family with sequence similarity 25 member C,FAM25C
tr_08074,zinc finger protein 653,ZNF653
tr_08075,leucine carboxyl methyltransferase 1,LCMT1
tr_08076,chromosome 9 open reading frame 40,C9orf40
tr_08077,canopy FGF signaling regulator 1,CNPY1
tr_08078,phospholysine phosphohistidine inorganic pyrophosphate phosphatase,LHPP
tr_08079,trafficking protein particle complex subunit 2L,TRAPPC2L
tr_08080,stratifin,SFN
tr_08081,zinc finger CCCH-type containing 11A,ZC3H11A
tr_08082,zinc finger protein 675,ZNF675
tr_08083,homeobox C6,HOXC6
tr_08084,tetrapeptide repeat homeobox 1,TPRX1
tr_08085,zinc finger protein 703,ZNF703
tr_08086,calcineurin binding protein 1,CABIN1
tr_08087,olfactory receptor family 2 subfamily T member 7 (gene/pseudogene),OR2T7
tr_08088,transmembrane protein 161B,TMEM161B
tr_08089,myoneurin,MYNN
tr_08090,semaphorin 3E,SEMA3E
tr_08091,zinc finger protein 805,ZNF805
tr_08092,ATPase H+ transporting V1 subunit B2,ATP6V1B2
tr_08093,calcium voltage-gated channel subunit alpha1 D,CACNA1D
tr_08094,serpin family B member 12,SERPINB12
tr_08095,neuropilin 1,NRP1
tr_08096,RAS related,RRAS
tr_08097,otopetrin 1,OTOP1
tr_08098,developmental pluripotency associated 5,DPPA5
tr_08099,ribosomal protein S11,RPS11
tr_08100,zinc finger protein 667,ZNF667
tr_08101,PDZ and LIM domain 2,PDLIM2
tr_08102,COP9 signalosome subunit 8,COPS8
tr_08103,centromere protein T,CENPT
tr_08104,DDB1 and CUL4 associated factor 4,DCAF4
tr_08105,ring finger protein 215,RNF215
tr_08106,magnesium transporter 1,MAGT1
tr_08107,centrosomal protein 57,CEP57
tr_08108,zinc finger protein 91,ZNF91
tr_08109,cell division cycle 40,CDC40
tr_08110,microspherule protein 1,MCRS1
tr_08111,secretoglobin family 1C member 1,SCGB1C1
tr_08112,solute carrier family 35 member F1,SLC35F1
tr_08113,mitogen-activated protein kinase kinase kinase 8,MAP3K8
tr_08114,protein phosphatase 1 regulatory subunit 12C,PPP1R12C
tr_08115,glutathione peroxidase 6,GPX6
tr_08116,DNA methyltransferase 1,DNMT1
tr_08117,C2 calcium dependent domain containing 4B,C2CD4B
tr_08118,myotilin,MYOT
tr_08119,ribosomal protein L26 like 1,RPL26L1
tr_08120,ferritin heavy chain like 17,FTHL17
tr_08121,DDB1 and CUL4 associated factor 12 like 1,DCAF12L1
tr_08122,transmembrane protein 120B,TMEM120B
tr_08123,spermatogenesis associated 7,SPATA7
tr_08124,coiled-coil domain containing 158,CCDC158
tr_08125,sarcoglycan alpha,SGCA
tr_08126,potassium channel tetramerization domain containing 18,KCTD18
tr_08127,serine racemase,SRR
tr_08128,coiled-coil domain containing 59,CCDC59
tr_08129,olfactory receptor family 4 subfamily K member 14,OR4K14
tr_08130,pregnancy specific beta-1-glycoprotein 5,PSG5
tr_08131,coiled-coil and HOOK domain protein 88A,CCDC88A
tr_08132,cyclin H,CCNH
tr_08133,fibronectin type III and SPRY domain containing 1,FSD1
tr_08134,transmembrane protein 150B,TMEM150B
tr_08135,keratin associated protein 13-1,KRTAP13-1
tr_08136,tetratricopeptide repeat domain 24,TTC24
tr_08137,p21 (RAC1) activated kinase 3,PAK3
tr_08138,SNF2 related chromatin remodeling ATPase with DExD box 1,SMARCAD1
tr_08139,mediator complex subunit 17,MED17
tr_08140,AT-rich interaction domain 1B,ARID1B
tr_08141,collagen type VI alpha 1 chain,COL6A1
tr_08142,fibrinogen like 2,FGL2
tr_08143,glyoxalase domain containing 4,GLOD4
tr_08144,replication factor C subunit 5,RFC5
tr_08145,leucine rich repeat containing 38,LRRC38
tr_08146,dopamine receptor D3,DRD3
tr_08147,zinc finger CCCH-type and G-patch domain containing,ZGPAT
tr_08148,nicotinamide nucleotide adenylyltransferase 2,NMNAT2
tr_08149,ER lipid raft associated 1,ERLIN1
tr_08150,adaptor related protein complex 3 subunit delta 1,AP3D1
tr_08151,inhibin subunit beta B,INHBB
tr_08152,galectin 3,LGALS3
tr_08153,FMR1 autosomal homolog 2,FXR2
tr_08154,transmembrane protein 102,TMEM102
tr_08155,nuclear receptor subfamily 2 group E member 1,NR2E1
tr_08156,intelectin 2,ITLN2
tr_08157,TNF receptor associated factor 2,TRAF2
tr_08158,grancalcin,GCA
tr_08159,actin filament associated protein 1 like 2,AFAP1L2
tr_08160,striatin,STRN
tr_08161,polo like kinase 2,PLK2
tr_08162,RecQ mediated genome instability 1,RMI1
tr_08163,nuclear FMR1 interacting protein 2,NUFIP2
tr_08164,zinc finger protein X-linked,ZFX
tr_08165,cullin 4A,CUL4A
tr_08166,myosin heavy chain 2,MYH2
tr_08167,integrin subunit alpha 3,ITGA3
tr_08168,peroxisomal biogenesis factor 11 alpha,PEX11A
tr_08169,C-C motif chemokine receptor 6,CCR6
tr_08170,oncostatin M receptor,OSMR
tr_08171,follistatin like 4,FSTL4
tr_08172,syntaxin 18,STX18
tr_08173,keratin 4,KRT4
tr_08174,phosphatidylinositol glycan anchor biosynthesis class W,PIGW
tr_08175,family with sequence similarity 171 member B,FAM171B
tr_08176,proteasome inhibitor subunit 1,PSMF1
tr_08177,family with sequence similarity 81 member A,FAM81A
tr_08178,deleted in lymphocytic leukemia 7,DLEU7
tr_08179,solute carrier family 5 member 12,SLC5A12
tr_08180,chromosome 2 open reading frame 69,C2orf69
tr_08181,PHD finger protein 7,PHF7
tr_08182,"kaptin, actin binding protein",KPTN
tr_08183,Fc gamma receptor Ia,FCGR1A
tr_08184,zinc finger protein 277,ZNF277
tr_08185,myocilin,MYOC
tr_08186,ribosomal protein S24,RPS24
tr_08187,Kell metallo-endopeptidase (Kell blood group),KEL
tr_08188,kinesin family member 3B,KIF3B
tr_08189,versican,VCAN
tr_08190,beta-secretase 1,BACE1
tr_08191,anoctamin 9,ANO9
tr_08192,interleukin 4 receptor,IL4R
tr_08193,contactin associated protein 2,CNTNAP2
tr_08194,RNA pseudouridine synthase domain containing 1,RPUSD1
tr_08195,activin A receptor like type 1,ACVRL1
tr_08196,roundabout guidance receptor 2,ROBO2
tr_08197,ES cell expressed Ras,ERAS
tr_08198,neuronal differentiation 4,NEUROD4
tr_08199,glypican 2,GPC2
tr_08200,ribosomal protein L3 like,RPL3L
tr_08201,calcium voltage-gated channel subunit alpha1 E,CACNA1E
tr_08202,hyaluronidase 1,HYAL1
tr_08203,solute carrier family 8 member A2,SLC8A2
tr_08204,insulin like growth factor 2 mRNA binding protein 3,IGF2BP3
tr_08205,nucleobindin 1,NUCB1
tr_08206,elongator acetyltransferase complex subunit 3,ELP3
tr_08207,zinc finger FYVE-type containing 16,ZFYVE16
tr_08208,"HECT, C2 and WW domain containing E3 ubiquitin protein ligase 1",HECW1
tr_08209,lysosomal protein transmembrane 4 beta,LAPTM4B
tr_08210,eukaryotic translation initiation factor 1,EIF1
tr_08211,"UDP-GlcNAc:betaGal beta-1,3-N-acetylglucosaminyltransferase 7",B3GNT7
tr_08212,leukocyte receptor tyrosine kinase,LTK
tr_08213,Enah/Vasp-like,EVL
tr_08214,transcription factor 20,TCF20
tr_08215,mesoderm posterior bHLH transcription factor 2,MESP2
tr_08216,junctophilin 4,JPH4
tr_08217,defensin beta 134,DEFB134
tr_08218,apolipoprotein B mRNA editing enzyme catalytic subunit 3A,APOBEC3A
tr_08219,forkhead box O6,FOXO6
tr_08220,carboxypeptidase N subunit 1,CPN1
tr_08221,mitochondrial trans-2-enoyl-CoA reductase,MECR
tr_08222,family with sequence similarity 187 member B,FAM187B
tr_08223,embryonal Fyn-associated substrate,EFS
tr_08224,sorting nexin 11,SNX11
tr_08225,DS cell adhesion molecule like 1,DSCAML1
tr_08226,zinc finger protein 354A,ZNF354A
tr_08227,density regulated re-initiation and release factor,DENR
tr_08228,centrosomal protein 135,CEP135
tr_08229,defensin beta 113,DEFB113
tr_08230,ubiquitin specific peptidase 27 X-linked,USP27X
tr_08231,enolase 1,ENO1
tr_08232,opsin 4,OPN4
tr_08233,tripeptidyl peptidase 1,TPP1
tr_08234,forkhead box N4,FOXN4
tr_08235,arrestin beta 2,ARRB2
tr_08236,peroxisomal trans-2-enoyl-CoA reductase,PECR
tr_08237,TATA-box binding protein associated factor 13,TAF13
tr_08238,helicase for meiosis 1,HFM1
tr_08239,lipase maturation factor 2,LMF2
tr_08240,DNA polymerase eta,POLH
tr_08241,transient receptor potential cation channel subfamily C member 4 associated protein,TRPC4AP
tr_08242,DDB1 and CUL4 associated factor 16,DCAF16
tr_08243,calcium homeostasis modulator family member 2,CALHM2
tr_08244,ras homolog family member H,RHOH
tr_08245,ARF like GTPase 13B,ARL13B
tr_08246,ARF like GTPase 15,ARL15
tr_08247,tetraspanin 11,TSPAN11
tr_08248,ubiquitin specific peptidase 25,USP25
tr_08249,sulfotransferase family 1C member 4,SULT1C4
tr_08250,catalase,CAT
tr_08251,DExH-box helicase 9,DHX9
tr_08252,myocyte enhancer factor 2C,MEF2C
tr_08253,fuzzy planar cell polarity protein,FUZ
tr_08254,heterogeneous nuclear ribonucleoprotein H1,HNRNPH1
tr_08255,ring finger protein 175,RNF175
tr_08256,flavin containing dimethylaniline monoxygenase 2,FMO2
tr_08257,vimentin type intermediate filament associated coiled-coil protein,VMAC
tr_08258,proteasome 20S subunit beta 10,PSMB10
tr_08259,interleukin 6,IL6
tr_08260,teashirt zinc finger homeobox 1,TSHZ1
tr_08261,tubulin alpha 4b,TUBA4B
tr_08262,ubiquitin specific peptidase 42,USP42
tr_08263,WAS/WASL interacting protein family member 3,WIPF3
tr_08264,NADPH oxidase 4,NOX4
tr_08265,inter-alpha-trypsin inhibitor heavy chain 4,ITIH4
tr_08266,olfactory receptor family 2 subfamily L member 13,OR2L13
tr_08267,olfactory receptor family 10 subfamily H member 5,OR10H5
tr_08268,kelch repeat and BTB domain containing 4,KBTBD4
tr_08269,chromosome 17 open reading frame 107,C17orf107
tr_08270,olfactory receptor family 51 subfamily T member 1,OR51T1
tr_08271,lipase maturation factor 1,LMF1
tr_08272,potassium voltage-gated channel subfamily A member 2,KCNA2
tr_08273,Fc gamma receptor IIIa,FCGR3A
tr_08274,endonuclease domain containing 1,ENDOD1
tr_08275,centromere protein I,CENPI
tr_08276,IQ motif containing B1,IQCB1
tr_08277,eosinophil peroxidase,EPX
tr_08278,chromobox 4,CBX4
tr_08279,Fc gamma receptor IIa,FCGR2A
tr_08280,ras homolog family member V,RHOV
tr_08281,sialic acid acetylesterase,SIAE
tr_08282,fibrillin 1,FBN1
tr_08283,collectin subfamily member 10,COLEC10
tr_08284,DNA polymerase delta interacting protein 3,POLDIP3
tr_08285,ubiquitination factor E4A,UBE4A
tr_08286,transmembrane protein 101,TMEM101
tr_08287,WD repeat domain 6,WDR6
tr_08288,"ring finger protein, LIM domain interacting",RLIM
tr_08289,keratin 27,KRT27
tr_08290,solute carrier family 25 member 18,SLC25A18
tr_08291,proteasome 20S subunit beta 6,PSMB6
tr_08292,kelch like family member 20,KLHL20
tr_08293,tudor domain containing 6,TDRD6
tr_08294,solute carrier family 13 member 1,SLC13A1
tr_08295,signal recognition particle 19,SRP19
tr_08296,cannabinoid receptor interacting protein 1,CNRIP1
tr_08297,melan-A,MLANA
tr_08298,dual specificity tyrosine phosphorylation regulated kinase 4,DYRK4
tr_08299,hemogen,HEMGN
tr_08300,enoyl-CoA hydratase 1,ECH1
tr_08301,partner and localizer of BRCA2,PALB2
tr_08302,CREB regulated transcription coactivator 3,CRTC3
tr_08303,ATP binding cassette subfamily C member 6,ABCC6
tr_08304,olfactory receptor family 2 subfamily T member 29,OR2T29
tr_08305,potassium channel tetramerization domain containing 21,KCTD21
tr_08306,actin related protein 2/3 complex subunit 3,ARPC3
tr_08307,ubiquitin associated protein 1,UBAP1
tr_08308,peptidyl arginine deiminase 6,PADI6
tr_08309,suppression of tumorigenicity 7,ST7
tr_08310,ubiquitin protein ligase E3 component n-recognin 2,UBR2
tr_08311,olfactory receptor family 4 subfamily K member 3 (gene/pseudogene),OR4K3
tr_08312,peptidylglycine alpha-amidating monooxygenase,PAM
tr_08313,family with sequence similarity 90 member A1,FAM90A1
tr_08314,glutathione peroxidase 8 (putative),GPX8
tr_08315,myosin XVA,MYO15A
tr_08316,zinc finger FYVE-type containing 26,ZFYVE26
tr_08317,translocase of inner mitochondrial membrane 13,TIMM13
tr_08318,protein tyrosine phosphatase receptor type N2,PTPRN2
tr_08319,leucine rich repeat containing 17,LRRC17
tr_08320,growth hormone releasing hormone,GHRH
tr_08321,recoverin,RCVRN
tr_08322,solute carrier family 25 member 32,SLC25A32
tr_08323,A-kinase anchoring protein 5,AKAP5
tr_08324,REST corepressor 2,RCOR2
tr_08325,kinesin light chain 3,KLC3
tr_08326,selenophosphate synthetase 1,SEPHS1
tr_08327,WW domain containing E3 ubiquitin protein ligase 1,WWP1
tr_08328,pleckstrin homology domain containing J1,PLEKHJ1
tr_08329,spermatogenesis and centriole associated 1,SPATC1
tr_08330,uridine-cytidine kinase 1,UCK1
tr_08331,myeloid associated differentiation marker,MYADM
tr_08332,chaperonin containing TCP1 subunit 3,CCT3
tr_08333,EMAP like 1,EML1
tr_08334,vimentin,VIM
tr_08335,zinc finger SWIM-type containing 1,ZSWIM1
tr_08336,mediator complex subunit 20,MED20
tr_08337,Y-box binding protein 1,YBX1
tr_08338,RANBP2 like and GRIP domain containing 5,RGPD5
tr_08339,O-sialoglycoprotein endopeptidase,OSGEP
tr_08340,platelet derived growth factor receptor beta,PDGFRB
tr_08341,ring finger protein 13,RNF13
tr_08342,zona pellucida like domain containing 1,ZPLD1
tr_08343,hippocalcin,HPCA
tr_08344,chromosome 1 open reading frame 167,C1orf167
tr_08345,ubiquitin conjugating enzyme E2 H,UBE2H
tr_08346,sarcoglycan epsilon,SGCE
tr_08347,G-patch domain containing 4 (gene/pseudogene),GPATCH4
tr_08348,serine/threonine kinase 36,STK36
tr_08349,metastasis associated 1 family member 3,MTA3
tr_08350,acyl-CoA synthetase long chain family member 5,ACSL5
tr_08351,histone deacetylase 3,HDAC3
tr_08352,kelch like family member 1,KLHL1
tr_08353,DNA polymerase delta interacting protein 2,POLDIP2
tr_08354,BRCA2 and CDKN1A interacting protein,BCCIP
tr_08355,solute carrier family 6 member 3,SLC6A3
tr_08356,macrophage migration inhibitory factor,MIF
tr_08357,heat shock protein family A (Hsp70) member 13,HSPA13
tr_08358,ribosomal protein L10,RPL10
tr_08359,myosin light chain kinase 2,MYLK2
tr_08360,WD repeat domain 26,WDR26
tr_08361,nicastrin,NCSTN
tr_08362,symplekin scaffold protein,SYMPK
tr_08363,nucleosome assembly protein 1 like 3,NAP1L3
tr_08364,oncomodulin,OCM
tr_08365,protein phosphatase 2 regulatory subunit B'beta,PPP2R5B
tr_08366,flotillin 1,FLOT1
tr_08367,tRNA methyltransferase 61A,TRMT61A
tr_08368,DNA polymerase kappa,POLK
tr_08369,C-type lectin domain containing 7A,CLEC7A
tr_08370,kelch like family member 31,KLHL31
tr_08371,LIM homeobox 8,LHX8
tr_08372,zinc finger protein 253,ZNF253
tr_08373,speckle type BTB/POZ protein,SPOP
tr_08374,"threonyl-tRNA synthetase 2, mitochondrial",TARS2
tr_08375,olfactory receptor family 2 subfamily W member 3,OR2W3
tr_08376,"neugrin, neurite outgrowth associated",NGRN
tr_08377,pentatricopeptide repeat domain 1,PTCD1
tr_08378,osteoclast associated Ig-like receptor,OSCAR
tr_08379,inositol polyphosphate-1-phosphatase,INPP1
tr_08380,sperm flagellar and cilia associated 1,SPEF1
tr_08381,CKLF like MARVEL transmembrane domain containing 7,CMTM7
tr_08382,late cornified envelope 3A,LCE3A
tr_08383,phosphodiesterase 1A,PDE1A
tr_08384,solute carrier family 12 member 3,SLC12A3
tr_08385,ankyrin repeat domain 53,ANKRD53
tr_08386,"tandem C2 domains, nuclear",TC2N
tr_08387,tripartite motif containing 16,TRIM16
tr_08388,"spectrin beta, non-erythrocytic 1",SPTBN1
tr_08389,phospholipase A2 group V,PLA2G5
tr_08390,F-box protein 44,FBXO44
tr_08391,transcription factor 23,TCF23
tr_08392,laminin subunit alpha 3,LAMA3
tr_08393,xylosyltransferase 2,XYLT2
tr_08394,heterogeneous nuclear ribonucleoprotein A1,HNRNPA1
tr_08395,ribosomal protein S14,RPS14
tr_08396,immunoglobulin like domain containing receptor 1,ILDR1
tr_08397,ATP binding cassette subfamily B member 5,ABCB5
tr_08398,zinc finger protein 574,ZNF574
tr_08399,WD repeat domain 46,WDR46
tr_08400,WD repeat domain 35,WDR35
tr_08401,basic leucine zipper ATF-like transcription factor,BATF
tr_08402,MAGUK p55 scaffold protein 3,MPP3
tr_08403,calcium voltage-gated channel auxiliary subunit gamma 6,CACNG6
tr_08404,nuclear RNA export factor 1,NXF1
tr_08405,DEAH-box helicase 40,DHX40
tr_08406,prolactin receptor,PRLR
tr_08407,gap junction protein beta 7,GJB7
tr_08408,epithelial stromal interaction 1,EPSTI1
tr_08409,peroxisomal biogenesis factor 26,PEX26
tr_08410,Purkinje cell protein 4 like 1,PCP4L1
tr_08411,mitogen-activated protein kinase 8 interacting protein 3,MAPK8IP3
tr_08412,essential meiotic structure-specific endonuclease subunit 2,EME2
tr_08413,centrin 2,CETN2
tr_08414,"aldolase, fructose-bisphosphate C",ALDOC
tr_08415,leucine zipper and EF-hand containing transmembrane protein 2,LETM2
tr_08416,transmembrane protein 163,TMEM163
tr_08417,heat shock protein family B (small) member 6,HSPB6
tr_08418,actin related protein 1A,ACTR1A
tr_08419,olfactory receptor family 2 subfamily T member 8,OR2T8
tr_08420,cytoplasmic polyadenylation element binding protein 4,CPEB4
tr_08421,lipid transport auxiliary protein 1,LTAP1
tr_08422,pregnancy specific beta-1-glycoprotein 9,PSG9
tr_08423,zinc finger protein 783,ZNF783
tr_08424,serine/threonine kinase 17a,STK17A
tr_08425,NADPH oxidase 3,NOX3
tr_08426,"troponin T2, cardiac type",TNNT2
tr_08427,hyaluronan binding protein 4,HABP4
tr_08428,ribonuclease P/MRP subunit p38,RPP38
tr_08429,tetratricopeptide repeat domain 27,TTC27
tr_08430,crystallin beta B2,CRYBB2
tr_08431,DNA topoisomerase I,TOP1
tr_08432,leucine zipper like post translational regulator 1,LZTR1
tr_08433,alpha-L-fucosidase 1,FUCA1
tr_08434,ubiquitin protein ligase E3A,UBE3A
tr_08435,keratin associated protein 19-6,KRTAP19-6
tr_08436,zinc finger and SCAN domain containing 21,ZSCAN21
tr_08437,ubiquitin like modifier D,UBD
tr_08438,ring finger protein 19B,RNF19B
tr_08439,ovochymase 1,OVCH1
tr_08440,ring finger protein 39,RNF39
tr_08441,protein phosphatase 2 regulatory subunit B'gamma,PPP2R5C
tr_08442,tudor domain containing 7,TDRD7
tr_08443,zinc finger protein 585A,ZNF585A
tr_08444,parkin coregulated,PACRG
tr_08445,tenascin R,TNR
tr_08446,receptor accessory protein 2,REEP2
tr_08447,potassium channel tetramerization domain containing 11,KCTD11
tr_08448,inducible T cell costimulator ligand,ICOSLG
tr_08449,tumor suppressor candidate 3,TUSC3
tr_08450,olfactory receptor family 2 subfamily B member 2,OR2B2
tr_08451,Rho associated coiled-coil containing protein kinase 2,ROCK2
tr_08452,"diazepam binding inhibitor, acyl-CoA binding protein",DBI
tr_08453,aminoacylase 1,ACY1
tr_08454,maternal embryonic leucine zipper kinase,MELK
tr_08455,N-myc and STAT interactor,NMI
tr_08456,TGFB induced factor homeobox 2 like X-linked,TGIF2LX
tr_08457,cholinergic receptor muscarinic 5,CHRM5
tr_08458,tetraspanin 31,TSPAN31
tr_08459,dual specificity phosphatase 19,DUSP19
tr_08460,arginine vasopressin induced 1,AVPI1
tr_08461,storkhead box 1,STOX1
tr_08462,autophagy related 10,ATG10
tr_08463,"ring finger protein 19A, RBR E3 ubiquitin protein ligase",RNF19A
tr_08464,WAP four-disulfide core domain 9,WFDC9
tr_08465,melanin concentrating hormone receptor 2,MCHR2
tr_08466,interferon regulatory factor 8,IRF8
tr_08467,killer cell lectin like receptor G2,KLRG2
tr_08468,transmembrane protein 68,TMEM68
tr_08469,solute carrier family 2 member 7,SLC2A7
tr_08470,C-C motif chemokine ligand 14,CCL14
tr_08471,cytochrome c oxidase subunit 4I2,COX4I2
tr_08472,arylsulfatase D,ARSD
tr_08473,cholinergic receptor nicotinic epsilon subunit,CHRNE
tr_08474,alanine--glyoxylate aminotransferase 2,AGXT2
tr_08475,collagen type IV alpha 1 chain,COL4A1
tr_08476,chromosome 2 open reading frame 68,C2orf68
tr_08477,lysocardiolipin acyltransferase 1,LCLAT1
tr_08478,ladinin 1,LAD1
tr_08479,cysteine and serine rich nuclear protein 3,CSRNP3
tr_08480,zinc finger protein 641,ZNF641
tr_08481,solute carrier family 28 member 3,SLC28A3
tr_08482,complement C8 alpha chain,C8A
tr_08483,cytochrome P450 family 2 subfamily C member 19,CYP2C19
tr_08484,importin 4,IPO4
tr_08485,CUB domain containing protein 1,CDCP1
tr_08486,"serine peptidase inhibitor, Kunitz type 1",SPINT1
tr_08487,solute carrier family 35 member A5,SLC35A5
tr_08488,survival motor neuron domain containing 1,SMNDC1
tr_08489,"actin alpha 2, smooth muscle",ACTA2
tr_08490,tRNA splicing endonuclease subunit 34,TSEN34
tr_08491,adducin 1,ADD1
tr_08492,granzyme H,GZMH
tr_08493,"killer cell immunoglobulin like receptor, two Ig domains and short cytoplasmic tail 4 (gene/pseudogene)",KIR2DS4
tr_08494,islet cell autoantigen 1 like,ICA1L
tr_08495,bestrophin 2,BEST2
tr_08496,serine/threonine kinase 24,STK24
tr_08497,HSPA (Hsp70) binding protein 1,HSPBP1
tr_08498,serine peptidase inhibitor Kazal type 4,SPINK4
tr_08499,lymphocyte antigen 96,LY96
tr_08500,high mobility group AT-hook 1,HMGA1
tr_08501,LIM domain binding 1,LDB1
tr_08502,msh homeobox 2,MSX2
tr_08503,"guanylate cyclase 2F, retinal",GUCY2F
tr_08504,NK3 homeobox 1,NKX3-1
tr_08505,syndecan 1,SDC1
tr_08506,thymocyte nuclear protein 1,THYN1
tr_08507,neuregulin 2,NRG2
tr_08508,heparan sulfate 6-O-sulfotransferase 3,HS6ST3
tr_08509,defender against cell death 1,DAD1
tr_08510,heat shock protein family B (small) member 7,HSPB7
tr_08511,myosin IXB,MYO9B
tr_08512,claudin 2,CLDN2
tr_08513,dedicator of cytokinesis 2,DOCK2
tr_08514,tissue factor pathway inhibitor 2,TFPI2
tr_08515,zinc finger imprinted 3,ZIM3
tr_08516,regulatory factor X3,RFX3
tr_08517,glycerophosphodiester phosphodiesterase domain containing 5,GDPD5
tr_08518,transmembrane channel like 4,TMC4
tr_08519,solute carrier family 7 member 9,SLC7A9
tr_08520,chromosome 18 open reading frame 32,C18orf32
tr_08521,cholinergic receptor muscarinic 3,CHRM3
tr_08522,choline kinase beta,CHKB
tr_08523,"RB binding protein 6, ubiquitin ligase",RBBP6
tr_08524,keratin associated protein 9-3,KRTAP9-3
tr_08525,olfactory receptor family 4 subfamily N member 4,OR4N4
tr_08526,cystathionine beta-synthase,CBS
tr_08527,otopetrin 3,OTOP3
tr_08528,leucine rich repeat containing 25,LRRC25
tr_08529,stearoyl-CoA desaturase,SCD
tr_08530,LY6/PLAUR domain containing 6B,LYPD6B
tr_08531,"creatine kinase, mitochondrial 2",CKMT2
tr_08532,"phosphate cytidylyltransferase 1A, choline",PCYT1A
tr_08533,voltage dependent anion channel 3,VDAC3
tr_08534,tudor domain containing 3,TDRD3
tr_08535,olfactory receptor family 7 subfamily A member 17,OR7A17
tr_08536,syndecan binding protein,SDCBP
tr_08537,"beta-1,3-glucuronyltransferase 3",B3GAT3
tr_08538,caveolin 1,CAV1
tr_08539,pleckstrin homology like domain family A member 1,PHLDA1
tr_08540,flavin adenine dinucleotide synthetase 1,FLAD1
tr_08541,solute carrier family 39 member 5,SLC39A5
tr_08542,ankyrin repeat domain 35,ANKRD35
tr_08543,cyclin B2,CCNB2
tr_08544,spondin 2,SPON2
tr_08545,autophagy related 2B,ATG2B
tr_08546,amnion associated transmembrane protein,AMN
tr_08547,family with sequence similarity 153 member A,FAM153A
tr_08548,chymotrypsinogen B2,CTRB2
tr_08549,zinc finger protein 134,ZNF134
tr_08550,ubiquinol-cytochrome c reductase core protein 2,UQCRC2
tr_08551,3-hydroxy-3-methylglutaryl-CoA synthase 1,HMGCS1
tr_08552,ubiquitin specific peptidase 1,USP1
tr_08553,antizyme inhibitor 1,AZIN1
tr_08554,actin related protein 2/3 complex subunit 1B,ARPC1B
tr_08555,ubiquitin specific peptidase 37,USP37
tr_08556,intermediate filament family orphan 1,IFFO1
tr_08557,leukocyte immunoglobulin like receptor A3,LILRA3
tr_08558,deoxyguanosine kinase,DGUOK
tr_08559,histone deacetylase 5,HDAC5
tr_08560,UDP glucuronosyltransferase family 2 member B28,UGT2B28
tr_08561,chromosome 19 open reading frame 33,C19orf33
tr_08562,proline rich and Gla domain 2,PRRG2
tr_08563,leucine rich repeat containing 15,LRRC15
tr_08564,ubiquitin domain containing 2,UBTD2
tr_08565,zinc finger protein 737,ZNF737
tr_08566,ETS variant transcription factor 2,ETV2
tr_08567,C-type lectin domain family 4 member G,CLEC4G
tr_08568,solute carrier family 45 member 3,SLC45A3
tr_08569,coiled-coil domain containing 70,CCDC70
tr_08570,carbohydrate sulfotransferase 14,CHST14
tr_08571,proteoglycan 4,PRG4
tr_08572,small nuclear ribonucleoprotein U11/U12 subunit 25,SNRNP25
tr_08573,zinc finger protein 408,ZNF408
tr_08574,neuronal growth regulator 1,NEGR1
tr_08575,platelet activating factor acetylhydrolase 1b regulatory subunit 1,PAFAH1B1
tr_08576,TERF1 interacting nuclear factor 2,TINF2
tr_08577,transmembrane protein 108,TMEM108
tr_08578,autophagy related 5,ATG5
tr_08579,transmembrane protein 147,TMEM147
tr_08580,general transcription factor IIIC subunit 5,GTF3C5
tr_08581,carbonic anhydrase 4,CA4
tr_08582,solute carrier family 10 member 3,SLC10A3
tr_08583,zinc finger CCHC-type containing 4,ZCCHC4
tr_08584,enhancer of zeste 2 polycomb repressive complex 2 subunit,EZH2
tr_08585,regulating synaptic membrane exocytosis 1,RIMS1
tr_08586,transmembrane and immunoglobulin domain containing 2,TMIGD2
tr_08587,potassium channel tetramerization domain containing 9,KCTD9
tr_08588,ectonucleoside triphosphate diphosphohydrolase 8,ENTPD8
tr_08589,ubiquitin conjugating enzyme E2 J2,UBE2J2
tr_08590,phosphoglycerate mutase family member 4,PGAM4
tr_08591,zinc finger CCCH-type containing 14,ZC3H14
tr_08592,RNA polymerase II subunit J,POLR2J
tr_08593,pyroglutamylated RFamide peptide receptor,QRFPR
tr_08594,"alkaline phosphatase, placental",ALPP
tr_08595,cytochrome P450 family 4 subfamily A member 22,CYP4A22
tr_08596,ubiquitin interaction motif containing 1,UIMC1
tr_08597,olfactory receptor family 13 subfamily F member 1,OR13F1
tr_08598,trichohyalin like 1,TCHHL1
tr_08599,VAMP associated protein B and C,VAPB
tr_08600,family with sequence similarity 43 member B,FAM43B
tr_08601,sorting nexin family member 21,SNX21
tr_08602,solute carrier family 4 member 2,SLC4A2
tr_08603,olfactory receptor family 1 subfamily N member 1,OR1N1
tr_08604,testis specific 10 interacting protein,TSGA10IP
tr_08605,torsin 1A interacting protein 2,TOR1AIP2
tr_08606,debranching RNA lariats 1,DBR1
tr_08607,sialophorin,SPN
tr_08608,cardiomyopathy associated 5,CMYA5
tr_08609,family with sequence similarity 149 member B1,FAM149B1
tr_08610,cytochrome P450 family 2 subfamily C member 9,CYP2C9
tr_08611,neuraminidase 3,NEU3
tr_08612,splicing factor 3b subunit 3,SF3B3
tr_08613,retinol binding protein 4,RBP4
tr_08614,transducin beta like 2,TBL2
tr_08615,"Ts translation elongation factor, mitochondrial",TSFM
tr_08616,lymphocyte antigen 6 family member G5C,LY6G5C
tr_08617,"alpha-2-glycoprotein 1, zinc-binding",AZGP1
tr_08618,neuronal guanine nucleotide exchange factor,NGEF
tr_08619,pseudouridine synthase 10,PUS10
tr_08620,MAS related GPR family member X3,MRGPRX3
tr_08621,dual specificity phosphatase 26,DUSP26
tr_08622,zinc finger protein 214,ZNF214
tr_08623,tropomodulin 2,TMOD2
tr_08624,cell cycle associated protein 1,CAPRIN1
tr_08625,nuclear receptor subfamily 1 group I member 2,NR1I2
tr_08626,protein tyrosine phosphatase receptor type U,PTPRU
tr_08627,myosin light chain 4,MYL4
tr_08628,cut like homeobox 2,CUX2
tr_08629,adenylate kinase 7,AK7
tr_08630,"membrane associated guanylate kinase, WW and PDZ domain containing 3",MAGI3
tr_08631,period circadian regulator 1,PER1
tr_08632,DNA primase subunit 1,PRIM1
tr_08633,leucine aminopeptidase 3,LAP3
tr_08634,dolichyldiphosphatase 1,DOLPP1
tr_08635,regulator of G protein signaling 6,RGS6
tr_08636,zinc finger protein 354B,ZNF354B
tr_08637,G protein-coupled receptor 68,GPR68
tr_08638,protein phosphatase 2 regulatory subunit B'delta,PPP2R5D
tr_08639,UDP-glucuronate decarboxylase 1,UXS1
tr_08640,interleukin 17F,IL17F
tr_08641,RAS like proto-oncogene A,RALA
tr_08642,GTPase activating Rap/RanGAP domain like 3,GARNL3
tr_08643,katanin catalytic subunit A1 like 2,KATNAL2
tr_08644,homeobox C5,HOXC5
tr_08645,coiled-coil domain containing 15,CCDC15
tr_08646,HIG1 hypoxia inducible domain family member 2A,HIGD2A
tr_08647,NODAL modulator 1,NOMO1
tr_08648,DExH-box helicase 57,DHX57
tr_08649,transmembrane O-mannosyltransferase targeting cadherins 3,TMTC3
tr_08650,apolipoprotein B mRNA editing enzyme catalytic subunit 3G,APOBEC3G
tr_08651,DExH-box helicase 58,DHX58
tr_08652,olfactory receptor family 6 subfamily C member 3,OR6C3
tr_08653,calbindin 2,CALB2
tr_08654,solute carrier family 10 member 5,SLC10A5
tr_08655,olfactory receptor family 52 subfamily N member 2,OR52N2
tr_08656,epidermal growth factor receptor pathway substrate 15 like 1,EPS15L1
tr_08657,zinc finger with KRAB and SCAN domains 1,ZKSCAN1
tr_08658,gastrokine 2,GKN2
tr_08659,deoxycytidine kinase,DCK
tr_08660,UDP-glucose pyrophosphorylase 2,UGP2
tr_08661,CCR4-NOT transcription complex subunit 7,CNOT7
tr_08662,"killer cell immunoglobulin like receptor, two Ig domains and long cytoplasmic tail 3",KIR2DL3
tr_08663,microtubule associated scaffold protein 1,MTUS1
tr_08664,sulfotransferase family 1A member 3,SULT1A3
tr_08665,meprin A subunit alpha,MEP1A
tr_08666,cholinergic receptor nicotinic alpha 10 subunit,CHRNA10
tr_08667,fibronectin type III and SPRY domain containing 2,FSD2
tr_08668,myomesin 2,MYOM2
tr_08669,phosphoribosyl pyrophosphate synthetase associated protein 2,PRPSAP2
tr_08670,eukaryotic translation initiation factor 2 subunit gamma,EIF2S3
tr_08671,AP2 associated kinase 1,AAK1
tr_08672,"guanylate cyclase 2D, retinal",GUCY2D
tr_08673,ankyrin repeat domain 34B,ANKRD34B
tr_08674,transmembrane protein 204,TMEM204
tr_08675,formin 2,FMN2
tr_08676,ETS variant transcription factor 3 like,ETV3L
tr_08677,RANBP2 like and GRIP domain containing 4,RGPD4
tr_08678,diacylglycerol kinase theta,DGKQ
tr_08679,"lectin, mannose binding 2",LMAN2
tr_08680,tetratricopeptide repeat domain 39C,TTC39C
tr_08681,DEAD-box helicase 23,DDX23
tr_08682,formin like 3,FMNL3
tr_08683,cold shock domain containing E1,CSDE1
tr_08684,protein arginine methyltransferase 3,PRMT3
tr_08685,gypsy retrotransposon integrase 1,GIN1
tr_08686,aspartylglucosaminidase,AGA
tr_08687,transmembrane protein 59,TMEM59
tr_08688,hippocalcin like 1,HPCAL1
tr_08689,putative homeodomain transcription factor 2,PHTF2
tr_08690,transmembrane protein 200B,TMEM200B
tr_08691,olfactory receptor family 7 subfamily D member 2,OR7D2
tr_08692,GRIP and coiled-coil domain containing 1,GCC1
tr_08693,cyclin dependent kinase 8,CDK8
tr_08694,myosin light chain kinase 3,MYLK3
tr_08695,transmembrane protein 225,TMEM225
tr_08696,transcription factor CP2 like 1,TFCP2L1
tr_08697,zinc finger protein 646,ZNF646
tr_08698,PR/SET domain 13,PRDM13
tr_08699,RNA binding motif protein 6,RBM6
tr_08700,peptidase inhibitor 15,PI15
tr_08701,minichromosome maintenance complex component 3,MCM3
tr_08702,tektin 5,TEKT5
tr_08703,5-hydroxytryptamine receptor 2C,HTR2C
tr_08704,carbonic anhydrase 5B,CA5B
tr_08705,galectin 12,LGALS12
tr_08706,sideroflexin 2,SFXN2
tr_08707,interferon alpha 17,IFNA17
tr_08708,zinc finger CCHC-type containing 2,ZCCHC2
tr_08709,zinc finger protein 536,ZNF536
tr_08710,zinc finger CCHC-type containing 13,ZCCHC13
tr_08711,olfactory receptor family 10 subfamily P member 1,OR10P1
tr_08712,lymphocyte cytosolic protein 1,LCP1
tr_08713,solute carrier family 7 member 2,SLC7A2
tr_08714,zinc finger protein 443,ZNF443
tr_08715,late cornified envelope 3D,LCE3D
tr_08716,5'-nucleotidase domain containing 2,NT5DC2
tr_08717,ring finger protein 148,RNF148
tr_08718,syntaxin binding protein 6,STXBP6
tr_08719,solute carrier family 2 member 9,SLC2A9
tr_08720,potassium two pore domain channel subfamily K member 13,KCNK13
tr_08721,C-C motif chemokine ligand 4 like 1,CCL4L1
tr_08722,dedicator of cytokinesis 6,DOCK6
tr_08723,glutathione S-transferase theta 1,GSTT1
tr_08724,UDP glucuronosyltransferase family 2 member B4,UGT2B4
tr_08725,olfactory receptor family 8 subfamily B member 4,OR8B4
tr_08726,activation induced cytidine deaminase,AICDA
tr_08727,proteasome 20S subunit alpha 4,PSMA4
tr_08728,phosphatidylserine decarboxylase,PISD
tr_08729,schlafen family member 13,SLFN13
tr_08730,zinc finger protein 761,ZNF761
tr_08731,NIMA related kinase 11,NEK11
tr_08732,olfactomedin like 2B,OLFML2B
tr_08733,"proteasome 26S subunit, non-ATPase 14",PSMD14
tr_08734,methionine sulfoxide reductase B3,MSRB3
tr_08735,minichromosome maintenance complex component 2,MCM2
tr_08736,Josephin domain containing 2,JOSD2
tr_08737,WD repeat domain 89,WDR89
tr_08738,mitochondrial poly(A) polymerase,MTPAP
tr_08739,ubinuclein 1,UBN1
tr_08740,olfactory receptor family 6 subfamily C member 75,OR6C75
tr_08741,apolipoprotein E,APOE
tr_08742,toll interacting protein,TOLLIP
tr_08743,mitofusin 1,MFN1
tr_08744,presenilin associated rhomboid like,PARL
tr_08745,cholinergic receptor nicotinic alpha 1 subunit,CHRNA1
tr_08746,V-set and immunoglobulin domain containing 10 like,VSIG10L
tr_08747,apolipoprotein B mRNA editing enzyme catalytic subunit 3C,APOBEC3C
tr_08748,glutathione S-transferase alpha 2,GSTA2
tr_08749,solute carrier family 29 member 1 (Augustine blood group),SLC29A1
tr_08750,NADH:ubiquinone oxidoreductase core subunit S7,NDUFS7
tr_08751,heterogeneous nuclear ribonucleoprotein U like 1,HNRNPUL1
tr_08752,ciliary neurotrophic factor,CNTF
tr_08753,regulatory factor X1,RFX1
tr_08754,potassium channel tetramerization domain containing 13,KCTD13
tr_08755,SAM and SH3 domain containing 1,SASH1
tr_08756,glucose-6-phosphatase catalytic subunit 2,G6PC2
tr_08757,Bardet-Biedl syndrome 2,BBS2
tr_08758,DiGeorge syndrome critical region gene 6,DGCR6
tr_08759,ribosomal protein S6,RPS6
tr_08760,transmembrane protein 181,TMEM181
tr_08761,family with sequence similarity 171 member A1,FAM171A1
tr_08762,ATPase secretory pathway Ca2+ transporting 1,ATP2C1
tr_08763,zinc finger NFX1-type containing 1,ZNFX1
tr_08764,RAS related 2,RRAS2
tr_08765,progesterone receptor membrane component 2,PGRMC2
tr_08766,inositol polyphosphate-5-phosphatase F,INPP5F
tr_08767,steroidogenic acute regulatory protein,STAR
tr_08768,polypeptide N-acetylgalactosaminyltransferase 3,GALNT3
tr_08769,NOP2/Sun RNA methyltransferase 5,NSUN5
tr_08770,contactin 6,CNTN6
tr_08771,5-hydroxytryptamine receptor 2B,HTR2B
tr_08772,"peptidase, mitochondrial processing subunit beta",PMPCB
tr_08773,CCR4-NOT transcription complex subunit 2,CNOT2
tr_08774,interleukin 18,IL18
tr_08775,centromere protein H,CENPH
tr_08776,sphingosine-1-phosphate phosphatase 1,SGPP1
tr_08777,coiled-coil and HOOK domain protein 88B,CCDC88B
tr_08778,cytochrome b5 domain containing 1,CYB5D1
tr_08779,cofilin 1,CFL1
tr_08780,cereblon,CRBN
tr_08781,"membrane associated guanylate kinase, WW and PDZ domain containing 2",MAGI2
tr_08782,ribosomal protein S4 Y-linked 1,RPS4Y1
tr_08783,olfactory receptor family 2 subfamily AP member 1,OR2AP1
tr_08784,bestrophin 3,BEST3
tr_08785,WAS/WASL interacting protein family member 1,WIPF1
tr_08786,tetratricopeptide repeat domain 14,TTC14
tr_08787,olfactory receptor family 4 subfamily K member 1,OR4K1
tr_08788,eukaryotic translation elongation factor 1 beta 2,EEF1B2
tr_08789,urocanate hydratase 1,UROC1
tr_08790,cytochrome c oxidase subunit 7B2,COX7B2
tr_08791,glypican 1,GPC1
tr_08792,solute carrier family 35 member E3,SLC35E3
tr_08793,zinc finger protein 25,ZNF25
tr_08794,transcription factor CP2,TFCP2
tr_08795,cortexin 1,CTXN1
tr_08796,"transporter 1, ATP binding cassette subfamily B member",TAP1
tr_08797,"proteasome 26S subunit, ATPase 6",PSMC6
tr_08798,ankyrin repeat domain 23,ANKRD23
tr_08799,"nuclear transcription factor, X-box binding like 1",NFXL1
tr_08800,olfactory receptor family 5 subfamily V member 1,OR5V1
tr_08801,glutathione S-transferase alpha 3,GSTA3
tr_08802,tetratricopeptide repeat and ankyrin repeat containing 1,TRANK1
tr_08803,tubulin beta 2A class IIa,TUBB2A
tr_08804,glycosylphosphatidylinositol anchored high density lipoprotein binding protein 1,GPIHBP1
tr_08805,minichromosome maintenance complex component 6,MCM6
tr_08806,calcium and integrin binding family member 3,CIB3
tr_08807,glutamyl aminopeptidase,ENPEP
tr_08808,"PAT1 homolog 1, processing body mRNA decay factor",PATL1
tr_08809,"ring finger protein, transmembrane 2",RNFT2
tr_08810,VHL binding protein 1,VBP1
tr_08811,calmodulin like 5,CALML5
tr_08812,zinc finger protein 432,ZNF432
tr_08813,leucine rich repeat containing 4C,LRRC4C
tr_08814,RNA binding motif protein Y-linked family 1 member F,RBMY1F
tr_08815,carboxypeptidase O,CPO
tr_08816,E74 like ETS transcription factor 1,ELF1
tr_08817,ovo like transcriptional repressor 1,OVOL1
tr_08818,dihydrodiol dehydrogenase,DHDH
tr_08819,potassium voltage-gated channel subfamily A regulatory beta subunit 1,KCNAB1
tr_08820,claudin 23,CLDN23
tr_08821,odd-skipped related transcription factor 1,OSR1
tr_08822,NGG1 interacting factor 3 like 1,NIF3L1
tr_08823,"major histocompatibility complex, class II, DR beta 1",HLA-DRB1
tr_08824,double homeobox B,DUXB
tr_08825,aquaporin 9,AQP9
tr_08826,lactase like,LCTL
tr_08827,fukutin,FKTN
tr_08828,zinc finger protein 497,ZNF497
tr_08829,RNA polymerase II associated protein 2,RPAP2
tr_08830,WD repeat and SOCS box containing 1,WSB1
tr_08831,C-type lectin domain family 4 member D,CLEC4D
tr_08832,myosin IE,MYO1E
tr_08833,CCR4-NOT transcription complex subunit 3,CNOT3
tr_08834,glycerol-3-phosphate dehydrogenase 1 like,GPD1L
tr_08835,keratinocyte differentiation associated protein,KRTDAP
tr_08836,zinc finger protein 843,ZNF843
tr_08837,DEAD-box helicase 27,DDX27
tr_08838,pre-mRNA processing factor 38B,PRPF38B
tr_08839,small proline rich protein 2E,SPRR2E
tr_08840,zinc finger RNA binding protein 2,ZFR2
tr_08841,single Ig and TIR domain containing,SIGIRR
tr_08842,"2,4-dienoyl-CoA reductase 1",DECR1
tr_08843,ATPase plasma membrane Ca2+ transporting 4,ATP2B4
tr_08844,solute carrier family 22 member 1,SLC22A1
tr_08845,platelet derived growth factor C,PDGFC
tr_08846,protein-L-isoaspartate (D-aspartate) O-methyltransferase domain containing 2,PCMTD2
tr_08847,vasoactive intestinal peptide receptor 1,VIPR1
tr_08848,sodium channel modifier 1,SCNM1
tr_08849,synergin gamma,SYNRG
tr_08850,ring finger protein 34,RNF34
tr_08851,E1A binding protein p400,EP400
tr_08852,androgen induced 1,AIG1
tr_08853,transient receptor potential cation channel subfamily M member 1,TRPM1
tr_08854,aldo-keto reductase family 7 member A2,AKR7A2
tr_08855,zinc finger and SCAN domain containing 18,ZSCAN18
tr_08856,"coagulation factor II, thrombin",F2
tr_08857,synaptosome associated protein 47,SNAP47
tr_08858,prepronociceptin,PNOC
tr_08859,olfactory receptor family 2 subfamily F member 2,OR2F2
tr_08860,chromosome 1 open reading frame 146,C1orf146
tr_08861,limb development membrane protein 1 like,LMBR1L
tr_08862,fat storage inducing transmembrane protein 1,FITM1
tr_08863,distal-less homeobox 5,DLX5
tr_08864,mediator complex subunit 31,MED31
tr_08865,protein phosphatase with EF-hand domain 2,PPEF2
tr_08866,aldehyde dehydrogenase 5 family member A1,ALDH5A1
tr_08867,tubulin alpha 3d,TUBA3D
tr_08868,zinc finger protein 780B,ZNF780B
tr_08869,syntaxin binding protein 1,STXBP1
tr_08870,kelch like family member 7,KLHL7
tr_08871,sulfatase modifying factor 2,SUMF2
tr_08872,calcium voltage-gated channel auxiliary subunit beta 1,CACNB1
tr_08873,ankyrin repeat and kinase domain containing 1,ANKK1
tr_08874,cytochrome b5 type A,CYB5A
tr_08875,"beta-1,3-galactosyltransferase 5",B3GALT5
tr_08876,enhancer of zeste 1 polycomb repressive complex 2 subunit,EZH1
tr_08877,olfactory receptor family 10 subfamily Q member 1,OR10Q1
tr_08878,mannose binding lectin 2,MBL2
tr_08879,"proteoglycan 2, pro eosinophil major basic protein",PRG2
tr_08880,"UDP-GlcNAc:betaGal beta-1,3-N-acetylglucosaminyltransferase 6",B3GNT6
tr_08881,paired box 8,PAX8
tr_08882,transmembrane protein 106C,TMEM106C
tr_08883,charged multivesicular body protein 5,CHMP5
tr_08884,protein kinase C and casein kinase substrate in neurons 2,PACSIN2
tr_08885,G protein-coupled receptor 84,GPR84
tr_08886,calcium voltage-gated channel auxiliary subunit gamma 4,CACNG4
tr_08887,zinc finger protein 460,ZNF460
tr_08888,lysine demethylase 4D,KDM4D
tr_08889,aldehyde dehydrogenase 2 family member,ALDH2
tr_08890,gap junction protein beta 2,GJB2
tr_08891,motilin receptor,MLNR
tr_08892,matrilin 1,MATN1
tr_08893,"ArfGAP with SH3 domain, ankyrin repeat and PH domain 1",ASAP1
tr_08894,zinc finger protein 254,ZNF254
tr_08895,mutS homolog 5,MSH5
tr_08896,myeloid zinc finger 1,MZF1
tr_08897,nuclear RNA export factor 2B,NXF2B
tr_08898,cAMP responsive element binding protein 1,CREB1
tr_08899,interleukin 17 receptor E like,IL17REL
tr_08900,matrix metallopeptidase 16,MMP16
tr_08901,pericentrin,PCNT
tr_08902,phospholipase A1 member A,PLA1A
tr_08903,mitogen-activated protein kinase 4,MAPK4
tr_08904,insulin like growth factor binding protein 1,IGFBP1
tr_08905,defensin beta 127,DEFB127
tr_08906,trophoblast glycoprotein,TPBG
tr_08907,olfactory receptor family 51 subfamily A member 7,OR51A7
tr_08908,WD repeat domain 90,WDR90
tr_08909,microtubule affinity regulating kinase 3,MARK3
tr_08910,ER degradation enhancing alpha-mannosidase like protein 3,EDEM3
tr_08911,E74 like ETS transcription factor 2,ELF2
tr_08912,serine peptidase inhibitor Kazal type 7,SPINK7
tr_08913,chromosome 1 open reading frame 198,C1orf198
tr_08914,calcyphosine,CAPS
tr_08915,sarcosine dehydrogenase,SARDH
tr_08916,espin,ESPN
tr_08917,thrombospondin type 1 domain containing 1,THSD1
tr_08918,pumilio RNA binding family member 2,PUM2
tr_08919,carbonic anhydrase 11 (inactive),CA11
tr_08920,heparan sulfate-glucosamine 3-sulfotransferase 6,HS3ST6
tr_08921,trypsin like peroxisomal matrix peptidase 1,TYSND1
tr_08922,ubiquitin conjugating enzyme E2 S,UBE2S
tr_08923,fibroblast growth factor 13,FGF13
tr_08924,small proline rich protein 2D,SPRR2D
tr_08925,calcium/calmodulin dependent protein kinase kinase 2,CAMKK2
tr_08926,phosphorylase kinase regulatory subunit alpha 2,PHKA2
tr_08927,oxoglutarate receptor 1,OXGR1
tr_08928,beaded filament structural protein 1,BFSP1
tr_08929,microfibril associated protein 2,MFAP2
tr_08930,taste 2 receptor member 10,TAS2R10
tr_08931,acyl-CoA binding domain containing 4,ACBD4
tr_08932,proenkephalin,PENK
tr_08933,glutaminyl-peptide cyclotransferase,QPCT
tr_08934,glutaredoxin,GLRX
tr_08935,zinc finger protein 18,ZNF18
tr_08936,achaete-scute family bHLH transcription factor 1,ASCL1
tr_08937,leucine rich repeat transmembrane neuronal 2,LRRTM2
tr_08938,pre-mRNA processing factor 19,PRPF19
tr_08939,zinc finger protein 365,ZNF365
tr_08940,angiopoietin like 3,ANGPTL3
tr_08941,tripartite motif containing 58,TRIM58
tr_08942,Ras and Rab interactor 1,RIN1
tr_08943,phospholipase A2 group IIF,PLA2G2F
tr_08944,keratin associated protein 9-2,KRTAP9-2
tr_08945,mutS homolog 3,MSH3
tr_08946,"cell division cycle 37, HSP90 cochaperone",CDC37
tr_08947,CCHC-type zinc finger nucleic acid binding protein,CNBP
tr_08948,olfactory receptor family 11 subfamily H member 2,OR11H2
tr_08949,t-complex 1,TCP1
tr_08950,suppressor of cytokine signaling 1,SOCS1
tr_08951,ATPase H+ transporting V1 subunit G1,ATP6V1G1
tr_08952,thyroid hormone receptor associated protein 3,THRAP3
tr_08953,charged multivesicular body protein 4A,CHMP4A
tr_08954,claudin 15,CLDN15
tr_08955,RAB3A interacting protein,RAB3IP
tr_08956,testin LIM domain protein,TES
tr_08957,leucine zipper transcription factor like 1,LZTFL1
tr_08958,neurexophilin 2,NXPH2
tr_08959,cysteine rich protein 1,CRIP1
tr_08960,WD repeat domain 53,WDR53
tr_08961,gastrulation brain homeobox 2,GBX2
tr_08962,secretin receptor,SCTR
tr_08963,zinc finger protein 696,ZNF696
tr_08964,vacuolar protein sorting 4 homolog B,VPS4B
tr_08965,ATP citrate lyase,ACLY
tr_08966,olfactory receptor family 12 subfamily D member 3,OR12D3
tr_08967,"T cell immune regulator 1, ATPase H+ transporting V0 subunit a3",TCIRG1
tr_08968,amphiphysin,AMPH
tr_08969,sorcin,SRI
tr_08970,aarF domain containing kinase 2,ADCK2
tr_08971,cathepsin B,CTSB
tr_08972,RNA binding motif protein 26,RBM26
tr_08973,bromodomain PHD finger transcription factor,BPTF
tr_08974,dual oxidase 1,DUOX1
tr_08975,bromodomain and WD repeat domain containing 1,BRWD1
tr_08976,synaptosome associated protein 91,SNAP91
tr_08977,pellino E3 ubiquitin protein ligase 1,PELI1
tr_08978,zinc finger protein 217,ZNF217
tr_08979,solute carrier family 25 member 23,SLC25A23
tr_08980,dehydrogenase E1 and transketolase domain containing 1,DHTKD1
tr_08981,olfactory receptor family 2 subfamily M member 2,OR2M2
tr_08982,major facilitator superfamily domain containing 1,MFSD1
tr_08983,apolipoprotein C3,APOC3
tr_08984,"KH RNA binding domain containing, signal transduction associated 2",KHDRBS2
tr_08985,interleukin 1 receptor antagonist,IL1RN
tr_08986,reticulon 4 receptor like 1,RTN4RL1
tr_08987,leucine rich repeat containing 34,LRRC34
tr_08988,"SPT16 homolog, facilitates chromatin remodeling subunit",SUPT16H
tr_08989,lipase family member J,LIPJ
tr_08990,olfactory receptor family 1 subfamily G member 1,OR1G1
tr_08991,secretoglobin family 3A member 1,SCGB3A1
tr_08992,cell division cycle 25B,CDC25B
tr_08993,translocator protein,TSPO
tr_08994,dedicator of cytokinesis 7,DOCK7
tr_08995,transmembrane and ubiquitin like domain containing 2,TMUB2
tr_08996,nucleobindin 2,NUCB2
tr_08997,mitochondrial ribosomal protein L35,MRPL35
tr_08998,phospholipase C like 1 (inactive),PLCL1
tr_08999,immediate early response 5 like,IER5L
tr_09000,PHD finger protein 19,PHF19
tr_09001,phosphatase and actin regulator 1,PHACTR1
tr_09002,angiotensin II receptor type 1,AGTR1
tr_09003,threonine synthase like 1,THNSL1
tr_09004,leucine rich repeat containing 40,LRRC40
tr_09005,taste 2 receptor member 9,TAS2R9
tr_09006,pseudouridine synthase 3,PUS3
tr_09007,syndecan binding protein 2,SDCBP2
tr_09008,"decapping enzyme, scavenger",DCPS
tr_09009,DEAD-box helicase 18,DDX18
tr_09010,zinc finger protein 773,ZNF773
tr_09011,mitochondrially encoded ATP synthase membrane subunit 6,MT-ATP6
tr_09012,chaperonin containing TCP1 subunit 2,CCT2
tr_09013,histone acetyltransferase 1,HAT1
tr_09014,G protein pathway suppressor 2,GPS2
tr_09015,nucleophosmin/nucleoplasmin 3,NPM3
tr_09016,membrane spanning 4-domains A7,MS4A7
tr_09017,"killer cell immunoglobulin like receptor, two Ig domains and long cytoplasmic tail 4",KIR2DL4
tr_09018,angiotensin I converting enzyme,ACE
tr_09019,solute carrier family 39 member 14,SLC39A14
tr_09020,solute carrier family 18 member A3,SLC18A3
tr_09021,serine/arginine repetitive matrix 2,SRRM2
tr_09022,recombination signal binding protein for immunoglobulin kappa J region,RBPJ
tr_09023,zinc finger protein 83,ZNF83
tr_09024,polycomb group ring finger 6,PCGF6
tr_09025,CKLF like MARVEL transmembrane domain containing 1,CMTM1
tr_09026,AT-rich interaction domain 3C,ARID3C
tr_09027,electron transfer flavoprotein subunit alpha,ETFA
tr_09028,ezrin,EZR
tr_09029,erythrocyte membrane protein band 4.1 like 1,EPB41L1
tr_09030,capping actin protein of muscle Z-line subunit alpha 3,CAPZA3
tr_09031,transmembrane and ubiquitin like domain containing 1,TMUB1
tr_09032,Fc alpha receptor,FCAR
tr_09033,staphylococcal nuclease and tudor domain containing 1,SND1
tr_09034,ubiquitin like modifier activating enzyme 2,UBA2
tr_09035,adrenoceptor alpha 1A,ADRA1A
tr_09036,zinc finger protein 512,ZNF512
tr_09037,mediator complex subunit 21,MED21
tr_09038,testis expressed 28,TEX28
tr_09039,G protein-coupled receptor 6,GPR6
tr_09040,elongator acetyltransferase complex subunit 2,ELP2
tr_09041,frizzled class receptor 5,FZD5
tr_09042,X antigen family member 5,XAGE5
tr_09043,WD and tetratricopeptide repeats 1,WDTC1
tr_09044,laminin subunit alpha 4,LAMA4
tr_09045,neuron navigator 1,NAV1
tr_09046,solute carrier family 13 member 4,SLC13A4
tr_09047,"WAP, follistatin/kazal, immunoglobulin, kunitz and netrin domain containing 1",WFIKKN1
tr_09048,ubiquitin specific peptidase 20,USP20
tr_09049,influenza virus NS1A binding protein,IVNS1ABP
tr_09050,ataxin 3,ATXN3
tr_09051,glycine cleavage system protein H,GCSH
tr_09052,coiled-coil domain containing 6,CCDC6
tr_09053,decapping mRNA 1A,DCP1A
tr_09054,centromere protein V,CENPV
tr_09055,chromosome 1 open reading frame 54,C1orf54
tr_09056,keratin associated protein 4-3,KRTAP4-3
tr_09057,PHD finger protein 20 like 1,PHF20L1
tr_09058,uracil phosphoribosyltransferase homolog,UPRT
tr_09059,keratin associated protein 10-8,KRTAP10-8
tr_09060,olfactory receptor family 5 subfamily M member 11,OR5M11
tr_09061,phytanoyl-CoA dioxygenase domain containing 1,PHYHD1
tr_09062,C-X-C motif chemokine ligand 3,CXCL3
tr_09063,solute carrier family 6 member 9,SLC6A9
tr_09064,integrin subunit beta 2,ITGB2
tr_09065,proline rich 11,PRR11
tr_09066,transmembrane protein 156,TMEM156
tr_09067,nuclear receptor interacting protein 2,NRIP2
tr_09068,cell division cycle associated 2,CDCA2
tr_09069,kinectin 1,KTN1
tr_09070,erythrocyte membrane protein band 4.1 like 3,EPB41L3
tr_09071,folliculin,FLCN
tr_09072,glycogen synthase kinase 3 beta,GSK3B
tr_09073,alpha-L-fucosidase 2,FUCA2
tr_09074,G protein-coupled receptor 55,GPR55
tr_09075,keratin 73,KRT73
tr_09076,keratin associated protein 10-1,KRTAP10-1
tr_09077,potassium inwardly rectifying channel subfamily J member 8,KCNJ8
tr_09078,activin A receptor type 1,ACVR1
tr_09079,uromodulin,UMOD
tr_09080,msh homeobox 1,MSX1
tr_09081,ATPase family AAA domain containing 1,ATAD1
tr_09082,"membrane associated guanylate kinase, WW and PDZ domain containing 1",MAGI1
tr_09083,cell cycle exit and neuronal differentiation 1,CEND1
tr_09084,kinesin family member 4B,KIF4B
tr_09085,"leucine rich repeat, Ig-like and transmembrane domains 3",LRIT3
tr_09086,cadherin 24,CDH24
tr_09087,zinc finger protein 469,ZNF469
tr_09088,polyamine modulated factor 1,PMF1
tr_09089,WAP four-disulfide core domain 10B,WFDC10B
tr_09090,envoplakin,EVPL
tr_09091,small proline rich protein 1B,SPRR1B
tr_09092,T-box transcription factor 20,TBX20
tr_09093,serpin family F member 1,SERPINF1
tr_09094,solute carrier family 26 member 2,SLC26A2
tr_09095,keratin associated protein 21-3,KRTAP21-3
tr_09096,chromosome 20 open reading frame 202,C20orf202
tr_09097,"WD repeat, sterile alpha motif and U-box domain containing 1",WDSUB1
tr_09098,kallikrein related peptidase 6,KLK6
tr_09099,mannosyl-oligosaccharide glucosidase,MOGS
tr_09100,ring finger protein 216,RNF216
tr_09101,solute carrier organic anion transporter family member 1B3,SLCO1B3
tr_09102,synaptotagmin 3,SYT3
tr_09103,forkhead box F1,FOXF1
tr_09104,olfactory receptor family 9 subfamily Q member 2,OR9Q2
tr_09105,growth differentiation factor 10,GDF10
tr_09106,ependymin related 1,EPDR1
tr_09107,gamma-aminobutyric acid type A receptor subunit pi,GABRP
tr_09108,inturned planar cell polarity protein,INTU
tr_09109,pre-mRNA processing factor 6,PRPF6
tr_09110,coiled-coil domain containing 134,CCDC134
tr_09111,zinc finger protein 596,ZNF596
tr_09112,AT-rich interaction domain 1A,ARID1A
tr_09113,neutrophil cytosolic factor 4,NCF4
tr_09114,keratinocyte proline rich protein,KPRP
tr_09115,arylsulfatase F,ARSF
tr_09116,V-set and immunoglobulin domain containing 4,VSIG4
tr_09117,calcium/calmodulin dependent protein kinase II delta,CAMK2D
tr_09118,translocase of inner mitochondrial membrane 23,TIMM23
tr_09119,"core 1 synthase, glycoprotein-N-acetylgalactosamine 3-beta-galactosyltransferase 1",C1GALT1
tr_09120,kelch domain containing 3,KLHDC3
tr_09121,trace amine associated receptor 6,TAAR6
tr_09122,growth regulating estrogen receptor binding 1,GREB1
tr_09123,granzyme A,GZMA
tr_09124,ubiquitin protein ligase E3 component n-recognin 5,UBR5
tr_09125,DExH-box helicase 29,DHX29
tr_09126,keratin associated protein 10-10,KRTAP10-10
tr_09127,"odontogenic, ameloblast associated",ODAM
tr_09128,inhibitor of Bruton tyrosine kinase,IBTK
tr_09129,solute carrier family 2 member 14,SLC2A14
tr_09130,IQ motif containing GTPase activating protein 1,IQGAP1
tr_09131,FMR1 autosomal homolog 1,FXR1
tr_09132,sperm associated antigen 11B,SPAG11B
tr_09133,"secretagogin, EF-hand calcium binding protein",SCGN
tr_09134,kinesin family member 3A,KIF3A
tr_09135,ring finger protein 114,RNF114
tr_09136,isthmin 1,ISM1
tr_09137,calcium/calmodulin dependent protein kinase I,CAMK1
tr_09138,helicase with zinc finger,HELZ
tr_09139,heme binding protein 1,HEBP1
tr_09140,RNA binding motif single stranded interacting protein 1,RBMS1
tr_09141,orosomucoid 2,ORM2
tr_09142,olfactory receptor family 9 subfamily G member 1,OR9G1
tr_09143,neurofibromin 1,NF1
tr_09144,ectonucleotide pyrophosphatase/phosphodiesterase 2,ENPP2
tr_09145,peroxisomal membrane protein 2,PXMP2
tr_09146,proteasome 20S subunit alpha 8,PSMA8
tr_09147,protein phosphatase 1 regulatory inhibitor subunit 14D,PPP1R14D
tr_09148,keratin associated protein 5-4,KRTAP5-4
tr_09149,sclerostin domain containing 1,SOSTDC1
tr_09150,actin related protein 8,ACTR8
tr_09151,ubiquitin conjugating enzyme E2 D4,UBE2D4
tr_09152,LDL receptor related protein 11,LRP11
tr_09153,E2F associated phosphoprotein,EAPP
tr_09154,solute carrier family 26 member 7,SLC26A7
tr_09155,cytokine like 1,CYTL1
tr_09156,butyrophilin subfamily 2 member A2,BTN2A2
tr_09157,thyroid hormone receptor alpha,THRA
tr_09158,G protein subunit alpha 11,GNA11
tr_09159,splicing factor 1,SF1
tr_09160,RNA binding motif protein 34,RBM34
tr_09161,solute carrier family 5 member 6,SLC5A6
tr_09162,zinc finger protein 100,ZNF100
tr_09163,transmembrane protein 143,TMEM143
tr_09164,zinc finger protein 559,ZNF559
tr_09165,variable charge X-linked,VCX
tr_09166,transmembrane protein with EGF like and two follistatin like domains 1,TMEFF1
tr_09167,kinesin family member 5A,KIF5A
tr_09168,ATP/GTP binding carboxypeptidase 1,AGTPBP1
tr_09169,transmembrane protein 185A,TMEM185A
tr_09170,cytochrome P450 family 2 subfamily B member 6,CYP2B6
tr_09171,collagen type XXIV alpha 1 chain,COL24A1
tr_09172,ATP binding cassette subfamily F member 1,ABCF1
tr_09173,guanylate binding protein family member 6,GBP6
tr_09174,mitogen-activated protein kinase kinase kinase 10,MAP3K10
tr_09175,zinc finger E-box binding homeobox 1,ZEB1
tr_09176,motile sperm domain containing 1,MOSPD1
tr_09177,ring finger protein 113B,RNF113B
tr_09178,tropomyosin 1,TPM1
tr_09179,solute carrier family 15 member 4,SLC15A4
tr_09180,histatin 3,HTN3
tr_09181,chloride channel accessory 1,CLCA1
tr_09182,DEAD-box helicase 1,DDX1
tr_09183,methylthioadenosine phosphorylase,MTAP
tr_09184,carnitine O-acetyltransferase,CRAT
tr_09185,olfactory receptor family 13 subfamily J member 1,OR13J1
tr_09186,neuraminidase 4,NEU4
tr_09187,far upstream element binding protein 1,FUBP1
tr_09188,ribosomal protein S3A,RPS3A
tr_09189,phospholipase A2 group X,PLA2G10
tr_09190,transcription factor AP-2 gamma,TFAP2C
tr_09191,methylenetetrahydrofolate reductase,MTHFR
tr_09192,vesicle transport through interaction with t-SNAREs 1A,VTI1A
tr_09193,guanylate cyclase activator 2B,GUCA2B
tr_09194,defensin beta 110,DEFB110
tr_09195,tachykinin precursor 1,TAC1
tr_09196,zinc finger protein 510,ZNF510
tr_09197,interferon regulatory factor 9,IRF9
tr_09198,flavin containing dimethylaniline monoxygenase 4,FMO4
tr_09199,EF-hand domain containing 1,EFHC1
tr_09200,component of oligomeric golgi complex 3,COG3
tr_09201,apolipoprotein A1,APOA1
tr_09202,centromere protein P,CENPP
tr_09203,ribonuclease A family member 11 (inactive),RNASE11
tr_09204,transmembrane epididymal protein 1,TEDDM1
tr_09205,acyl-CoA thioesterase 9,ACOT9
tr_09206,V-set pre-B cell surrogate light chain 1,VPREB1
tr_09207,forkhead box K1,FOXK1
tr_09208,dachshund family transcription factor 1,DACH1
tr_09209,olfactory receptor family 8 subfamily G member 5,OR8G5
tr_09210,cAMP-dependent protein kinase inhibitor gamma,PKIG
tr_09211,retinoic acid receptor responder 2,RARRES2
tr_09212,NSF attachment protein beta,NAPB
tr_09213,nucleoporin 107,NUP107
tr_09214,methionyl aminopeptidase 2,METAP2
tr_09215,cysteine rich protein 3,CRIP3
tr_09216,actinin alpha 4,ACTN4
tr_09217,small proline rich protein 1A,SPRR1A
tr_09218,calcium sensing receptor,CASR
tr_09219,tripartite motif containing 33,TRIM33
tr_09220,DEAH-box helicase 35,DHX35
tr_09221,syntaxin 1A,STX1A
tr_09222,C-C motif chemokine receptor 5,CCR5
tr_09223,schlafen family member 12,SLFN12
tr_09224,von Willebrand factor C and EGF domains,VWCE
tr_09225,glycine amidinotransferase,GATM
tr_09226,forkhead box D4 like 1,FOXD4L1
tr_09227,linker for activation of T cells family member 2,LAT2
tr_09228,cell death inducing DFFA like effector b,CIDEB
tr_09229,transportin 1,TNPO1
tr_09230,interferon gamma inducible protein 16,IFI16
tr_09231,usherin,USH2A
tr_09232,ATPase H+ transporting accessory protein 1,ATP6AP1
tr_09233,rhotekin 2,RTKN2
tr_09234,pre-mRNA processing factor 38A,PRPF38A
tr_09235,glycerate kinase,GLYCTK
tr_09236,vasodilator stimulated phosphoprotein,VASP
tr_09237,riboflavin kinase,RFK
tr_09238,SS nuclear autoantigen 1,SSNA1
tr_09239,tenascin XB,TNXB
tr_09240,hexokinase 3,HK3
tr_09241,kinesin family member 20A,KIF20A
tr_09242,F-box and leucine rich repeat protein 14,FBXL14
tr_09243,"phosphatidylinositol-3,4,5-trisphosphate dependent Rac exchange factor 2",PREX2
tr_09244,kinesin family member 16B,KIF16B
tr_09245,protein kinase AMP-activated non-catalytic subunit gamma 2,PRKAG2
tr_09246,DEAD-box helicase 51,DDX51
tr_09247,glutamate ionotropic receptor kainate type subunit 5,GRIK5
tr_09248,cancer/testis antigen family 47 member A7,CT47A7
tr_09249,forkhead box O3,FOXO3
tr_09250,NADH:ubiquinone oxidoreductase subunit B7,NDUFB7
tr_09251,tetraspanin 4,TSPAN4
tr_09252,signal transducer and activator of transcription 5A,STAT5A
tr_09253,olfactory receptor family 51 subfamily B member 5,OR51B5
tr_09254,chromosome 6 open reading frame 58,C6orf58
tr_09255,olfactory receptor family 1 subfamily Q member 1,OR1Q1
tr_09256,metastasis associated 1 family member 2,MTA2
tr_09257,tumor protein p53 inducible protein 11,TP53I11
tr_09258,serpin family A member 4,SERPINA4
tr_09259,chromosome 17 open reading frame 78,C17orf78
tr_09260,X-ray repair cross complementing 5,XRCC5
tr_09261,olfactory receptor family 2 subfamily A member 42,OR2A42
tr_09262,LDL receptor related protein 5,LRP5
tr_09263,signal transducer and activator of transcription 2,STAT2
tr_09264,serine peptidase inhibitor Kazal type 5,SPINK5
tr_09265,neural cell adhesion molecule 2,NCAM2
tr_09266,syndecan 2,SDC2
tr_09267,heat shock protein family A (Hsp70) member 12A,HSPA12A
tr_09268,regulator of G protein signaling 1,RGS1
tr_09269,glycoprotein M6B,GPM6B
tr_09270,adenylate cyclase 2,ADCY2
tr_09271,programmed cell death 10,PDCD10
tr_09272,pogo transposable element derived with KRAB domain,POGK
tr_09273,BAR/IMD domain containing adaptor protein 2,BAIAP2
tr_09274,ARF like GTPase 6 interacting protein 5,ARL6IP5
tr_09275,poly(ADP-ribose) polymerase family member 9,PARP9
tr_09276,interleukin 20 receptor subunit alpha,IL20RA
tr_09277,sterile alpha motif domain containing 9,SAMD9
tr_09278,dual specificity phosphatase 12,DUSP12
tr_09279,dehydrogenase/reductase 11,DHRS11
tr_09280,gamma-glutamyltransferase 5,GGT5
tr_09281,alpha hemoglobin stabilizing protein,AHSP
tr_09282,cAMP responsive element binding protein 3,CREB3
tr_09283,ribosomal protein L10 like,RPL10L
tr_09284,solute carrier family 38 member 7,SLC38A7
tr_09285,caveolin 2,CAV2
tr_09286,gamma-aminobutyric acid type A receptor subunit alpha5,GABRA5
tr_09287,heat shock protein family A (Hsp70) member 4 like,HSPA4L
tr_09288,protein phosphatase 1 regulatory subunit 3G,PPP1R3G
tr_09289,CREB regulated transcription coactivator 2,CRTC2
tr_09290,protein arginine methyltransferase 6,PRMT6
tr_09291,solute carrier family 9 member A4,SLC9A4
tr_09292,taste 2 receptor member 30,TAS2R30
tr_09293,"mucin 16, cell surface associated",MUC16
tr_09294,keratin associated protein 19-1,KRTAP19-1
tr_09295,protein tyrosine phosphatase receptor type C,PTPRC
tr_09296,kinesin family member 18A,KIF18A
tr_09297,small nuclear ribonucleoprotein polypeptide G,SNRPG
tr_09298,angiotensin II receptor associated protein,AGTRAP
tr_09299,keratin 37,KRT37
tr_09300,exosome component 1,EXOSC1
tr_09301,signal transducer and activator of transcription 4,STAT4
tr_09302,solute carrier family 24 member 4,SLC24A4
tr_09303,prostaglandin E receptor 4,PTGER4
tr_09304,sterile alpha motif domain containing 5,SAMD5
tr_09305,"isoleucyl-tRNA synthetase 2, mitochondrial",IARS2
tr_09306,amyloid beta precursor protein binding family B member 1,APBB1
tr_09307,transmembrane serine protease 11A,TMPRSS11A
tr_09308,klotho beta,KLB
tr_09309,discoidin domain receptor tyrosine kinase 2,DDR2
tr_09310,Rho guanine nucleotide exchange factor 17,ARHGEF17
tr_09311,potassium voltage-gated channel modifier subfamily G member 2,KCNG2
tr_09312,metallothionein 1A,MT1A
tr_09313,peptidylprolyl isomerase F,PPIF
tr_09314,HSPB1 associated protein 1,HSPBAP1
tr_09315,striated muscle enriched protein kinase,SPEG
tr_09316,arylsulfatase family member K,ARSK
tr_09317,ficolin 2,FCN2
tr_09318,ALF transcription elongation factor 2,AFF2
tr_09319,"beta-1,3-galactosyltransferase 1",B3GALT1
tr_09320,DDB1 and CUL4 associated factor 7,DCAF7
tr_09321,polyglutamine binding protein 1,PQBP1
tr_09322,reticulon 4 receptor like 2,RTN4RL2
tr_09323,ephrin A1,EFNA1
tr_09324,Rab interacting lysosomal protein,RILP
tr_09325,zinc finger protein 683,ZNF683
tr_09326,keratin associated protein 4-7,KRTAP4-7
tr_09327,gamma-aminobutyric acid type A receptor subunit epsilon,GABRE
tr_09328,keratin 81,KRT81
tr_09329,NADH:ubiquinone oxidoreductase subunit B11,NDUFB11
tr_09330,calponin 3,CNN3
tr_09331,adenine phosphoribosyltransferase,APRT
tr_09332,6-phosphogluconolactonase,PGLS
tr_09333,anoctamin 2,ANO2
tr_09334,solute carrier family 6 member 18,SLC6A18
tr_09335,A-kinase anchoring protein 11,AKAP11
tr_09336,transmembrane serine protease 9,TMPRSS9
tr_09337,fibroblast growth factor 1,FGF1
tr_09338,junction plakoglobin,JUP
tr_09339,phosphoglycerate kinase 1,PGK1
tr_09340,dual specificity phosphatase 16,DUSP16
tr_09341,neuropeptides B and W receptor 2,NPBWR2
tr_09342,serpin family C member 1,SERPINC1
tr_09343,zinc finger protein 407,ZNF407
tr_09344,ATPase H+ transporting V0 subunit c,ATP6V0C
tr_09345,potassium voltage-gated channel modifier subfamily G member 3,KCNG3
tr_09346,leucine rich alpha-2-glycoprotein 1,LRG1
tr_09347,potassium calcium-activated channel subfamily M regulatory beta subunit 2,KCNMB2
tr_09348,family with sequence similarity 25 member A,FAM25A
tr_09349,aryl hydrocarbon receptor nuclear translocator 2,ARNT2
tr_09350,indolethylamine N-methyltransferase,INMT
tr_09351,zinc finger protein 578,ZNF578
tr_09352,solute carrier family 19 member 2,SLC19A2
tr_09353,suppressor of cytokine signaling 2,SOCS2
tr_09354,potassium inwardly rectifying channel subfamily J member 1,KCNJ1
tr_09355,SWI/SNF related BAF chromatin remodeling complex subunit D2,SMARCD2
tr_09356,membrane spanning 4-domains A4A,MS4A4A
tr_09357,dedicator of cytokinesis 10,DOCK10
tr_09358,coat protein complex I subunit alpha,COPA
tr_09359,neuregulin 3,NRG3
tr_09360,protein kinase D3,PRKD3
tr_09361,EH domain containing 2,EHD2
tr_09362,ubiquitin protein ligase E3 component n-recognin 3,UBR3
tr_09363,taste 2 receptor member 5,TAS2R5
tr_09364,tousled like kinase 1,TLK1
tr_09365,synaptogyrin 2,SYNGR2
tr_09366,Sin3A associated protein 18,SAP18
tr_09367,peroxiredoxin 6,PRDX6
tr_09368,vesicle associated membrane protein 1,VAMP1
tr_09369,kinase non-catalytic C-lobe domain containing 1,KNDC1
tr_09370,basic helix-loop-helix family member e41,BHLHE41
tr_09371,transient receptor potential cation channel subfamily V member 6,TRPV6
tr_09372,gametogenetin binding protein 2,GGNBP2
tr_09373,ELKS/RAB6-interacting/CAST family member 1,ERC1
tr_09374,potassium voltage-gated channel interacting protein 4,KCNIP4
tr_09375,forkhead box K2,FOXK2
tr_09376,matrix metallopeptidase 17,MMP17
tr_09377,interleukin 21,IL21
tr_09378,"troponin T3, fast skeletal type",TNNT3
tr_09379,calcium and integrin binding family member 4,CIB4
tr_09380,elongator acetyltransferase complex subunit 4,ELP4
tr_09381,ankyrin repeat domain 7,ANKRD7
tr_09382,"serine peptidase inhibitor, Kunitz type 2",SPINT2
tr_09383,ribosomal protein L36a,RPL36A
tr_09384,zinc finger protein 280A,ZNF280A
tr_09385,signal transducer and activator of transcription 5B,STAT5B
tr_09386,solute carrier family 14 member 1 (Kidd blood group),SLC14A1
tr_09387,choline phosphotransferase 1,CHPT1
tr_09388,phosphatidylinositol glycan anchor biosynthesis class V,PIGV
tr_09389,olfactory receptor family 10 subfamily A member 2,OR10A2
tr_09390,solute carrier family 43 member 1,SLC43A1
tr_09391,DNA polymerase mu,POLM
tr_09392,"creatine kinase, M-type",CKM
tr_09393,C-X-C motif chemokine ligand 16,CXCL16
tr_09394,scaffold attachment factor B,SAFB
tr_09395,cholinergic receptor nicotinic beta 1 subunit,CHRNB1
tr_09396,peroxisomal membrane protein 4,PXMP4
tr_09397,guanylate cyclase activator 1A,GUCA1A
tr_09398,pyrroline-5-carboxylate reductase 2,PYCR2
tr_09399,pappalysin 1,PAPPA
tr_09400,F-box protein 40,FBXO40
tr_09401,acidic nuclear phosphoprotein 32 family member E,ANP32E
tr_09402,annexin A4,ANXA4
tr_09403,isopentenyl-diphosphate delta isomerase 1,IDI1
tr_09404,heat shock protein family D (Hsp60) member 1,HSPD1
tr_09405,leucine rich repeat and fibronectin type III domain containing 2,LRFN2
tr_09406,"cell division cycle 34, ubiquitin conjugating enzyme",CDC34
tr_09407,laminin subunit beta 1,LAMB1
tr_09408,eukaryotic translation initiation factor 4E family member 3,EIF4E3
tr_09409,leukocyte receptor cluster member 8,LENG8
tr_09410,tripartite motif containing 40,TRIM40
tr_09411,chromosome 12 open reading frame 57,C12orf57
tr_09412,calpain 10,CAPN10
tr_09413,thymocyte selection associated,THEMIS
tr_09414,proteasome activator subunit 3,PSME3
tr_09415,biogenesis of lysosomal organelles complex 1 subunit 3,BLOC1S3
tr_09416,B9 domain containing 1,B9D1
tr_09417,chromosome 6 open reading frame 15,C6orf15
tr_09418,phospholipase A2 group IB,PLA2G1B
tr_09419,eukaryotic translation initiation factor 6,EIF6
tr_09420,immediate early response 5,IER5
tr_09421,solute carrier family 7 member 6 opposite strand,SLC7A6OS
tr_09422,"UDP-GlcNAc:betaGal beta-1,3-N-acetylglucosaminyltransferase 4",B3GNT4
tr_09423,minichromosome maintenance complex component 4,MCM4
tr_09424,glutaminyl-peptide cyclotransferase like,QPCTL
tr_09425,adenylate cyclase 9,ADCY9
tr_09426,importin 7,IPO7
tr_09427,thrombospondin type 1 domain containing 7A,THSD7A
tr_09428,claspin,CLSPN
tr_09429,olfactory receptor family 10 subfamily J member 3 (gene/pseudogene),OR10J3
tr_09430,aldo-keto reductase family 7 member A3,AKR7A3
tr_09431,RNA binding motif protein X-linked,RBMX
tr_09432,general transcription factor IIIC subunit 3,GTF3C3
tr_09433,ring finger protein 181,RNF181
tr_09434,mitogen-activated protein kinase kinase kinase kinase 2,MAP4K2
tr_09435,atlastin GTPase 2,ATL2
tr_09436,schlafen family member 14,SLFN14
tr_09437,defensin beta 124,DEFB124
tr_09438,sortilin related VPS10 domain containing receptor 2,SORCS2
tr_09439,regulatory factor X5,RFX5
tr_09440,transmembrane phosphoinositide 3-phosphatase and tensin homolog 2,TPTE2
tr_09441,SWI/SNF related BAF chromatin remodeling complex subunit ATPase 2,SMARCA2
tr_09442,ubiquitin protein ligase E3 component n-recognin 7,UBR7
tr_09443,DEAD-box helicase 3 Y-linked,DDX3Y
tr_09444,G protein-coupled receptor 15,GPR15
tr_09445,transcription factor 7,TCF7
tr_09446,homeobox D9,HOXD9
tr_09447,golgin A6 family like 9,GOLGA6L9
tr_09448,transmembrane protein 80,TMEM80
tr_09449,gap junction protein beta 1,GJB1
tr_09450,potassium voltage-gated channel subfamily H member 3,KCNH3
tr_09451,calcium/calmodulin dependent serine protein kinase,CASK
tr_09452,chromosome 6 open reading frame 62,C6orf62
tr_09453,olfactory receptor family 8 subfamily B member 12,OR8B12
tr_09454,semaphorin 3F,SEMA3F
tr_09455,olfactory receptor family 51 subfamily G member 1,OR51G1
tr_09456,sodium/potassium transporting ATPase interacting 2,NKAIN2
tr_09457,cytidine monophosphate N-acetylneuraminic acid synthetase,CMAS
tr_09458,olfactory receptor family 5 subfamily B member 21,OR5B21
tr_09459,DNA topoisomerase III alpha,TOP3A
tr_09460,N-terminal asparagine amidase,NTAN1
tr_09461,surfactant protein D,SFTPD
tr_09462,transmembrane protein 132C,TMEM132C
tr_09463,gap junction protein beta 6,GJB6
tr_09464,olfactory receptor family 8 subfamily G member 1,OR8G1
tr_09465,collagen type IV alpha 4 chain,COL4A4
tr_09466,acyl-CoA dehydrogenase family member 11,ACAD11
tr_09467,ATP binding cassette subfamily C member 4 (PEL blood group),ABCC4
tr_09468,"tetratricopeptide repeat, ankyrin repeat and coiled-coil containing 2",TANC2
tr_09469,transcription elongation factor A like 8,TCEAL8
tr_09470,nuclear receptor coactivator 6,NCOA6
tr_09471,zinc finger protein 829,ZNF829
tr_09472,high mobility group box 1,HMGB1
tr_09473,"asparaginyl-tRNA synthetase 2, mitochondrial",NARS2
tr_09474,"farnesyltransferase, CAAX box, subunit alpha",FNTA
tr_09475,calcitonin related polypeptide alpha,CALCA
tr_09476,nitric oxide synthase 3,NOS3
tr_09477,ribosomal protein L41,RPL41
tr_09478,perforin 1,PRF1
tr_09479,secretogranin III,SCG3
tr_09480,sarcoglycan beta,SGCB
tr_09481,C-C motif chemokine ligand 3,CCL3
tr_09482,pyruvate dehydrogenase complex component X,PDHX
tr_09483,lipoxygenase homology PLAT domains 1,LOXHD1
tr_09484,adenosine deaminase RNA specific B2 (inactive),ADARB2
tr_09485,spindlin family member 2B,SPIN2B
tr_09486,heat shock protein family A (Hsp70) member 14,HSPA14
tr_09487,zinc finger protein 768,ZNF768
tr_09488,cadherin 20,CDH20
tr_09489,olfactory receptor family 2 subfamily B member 3,OR2B3
tr_09490,proline rich 23A,PRR23A
tr_09491,keratin associated protein 13-4,KRTAP13-4
tr_09492,dynein regulatory complex subunit 8,DRC8
tr_09493,"mucin 2, oligomeric mucus/gel-forming",MUC2
tr_09494,receptor accessory protein 4,REEP4
tr_09495,solute carrier family 7 member 6,SLC7A6
tr_09496,ral guanine nucleotide dissociation stimulator like 2,RGL2
tr_09497,ribonuclease A family member 3,RNASE3
tr_09498,semaphorin 3G,SEMA3G
tr_09499,target of myb1 like 2 membrane trafficking protein,TOM1L2
tr_09500,diacylglycerol kinase delta,DGKD
tr_09501,forkhead box A1,FOXA1
tr_09502,aquaporin 2,AQP2
tr_09503,growth arrest specific 2,GAS2
tr_09504,tumor protein p63,TP63
tr_09505,keratin 222,KRT222
tr_09506,dynein axonemal heavy chain 8,DNAH8
tr_09507,ribosomal protein S18,RPS18
tr_09508,protein phosphatase 1 regulatory subunit 7,PPP1R7
tr_09509,chromosome 4 open reading frame 50,C4orf50
tr_09510,KH domain containing 1 like,KHDC1L
tr_09511,myotubularin 1,MTM1
tr_09512,"proteoglycan 3, pro eosinophil major basic protein 2",PRG3
tr_09513,zinc finger protein 571,ZNF571
tr_09514,solute carrier organic anion transporter family member 4C1,SLCO4C1
tr_09515,proteasome activator subunit 4,PSME4
tr_09516,ATPase H+ transporting V1 subunit H,ATP6V1H
tr_09517,adenosine deaminase RNA specific B1,ADARB1
tr_09518,zinc finger protein 549,ZNF549
tr_09519,"DNA polymerase delta 1, catalytic subunit",POLD1
tr_09520,zinc finger CCCH-type containing 15,ZC3H15
tr_09521,raftlin family member 2,RFTN2
tr_09522,NAD(P)H quinone dehydrogenase 1,NQO1
tr_09523,thymopoietin,TMPO
tr_09524,DDB1 and CUL4 associated factor 11,DCAF11
tr_09525,dynein axonemal heavy chain 9,DNAH9
tr_09526,adenosine monophosphate deaminase 3,AMPD3
tr_09527,mitochondrial ribosomal protein S12,MRPS12
tr_09528,olfactory receptor family 2 subfamily T member 1,OR2T1
tr_09529,kelch like family member 25,KLHL25
tr_09530,chromosome 17 open reading frame 100,C17orf100
tr_09531,cellular retinoic acid binding protein 2,CRABP2
tr_09532,forkhead box D3,FOXD3
tr_09533,olfactory receptor family 4 subfamily F member 16,OR4F16
tr_09534,immunoglobulin superfamily member 22,IGSF22
tr_09535,zinc finger protein 692,ZNF692
tr_09536,pregnancy specific beta-1-glycoprotein 2,PSG2
tr_09537,transient receptor potential cation channel subfamily M member 2,TRPM2
tr_09538,cyclin E2,CCNE2
tr_09539,solute carrier family 38 member 8,SLC38A8
tr_09540,U-box domain containing 5,UBOX5
tr_09541,signal regulatory protein beta 1,SIRPB1
tr_09542,fibrous sheath interacting protein 2,FSIP2
tr_09543,secretion associated Ras related GTPase 1B,SAR1B
tr_09544,NFKB inhibitor interacting Ras like 1,NKIRAS1
tr_09545,leucine rich repeats and IQ motif containing 1,LRRIQ1
tr_09546,F-box and leucine rich repeat protein 3,FBXL3
tr_09547,heparan sulfate-glucosamine 3-sulfotransferase 3A1,HS3ST3A1
tr_09548,nudix hydrolase 4,NUDT4
tr_09549,G protein-coupled receptor 151,GPR151
tr_09550,WASP family member 3,WASF3
tr_09551,non-SMC condensin II complex subunit D3,NCAPD3
tr_09552,G protein-coupled receptor 153,GPR153
tr_09553,thyroglobulin,TG
tr_09554,integrin subunit alpha X,ITGAX
tr_09555,"T cell-interacting, activating receptor on myeloid cells 1",TARM1
tr_09556,Rho GTPase activating protein 22,ARHGAP22
tr_09557,vinculin,VCL
tr_09558,mutS homolog 2,MSH2
tr_09559,NOP2/Sun RNA methyltransferase 3,NSUN3
tr_09560,sphingomyelin phosphodiesterase 1,SMPD1
tr_09561,kinesin family member 11,KIF11
tr_09562,ubiquitin specific peptidase 7,USP7
tr_09563,SAFB like transcription modulator,SLTM
tr_09564,secreted LY6/PLAUR domain containing 1,SLURP1
tr_09565,adaptor related protein complex 3 subunit sigma 2,AP3S2
tr_09566,ankyrin repeat and MYND domain containing 1,ANKMY1
tr_09567,colony stimulating factor 1 receptor,CSF1R
tr_09568,spermatogenesis associated 2,SPATA2
tr_09569,nuclear cap binding protein subunit 2,NCBP2
tr_09570,family with sequence similarity 169 member A,FAM169A
tr_09571,tribbles pseudokinase 3,TRIB3
tr_09572,selenocysteine lyase,SCLY
tr_09573,NADH:ubiquinone oxidoreductase subunit A12,NDUFA12
tr_09574,defensin beta 125,DEFB125
tr_09575,"proteasome 26S subunit, non-ATPase 13",PSMD13
tr_09576,multiple C2 and transmembrane domain containing 2,MCTP2
tr_09577,zinc finger and BTB domain containing 32,ZBTB32
tr_09578,casein kinase 1 gamma 2,CSNK1G2
tr_09579,ephrin A5,EFNA5
tr_09580,neuronatin,NNAT
tr_09581,platelet factor 4,PF4
tr_09582,superoxide dismutase 3,SOD3
tr_09583,tropomodulin 4,TMOD4
tr_09584,small nuclear ribonucleoprotein U4/U6.U5 subunit 27,SNRNP27
tr_09585,homeobox B5,HOXB5
tr_09586,translocase of inner mitochondrial membrane 8 homolog B,TIMM8B
tr_09587,sphingosine-1-phosphate receptor 1,S1PR1
tr_09588,small nuclear ribonucleoprotein polypeptide C,SNRPC
tr_09589,SRY-box transcription factor 4,SOX4
tr_09590,zinc finger protein 529,ZNF529
tr_09591,spermatogenesis associated 20,SPATA20
tr_09592,discs large MAGUK scaffold protein 3,DLG3
tr_09593,smoothelin like 1,SMTNL1
tr_09594,solute carrier family 17 member 4,SLC17A4
tr_09595,ubiquitin specific peptidase 13,USP13
tr_09596,protein kinase D1,PRKD1
tr_09597,adaptor related protein complex 1 subunit gamma 2,AP1G2
tr_09598,keratin associated protein 4-4,KRTAP4-4
tr_09599,G protein-coupled receptor 37,GPR37
tr_09600,solute carrier family 35 member F4,SLC35F4
tr_09601,beta-carotene oxygenase 2,BCO2
tr_09602,cyclin dependent kinase 5,CDK5
tr_09603,secretin,SCT
tr_09604,pregnancy specific beta-1-glycoprotein 7,PSG7
tr_09605,zinc finger protein 620,ZNF620
tr_09606,basic leucine zipper ATF-like transcription factor 2,BATF2
tr_09607,steroid receptor RNA activator 1,SRA1
tr_09608,yippee like 2,YPEL2
tr_09609,gap junction protein beta 4,GJB4
tr_09610,regulator of G protein signaling 11,RGS11
tr_09611,glyceraldehyde-3-phosphate dehydrogenase,GAPDH
tr_09612,olfactory receptor family 5 subfamily I member 1,OR5I1
tr_09613,actin filament associated protein 1 like 1,AFAP1L1
tr_09614,scribble planar cell polarity protein,SCRIB
tr_09615,acylphosphatase 2,ACYP2
tr_09616,DEAD-box helicase 17,DDX17
tr_09617,coiled-coil domain containing 66,CCDC66
tr_09618,ubiquitin specific peptidase 10,USP10
tr_09619,adenylate cyclase 6,ADCY6
tr_09620,transmembrane channel like 7,TMC7
tr_09621,spalt like transcription factor 4,SALL4
tr_09622,cornifelin,CNFN
tr_09623,mannosidase alpha class 1A member 1,MAN1A1
tr_09624,transmembrane protein 198,TMEM198
tr_09625,olfactory receptor family 1 subfamily I member 1,OR1I1
tr_09626,doublesex and mab-3 related transcription factor 3,DMRT3
tr_09627,RNA binding motif protein 12B,RBM12B
tr_09628,glucosamine-phosphate N-acetyltransferase 1,GNPNAT1
tr_09629,protein kinase cGMP-dependent 2,PRKG2
tr_09630,neurofascin,NFASC
tr_09631,dickkopf like acrosomal protein 1,DKKL1
tr_09632,Src homology 2 domain containing transforming protein D,SHD
tr_09633,peroxisomal biogenesis factor 1,PEX1
tr_09634,vasoactive intestinal peptide,VIP
tr_09635,DNA topoisomerase II binding protein 1,TOPBP1
tr_09636,family with sequence similarity 131 member B,FAM131B
tr_09637,general transcription factor IIH subunit 2,GTF2H2
tr_09638,G protein subunit alpha 14,GNA14
tr_09639,ninjurin 2,NINJ2
tr_09640,protein tyrosine phosphatase receptor type E,PTPRE
tr_09641,solute carrier family 26 member 8,SLC26A8
tr_09642,carbonic anhydrase 13,CA13
tr_09643,perilipin 1,PLIN1
tr_09644,transmembrane O-mannosyltransferase targeting cadherins 1,TMTC1
tr_09645,keratin associated protein 6-2,KRTAP6-2
tr_09646,bystin like,BYSL
tr_09647,fibroblast growth factor 21,FGF21
tr_09648,collagen type XV alpha 1 chain,COL15A1
tr_09649,inter-alpha-trypsin inhibitor heavy chain 1,ITIH1
tr_09650,protein tyrosine kinase 6,PTK6
tr_09651,succinate-CoA ligase GDP-forming subunit beta,SUCLG2
tr_09652,coiled-coil domain containing 83,CCDC83
tr_09653,RNA polymerase II associated protein 1,RPAP1
tr_09654,purinergic receptor P2X 7,P2RX7
tr_09655,neurotrimin,NTM
tr_09656,fibronectin leucine rich transmembrane protein 1,FLRT1
tr_09657,mitochondrial ribosomal protein L43,MRPL43
tr_09658,synaptopodin 2 like,SYNPO2L
tr_09659,cytochrome P450 family 7 subfamily A member 1,CYP7A1
tr_09660,"5', 3'-nucleotidase, cytosolic",NT5C
tr_09661,acyloxyacyl hydrolase,AOAH
tr_09662,olfactory receptor family 51 subfamily I member 1,OR51I1
tr_09663,RNA binding motif protein 39,RBM39
tr_09664,G protein-coupled receptor 160,GPR160
tr_09665,mitochondrial ribosomal protein S2,MRPS2
tr_09666,sarcoglycan gamma,SGCG
tr_09667,trichohyalin,TCHH
tr_09668,protoporphyrinogen oxidase,PPOX
tr_09669,zinc finger protein 492,ZNF492
tr_09670,ribokinase,RBKS
tr_09671,tumor suppressing subtransferable candidate 4,TSSC4
tr_09672,CMT1A duplicated region transcript 15,CDRT15
tr_09673,ATPase family AAA domain containing 3B,ATAD3B
tr_09674,coiled-coil-helix-coiled-coil-helix domain containing 5,CHCHD5
tr_09675,peptidoglycan recognition protein 4,PGLYRP4
tr_09676,carboxypeptidase E,CPE
tr_09677,ubiquitin C-terminal hydrolase L1,UCHL1
tr_09678,olfactory receptor family 2 subfamily M member 4,OR2M4
tr_09679,transient receptor potential cation channel subfamily V member 5,TRPV5
tr_09680,inositol monophosphatase 2,IMPA2
tr_09681,limbic system associated membrane protein,LSAMP
tr_09682,proline rich transmembrane protein 4,PRRT4
tr_09683,radial spoke head 10 homolog B2,RSPH10B2
tr_09684,neuralized E3 ubiquitin protein ligase 2,NEURL2
tr_09685,arginine and serine rich coiled-coil 1,RSRC1
tr_09686,protein kinase D2,PRKD2
tr_09687,lipolysis stimulated lipoprotein receptor,LSR
tr_09688,ecto-NOX disulfide-thiol exchanger 2,ENOX2
tr_09689,olfactory receptor family 13 subfamily C member 5,OR13C5
tr_09690,neuroligin 4 Y-linked,NLGN4Y
tr_09691,H6 family homeobox 2,HMX2
tr_09692,C-C motif chemokine ligand 15,CCL15
tr_09693,endothelin 1,EDN1
tr_09694,intraflagellar transport 20,IFT20
tr_09695,zinc finger protein 367,ZNF367
tr_09696,taste 2 receptor member 46,TAS2R46
tr_09697,ral guanine nucleotide dissociation stimulator,RALGDS
tr_09698,integrin subunit beta 1,ITGB1
tr_09699,zinc finger protein 426,ZNF426
tr_09700,Rho GDP dissociation inhibitor gamma,ARHGDIG
tr_09701,keratin 10,KRT10
tr_09702,ARF like GTPase 2 binding protein,ARL2BP
tr_09703,ribosomal protein L35,RPL35
tr_09704,chromosome 22 open reading frame 23,C22orf23
tr_09705,arsenite methyltransferase,AS3MT
tr_09706,protein phosphatase 4 regulatory subunit 2,PPP4R2
tr_09707,ribosomal protein L7a,RPL7A
tr_09708,DEAD-box helicase 3 X-linked,DDX3X
tr_09709,surfactant protein B,SFTPB
tr_09710,transglutaminase 7,TGM7
tr_09711,protein tyrosine phosphatase non-receptor type 18,PTPN18
tr_09712,ETS variant transcription factor 4,ETV4
tr_09713,keratin 9,KRT9
tr_09714,PDZ and LIM domain 5,PDLIM5
tr_09715,PH domain and leucine rich repeat protein phosphatase 1,PHLPP1
tr_09716,family with sequence similarity 184 member A,FAM184A
tr_09717,olfactory receptor family 8 subfamily K member 1,OR8K1
tr_09718,golgin A6 family like 4,GOLGA6L4
tr_09719,speedy/RINGO cell cycle regulator family member A,SPDYA
tr_09720,carbonic anhydrase 5A,CA5A
tr_09721,cysteinyl leukotriene receptor 2,CYSLTR2
tr_09722,interleukin 2 receptor subunit gamma,IL2RG
tr_09723,ring finger protein 222,RNF222
tr_09724,high mobility group 20B,HMG20B
tr_09725,zinc finger protein 669,ZNF669
tr_09726,phosphoinositide-3-kinase adaptor protein 1,PIK3AP1
tr_09727,growth differentiation factor 9,GDF9
tr_09728,"inositol 1,4,5-trisphosphate receptor type 3",ITPR3
tr_09729,branched chain amino acid transaminase 2,BCAT2
tr_09730,synaptotagmin binding cytoplasmic RNA interacting protein,SYNCRIP
tr_09731,family with sequence similarity 43 member A,FAM43A
tr_09732,thioredoxin domain containing 11,TXNDC11
tr_09733,neurotrophic receptor tyrosine kinase 2,NTRK2
tr_09734,nitric oxide synthase 1,NOS1
tr_09735,peptidylprolyl isomerase like 3,PPIL3
tr_09736,REST corepressor 1,RCOR1
tr_09737,LIM homeobox 3,LHX3
tr_09738,ferredoxin-fold anticodon binding domain containing 1,FDXACB1
tr_09739,bromodomain and WD repeat domain containing 3,BRWD3
tr_09740,calpain 12,CAPN12
tr_09741,storkhead box 2,STOX2
tr_09742,superoxide dismutase 2,SOD2
tr_09743,adrenomedullin 2,ADM2
tr_09744,centromere protein A,CENPA
tr_09745,keratin 40,KRT40
tr_09746,mitogen-activated protein kinase 15,MAPK15
tr_09747,chromosome 15 open reading frame 62,C15orf62
tr_09748,serine peptidase inhibitor Kazal type 9,SPINK9
tr_09749,Nik related kinase,NRK
tr_09750,sulfotransferase family 1C member 3,SULT1C3
tr_09751,sulfotransferase family 1C member 2,SULT1C2
tr_09752,mitochondrially encoded cytochrome c oxidase III,MT-CO3
tr_09753,serpin family G member 1,SERPING1
tr_09754,aquaporin 4,AQP4
tr_09755,transmembrane protein 117,TMEM117
tr_09756,phosphatidylinositol-5-phosphate 4-kinase type 2 gamma,PIP4K2C
tr_09757,fucosyltransferase 1 (H blood group),FUT1
tr_09758,G protein subunit gamma 5,GNG5
tr_09759,heterogeneous nuclear ribonucleoprotein C,HNRNPC
tr_09760,leptin receptor overlapping transcript,LEPROT
tr_09761,zinc finger protein 830,ZNF830
tr_09762,cytochrome P450 family 27 subfamily A member 1,CYP27A1
tr_09763,dipeptidyl peptidase 7,DPP7
tr_09764,kelch like family member 12,KLHL12
tr_09765,phenylalanine hydroxylase,PAH
tr_09766,heat shock transcription factor Y-linked 1,HSFY1
tr_09767,protein kinase cAMP-dependent type II regulatory subunit beta,PRKAR2B
tr_09768,ATPase Na+/K+ transporting subunit beta 2,ATP1B2
tr_09769,ATPase cation transporting 13A2,ATP13A2
tr_09770,family with sequence similarity 86 member B2,FAM86B2
tr_09771,olfactory receptor family 2 subfamily T member 5,OR2T5
tr_09772,ephrin A3,EFNA3
tr_09773,protein tyrosine phosphatase receptor type B,PTPRB
tr_09774,WD repeat domain 44,WDR44
tr_09775,mitochondrially encoded cytochrome c oxidase II,MT-CO2
tr_09776,anaphase promoting complex subunit 7,ANAPC7
tr_09777,tumor protein p53 inducible protein 3,TP53I3
tr_09778,WD repeat domain 81,WDR81
tr_09779,epoxide hydrolase 1,EPHX1
tr_09780,24-dehydrocholesterol reductase,DHCR24
tr_09781,leucine rich repeat containing 52,LRRC52
tr_09782,tousled like kinase 2,TLK2
tr_09783,5-hydroxytryptamine receptor 1F,HTR1F
tr_09784,CF transmembrane conductance regulator,CFTR
tr_09785,autophagy related 9A,ATG9A
tr_09786,adenosine deaminase,ADA
tr_09787,solute carrier family 4 member 11,SLC4A11
tr_09788,synaptonemal complex central element protein 2,SYCE2
tr_09789,solute carrier family 37 member 2,SLC37A2
tr_09790,leucine zipper protein 2,LUZP2
tr_09791,ATPase H+ transporting V0 subunit e2,ATP6V0E2
tr_09792,oncostatin M,OSM
tr_09793,B9 domain containing 2,B9D2
tr_09794,trace amine associated receptor 8,TAAR8
tr_09795,makorin ring finger protein 1,MKRN1
tr_09796,DExD-box helicase 50,DDX50
tr_09797,dynein axonemal heavy chain 7,DNAH7
tr_09798,"RNA binding protein, mRNA processing factor",RBPMS
tr_09799,pleckstrin,PLEK
tr_09800,potassium two pore domain channel subfamily K member 6,KCNK6
tr_09801,ribonuclease P subunit p21,RPP21
tr_09802,ATPase phospholipid transporting 10B (putative),ATP10B
tr_09803,signal regulatory protein alpha,SIRPA
tr_09804,heart and neural crest derivatives expressed 2,HAND2
tr_09805,testis expressed 101,TEX101
tr_09806,"mago homolog, exon junction complex subunit",MAGOH
tr_09807,WD repeat domain 75,WDR75
tr_09808,polycystin family receptor for egg jelly,PKDREJ
tr_09809,olfactory receptor family 6 subfamily T member 1,OR6T1
tr_09810,frizzled class receptor 10,FZD10
tr_09811,EF-hand calcium binding domain 5,EFCAB5
tr_09812,CUB and zona pellucida like domains 1,CUZD1
tr_09813,synaptotagmin 8,SYT8
tr_09814,transmembrane and coiled-coil domains 6,TMCO6
tr_09815,semaphorin 4C,SEMA4C
tr_09816,nuclear prelamin A recognition factor,NARF
tr_09817,casein kinase 2 alpha 1,CSNK2A1
tr_09818,RNA exonuclease 4,REXO4
tr_09819,calmodulin binding transcription activator 2,CAMTA2
tr_09820,"SPARC (osteonectin), cwcv and kazal like domains proteoglycan 3",SPOCK3
tr_09821,"membrane bound transcription factor peptidase, site 2",MBTPS2
tr_09822,double homeobox 3,DUX3
tr_09823,integrator complex subunit 12,INTS12
tr_09824,one cut homeobox 2,ONECUT2
tr_09825,serine protease 36,PRSS36
tr_09826,gonadotropin releasing hormone 2,GNRH2
tr_09827,aminoacyl tRNA synthetase complex interacting multifunctional protein 2,AIMP2
tr_09828,inhibin subunit beta E,INHBE
tr_09829,solute carrier family 24 member 5,SLC24A5
tr_09830,V-set and transmembrane domain containing 2 like,VSTM2L
tr_09831,acyl-CoA thioesterase 13,ACOT13
tr_09832,epithelial membrane protein 2,EMP2
tr_09833,solute carrier family 6 member 14,SLC6A14
tr_09834,solute carrier family 35 member B1,SLC35B1
tr_09835,cyclin dependent kinase inhibitor 1A,CDKN1A
tr_09836,cytidine/uridine monophosphate kinase 2,CMPK2
tr_09837,"mucin 12, cell surface associated",MUC12
tr_09838,crystallin gamma D,CRYGD
tr_09839,microsomal glutathione S-transferase 2,MGST2
tr_09840,P2Y receptor family member 10,P2RY10
tr_09841,mutS homolog 6,MSH6
tr_09842,"membrane bound transcription factor peptidase, site 1",MBTPS1
tr_09843,G protein-coupled receptor 174,GPR174
tr_09844,mastermind like transcriptional coactivator 2,MAML2
tr_09845,TNF receptor associated factor 3,TRAF3
tr_09846,F-box and leucine rich repeat protein 12,FBXL12
tr_09847,secreted phosphoprotein 2,SPP2
tr_09848,"3-oxoacyl-ACP synthase, mitochondrial",OXSM
tr_09849,Rho GTPase activating protein 20,ARHGAP20
tr_09850,"killer cell immunoglobulin like receptor, two Ig domains and short cytoplasmic tail 5",KIR2DS5
tr_09851,MAX dimerization protein 4,MXD4
tr_09852,thrombopoietin,THPO
tr_09853,spermatogenesis associated 3,SPATA3
tr_09854,dual specificity tyrosine phosphorylation regulated kinase 2,DYRK2
tr_09855,sulfiredoxin 1,SRXN1
tr_09856,zinc finger protein 280D,ZNF280D
tr_09857,cell division cycle 14A,CDC14A
tr_09858,Rho/Rac guanine nucleotide exchange factor 18,ARHGEF18
tr_09859,zinc finger protein 512B,ZNF512B
tr_09860,GRB2 associated binding protein 2,GAB2
tr_09861,zinc finger protein 789,ZNF789
tr_09862,NFAT activating protein with ITAM motif 1,NFAM1
tr_09863,cytochrome P450 family 2 subfamily A member 7,CYP2A7
tr_09864,tweety family member 1,TTYH1
tr_09865,forkhead box R2,FOXR2
tr_09866,"polycystin 2 like 2, transient receptor potential cation channel",PKD2L2
tr_09867,coronin 2B,CORO2B
tr_09868,Src homology 2 domain containing F,SHF
tr_09869,spermatogenesis associated 21,SPATA21
tr_09870,kinesin family member 13B,KIF13B
tr_09871,RNA binding motif protein 17,RBM17
tr_09872,F-box protein 4,FBXO4
tr_09873,gametocyte specific factor 1,GTSF1
tr_09874,trimethylguanosine synthase 1,TGS1
tr_09875,nuclear receptor coactivator 2,NCOA2
tr_09876,submaxillary gland androgen regulated protein 3A,SMR3A
tr_09877,WD repeat and FYVE domain containing 3,WDFY3
tr_09878,endoplasmic reticulum lectin 1,ERLEC1
tr_09879,PTPN13 like Y-linked,PRY
tr_09880,endoplasmic reticulum protein 29,ERP29
tr_09881,transmembrane serine protease 13,TMPRSS13
tr_09882,family with sequence similarity 114 member A1,FAM114A1
tr_09883,zinc finger protein 576,ZNF576
tr_09884,transcriptional regulating factor 1,TRERF1
tr_09885,olfactory receptor family 3 subfamily A member 2,OR3A2
tr_09886,peroxisome proliferator activated receptor gamma,PPARG
tr_09887,lamin B receptor,LBR
tr_09888,endonuclease/exonuclease/phosphatase family domain containing 1,EEPD1
tr_09889,diacylglycerol O-acyltransferase 2 like 6,DGAT2L6
tr_09890,growth hormone receptor,GHR
tr_09891,centrosomal protein 70,CEP70
tr_09892,perilipin 5,PLIN5
tr_09893,ATP binding cassette subfamily B member 1,ABCB1
tr_09894,recombination activating 2,RAG2
tr_09895,neuromedin B,NMB
tr_09896,family with sequence similarity 117 member B,FAM117B
tr_09897,transcriptional adaptor 3,TADA3
tr_09898,T-box transcription factor 4,TBX4
tr_09899,potassium voltage-gated channel modifier subfamily F member 1,KCNF1
tr_09900,solute carrier family 30 member 6,SLC30A6
tr_09901,forkhead box S1,FOXS1
tr_09902,drebrin like,DBNL
tr_09903,EMAP like 6,EML6
tr_09904,bromodomain adjacent to zinc finger domain 1B,BAZ1B
tr_09905,programmed cell death 7,PDCD7
tr_09906,complement factor H related 3,CFHR3
tr_09907,glial fibrillary acidic protein,GFAP
tr_09908,aldehyde dehydrogenase 1 family member L1,ALDH1L1
tr_09909,zinc finger protein 771,ZNF771
tr_09910,dynein light chain Tctex-type 3,DYNLT3
tr_09911,carbohydrate sulfotransferase 11,CHST11
tr_09912,Scm like with four mbt domains 1,SFMBT1
tr_09913,"patatin like domain 4, phospholipase and triacylglycerol lipase",PNPLA4
tr_09914,WAP four-disulfide core domain 13,WFDC13
tr_09915,apurinic/apyrimidinic endodeoxyribonuclease 1,APEX1
tr_09916,zinc finger BED-type containing 2,ZBED2
tr_09917,lysophosphatidic acid receptor 4,LPAR4
tr_09918,golgin A6 family like 1,GOLGA6L1
tr_09919,immunity related GTPase cinema,IRGC
tr_09920,calcium voltage-gated channel auxiliary subunit beta 2,CACNB2
tr_09921,activating transcription factor 6 beta,ATF6B
tr_09922,ankyrin repeat domain 49,ANKRD49
tr_09923,keratin 13,KRT13
tr_09924,ectonucleotide pyrophosphatase/phosphodiesterase 3,ENPP3
tr_09925,"DNA polymerase alpha 1, catalytic subunit",POLA1
tr_09926,zinc finger protein 185 with LIM domain,ZNF185
tr_09927,ring finger protein 141,RNF141
tr_09928,kelch like family member 21,KLHL21
tr_09929,V-set and transmembrane domain containing 2A,VSTM2A
tr_09930,myelin associated oligodendrocyte basic protein,MOBP
tr_09931,microtubule associated protein 1 light chain 3 gamma,MAP1LC3C
tr_09932,olfactory receptor family 51 subfamily D member 1,OR51D1
tr_09933,heterogeneous nuclear ribonucleoprotein H3,HNRNPH3
tr_09934,UDP glucuronosyltransferase family 2 member B17,UGT2B17
tr_09935,V-set and immunoglobulin domain containing 1,VSIG1
tr_09936,LDL receptor related protein 1,LRP1
tr_09937,sorting nexin 6,SNX6
tr_09938,homeobox B3,HOXB3
tr_09939,"mucin 4, cell surface associated",MUC4
tr_09940,nudix hydrolase 3,NUDT3
tr_09941,statherin,STATH
tr_09942,G protein subunit alpha transducin 2,GNAT2
tr_09943,ubiquitin specific peptidase 53,USP53
tr_09944,epoxide hydrolase 4,EPHX4
tr_09945,multiple C2 and transmembrane domain containing 1,MCTP1
tr_09946,olfactory receptor family 51 subfamily S member 1,OR51S1
tr_09947,RCC1 and BTB domain containing protein 1,RCBTB1
tr_09948,fibroblast growth factor 9,FGF9
tr_09949,"troponin C1, slow skeletal and cardiac type",TNNC1
tr_09950,isthmin 2,ISM2
tr_09951,retina and anterior neural fold homeobox,RAX
tr_09952,sestrin 1,SESN1
tr_09953,divergent-paired related homeobox,DPRX
tr_09954,"glycerol-3-phosphate acyltransferase 2, mitochondrial",GPAT2
tr_09955,cytochrome P450 family 2 subfamily W member 1,CYP2W1
tr_09956,ubiquitin conjugating enzyme E2 D2,UBE2D2
tr_09957,coiled-coil domain containing 148,CCDC148
tr_09958,interleukin 22 receptor subunit alpha 1,IL22RA1
tr_09959,syntrophin gamma 2,SNTG2
tr_09960,ATPase plasma membrane Ca2+ transporting 3,ATP2B3
tr_09961,olfactory receptor family 10 subfamily H member 4,OR10H4
tr_09962,microtubule associated protein 4,MAP4
tr_09963,zinc finger protein 343,ZNF343
tr_09964,neural retina leucine zipper,NRL
tr_09965,allograft inflammatory factor 1,AIF1
tr_09966,hydroxysteroid 17-beta dehydrogenase 4,HSD17B4
tr_09967,secretion associated Ras related GTPase 1A,SAR1A
tr_09968,tripartite motif containing 62,TRIM62
tr_09969,ubiquitin associated protein 2,UBAP2
tr_09970,C-C motif chemokine ligand 4 like 2,CCL4L2
tr_09971,leucine rich repeats and guanylate kinase domain containing,LRGUK
tr_09972,peroxisomal biogenesis factor 16,PEX16
tr_09973,"arginyl-tRNA synthetase 2, mitochondrial",RARS2
tr_09974,ficolin 3,FCN3
tr_09975,DNA helicase B,HELB
tr_09976,inhibin subunit beta A,INHBA
tr_09977,defensin beta 115,DEFB115
tr_09978,zinc finger protein 19,ZNF19
tr_09979,keratin associated protein 19-4,KRTAP19-4
tr_09980,SHANK associated RH domain interactor,SHARPIN
tr_09981,interferon stimulated exonuclease gene 20 like 2,ISG20L2
tr_09982,protein phosphatase 1 catalytic subunit beta,PPP1CB
tr_09983,pregnancy specific beta-1-glycoprotein 4,PSG4
tr_09984,myelin transcription factor 1 like,MYT1L
tr_09985,coenzyme Q4,COQ4
tr_09986,transmembrane protein 52,TMEM52
tr_09987,solute carrier family 5 member 4,SLC5A4
tr_09988,3-hydroxyisobutyrate dehydrogenase,HIBADH
tr_09989,coiled-coil domain containing 74A,CCDC74A
tr_09990,microtubule actin crosslinking factor 1,MACF1
tr_09991,heat shock protein family B (small) member 9,HSPB9
tr_09992,peptidylprolyl isomerase G,PPIG
tr_09993,"troponin C2, fast skeletal type",TNNC2
tr_09994,eukaryotic translation initiation factor 4H,EIF4H
tr_09995,IQ motif containing K,IQCK
tr_09996,serum/glucocorticoid regulated kinase 2,SGK2
tr_09997,zinc finger protein 175,ZNF175
tr_09998,protein kinase cAMP-activated catalytic subunit beta,PRKACB
tr_09999,capping actin protein of muscle Z-line subunit alpha 2,CAPZA2
tr_10000,AT-rich interaction domain 5A,ARID5A
tr_10001,ribosomal protein S27,RPS27
tr_10002,WAP four-disulfide core domain 11,WFDC11
tr_10003,tropomyosin 3,TPM3
tr_10004,gap junction protein delta 4,GJD4
tr_10005,olfactory receptor family 4 subfamily C member 5,OR4C5
tr_10006,extracellular matrix protein 2,ECM2
tr_10007,DExH-box helicase 30,DHX30
tr_10008,leucine rich repeat neuronal 4,LRRN4
tr_10009,nephronectin,NPNT
tr_10010,homeobox D4,HOXD4
tr_10011,collagen type XIX alpha 1 chain,COL19A1
tr_10012,zinc finger protein 879,ZNF879
tr_10013,chromosome 11 open reading frame 71,C11orf71
tr_10014,cell division cycle 27,CDC27
tr_10015,thiosulfate sulfurtransferase like domain containing 2,TSTD2
tr_10016,zinc finger protein 319,ZNF319
tr_10017,family with sequence similarity 114 member A2,FAM114A2
tr_10018,regulator of G protein signaling 3,RGS3
tr_10019,DExD-box helicase 52,DDX52
tr_10020,cyclin G associated kinase,GAK
tr_10021,transmembrane protein 79,TMEM79
tr_10022,high mobility group box 2,HMGB2
tr_10023,tektin 3,TEKT3
tr_10024,IQ motif containing F1,IQCF1
tr_10025,"methyltransferase 5, N6-adenosine",METTL5
tr_10026,zinc finger CCHC-type containing 8,ZCCHC8
tr_10027,cyclin T2,CCNT2
tr_10028,Cdk5 and Abl enzyme substrate 2,CABLES2
tr_10029,sodium channel epithelial 1 subunit beta,SCNN1B
tr_10030,inner centromere protein,INCENP
tr_10031,calsyntenin 2,CLSTN2
tr_10032,clarin 1,CLRN1
tr_10033,homocysteine inducible ER protein with ubiquitin like domain 1,HERPUD1
tr_10034,fibroblast growth factor 16,FGF16
tr_10035,progestin and adipoQ receptor family member 7,PAQR7
tr_10036,G antigen 7,GAGE7
tr_10037,TATA-box binding protein associated factor 5,TAF5
tr_10038,interleukin 10 receptor subunit beta,IL10RB
tr_10039,glucokinase,GCK
tr_10040,cylicin 1,CYLC1
tr_10041,interferon alpha 14,IFNA14
tr_10042,serine protease 50,PRSS50
tr_10043,peroxisomal biogenesis factor 3,PEX3
tr_10044,phospholipase C delta 4,PLCD4
tr_10045,pleckstrin homology and RhoGEF domain containing G6,PLEKHG6
tr_10046,adenylate cyclase 5,ADCY5
tr_10047,schwannomin interacting protein 1,SCHIP1
tr_10048,chromosome 8 open reading frame 82,C8orf82
tr_10049,prostaglandin E receptor 3,PTGER3
tr_10050,endoplasmic reticulum aminopeptidase 1,ERAP1
tr_10051,programmed cell death 6,PDCD6
tr_10052,acyl-CoA synthetase medium chain family member 3,ACSM3
tr_10053,growth hormone inducible transmembrane protein,GHITM
tr_10054,"amyloid P component, serum",APCS
tr_10055,leukocyte immunoglobulin like receptor B3,LILRB3
tr_10056,centrosomal protein 68,CEP68
tr_10057,death domain associated protein,DAXX
tr_10058,solute carrier family 25 member 27,SLC25A27
tr_10059,glutamate metabotropic receptor 4,GRM4
tr_10060,solute carrier family 25 member 30,SLC25A30
tr_10061,lamin B1,LMNB1
tr_10062,protein prenyltransferase alpha subunit repeat containing 1,PTAR1
tr_10063,amyloid beta precursor protein,APP
tr_10064,toll like receptor 6,TLR6
tr_10065,treacle ribosome biogenesis factor 1,TCOF1
tr_10066,polypeptide N-acetylgalactosaminyltransferase 8,GALNT8
tr_10067,Rho GTPase activating protein 5,ARHGAP5
tr_10068,solute carrier family 9 member A1,SLC9A1
tr_10069,late cornified envelope like proline rich 1,LELP1
tr_10070,TATA-box binding protein like 1,TBPL1
tr_10071,MAS related GPR family member E,MRGPRE
tr_10072,toll like receptor 1,TLR1
tr_10073,interleukin 24,IL24
tr_10074,solute carrier family 30 member 10,SLC30A10
tr_10075,folliculin interacting protein 2,FNIP2
tr_10076,phosducin,PDC
tr_10077,transmembrane channel like 6,TMC6
tr_10078,defensin beta 135,DEFB135
tr_10079,C-type lectin domain containing 11A,CLEC11A
tr_10080,nucleoporin 62,NUP62
tr_10081,mitochondrial ribosomal protein L50,MRPL50
tr_10082,metallothionein 1G,MT1G
tr_10083,interleukin 17 receptor D,IL17RD
tr_10084,annexin A11,ANXA11
tr_10085,neurotrophin 3,NTF3
tr_10086,lymphocyte antigen 9,LY9
tr_10087,ataxin 8,ATXN8
tr_10088,coiled-coil domain containing 110,CCDC110
tr_10089,growth hormone releasing hormone receptor,GHRHR
tr_10090,kelch repeat and BTB domain containing 3,KBTBD3
tr_10091,"WD repeat domain, phosphoinositide interacting 2",WIPI2
tr_10092,G antigen 12B,GAGE12B
tr_10093,golgin A6 family like 2,GOLGA6L2
tr_10094,acetyl-CoA carboxylase beta,ACACB
tr_10095,early growth response 2,EGR2
tr_10096,thymosin beta 4 X-linked,TMSB4X
tr_10097,cell division cycle 7,CDC7
tr_10098,olfactory receptor family 52 subfamily I member 1,OR52I1
tr_10099,MHC class I polypeptide-related sequence A,MICA
tr_10100,cytochrome b561,CYB561
tr_10101,surfeit 6,SURF6
tr_10102,dihydropyrimidinase like 5,DPYSL5
tr_10103,leucine rich repeat containing G protein-coupled receptor 6,LGR6
tr_10104,"patatin like domain 5, triacylglycerol lipase",PNPLA5
tr_10105,small nuclear ribonucleoprotein polypeptide B2,SNRPB2
tr_10106,chromosome 11 open reading frame 68,C11orf68
tr_10107,heat shock protein family A (Hsp70) member 5,HSPA5
tr_10108,UDP-N-acetylglucosamine pyrophosphorylase 1,UAP1
tr_10109,oxysterol binding protein like 3,OSBPL3
tr_10110,intraflagellar transport 140,IFT140
tr_10111,cornichon family member 4,CNIH4
tr_10112,"N-ethylmaleimide sensitive factor, vesicle fusing ATPase",NSF
tr_10113,parvalbumin,PVALB
tr_10114,cathepsin W,CTSW
tr_10115,zinc finger protein 714,ZNF714
tr_10116,leucine rich pentatricopeptide repeat containing,LRPPRC
tr_10117,phosphodiesterase 4B,PDE4B
tr_10118,carnitine palmitoyltransferase 1B,CPT1B
tr_10119,G protein subunit gamma transducin 1,GNGT1
tr_10120,haptoglobin-related protein,HPR
tr_10121,tubulin tyrosine ligase like 12,TTLL12
tr_10122,serine/threonine kinase 38,STK38
tr_10123,NSE2 SUMO ligase component of SMC5/6 complex,NSMCE2
tr_10124,keratin associated protein 9-4,KRTAP9-4
tr_10125,zinc finger protein 316,ZNF316
tr_10126,host cell factor C1,HCFC1
tr_10127,alanine--glyoxylate aminotransferase,AGXT
tr_10128,dihydroorotate dehydrogenase (quinone),DHODH
tr_10129,ferritin light chain,FTL
tr_10130,immunoglobulin superfamily member 10,IGSF10
tr_10131,tetratricopeptide repeat domain 19,TTC19
tr_10132,zinc finger protein 354C,ZNF354C
tr_10133,NADH:ubiquinone oxidoreductase complex assembly factor 4,NDUFAF4
tr_10134,translocation associated membrane protein 2,TRAM2
tr_10135,G protein-coupled bile acid receptor 1,GPBAR1
tr_10136,latent transforming growth factor beta binding protein 4,LTBP4
tr_10137,BMP and activin membrane bound inhibitor,BAMBI
tr_10138,"A-Raf proto-oncogene, serine/threonine kinase",ARAF
tr_10139,calcitonin receptor,CALCR
tr_10140,ATP binding cassette subfamily G member 5,ABCG5
tr_10141,tektin 4,TEKT4
tr_10142,olfactory receptor family 1 subfamily E member 3 (gene/pseudogene),OR1E3
tr_10143,gamma-aminobutyric acid type A receptor subunit alpha3,GABRA3
tr_10144,actin filament associated protein 1,AFAP1
tr_10145,G protein-coupled receptor 157,GPR157
tr_10146,triggering receptor expressed on myeloid cells like 2,TREML2
tr_10147,ring finger protein 186,RNF186
tr_10148,fibronectin type III domain containing 3B,FNDC3B
tr_10149,transmembrane protein 150A,TMEM150A
tr_10150,defensin beta 114,DEFB114
tr_10151,acylphosphatase 1,ACYP1
tr_10152,basigin (Ok blood group),BSG
tr_10153,Holliday junction recognition protein,HJURP
tr_10154,DNA cross-link repair 1A,DCLRE1A
tr_10155,3-hydroxy-3-methylglutaryl-CoA reductase,HMGCR
tr_10156,"translocated promoter region, nuclear basket protein",TPR
tr_10157,heparin binding growth factor,HDGF
tr_10158,olfactory receptor family 8 subfamily D member 1,OR8D1
tr_10159,RNA binding motif protein Y-linked family 1 member D,RBMY1D
tr_10160,rhomboid domain containing 3,RHBDD3
tr_10161,lipocalin 9,LCN9
tr_10162,junctophilin 2,JPH2
tr_10163,defensin alpha 1,DEFA1
tr_10164,fibrosin,FBRS
tr_10165,zinc finger SWIM-type containing 4,ZSWIM4
tr_10166,C-terminal binding protein 2,CTBP2
tr_10167,3-ketodihydrosphingosine reductase,KDSR
tr_10168,UDP-glucose glycoprotein glucosyltransferase 2,UGGT2
tr_10169,gamma-glutamyltransferase light chain 1,GGTLC1
tr_10170,isocitrate dehydrogenase (NAD(+)) 3 non-catalytic subunit beta,IDH3B
tr_10171,caspase 2,CASP2
tr_10172,spermatogenesis associated 6,SPATA6
tr_10173,chromosome 3 open reading frame 62,C3orf62
tr_10174,receptor transporter protein 3,RTP3
tr_10175,xylosyltransferase 1,XYLT1
tr_10176,ATP binding cassette subfamily G member 1,ABCG1
tr_10177,fibroblast growth factor 23,FGF23
tr_10178,olfactory receptor family 1 subfamily C member 1,OR1C1
tr_10179,myopalladin,MYPN
tr_10180,ring finger protein 212,RNF212
tr_10181,regulator of G protein signaling 9,RGS9
tr_10182,poly(A) binding protein interacting protein 2B,PAIP2B
tr_10183,potassium voltage-gated channel subfamily C member 4,KCNC4
tr_10184,exocyst complex component 2,EXOC2
tr_10185,"Myb related transcription factor, partner of profilin",MYPOP
tr_10186,cyclin I family member 2,CCNI2
tr_10187,EF-hand calcium binding domain 3,EFCAB3
tr_10188,twinfilin actin binding protein 2,TWF2
tr_10189,glycine C-acetyltransferase,GCAT
tr_10190,G protein-coupled receptor associated sorting protein 2,GPRASP2
tr_10191,ATP binding cassette subfamily A member 4,ABCA4
tr_10192,calcium voltage-gated channel auxiliary subunit alpha2delta 4,CACNA2D4
tr_10193,zinc finger RANBP2-type containing 2,ZRANB2
tr_10194,MyoD family inhibitor domain containing,MDFIC
tr_10195,importin 11,IPO11
tr_10196,natural cytotoxicity triggering receptor 2,NCR2
tr_10197,SWI/SNF related BAF chromatin remodeling complex subunit D1,SMARCD1
tr_10198,angiopoietin like 5,ANGPTL5
tr_10199,potassium calcium-activated channel subfamily N member 2,KCNN2
tr_10200,small cell adhesion glycoprotein,SMAGP
tr_10201,thioredoxin related transmembrane protein 3,TMX3
tr_10202,tRNA-yW synthesizing protein 1 homolog B,TYW1B
tr_10203,RUN and SH3 domain containing 1,RUSC1
tr_10204,transmembrane protein 184B,TMEM184B
tr_10205,neural cell adhesion molecule 1,NCAM1
tr_10206,"glucosidase alpha, neutral C",GANC
tr_10207,dishevelled binding antagonist of beta catenin 1,DACT1
tr_10208,galectin 3 binding protein,LGALS3BP
tr_10209,leukocyte cell derived chemotaxin 2,LECT2
tr_10210,mannosidase alpha class 2A member 2,MAN2A2
tr_10211,ring finger protein 185,RNF185
tr_10212,transmembrane protein 53,TMEM53
tr_10213,solute carrier family 27 member 4,SLC27A4
tr_10214,ubiquilin like,UBQLNL
tr_10215,steroid 5 alpha-reductase 3,SRD5A3
tr_10216,"protein Z, vitamin K dependent plasma glycoprotein",PROZ
tr_10217,relaxin family peptide receptor 3,RXFP3
tr_10218,protein phosphatase 2 scaffold subunit Abeta,PPP2R1B
tr_10219,p21 (RAC1) activated kinase 2,PAK2
tr_10220,amylase alpha 1C,AMY1C
tr_10221,cytochrome P450 family 26 subfamily C member 1,CYP26C1
tr_10222,dihydropyrimidinase like 3,DPYSL3
tr_10223,ribosomal protein S8,RPS8
tr_10224,methyl-CpG binding domain protein 3,MBD3
tr_10225,leukocyte associated immunoglobulin like receptor 1,LAIR1
tr_10226,fyn related Src family tyrosine kinase,FRK
tr_10227,EGF-like fibulin extracellular matrix protein 2,EFEMP2
tr_10228,popeye domain cAMP effector 3,POPDC3
tr_10229,pleckstrin homology like domain family A member 3,PHLDA3
tr_10230,ankyrin repeat domain 28,ANKRD28
tr_10231,zinc finger protein 502,ZNF502
tr_10232,phospholipase B domain containing 2,PLBD2
tr_10233,HECT and RLD domain containing E3 ubiquitin protein ligase 3,HERC3
tr_10234,integrin subunit beta 7,ITGB7
tr_10235,rhodopsin,RHO
tr_10236,eukaryotic translation initiation factor 2B subunit delta,EIF2B4
tr_10237,latexin,LXN
tr_10238,immunoglobulin superfamily member 5,IGSF5
tr_10239,docking protein 1,DOK1
tr_10240,hyaluronan binding protein 2,HABP2
tr_10241,muscle associated receptor tyrosine kinase,MUSK
tr_10242,acyl-CoA synthetase short chain family member 2,ACSS2
tr_10243,neural EGFL like 1,NELL1
tr_10244,cytochrome P450 family 1 subfamily A member 1,CYP1A1
tr_10245,Rho guanine nucleotide exchange factor 3,ARHGEF3
tr_10246,progesterone receptor membrane component 1,PGRMC1
tr_10247,cell division cycle associated 4,CDCA4
tr_10248,transmembrane protein 128,TMEM128
tr_10249,ATPase family AAA domain containing 2,ATAD2
tr_10250,kelch domain containing 8B,KLHDC8B
tr_10251,cyclin dependent kinase 20,CDK20
tr_10252,ribosomal protein L22 like 1,RPL22L1
tr_10253,F-box protein 7,FBXO7
tr_10254,nudix hydrolase 16 like 1,NUDT16L1
tr_10255,proteasome 20S subunit beta 2,PSMB2
tr_10256,hexokinase 1,HK1
tr_10257,fatty acid binding protein 5,FABP5
tr_10258,chromosome 17 open reading frame 58,C17orf58
tr_10259,transforming acidic coiled-coil containing protein 1,TACC1
tr_10260,radial spoke head component 1,RSPH1
tr_10261,elongation factor 1,ELOF1
tr_10262,WD repeat domain 24,WDR24
tr_10263,cyclic nucleotide gated channel subunit alpha 1,CNGA1
tr_10264,desmocollin 2,DSC2
tr_10265,X-ray radiation resistance associated 1,XRRA1
tr_10266,undifferentiated embryonic cell transcription factor 1,UTF1
tr_10267,crystallin beta B3,CRYBB3
tr_10268,ARF like GTPase 11,ARL11
tr_10269,4-hydroxyphenylpyruvate dioxygenase like,HPDL
tr_10270,mitogen-activated protein kinase kinase kinase 15,MAP3K15
tr_10271,KN motif and ankyrin repeat domains 1,KANK1
tr_10272,glucocorticoid induced 1,GLCCI1
tr_10273,alpha tocopherol transfer protein,TTPA
tr_10274,fucose-1-phosphate guanylyltransferase,FPGT
tr_10275,poly(ADP-ribose) glycohydrolase,PARG
tr_10276,CKLF like MARVEL transmembrane domain containing 3,CMTM3
tr_10277,semaphorin 6D,SEMA6D
tr_10278,chromosome 18 open reading frame 54,C18orf54
tr_10279,protein tyrosine phosphatase non-receptor type 4,PTPN4
tr_10280,proteasome 20S subunit alpha 6,PSMA6
tr_10281,interleukin 4 induced 1,IL4I1
tr_10282,vomeronasal 1 receptor 4,VN1R4
tr_10283,calcium binding protein 1,CABP1
tr_10284,kelch repeat and BTB domain containing 8,KBTBD8
tr_10285,glycoprotein IX platelet,GP9
tr_10286,proteasome subunit beta 11,PSMB11
tr_10287,ubiquitin like domain containing CTD phosphatase 1,UBLCP1
tr_10288,zinc finger GATA like protein 1,ZGLP1
tr_10289,NACHT and WD repeat domain containing 1,NWD1
tr_10290,phosphatidylinositol-4-phosphate 5-kinase like 1,PIP5KL1
tr_10291,secretory carrier membrane protein 3,SCAMP3
tr_10292,spermatogenesis associated 2 like,SPATA2L
tr_10293,tachykinin precursor 3,TAC3
tr_10294,growth factor receptor bound protein 2,GRB2
tr_10295,retina and anterior neural fold homeobox 2,RAX2
tr_10296,insulin like growth factor 2 mRNA binding protein 1,IGF2BP1
tr_10297,fizzy and cell division cycle 20 related 1,FZR1
tr_10298,olfactory receptor family 51 subfamily A member 4,OR51A4
tr_10299,coiled-coil domain containing 125,CCDC125
tr_10300,NK1 homeobox 1,NKX1-1
tr_10301,sulfotransferase family 2B member 1,SULT2B1
tr_10302,formin homology 2 domain containing 3,FHOD3
tr_10303,deleted in azoospermia 3,DAZ3
tr_10304,mitochondrial carrier 1,MTCH1
tr_10305,leucine rich repeat containing 23,LRRC23
tr_10306,ephrin A2,EFNA2
tr_10307,cyclin dependent kinase inhibitor 2D,CDKN2D
tr_10308,SH3 domain binding kinase family member 2,SBK2
tr_10309,keratin associated protein 10-12,KRTAP10-12
tr_10310,olfactory receptor family 4 subfamily K member 5,OR4K5
tr_10311,sex hormone binding globulin,SHBG
tr_10312,dynein regulatory complex subunit 4,DRC4
tr_10313,olfactory receptor family 4 subfamily B member 1,OR4B1
tr_10314,glutamate-cysteine ligase catalytic subunit,GCLC
tr_10315,mutS homolog 4,MSH4
tr_10316,HECT and RLD domain containing E3 ubiquitin protein ligase 2,HERC2
tr_10317,nuclear receptor subfamily 1 group D member 1,NR1D1
tr_10318,ATPase H+/K+ transporting non-gastric alpha2 subunit,ATP12A
tr_10319,zinc finger protein 765,ZNF765
tr_10320,NADH:ubiquinone oxidoreductase subunit A3,NDUFA3
tr_10321,WD repeat domain 62,WDR62
tr_10322,dynactin subunit 4,DCTN4
tr_10323,LDL receptor related protein associated protein 1,LRPAP1
tr_10324,lecithin retinol acyltransferase,LRAT
tr_10325,zinc finger protein 256,ZNF256
tr_10326,Ras converting CAAX endopeptidase 1,RCE1
tr_10327,ankyrin repeat and SOCS box containing 9,ASB9
tr_10328,secretoglobin family 3A member 2,SCGB3A2
tr_10329,glutaredoxin 5,GLRX5
tr_10330,ribonuclease/angiogenin inhibitor 1,RNH1
tr_10331,sex determining region Y,SRY
tr_10332,lactate dehydrogenase D,LDHD
tr_10333,Cl-/H+ antiporter 7,CLCN7
tr_10334,lens intrinsic membrane protein 2,LIM2
tr_10335,defensin beta 119,DEFB119
tr_10336,snurportin 1,SNUPN
tr_10337,DEAH-box helicase 38,DHX38
tr_10338,integrin subunit alpha 1,ITGA1
tr_10339,sphingosine-1-phosphate lyase 1,SGPL1
tr_10340,cordon-bleu WH2 repeat protein like 1,COBLL1
tr_10341,olfactory receptor family 1 subfamily B member 1,OR1B1
tr_10342,keratin 15,KRT15
tr_10343,coiled-coil domain containing 77,CCDC77
tr_10344,potassium voltage-gated channel subfamily Q member 2,KCNQ2
tr_10345,solute carrier family 25 member 11,SLC25A11
tr_10346,neutral sphingomyelinase activation associated factor,NSMAF
tr_10347,asialoglycoprotein receptor 1,ASGR1
tr_10348,programmed cell death 2,PDCD2
tr_10349,olfactory receptor family 4 subfamily D member 11,OR4D11
tr_10350,zinc finger protein 266,ZNF266
tr_10351,F-box protein 46,FBXO46
tr_10352,muscle RAS oncogene homolog,MRAS
tr_10353,dynein light chain LC8-type 2,DYNLL2
tr_10354,serpin family A member 1,SERPINA1
tr_10355,transmembrane protein 210,TMEM210
tr_10356,transcription elongation factor A like 1,TCEAL1
tr_10357,ring finger protein 4,RNF4
tr_10358,forkhead box I1,FOXI1
tr_10359,ribosomal protein S19 binding protein 1,RPS19BP1
tr_10360,"major histocompatibility complex, class II, DO beta",HLA-DOB
tr_10361,serine/threonine kinase 38 like,STK38L
tr_10362,iduronate 2-sulfatase,IDS
tr_10363,zinc finger CCCH-type containing 10,ZC3H10
tr_10364,damage specific DNA binding protein 1,DDB1
tr_10365,low density lipoprotein receptor adaptor protein 1,LDLRAP1
tr_10366,transmembrane channel like 2,TMC2
tr_10367,poly(ADP-ribose) polymerase family member 15,PARP15
tr_10368,"adaptor protein, phosphotyrosine interacting with PH domain and leucine zipper 2",APPL2
tr_10369,"serine peptidase inhibitor, Kunitz type 4",SPINT4
tr_10370,DExH-box helicase 34,DHX34
tr_10371,transmembrane protein 214,TMEM214
tr_10372,formin binding protein 1 like,FNBP1L
tr_10373,nucleoporin 214,NUP214
tr_10374,kinesin family member 1C,KIF1C
tr_10375,heparan sulfate-glucosamine 3-sulfotransferase 5,HS3ST5
tr_10376,chromobox 2,CBX2
tr_10377,protein kinase C and casein kinase substrate in neurons 3,PACSIN3
tr_10378,collagen and calcium binding EGF domains 1,CCBE1
tr_10379,interleukin 32,IL32
tr_10380,apolipoprotein C2,APOC2
tr_10381,round spermatid basic protein 1 like,RSBN1L
tr_10382,WD repeat domain 5B,WDR5B
tr_10383,SH3 and cysteine rich domain 2,STAC2
tr_10384,killer cell lectin like receptor C1,KLRC1
tr_10385,solute carrier family 20 member 2,SLC20A2
tr_10386,GRB2 associated binding protein 3,GAB3
tr_10387,growth arrest specific 2 like 2,GAS2L2
tr_10388,"glycogen phosphorylase, muscle associated",PYGM
tr_10389,glutamyl-tRNA amidotransferase subunit C,GATC
tr_10390,RANBP2 like and GRIP domain containing 3,RGPD3
tr_10391,relaxin family peptide receptor 1,RXFP1
tr_10392,ATPase Na+/K+ transporting subunit alpha 3,ATP1A3
tr_10393,signal transducing adaptor family member 2,STAP2
tr_10394,Bardet-Biedl syndrome 5,BBS5
tr_10395,chymotrypsin like elastase 1,CELA1
tr_10396,zinc finger protein 544,ZNF544
tr_10397,sodium channel epithelial 1 subunit alpha,SCNN1A
tr_10398,elastin microfibril interfacer 3,EMILIN3
tr_10399,solute carrier family 7 member 13,SLC7A13
tr_10400,"major histocompatibility complex, class I, F",HLA-F
tr_10401,zinc finger protein 582,ZNF582
tr_10402,emerin,EMD
tr_10403,transmembrane protein 190,TMEM190
tr_10404,cytochrome c oxidase subunit 7A2 like,COX7A2L
tr_10405,sprouty RTK signaling antagonist 1,SPRY1
tr_10406,SID1 transmembrane family member 2,SIDT2
tr_10407,zinc finger protein 37A,ZNF37A
tr_10408,ornithine aminotransferase,OAT
tr_10409,G-rich RNA sequence binding factor 1,GRSF1
tr_10410,serpin family B member 1,SERPINB1
tr_10411,zinc finger protein Y-linked,ZFY
tr_10412,cancer/testis antigen family 45 member A1,CT45A1
tr_10413,microtubule associated protein 7,MAP7
tr_10414,solute carrier family 35 member F5,SLC35F5
tr_10415,coiled-coil domain containing 68,CCDC68
tr_10416,protein kinase cAMP-dependent type I regulatory subunit beta,PRKAR1B
tr_10417,podocan like 1,PODNL1
tr_10418,carnosine dipeptidase 1,CNDP1
tr_10419,doublecortin domain containing 1,DCDC1
tr_10420,multifunctional ROCO family signaling regulator 1,MFHAS1
tr_10421,growth factor independent 1 transcriptional repressor,GFI1
tr_10422,solute carrier family 35 member A1,SLC35A1
tr_10423,phosphodiesterase 7A,PDE7A
tr_10424,glycerophosphodiester phosphodiesterase domain containing 4,GDPD4
tr_10425,kallikrein related peptidase 8,KLK8
tr_10426,WD repeat domain 45,WDR45
tr_10427,sterile alpha motif domain containing 9 like,SAMD9L
tr_10428,sorbin and SH3 domain containing 2,SORBS2
tr_10429,ring finger protein 157,RNF157
tr_10430,family with sequence similarity 25 member G,FAM25G
tr_10431,zinc finger protein 587,ZNF587
tr_10432,fibrillarin rRNA 2'-O-methyltransferase,FBL
tr_10433,chromosome 8 open reading frame 58,C8orf58
tr_10434,speedy/RINGO cell cycle regulator family member E4,SPDYE4
tr_10435,exportin 7,XPO7
tr_10436,ATP binding cassette subfamily F member 2,ABCF2
tr_10437,C-type lectin domain family 4 member M,CLEC4M
tr_10438,glycoprotein hormone subunit beta 5,GPHB5
tr_10439,deoxyhypusine hydroxylase,DOHH
tr_10440,protein phosphatase 1 regulatory subunit 3F,PPP1R3F
tr_10441,PHD finger protein 21B,PHF21B
tr_10442,bifunctional apoptosis regulator,BFAR
tr_10443,"KH RNA binding domain containing, signal transduction associated 1",KHDRBS1
tr_10444,tRNA nucleotidyl transferase 1,TRNT1
tr_10445,yippee like 5,YPEL5
tr_10446,mitochondrial ribosomal protein S23,MRPS23
tr_10447,C-C motif chemokine receptor 1,CCR1
tr_10448,lymphocyte antigen 6 family member G6C,LY6G6C
tr_10449,poly(A) binding protein interacting protein 2,PAIP2
tr_10450,copper chaperone for superoxide dismutase,CCS
tr_10451,ankyrin repeat domain 20 family member A1,ANKRD20A1
tr_10452,fibroblast growth factor 20,FGF20
tr_10453,exonuclease 3'-5' domain containing 2,EXD2
tr_10454,PR/SET domain 10,PRDM10
tr_10455,pyruvate dehydrogenase E1 subunit alpha 1,PDHA1
tr_10456,protein phosphatase methylesterase 1,PPME1
tr_10457,ubiquitin like 3,UBL3
tr_10458,ribosomal protein L24,RPL24
tr_10459,somatostatin receptor 4,SSTR4
tr_10460,solute carrier family 38 member 3,SLC38A3
tr_10461,5-hydroxytryptamine receptor 2A,HTR2A
tr_10462,progestin and adipoQ receptor family member 3,PAQR3
tr_10463,transient receptor potential cation channel subfamily M member 5,TRPM5
tr_10464,heterogeneous nuclear ribonucleoprotein A3,HNRNPA3
tr_10465,p21 (RAC1) activated kinase 4,PAK4
tr_10466,"cysteinyl-tRNA synthetase 2, mitochondrial",CARS2
tr_10467,G antigen 12D,GAGE12D
tr_10468,chordin,CHRD
tr_10469,praja ring finger ubiquitin ligase 1,PJA1
tr_10470,trefoil factor 1,TFF1
tr_10471,3-hydroxyisobutyryl-CoA hydrolase,HIBCH
tr_10472,leucine rich repeats and IQ motif containing 3,LRRIQ3
tr_10473,hydroxysteroid 17-beta dehydrogenase 13,HSD17B13
tr_10474,NADH:ubiquinone oxidoreductase subunit AB1,NDUFAB1
tr_10475,G protein-coupled receptor 156,GPR156
tr_10476,X antigen family member 2,XAGE2
tr_10477,RAB15 effector protein,REP15
tr_10478,neurocan,NCAN
tr_10479,ribosomal protein L13,RPL13
tr_10480,transmembrane protein 81,TMEM81
tr_10481,ATP binding cassette subfamily B member 4,ABCB4
tr_10482,peptidylprolyl isomerase like 2,PPIL2
tr_10483,heterochromatin protein 1 binding protein 3,HP1BP3
tr_10484,CUB and Sushi multiple domains 2,CSMD2
tr_10485,transmembrane protein 33,TMEM33
tr_10486,vomeronasal 1 receptor 1,VN1R1
tr_10487,leucine rich repeats and calponin homology domain containing 1,LRCH1
tr_10488,synaptosome associated protein 25,SNAP25
tr_10489,"polycystin 2, transient receptor potential cation channel",PKD2
tr_10490,cytochrome P450 family 11 subfamily B member 1,CYP11B1
tr_10491,coiled-coil domain containing 89,CCDC89
tr_10492,granulin precursor,GRN
tr_10493,prostaglandin E synthase 2,PTGES2
tr_10494,astrotactin 1,ASTN1
tr_10495,serine incorporator 3,SERINC3
tr_10496,decapping mRNA 1B,DCP1B
tr_10497,"opsin 1, long wave sensitive",OPN1LW
tr_10498,T-box transcription factor 2,TBX2
tr_10499,acidic nuclear phosphoprotein 32 family member A,ANP32A
tr_10500,cAMP responsive element binding protein 3 like 2,CREB3L2
tr_10501,pleckstrin 2,PLEK2
tr_10502,"dolichyl-phosphate mannosyltransferase subunit 2, regulatory",DPM2
tr_10503,phosphatidylinositol glycan anchor biosynthesis class G (EMM blood group),PIGG
tr_10504,taste 2 receptor member 14,TAS2R14
tr_10505,growth differentiation factor 2,GDF2
tr_10506,poly(A) polymerase beta,PAPOLB
tr_10507,"mucin 20, cell surface associated",MUC20
tr_10508,olfactory receptor family 5 subfamily B member 12,OR5B12
tr_10509,oviductal glycoprotein 1,OVGP1
tr_10510,zinc finger and BTB domain containing 43,ZBTB43
tr_10511,catenin beta like 1,CTNNBL1
tr_10512,"pleckstrin homology, MyTH4 and FERM domain containing H1",PLEKHH1
tr_10513,testis associated actin remodelling kinase 1,TESK1
tr_10514,coiled-coil domain containing 157,CCDC157
tr_10515,ribosomal L24 domain containing 1,RSL24D1
tr_10516,interleukin enhancer binding factor 3,ILF3
tr_10517,zinc finger protein 747,ZNF747
tr_10518,ladybird homeobox 2,LBX2
tr_10519,megakaryocyte-associated tyrosine kinase,MATK
tr_10520,CCAAT enhancer binding protein epsilon,CEBPE
tr_10521,dual specificity phosphatase 5,DUSP5
tr_10522,bone morphogenetic protein 5,BMP5
tr_10523,olfactory receptor family 52 subfamily E member 5,OR52E5
tr_10524,SRY-box transcription factor 11,SOX11
tr_10525,claudin 25,CLDN25
tr_10526,myotubularin related protein 11,MTMR11
tr_10527,synaptotagmin 17,SYT17
tr_10528,"delta 4-desaturase, sphingolipid 2",DEGS2
tr_10529,STE20 like kinase,SLK
tr_10530,Src like adaptor 2,SLA2
tr_10531,lipocalin like 1,LCNL1
tr_10532,interleukin 18 receptor 1,IL18R1
tr_10533,Rho GTPase activating protein 23,ARHGAP23
tr_10534,DNA fragmentation factor subunit beta,DFFB
tr_10535,olfactory receptor family 4 subfamily D member 6,OR4D6
tr_10536,chondroitin sulfate synthase 1,CHSY1
tr_10537,leucyl and cystinyl aminopeptidase,LNPEP
tr_10538,ral guanine nucleotide dissociation stimulator like 1,RGL1
tr_10539,"methyltransferase 3, N6-adenosine-methyltransferase complex catalytic subunit",METTL3
tr_10540,KN motif and ankyrin repeat domains 2,KANK2
tr_10541,oxysterol binding protein like 7,OSBPL7
tr_10542,transmembrane protein 221,TMEM221
tr_10543,synaptotagmin 11,SYT11
tr_10544,zinc finger protein 709,ZNF709
tr_10545,ribonucleotide reductase catalytic subunit M1,RRM1
tr_10546,aspartic peptidase retroviral like 1,ASPRV1
tr_10547,WD repeat domain 38,WDR38
tr_10548,thioredoxin domain containing 2,TXNDC2
tr_10549,cyclin N-terminal domain containing 1,CNTD1
tr_10550,ciliary neurotrophic factor receptor,CNTFR
tr_10551,serine protease 22,PRSS22
tr_10552,gasdermin B,GSDMB
tr_10553,chromosome 10 open reading frame 126,C10orf126
tr_10554,leucine rich repeat containing 37 member A3,LRRC37A3
tr_10555,calsyntenin 1,CLSTN1
tr_10556,pellino E3 ubiquitin protein ligase family member 3,PELI3
tr_10557,putative homeodomain transcription factor 1,PHTF1
tr_10558,cholinergic receptor nicotinic alpha 3 subunit,CHRNA3
tr_10559,"beta-1,3-N-acetylgalactosaminyltransferase 2",B3GALNT2
tr_10560,coiled-coil domain containing 43,CCDC43
tr_10561,phosphodiesterase 7B,PDE7B
tr_10562,phosphoribosylformylglycinamidine synthase,PFAS
tr_10563,family with sequence similarity 181 member B,FAM181B
tr_10564,mitochondrial ribosomal protein S18C,MRPS18C
tr_10565,olfactory receptor family 2 subfamily AE member 1,OR2AE1
tr_10566,leucine rich repeat containing 1,LRRC1
tr_10567,sperm acrosome associated 5B,SPACA5B
tr_10568,empty spiracles homeobox 1,EMX1
tr_10569,tRNA methyltransferase 5,TRMT5
tr_10570,coiled-coil domain containing 87,CCDC87
tr_10571,forkhead box P1,FOXP1
tr_10572,alpha glucosidase,GAA
tr_10573,zinc finger CCCH-type containing 4,ZC3H4
tr_10574,"BH3-like motif containing, cell death inducer",BLID
tr_10575,"RB binding protein 9, serine hydrolase",RBBP9
tr_10576,Yes1 associated transcriptional regulator,YAP1
tr_10577,ubiquitin specific peptidase 34,USP34
tr_10578,acetyl-CoA acyltransferase 2,ACAA2
tr_10579,ankyrin repeat domain 26,ANKRD26
tr_10580,proline rich nuclear receptor coactivator 2,PNRC2
tr_10581,zinc finger protein 710,ZNF710
tr_10582,tolloid like 1,TLL1
tr_10583,apolipoprotein B mRNA editing enzyme catalytic subunit 1,APOBEC1
tr_10584,fetal and adult testis expressed 1,FATE1
tr_10585,pleckstrin homology domain containing N1,PLEKHN1
tr_10586,dual specificity phosphatase 9,DUSP9
tr_10587,solute carrier family 22 member 10 (gene/pseudogene),SLC22A10
tr_10588,carbonic anhydrase 14,CA14
tr_10589,chymotrypsin like,CTRL
tr_10590,golgi reassembly stacking protein 1,GORASP1
tr_10591,olfactory receptor family 6 subfamily K member 3,OR6K3
tr_10592,serpin family B member 13,SERPINB13
tr_10593,interferon alpha 8,IFNA8
tr_10594,zinc finger protein 880,ZNF880
tr_10595,small nuclear RNA activating complex polypeptide 5,SNAPC5
tr_10596,tetratricopeptide repeat domain 39A,TTC39A
tr_10597,immunoglobulin superfamily member 6,IGSF6
tr_10598,tetratricopeptide repeat domain 1,TTC1
tr_10599,immunoglobulin superfamily member 1,IGSF1
tr_10600,exostosin like glycosyltransferase 2,EXTL2
tr_10601,dynein axonemal intermediate chain 1,DNAI1
tr_10602,collagen type IV alpha 2 chain,COL4A2
tr_10603,zinc finger and BTB domain containing 12,ZBTB12
tr_10604,mitogen-activated protein kinase 10,MAPK10
tr_10605,sarcoma antigen 1,SAGE1
tr_10606,Fc epsilon receptor Ia,FCER1A
tr_10607,interleukin 3 receptor subunit alpha,IL3RA
tr_10608,calcyon neuron specific vesicular protein,CALY
tr_10609,anaphase promoting complex subunit 10,ANAPC10
tr_10610,zinc finger and BTB domain containing 8B,ZBTB8B
tr_10611,"tryptophanyl tRNA synthetase 2, mitochondrial",WARS2
tr_10612,olfactory receptor family 5 subfamily T member 1,OR5T1
tr_10613,"valyl-tRNA synthetase 2, mitochondrial",VARS2
tr_10614,solute carrier family 19 member 1,SLC19A1
tr_10615,myosin heavy chain 1,MYH1
tr_10616,frizzled related protein,FRZB
tr_10617,ribosomal protein S3,RPS3
tr_10618,coilin,COIL
tr_10619,zinc fingers and homeoboxes 3,ZHX3
tr_10620,cytochrome b561 family member D2,CYB561D2
tr_10621,synaptogyrin 1,SYNGR1
tr_10622,small glutamine rich tetratricopeptide repeat co-chaperone beta,SGTB
tr_10623,zinc finger protein 577,ZNF577
tr_10624,SDA1 domain containing 1,SDAD1
tr_10625,nuclear transport factor 2 like export factor 1,NXT1
tr_10626,EP300 interacting inhibitor of differentiation 2,EID2
tr_10627,interferon induced transmembrane protein 2,IFITM2
tr_10628,dynein cytoplasmic 1 heavy chain 1,DYNC1H1
tr_10629,IQ motif containing F3,IQCF3
tr_10630,janus kinase and microtubule interacting protein 1,JAKMIP1
tr_10631,zinc and ring finger 2,ZNRF2
tr_10632,thimet oligopeptidase 1,THOP1
tr_10633,hyperpolarization activated cyclic nucleotide gated potassium and sodium channel 2,HCN2
tr_10634,deleted in azoospermia 1,DAZ1
tr_10635,protein phosphatase 2 regulatory subunit B''beta,PPP2R3B
tr_10636,hydrogen voltage gated channel 1,HVCN1
tr_10637,sulfotransferase family 1A member 4,SULT1A4
tr_10638,interleukin 1 receptor associated kinase 1 binding protein 1,IRAK1BP1
tr_10639,exostosin glycosyltransferase 1,EXT1
tr_10640,SERPINE1 mRNA binding protein 1,SERBP1
tr_10641,ribosomal protein S29,RPS29
tr_10642,erythrocyte membrane protein band 4.1 like 2,EPB41L2
tr_10643,alpha kinase 1,ALPK1
tr_10644,"RNA polymerase II, I and III subunit L",POLR2L
tr_10645,semenogelin 2,SEMG2
tr_10646,plakophilin 2,PKP2
tr_10647,solute carrier family 16 member 7,SLC16A7
tr_10648,chaperonin containing TCP1 subunit 7,CCT7
tr_10649,pregnancy specific beta-1-glycoprotein 3,PSG3
tr_10650,epidermal growth factor,EGF
tr_10651,zinc finger protein 345,ZNF345
tr_10652,semenogelin 1,SEMG1
tr_10653,olfactory receptor family 51 subfamily B member 4,OR51B4
tr_10654,zinc finger protein 227,ZNF227
tr_10655,peptidyl-tRNA hydrolase 2,PTRH2
tr_10656,ATP binding cassette subfamily B member 9,ABCB9
tr_10657,dynein regulatory complex subunit 11,DRC11
tr_10658,diacylglycerol kinase alpha,DGKA
tr_10659,prion like protein doppel,PRND
tr_10660,tripartite motif containing 2,TRIM2
tr_10661,DNA damage inducible transcript 3,DDIT3
tr_10662,signal recognition particle 54,SRP54
tr_10663,calpain small subunit 2,CAPNS2
tr_10664,olfactory receptor family 5 subfamily H member 6,OR5H6
tr_10665,transmembrane protein 89,TMEM89
tr_10666,syndecan 4,SDC4
tr_10667,olfactory receptor family 51 subfamily B member 6,OR51B6
tr_10668,F-box and WD repeat domain containing 10,FBXW10
tr_10669,spermidine/spermine N1-acetyltransferase family member 2,SAT2
tr_10670,adrenoceptor beta 1,ADRB1
tr_10671,olfactory receptor family 1 subfamily P member 1 (gene/pseudogene),OR1P1
tr_10672,G protein nucleolar 2,GNL2
tr_10673,"major histocompatibility complex, class II, DM alpha",HLA-DMA
tr_10674,keratin associated protein 10-2,KRTAP10-2
tr_10675,transmembrane protein 106A,TMEM106A
tr_10676,one cut homeobox 1,ONECUT1
tr_10677,ferritin mitochondrial,FTMT
tr_10678,cytochrome P450 family 51 subfamily A member 1,CYP51A1
tr_10679,nudix hydrolase 7,NUDT7
tr_10680,reticulocalbin 2,RCN2
tr_10681,forkhead box F2,FOXF2
tr_10682,epiregulin,EREG
tr_10683,cadherin EGF LAG seven-pass G-type receptor 3,CELSR3
tr_10684,misato mitochondrial distribution and morphology regulator 1,MSTO1
tr_10685,single stranded DNA binding protein 4,SSBP4
tr_10686,SH3 and cysteine rich domain 3,STAC3
tr_10687,nucleoporin 210 like,NUP210L
tr_10688,zinc finger protein 385B,ZNF385B
tr_10689,tRNA-yW synthesizing protein 1 homolog,TYW1
tr_10690,mitochondrial ribosomal protein L49,MRPL49
tr_10691,protocadherin 8,PCDH8
tr_10692,olfactory receptor family 5 subfamily AC member 1 (gene/pseudogene),OR5AC1
tr_10693,tripartite motif containing 25,TRIM25
tr_10694,sphingosine-1-phosphate receptor 3,S1PR3
tr_10695,checkpoint with forkhead and ring finger domains,CHFR
tr_10696,sphingosine kinase 2,SPHK2
tr_10697,pappalysin 2,PAPPA2
tr_10698,solute carrier family 30 member 9,SLC30A9
tr_10699,fatty acid binding protein 7,FABP7
tr_10700,semaphorin 6A,SEMA6A
tr_10701,"phosphoinositide kinase, FYVE-type zinc finger containing",PIKFYVE
tr_10702,afamin,AFM
tr_10703,ethylmalonyl-CoA decarboxylase 1,ECHDC1
tr_10704,tRNA methyltransferase 2A,TRMT2A
tr_10705,paired box 5,PAX5
tr_10706,neuronal differentiation 1,NEUROD1
tr_10707,"ArfGAP with GTPase domain, ankyrin repeat and PH domain 5",AGAP5
tr_10708,calreticulin 3,CALR3
tr_10709,"alpha-1,6-mannosylglycoprotein 6-beta-N-acetylglucosaminyltransferase B",MGAT5B
tr_10710,solute carrier family 6 member 19,SLC6A19
tr_10711,piwi like RNA-mediated gene silencing 4,PIWIL4
tr_10712,late cornified envelope 3E,LCE3E
tr_10713,pleckstrin homology and RUN domain containing M2,PLEKHM2
tr_10714,mitogen-activated protein kinase 3,MAPK3
tr_10715,lipoic acid synthetase,LIAS
tr_10716,chromosome 22 open reading frame 31,C22orf31
tr_10717,chromosome transmission fidelity factor 18,CHTF18
tr_10718,sphingomyelin phosphodiesterase 3,SMPD3
tr_10719,sialic acid binding Ig like lectin 11,SIGLEC11
tr_10720,CCR4-NOT transcription complex subunit 8,CNOT8
tr_10721,cyclin dependent kinase like 4,CDKL4
tr_10722,microtubule associated serine/threonine kinase 3,MAST3
tr_10723,heat shock factor binding protein 1 like 1,HSBP1L1
tr_10724,solute carrier family 9 member A3,SLC9A3
tr_10725,carbonic anhydrase 6,CA6
tr_10726,programmed cell death 5,PDCD5
tr_10727,nuclear receptor subfamily 5 group A member 2,NR5A2
tr_10728,"dolichyl-phosphate mannosyltransferase subunit 3, regulatory",DPM3
tr_10729,glial cell derived neurotrophic factor,GDNF
tr_10730,TATA-box binding protein associated factor 7,TAF7
tr_10731,arrestin beta 1,ARRB1
tr_10732,ring finger protein 130,RNF130
tr_10733,cyclin dependent kinase 5 regulatory subunit 1,CDK5R1
tr_10734,solute carrier family 4 member 9,SLC4A9
tr_10735,cordon-bleu WH2 repeat protein,COBL
tr_10736,ring finger protein 183,RNF183
tr_10737,cortactin binding protein 2,CTTNBP2
tr_10738,prostaglandin F receptor,PTGFR
tr_10739,mitochondrial ribosomal protein L16,MRPL16
tr_10740,homeobox B1,HOXB1
tr_10741,dedicator of cytokinesis 3,DOCK3
tr_10742,WD repeat domain 17,WDR17
tr_10743,actin related protein 2/3 complex subunit 2,ARPC2
tr_10744,tetratricopeptide repeat domain 32,TTC32
tr_10745,mannosidase alpha class 2B member 2,MAN2B2
tr_10746,CKLF like MARVEL transmembrane domain containing 5,CMTM5
tr_10747,deltex E3 ubiquitin ligase 3L,DTX3L
tr_10748,activating transcription factor 1,ATF1
tr_10749,golgi phosphoprotein 3 like,GOLPH3L
tr_10750,zinc finger CCCH-type containing 11B,ZC3H11B
tr_10751,popeye domain cAMP effector 2,POPDC2
tr_10752,bone morphogenetic protein 15,BMP15
tr_10753,protein tyrosine phosphatase receptor type Q,PTPRQ
tr_10754,retinoic acid early transcript 1L,RAET1L
tr_10755,nucleolar protein 4,NOL4
tr_10756,cytokine receptor like factor 2,CRLF2
tr_10757,interleukin 10,IL10
tr_10758,catenin beta interacting protein 1,CTNNBIP1
tr_10759,"mucin 17, cell surface associated",MUC17
tr_10760,phosphopantothenoylcysteine decarboxylase,PPCDC
tr_10761,zinc finger protein 793,ZNF793
tr_10762,phosphodiesterase 8A,PDE8A
tr_10763,olfactory receptor family 6 subfamily N member 2,OR6N2
tr_10764,mitochondrial ribosomal protein L13,MRPL13
tr_10765,ataxin 10,ATXN10
tr_10766,N-acetylated alpha-linked acidic dipeptidase 2,NAALAD2
tr_10767,ectonucleoside triphosphate diphosphohydrolase 2,ENTPD2
tr_10768,olfactory receptor family 52 subfamily E member 6,OR52E6
tr_10769,chondroitin sulfate proteoglycan 5,CSPG5
tr_10770,microfibril associated protein 5,MFAP5
tr_10771,solute carrier family 32 member 1,SLC32A1
tr_10772,Morf4 family associated protein 1 like 1,MRFAP1L1
tr_10773,homeobox A5,HOXA5
tr_10774,H2.0 like homeobox,HLX
tr_10775,calponin 2,CNN2
tr_10776,membrane spanning 4-domains A18,MS4A18
tr_10777,regulator of calcineurin 2,RCAN2
tr_10778,peptidylprolyl isomerase A like 4C,PPIAL4C
tr_10779,heat shock transcription factor 2 binding protein,HSF2BP
tr_10780,apolipoprotein H,APOH
tr_10781,Opa interacting protein 5,OIP5
tr_10782,family with sequence similarity 171 member A2,FAM171A2
tr_10783,microtubule associated protein 2,MAP2
tr_10784,mitogen-activated protein kinase kinase kinase kinase 5,MAP4K5
tr_10785,DDB1 and CUL4 associated factor 8,DCAF8
tr_10786,chromosome 16 open reading frame 89,C16orf89
tr_10787,proline rich 12,PRR12
tr_10788,somatostatin receptor 5,SSTR5
tr_10789,tumor protein p53 binding protein 1,TP53BP1
tr_10790,chloride channel accessory 2,CLCA2
tr_10791,small nuclear ribonucleoprotein polypeptide A,SNRPA
tr_10792,leucine rich repeat containing G protein-coupled receptor 4,LGR4
tr_10793,ras homolog family member U,RHOU
tr_10794,kinesin family member C2,KIFC2
tr_10795,tRNA phosphotransferase 1,TRPT1
tr_10796,zinc finger protein 845,ZNF845
tr_10797,"adaptor protein, phosphotyrosine interacting with PH domain and leucine zipper 1",APPL1
tr_10798,DC-STAMP domain containing 2,DCST2
tr_10799,solute carrier family 22 member 5,SLC22A5
tr_10800,cancer/testis antigen family 45 member A6,CT45A6
tr_10801,"SPT4 homolog, DSIF elongation factor subunit",SUPT4H1
tr_10802,smoothelin,SMTN
tr_10803,zinc finger B-box domain containing,ZBBX
tr_10804,ARF like GTPase 4D,ARL4D
tr_10805,coiled-coil domain containing 3,CCDC3
tr_10806,transmembrane protein 126B,TMEM126B
tr_10807,transmembrane protein 38B,TMEM38B
tr_10808,phospholipase C eta 1,PLCH1
tr_10809,ATP binding cassette subfamily C member 2,ABCC2
tr_10810,ubiquitin specific peptidase 48,USP48
tr_10811,glycine receptor alpha 2,GLRA2
tr_10812,syntaxin binding protein 2,STXBP2
tr_10813,heme oxygenase 2,HMOX2
tr_10814,EH domain binding protein 1,EHBP1
tr_10815,dipeptidyl peptidase 9,DPP9
tr_10816,thrombospondin type 1 domain containing 4,THSD4
tr_10817,cytochrome P450 family 1 subfamily A member 2,CYP1A2
tr_10818,thioredoxin like 4B,TXNL4B
tr_10819,glutathione peroxidase 5,GPX5
tr_10820,transducin beta like 1 X-linked,TBL1X
tr_10821,leucine zipper and EF-hand containing transmembrane protein 1,LETM1
tr_10822,leukocyte receptor cluster member 1,LENG1
tr_10823,guanylate binding protein 4,GBP4
tr_10824,glucosylceramidase beta 3 (gene/pseudogene),GBA3
tr_10825,eukaryotic translation termination factor 1,ETF1
tr_10826,opsin 5,OPN5
tr_10827,ankyrin repeat domain 45,ANKRD45
tr_10828,olfactory receptor family 4 subfamily K member 13,OR4K13
tr_10829,lysyl oxidase like 4,LOXL4
tr_10830,olfactory receptor family 5 subfamily AS member 1,OR5AS1
tr_10831,inhibin subunit beta C,INHBC
tr_10832,dynein light chain roadblock-type 1,DYNLRB1
tr_10833,mastermind like domain containing 1,MAMLD1
tr_10834,zinc finger and BTB domain containing 42,ZBTB42
tr_10835,interleukin 23 receptor,IL23R
tr_10836,N-acetylglucosamine-1-phosphate transferase subunits alpha and beta,GNPTAB
tr_10837,zinc finger BED-type containing 4,ZBED4
tr_10838,ornithine decarboxylase antizyme 2,OAZ2
tr_10839,PBX/knotted 1 homeobox 2,PKNOX2
tr_10840,peroxisomal biogenesis factor 13,PEX13
tr_10841,zinc finger protein 564,ZNF564
tr_10842,leucine rich repeat transmembrane protein 2,LRTM2
tr_10843,G protein-coupled receptor 149,GPR149
tr_10844,male germ cell associated kinase,MAK
tr_10845,thyroid hormone receptor interactor 10,TRIP10
tr_10846,interleukin 25,IL25
tr_10847,sphingosine-1-phosphate phosphatase 2,SGPP2
tr_10848,C-type lectin domain family 3 member B,CLEC3B
tr_10849,lysine demethylase 5A,KDM5A
tr_10850,kelch like family member 11,KLHL11
tr_10851,taste 2 receptor member 8,TAS2R8
tr_10852,cyclin B3,CCNB3
tr_10853,regucalcin,RGN
tr_10854,mannosidase alpha class 2A member 1,MAN2A1
tr_10855,transmembrane protein 208,TMEM208
tr_10856,cysteine rich secretory protein LCCL domain containing 1,CRISPLD1
tr_10857,M-phase phosphoprotein 8,MPHOSPH8
tr_10858,bromodomain adjacent to zinc finger domain 2A,BAZ2A
tr_10859,C-X-C motif chemokine receptor 1,CXCR1
tr_10860,orosomucoid 1,ORM1
tr_10861,3'-phosphoadenosine 5'-phosphosulfate synthase 2,PAPSS2
tr_10862,potassium voltage-gated channel subfamily Q member 1,KCNQ1
tr_10863,regulator of G protein signaling 21,RGS21
tr_10864,H6 family homeobox 3,HMX3
tr_10865,ribosomal RNA processing 8,RRP8
tr_10866,adenylate kinase 1,AK1
tr_10867,cyclin D3,CCND3
tr_10868,mitochondrial tRNA translation optimization 1,MTO1
tr_10869,neuropeptide FF-amide peptide precursor,NPFF
tr_10870,tripartite motif containing 67,TRIM67
tr_10871,importin 13,IPO13
tr_10872,ectonucleoside triphosphate diphosphohydrolase 4,ENTPD4
tr_10873,tetraspanin 8,TSPAN8
tr_10874,cyclin T1,CCNT1
tr_10875,structural maintenance of chromosomes 1B,SMC1B
tr_10876,dendrin,DDN
tr_10877,sphingomyelin synthase 1,SGMS1
tr_10878,distal-less homeobox 3,DLX3
tr_10879,LDL receptor related protein 8,LRP8
tr_10880,solute carrier family 4 member 7,SLC4A7
tr_10881,potassium voltage-gated channel subfamily D member 1,KCND1
tr_10882,lamin A/C,LMNA
tr_10883,C-type lectin domain family 4 member F,CLEC4F
tr_10884,protein phosphatase 1 catalytic subunit gamma,PPP1CC
tr_10885,5'-nucleotidase domain containing 3,NT5DC3
tr_10886,zinc finger protein 471,ZNF471
tr_10887,erythrocyte membrane protein band 4.1 like 5,EPB41L5
tr_10888,protocadherin 10,PCDH10
tr_10889,autophagy related 7,ATG7
tr_10890,poly(A) binding protein cytoplasmic 1,PABPC1
tr_10891,SRSF protein kinase 1,SRPK1
tr_10892,frizzled class receptor 6,FZD6
tr_10893,stromal interaction molecule 2,STIM2
tr_10894,triggering receptor expressed on myeloid cells like 1,TREML1
tr_10895,sodium voltage-gated channel beta subunit 4,SCN4B
tr_10896,leucine rich repeat containing 8 VRAC subunit C,LRRC8C
tr_10897,glycogen synthase kinase 3 alpha,GSK3A
tr_10898,glutathione peroxidase 1,GPX1
tr_10899,fibroblast growth factor receptor 1,FGFR1
tr_10900,zinc finger protein 397,ZNF397
tr_10901,speedy/RINGO cell cycle regulator family member E3,SPDYE3
tr_10902,tripartite motif containing 47,TRIM47
tr_10903,zinc finger protein 106,ZNF106
tr_10904,pleckstrin homology and FYVE domain containing 1,PLEKHF1
tr_10905,"prostate transmembrane protein, androgen induced 1",PMEPA1
tr_10906,bromodomain containing 8,BRD8
tr_10907,"phosphate cytidylyltransferase 1B, choline",PCYT1B
tr_10908,5'-3' exoribonuclease 2,XRN2
tr_10909,copper metabolism domain containing 1,COMMD1
tr_10910,SRY-box transcription factor 14,SOX14
tr_10911,interferon alpha 7,IFNA7
tr_10912,TGFB induced factor homeobox 2 like Y-linked,TGIF2LY
tr_10913,general transcription factor IIi,GTF2I
tr_10914,protein tyrosine phosphatase domain containing 1,PTPDC1
tr_10915,solute carrier family 10 member 7,SLC10A7
tr_10916,6-pyruvoyltetrahydropterin synthase,PTS
tr_10917,C-C motif chemokine ligand 2,CCL2
tr_10918,gamma-glutamyl hydrolase,GGH
tr_10919,kinesin family member 3C,KIF3C
tr_10920,translocase of outer mitochondrial membrane 20 like,TOMM20L
tr_10921,methyl-CpG binding domain protein 3 like 1,MBD3L1
tr_10922,thromboxane A synthase 1,TBXAS1
tr_10923,dynein cytoplasmic 1 intermediate chain 2,DYNC1I2
tr_10924,"La ribonucleoprotein 6, translational regulator",LARP6
tr_10925,chymotrypsinogen B1,CTRB1
tr_10926,tweety family member 3,TTYH3
tr_10927,even-skipped homeobox 2,EVX2
tr_10928,solute carrier family 37 member 1,SLC37A1
tr_10929,"major histocompatibility complex, class II, DQ beta 2",HLA-DQB2
tr_10930,FA complementation group C,FANCC
tr_10931,Rho associated coiled-coil containing protein kinase 1,ROCK1
tr_10932,mitochondrially encoded NADH:ubiquinone oxidoreductase core subunit 4L,MT-ND4L
tr_10933,hematopoietic prostaglandin D synthase,HPGDS
tr_10934,arylsulfatase G,ARSG
tr_10935,sterile alpha motif domain containing 4A,SAMD4A
tr_10936,mitogen-activated protein kinase kinase kinase 2,MAP3K2
tr_10937,defective in cullin neddylation 1 domain containing 4,DCUN1D4
tr_10938,glypican 6,GPC6
tr_10939,forkhead box N3,FOXN3
tr_10940,olfactomedin like 3,OLFML3
tr_10941,natural cytotoxicity triggering receptor 3,NCR3
tr_10942,serine and arginine repetitive matrix 1,SRRM1
tr_10943,vacuolar protein sorting 13 homolog C,VPS13C
tr_10944,natural cytotoxicity triggering receptor 1,NCR1
tr_10945,aquaporin 10,AQP10
tr_10946,docking protein 4,DOK4
tr_10947,dehydrogenase/reductase 13,DHRS13
tr_10948,proline rich protein BstNI subfamily 2,PRB2
tr_10949,"SPARC (osteonectin), cwcv and kazal like domains proteoglycan 2",SPOCK2
tr_10950,phosphoenolpyruvate carboxykinase 1,PCK1
tr_10951,defensin beta 128,DEFB128
tr_10952,phospholipase A2 group XIIA,PLA2G12A
tr_10953,autophagy related 4A cysteine peptidase,ATG4A
tr_10954,tubulin tyrosine ligase,TTL
tr_10955,"opsin 1, medium wave sensitive 2",OPN1MW2
tr_10956,mitogen-activated protein kinase 8 interacting protein 1,MAPK8IP1
tr_10957,WD repeat domain 93,WDR93
tr_10958,high mobility group nucleosomal binding domain 3,HMGN3
tr_10959,ubiquitin conjugating enzyme E2 F (putative),UBE2F
tr_10960,ribosome production factor 1 homolog,RPF1
tr_10961,MAS related GPR family member D,MRGPRD
tr_10962,calcium/calmodulin dependent protein kinase ID,CAMK1D
tr_10963,sulfotransferase family 4A member 1,SULT4A1
tr_10964,lysosome associated membrane protein 2,LAMP2
tr_10965,T-box transcription factor 21,TBX21
tr_10966,"beta-1,4-mannosyl-glycoprotein 4-beta-N-acetylglucosaminyltransferase",MGAT3
tr_10967,keratin 7,KRT7
tr_10968,platelet endothelial aggregation receptor 1,PEAR1
tr_10969,Fc receptor like A,FCRLA
tr_10970,G protein subunit alpha 13,GNA13
tr_10971,transmembrane p24 trafficking protein family member 8,TMED8
tr_10972,activating transcription factor 7,ATF7
tr_10973,zinc finger protein 699,ZNF699
tr_10974,metallothionein 1H,MT1H
tr_10975,ubiquitin specific peptidase 49,USP49
tr_10976,developing brain homeobox 2,DBX2
tr_10977,glutamate dehydrogenase 2,GLUD2
tr_10978,olfactory receptor family 5 subfamily H member 15,OR5H15
tr_10979,zinc finger protein 99,ZNF99
tr_10980,5-hydroxytryptamine receptor 1E,HTR1E
tr_10981,WD repeat domain 18,WDR18
tr_10982,guanylate cyclase 1 soluble subunit alpha 2,GUCY1A2
tr_10983,histidine rich carboxyl terminus 1,HRCT1
tr_10984,zinc finger AN1-type containing 2A,ZFAND2A
tr_10985,LINE1 type transposase domain containing 1,L1TD1
tr_10986,lymphotoxin beta,LTB
tr_10987,mediator of cell motility 1,MEMO1
tr_10988,potassium voltage-gated channel subfamily H member 1,KCNH1
tr_10989,F-box and leucine rich repeat protein 16,FBXL16
tr_10990,paired like homeodomain 2,PITX2
tr_10991,phosphotyrosine interaction domain containing 1,PID1
tr_10992,spermatogenesis associated 22,SPATA22
tr_10993,forty-two-three domain containing 1,FYTTD1
tr_10994,complement factor H related 5,CFHR5
tr_10995,GDNF family receptor alpha 2,GFRA2
tr_10996,kelch like family member 29,KLHL29
tr_10997,SRR1 domain containing,SRRD
tr_10998,leucine rich repeats and calponin homology domain containing 3,LRCH3
tr_10999,cytochrome c oxidase subunit 5A,COX5A
tr_11000,lipase family member N,LIPN
tr_11001,RNA polymerase II subunit A,POLR2A
tr_11002,ectodysplasin A2 receptor,EDA2R
tr_11003,IKAROS family zinc finger 1,IKZF1
tr_11004,peptidylprolyl isomerase A like 4D,PPIAL4D
tr_11005,synthesis of cytochrome C oxidase 1,SCO1
tr_11006,heat shock transcription factor 2,HSF2
tr_11007,C-X-C motif chemokine ligand 10,CXCL10
tr_11008,NADH:ubiquinone oxidoreductase subunit A11,NDUFA11
tr_11009,kelch domain containing 10,KLHDC10
tr_11010,RNA binding motif protein 20,RBM20
tr_11011,zinc finger protein 484,ZNF484
tr_11012,"meteorin like, glial cell differentiation regulator",METRNL
tr_11013,dispatched RND transporter family member 2,DISP2
tr_11014,exportin 4,XPO4
tr_11015,G protein-coupled receptor 83,GPR83
tr_11016,olfactory receptor family 5 subfamily H member 2,OR5H2
tr_11017,aldehyde dehydrogenase 16 family member A1,ALDH16A1
tr_11018,UDP glucuronosyltransferase family 2 member A1 complex locus,UGT2A1
tr_11019,potassium voltage-gated channel subfamily H member 6,KCNH6
tr_11020,protocadherin 11 Y-linked,PCDH11Y
tr_11021,family with sequence similarity 76 member A,FAM76A
tr_11022,serpin family E member 1,SERPINE1
tr_11023,secretoglobin family 1A member 1,SCGB1A1
tr_11024,leucine rich glioma inactivated 1,LGI1
tr_11025,acyl-CoA synthetase long chain family member 4,ACSL4
tr_11026,"lon peptidase 2, peroxisomal",LONP2
tr_11027,arylsulfatase A,ARSA
tr_11028,spermatogenesis associated 13,SPATA13
tr_11029,olfactory receptor family 2 subfamily AT member 4,OR2AT4
tr_11030,exocyst complex component 7,EXOC7
tr_11031,calcium/calmodulin dependent protein kinase II inhibitor 2,CAMK2N2
tr_11032,F-box and leucine rich repeat protein 4,FBXL4
tr_11033,serpin family B member 7,SERPINB7
tr_11034,peptidylprolyl isomerase like 6,PPIL6
tr_11035,"lectin, mannose binding 1 like",LMAN1L
tr_11036,glycoprotein Ib platelet subunit alpha,GP1BA
tr_11037,inhibitor of growth family member 3,ING3
tr_11038,Purkinje cell protein 4,PCP4
tr_11039,olfactory receptor family 1 subfamily K member 1,OR1K1
tr_11040,prostaglandin reductase 1,PTGR1
tr_11041,phosphatidylinositol binding clathrin assembly protein,PICALM
tr_11042,olfactory receptor family 6 subfamily P member 1,OR6P1
tr_11043,interleukin 12 receptor subunit beta 1,IL12RB1
tr_11044,lipin 3,LPIN3
tr_11045,zinc finger protein 567,ZNF567
tr_11046,T-box transcription factor 1,TBX1
tr_11047,suppressor of cytokine signaling 7,SOCS7
tr_11048,aldehyde dehydrogenase 8 family member A1,ALDH8A1
tr_11049,actin related protein 5,ACTR5
tr_11050,testis specific serine kinase substrate,TSKS
tr_11051,phosphomannomutase 2,PMM2
tr_11052,crystallin beta-gamma domain containing 3,CRYBG3
tr_11053,cullin associated and neddylation dissociated 2 (putative),CAND2
tr_11054,transmembrane serine protease 11E,TMPRSS11E
tr_11055,solute carrier family 1 member 6,SLC1A6
tr_11056,ubiquitin protein ligase E3 component n-recognin 1,UBR1
tr_11057,"5'-nucleotidase, cytosolic IA",NT5C1A
tr_11058,potassium voltage-gated channel subfamily E regulatory subunit 4,KCNE4
tr_11059,zinc finger protein 776,ZNF776
tr_11060,glycine-N-acyltransferase like 2,GLYATL2
tr_11061,kelch like family member 8,KLHL8
tr_11062,"ubiquitously transcribed tetratricopeptide repeat containing, Y-linked",UTY
tr_11063,zinc finger protein 518B,ZNF518B
tr_11064,O-6-methylguanine-DNA methyltransferase,MGMT
tr_11065,utrophin,UTRN
tr_11066,solute carrier family 6 member 16,SLC6A16
tr_11067,protein kinase C beta,PRKCB
tr_11068,melanocortin 4 receptor,MC4R
tr_11069,diacylglycerol kinase eta,DGKH
tr_11070,nuclear receptor subfamily 1 group I member 3,NR1I3
tr_11071,zinc finger protein 607,ZNF607
tr_11072,secreted frizzled related protein 5,SFRP5
tr_11073,olfactory receptor family 4 subfamily A member 16,OR4A16
tr_11074,branched chain keto acid dehydrogenase E1 subunit beta,BCKDHB
tr_11075,NADH:ubiquinone oxidoreductase subunit B10,NDUFB10
tr_11076,homeobox B7,HOXB7
tr_11077,tensin 1,TNS1
tr_11078,solute carrier family 4 member 8,SLC4A8
tr_11079,GA binding protein transcription factor subunit beta 1,GABPB1
tr_11080,glutathione S-transferase omega 1,GSTO1
tr_11081,cyclin dependent kinase 7,CDK7
tr_11082,"methyltransferase 8, tRNA N3-cytidine",METTL8
tr_11083,pro-apoptotic WT1 regulator,PAWR
tr_11084,glutamate ionotropic receptor NMDA type subunit 1,GRIN1
tr_11085,chromosome 1 open reading frame 56,C1orf56
tr_11086,thyroid hormone receptor interactor 6,TRIP6
tr_11087,taste 2 receptor member 1,TAS2R1
tr_11088,zinc finger DBF-type containing 2,ZDBF2
tr_11089,uncoupling protein 2,UCP2
tr_11090,KN motif and ankyrin repeat domains 4,KANK4
tr_11091,PR/SET domain 7,PRDM7
tr_11092,ubiquitin specific peptidase 46,USP46
tr_11093,tripartite motif containing 22,TRIM22
tr_11094,achaete-scute family bHLH transcription factor 5,ASCL5
tr_11095,dermatan sulfate epimerase like,DSEL
tr_11096,serine carboxypeptidase 1,SCPEP1
tr_11097,tachykinin receptor 2,TACR2
tr_11098,prolyl 4-hydroxylase subunit alpha 3,P4HA3
tr_11099,cancer/testis antigen family 47 member A9,CT47A9
tr_11100,pleckstrin homology like domain family A member 2,PHLDA2
tr_11101,mediator complex subunit 24,MED24
tr_11102,mutL homolog 3,MLH3
tr_11103,zinc finger CCCH-type containing 7B,ZC3H7B
tr_11104,calnexin,CANX
tr_11105,centromere protein L,CENPL
tr_11106,"beta-1,4-galactosyltransferase 5",B4GALT5
tr_11107,ribosomal RNA processing 12 homolog,RRP12
tr_11108,adaptor related protein complex 3 subunit mu 2,AP3M2
tr_11109,"protein phosphatase 3 regulatory subunit B, alpha",PPP3R1
tr_11110,"killer cell immunoglobulin like receptor, three Ig domains and long cytoplasmic tail 3",KIR3DL3
tr_11111,zinc finger protein 593,ZNF593
tr_11112,"6-phosphofructo-2-kinase/fructose-2,6-biphosphatase 1",PFKFB1
tr_11113,ubiquitin specific peptidase 2,USP2
tr_11114,potassium two pore domain channel subfamily K member 9,KCNK9
tr_11115,matrix metallopeptidase 23B,MMP23B
tr_11116,family with sequence similarity 91 member A1,FAM91A1
tr_11117,"abhydrolase domain containing 3, phospholipase",ABHD3
tr_11118,post-GPI attachment to proteins 2,PGAP2
tr_11119,neuroligin 1,NLGN1
tr_11120,nuclear receptor binding protein 2,NRBP2
tr_11121,RAD52 motif containing 1,RDM1
tr_11122,apolipoprotein B mRNA editing enzyme catalytic polypeptide like 4,APOBEC4
tr_11123,forkhead box J3,FOXJ3
tr_11124,ring finger protein 144A,RNF144A
tr_11125,arginine vasopressin receptor 2,AVPR2
tr_11126,histidine rich glycoprotein,HRG
tr_11127,oligodendrocyte myelin glycoprotein,OMG
tr_11128,RNA terminal phosphate cyclase like 1,RCL1
tr_11129,coiled-coil domain containing 116,CCDC116
tr_11130,neurturin,NRTN
tr_11131,oxidized low density lipoprotein receptor 1,OLR1
tr_11132,proline rich transmembrane protein 3,PRRT3
tr_11133,coiled-coil domain containing 85A,CCDC85A
tr_11134,NSF attachment protein alpha,NAPA
tr_11135,nucleosome assembly protein 1 like 2,NAP1L2
tr_11136,mucolipin TRP cation channel 3,MCOLN3
tr_11137,torsin family 1 member A,TOR1A
tr_11138,ubiquitin specific peptidase 31,USP31
tr_11139,kinase insert domain receptor,KDR
tr_11140,zinc finger protein 814,ZNF814
tr_11141,cell division cycle 123,CDC123
tr_11142,eukaryotic translation initiation factor 4E binding protein 1,EIF4EBP1
tr_11143,tetraspanin 14,TSPAN14
tr_11144,acyl-CoA binding domain containing 5,ACBD5
tr_11145,ankyrin repeat domain 18A,ANKRD18A
tr_11146,glucosaminyl (N-acetyl) transferase 2 (I blood group),GCNT2
tr_11147,glutathione S-transferase theta 2 (gene/pseudogene),GSTT2
tr_11148,hyaluronidase 2,HYAL2
tr_11149,solute carrier family 10 member 4,SLC10A4
tr_11150,KH and NYN domain containing,KHNYN
tr_11151,solute carrier family 26 member 9,SLC26A9
tr_11152,A-kinase anchoring protein 8 like,AKAP8L
tr_11153,fibronectin type III domain containing 1,FNDC1
tr_11154,canopy FGF signaling regulator 2,CNPY2
tr_11155,metabolism of cobalamin associated A,MMAA
tr_11156,transmembrane protein 87A,TMEM87A
tr_11157,olfactory receptor family 5 subfamily B member 17,OR5B17
tr_11158,caseinolytic mitochondrial matrix peptidase chaperone subunit X,CLPX
tr_11159,cyclin dependent kinase 3,CDK3
tr_11160,speedy/RINGO cell cycle regulator family member E2,SPDYE2
tr_11161,lipocalin 12,LCN12
tr_11162,oxysterol binding protein 2,OSBP2
tr_11163,sirtuin 2,SIRT2
tr_11164,hypocretin receptor 2,HCRTR2
tr_11165,solute carrier family 44 member 2 (CTL2 blood group),SLC44A2
tr_11166,Rho family GTPase 2,RND2
tr_11167,epithelial mitogen,EPGN
tr_11168,carbohydrate sulfotransferase 12,CHST12
tr_11169,ubiquitin like with PHD and ring finger domains 1,UHRF1
tr_11170,zinc finger protein 84,ZNF84
tr_11171,thyroid hormone receptor interactor 12,TRIP12
tr_11172,inositol polyphosphate-5-phosphatase E,INPP5E
tr_11173,aryl hydrocarbon receptor nuclear translocator,ARNT
tr_11174,follistatin like 5,FSTL5
tr_11175,keratin associated protein 5-10,KRTAP5-10
tr_11176,LIM and SH3 protein 1,LASP1
tr_11177,ribosomal protein S23,RPS23
tr_11178,zinc finger protein 148,ZNF148
tr_11179,regulating synaptic membrane exocytosis 3,RIMS3
tr_11180,sterile alpha motif domain containing 3,SAMD3
tr_11181,WD repeat domain 31,WDR31
tr_11182,growth arrest specific 6,GAS6
tr_11183,glycine N-methyltransferase,GNMT
tr_11184,heat shock transcription factor 1,HSF1
tr_11185,tetraspanin 33,TSPAN33
tr_11186,serpin family B member 11,SERPINB11
tr_11187,ankyrin repeat domain 44,ANKRD44
tr_11188,retinoic acid early transcript 1E,RAET1E
tr_11189,transmembrane protein 182,TMEM182
tr_11190,pleiotropic regulator 1,PLRG1
tr_11191,adiponectin receptor 2,ADIPOR2
tr_11192,zinc finger protein 181,ZNF181
tr_11193,"protein kinase, membrane associated tyrosine/threonine 1",PKMYT1
tr_11194,TATA-box binding protein associated factor 10,TAF10
tr_11195,myocyte enhancer factor 2A,MEF2A
tr_11196,keratin 3,KRT3
tr_11197,taste 2 receptor member 39,TAS2R39
tr_11198,psoriasis susceptibility 1 candidate 1,PSORS1C1
tr_11199,"protein kinase, DNA-activated, catalytic subunit",PRKDC
tr_11200,chitinase 3 like 1,CHI3L1
tr_11201,olfactory receptor family 8 subfamily H member 1,OR8H1
tr_11202,"mucin 1, cell surface associated",MUC1
tr_11203,A-kinase anchoring protein 14,AKAP14
tr_11204,proline rich 14,PRR14
tr_11205,neuronal PAS domain protein 4,NPAS4
tr_11206,olfactory receptor family 2 subfamily C member 1,OR2C1
tr_11207,zinc finger and BTB domain containing 40,ZBTB40
tr_11208,ecotropic viral integration site 5,EVI5
tr_11209,doublecortin domain containing 2C,DCDC2C
tr_11210,cyclin dependent kinase 4,CDK4
tr_11211,chromobox 5,CBX5
tr_11212,myosin light chain 12A,MYL12A
tr_11213,olfactory receptor family 1 subfamily J member 1,OR1J1
tr_11214,carbohydrate sulfotransferase 9,CHST9
tr_11215,unc-51 like autophagy activating kinase 2,ULK2
tr_11216,RNA binding motif protein 7,RBM7
tr_11217,meiotic nuclear divisions 1,MND1
tr_11218,zinc finger protein 804A,ZNF804A
tr_11219,zinc metallopeptidase STE24,ZMPSTE24
tr_11220,glycoprotein nmb,GPNMB
tr_11221,carnitine palmitoyltransferase 1A,CPT1A
tr_11222,resistin like beta,RETNLB
tr_11223,proprotein convertase subtilisin/kexin type 1,PCSK1
tr_11224,LIM domain binding 2,LDB2
tr_11225,speedy/RINGO cell cycle regulator family member C,SPDYC
tr_11226,G antigen 12F,GAGE12F
tr_11227,phosphodiesterase 2A,PDE2A
tr_11228,engrailed homeobox 2,EN2
tr_11229,dynein axonemal heavy chain 1,DNAH1
tr_11230,histamine N-methyltransferase,HNMT
tr_11231,formin like 1,FMNL1
tr_11232,olfactory receptor family 2 subfamily AJ member 1,OR2AJ1
tr_11233,zinc fingers and homeoboxes 2,ZHX2
tr_11234,tescalcin,TESC
tr_11235,ribosomal protein S7,RPS7
tr_11236,zinc finger protein 81,ZNF81
tr_11237,"beta-1,4-galactosyltransferase 7",B4GALT7
tr_11238,dehydrogenase/reductase 7C,DHRS7C
tr_11239,male-enhanced antigen 1,MEA1
tr_11240,transcription factor 19,TCF19
tr_11241,basic helix-loop-helix family member e22,BHLHE22
tr_11242,keratin associated protein 19-3,KRTAP19-3
tr_11243,zinc finger protein 532,ZNF532
tr_11244,matrix metallopeptidase 15,MMP15
tr_11245,F-box protein 2,FBXO2
tr_11246,thymosin beta 15B,TMSB15B
tr_11247,"TDP-glucose 4,6-dehydratase",TGDS
tr_11248,olfactory receptor family 13 subfamily D member 1,OR13D1
tr_11249,inner mitochondrial membrane peptidase subunit 2,IMMP2L
tr_11250,neurotensin,NTS
tr_11251,homeobox A7,HOXA7
tr_11252,zinc finger protein 841,ZNF841
tr_11253,solute carrier family 1 member 5,SLC1A5
tr_11254,synaptopodin,SYNPO
tr_11255,fatty acyl-CoA reductase 1,FAR1
tr_11256,AT-hook transcription factor,AKNA
tr_11257,SNF2 histone linker PHD RING helicase,SHPRH
tr_11258,aspartate beta-hydroxylase domain containing 1,ASPHD1
tr_11259,ninein,NIN
tr_11260,complement component 4 binding protein alpha,C4BPA
tr_11261,nuclear casein kinase and cyclin dependent kinase substrate 1,NUCKS1
tr_11262,olfactory receptor family 11 subfamily A member 1,OR11A1
tr_11263,ribosomal protein S20,RPS20
tr_11264,"nuclear transcription factor, X-box binding 1",NFX1
tr_11265,desert hedgehog signaling molecule,DHH
tr_11266,NADH:ubiquinone oxidoreductase subunit A2,NDUFA2
tr_11267,nuclear receptor coactivator 1,NCOA1
tr_11268,MAP kinase activating death domain,MADD
tr_11269,pleckstrin homology domain containing A6,PLEKHA6
tr_11270,DExD/H-box helicase 60,DDX60
tr_11271,olfactory receptor family 2 subfamily L member 2,OR2L2
tr_11272,lysine acetyltransferase 2A,KAT2A
tr_11273,spermatogenesis associated 16,SPATA16
tr_11274,eukaryotic translation initiation factor 4B,EIF4B
tr_11275,heterogeneous nuclear ribonucleoprotein R,HNRNPR
tr_11276,ankyrin repeat domain 34C,ANKRD34C
tr_11277,"major histocompatibility complex, class I, A",HLA-A
tr_11278,ubiquitin conjugating enzyme E2 E1,UBE2E1
tr_11279,hippocalcin like 4,HPCAL4
tr_11280,splicing factor 3a subunit 2,SF3A2
tr_11281,S-phase kinase associated protein 2,SKP2
tr_11282,matrix metallopeptidase 9,MMP9
tr_11283,fragile histidine triad diadenosine triphosphatase,FHIT
tr_11284,centrosomal protein 192,CEP192
tr_11285,transmembrane protein 39B,TMEM39B
tr_11286,speedy/RINGO cell cycle regulator family member E6,SPDYE6
tr_11287,coiled-coil domain containing 138,CCDC138
tr_11288,chorionic gonadotropin subunit beta 5,CGB5
tr_11289,saccharopine dehydrogenase (putative),SCCPDH
tr_11290,phosphoinositide-3-kinase regulatory subunit 6,PIK3R6
tr_11291,insulin like growth factor binding protein 4,IGFBP4
tr_11292,translocator protein 2,TSPO2
tr_11293,serpin family A member 7,SERPINA7
tr_11294,keratin associated protein 4-1,KRTAP4-1
tr_11295,tyrosine kinase non receptor 1,TNK1
tr_11296,forkhead box D1,FOXD1
tr_11297,carbohydrate sulfotransferase 4,CHST4
tr_11298,NK6 homeobox 2,NKX6-2
tr_11299,solute carrier family 22 member 24,SLC22A24
tr_11300,complexin 2,CPLX2
tr_11301,secretory carrier membrane protein 1,SCAMP1
tr_11302,poly(ADP-ribose) polymerase family member 10,PARP10
tr_11303,snail family transcriptional repressor 2,SNAI2
tr_11304,olfactory receptor family 7 subfamily E member 24,OR7E24
tr_11305,AT-rich interaction domain 4A,ARID4A
tr_11306,olfactory receptor family 6 subfamily C member 2,OR6C2
tr_11307,5-methyltetrahydrofolate-homocysteine methyltransferase reductase,MTRR
tr_11308,ubiquitin like 7,UBL7
tr_11309,GC-rich promoter binding protein 1 like 1,GPBP1L1
tr_11310,regulator of G protein signaling 4,RGS4
tr_11311,centrosomal protein 120,CEP120
tr_11312,ARF like GTPase 5A,ARL5A
tr_11313,neuraminidase 2,NEU2
tr_11314,epithelial membrane protein 3 (MAM blood group),EMP3
tr_11315,FUN14 domain containing 2,FUNDC2
tr_11316,copine family member 9,CPNE9
tr_11317,TATA-box binding protein,TBP
tr_11318,solute carrier family 35 member D3,SLC35D3
tr_11319,olfactory receptor family 10 subfamily G member 7,OR10G7
tr_11320,mitochondrial ribosomal protein L32,MRPL32
tr_11321,transportin 2,TNPO2
tr_11322,beta-2-microglobulin,B2M
tr_11323,potassium two pore domain channel subfamily K member 3,KCNK3
tr_11324,chromosome 8 open reading frame 34,C8orf34
tr_11325,apolipoprotein B mRNA editing enzyme catalytic subunit 3F,APOBEC3F
tr_11326,extended synaptotagmin 3,ESYT3
tr_11327,lipocalin 8,LCN8
tr_11328,keratin 39,KRT39
tr_11329,SRY-box transcription factor 7,SOX7
tr_11330,GDNF family receptor alpha 4,GFRA4
tr_11331,monoglyceride lipase,MGLL
tr_11332,surfeit 4,SURF4
tr_11333,ring finger protein 25,RNF25
tr_11334,mitogen-activated protein kinase kinase kinase 9,MAP3K9
tr_11335,acyl-CoA synthetase medium chain family member 2B,ACSM2B
tr_11336,thyroid hormone receptor interactor 13,TRIP13
tr_11337,actin related protein 3C,ACTR3C
tr_11338,cystathionine gamma-lyase,CTH
tr_11339,transmembrane protein 200A,TMEM200A
tr_11340,glycerophosphodiester phosphodiesterase domain containing 2,GDPD2
tr_11341,developmental pluripotency associated 3,DPPA3
tr_11342,HCLS1 binding protein 3,HS1BP3
tr_11343,ankyrin repeat and SOCS box containing 10,ASB10
tr_11344,multiple EGF like domains 9,MEGF9
tr_11345,"major histocompatibility complex, class II, DQ alpha 2",HLA-DQA2
tr_11346,amyloid beta precursor protein binding family B member 2,APBB2
tr_11347,olfactory receptor family 5 subfamily L member 1,OR5L1
tr_11348,"abhydrolase domain containing 5, lysophosphatidic acid acyltransferase",ABHD5
tr_11349,G protein subunit alpha i1,GNAI1
tr_11350,WD repeat domain 49,WDR49
tr_11351,family with sequence similarity 133 member B,FAM133B
tr_11352,bone morphogenetic protein 8b,BMP8B
tr_11353,dihydrouridine synthase 1 like,DUS1L
tr_11354,galanin receptor 2,GALR2
tr_11355,ankyrin repeat and sterile alpha motif domain containing 1A,ANKS1A
tr_11356,chromosome 9 open reading frame 85,C9orf85
tr_11357,Yip1 domain family member 2,YIPF2
tr_11358,olfactory receptor family 2 subfamily G member 6,OR2G6
tr_11359,zinc finger protein 713,ZNF713
tr_11360,neuropilin and tolloid like 2,NETO2
tr_11361,olfactory receptor family 8 subfamily H member 3,OR8H3
tr_11362,double homeobox 1,DUX1
tr_11363,coiled-coil domain containing 159,CCDC159
tr_11364,olfactory receptor family 8 subfamily U member 1,OR8U1
tr_11365,progesterone immunomodulatory binding factor 1,PIBF1
tr_11366,taste 1 receptor member 3,TAS1R3
tr_11367,geminin DNA replication inhibitor,GMNN
tr_11368,keratin 83,KRT83
tr_11369,GDNF family receptor alpha 3,GFRA3
tr_11370,"major histocompatibility complex, class I, E",HLA-E
tr_11371,cyclin dependent kinase inhibitor 2A,CDKN2A
tr_11372,sperm acrosome associated 4,SPACA4
tr_11373,glycerophosphodiester phosphodiesterase 1,GDE1
tr_11374,zinc finger protein 611,ZNF611
tr_11375,actin related protein 1B,ACTR1B
tr_11376,olfactory receptor family 9 subfamily G member 9,OR9G9
tr_11377,chromosome 1 open reading frame 74,C1orf74
tr_11378,synaptojanin 2,SYNJ2
tr_11379,nuclear factor of activated T cells 4,NFATC4
tr_11380,translocase of inner mitochondrial membrane 23 homolog B,TIMM23B
tr_11381,"RB binding protein 5, histone lysine methyltransferase complex subunit",RBBP5
tr_11382,olfactory receptor family 2 subfamily G member 3,OR2G3
tr_11383,dynein regulatory complex subunit 5,DRC5
tr_11384,keratin associated protein 20-4,KRTAP20-4
tr_11385,repetin,RPTN
tr_11386,acireductone dioxygenase 1,ADI1
tr_11387,oxysterol binding protein like 9,OSBPL9
tr_11388,leukotriene C4 synthase,LTC4S
tr_11389,two pore segment channel 2,TPCN2
tr_11390,pro-platelet basic protein,PPBP
tr_11391,doublecortin like kinase 2,DCLK2
tr_11392,basic leucine zipper ATF-like transcription factor 3,BATF3
tr_11393,MAGUK p55 scaffold protein 4,MPP4
tr_11394,ubiquitination factor E4B,UBE4B
tr_11395,protein tyrosine phosphatase non-receptor type 2,PTPN2
tr_11396,synaptonemal complex central element protein 1 like,SYCE1L
tr_11397,chromosome 10 open reading frame 67,C10orf67
tr_11398,family with sequence similarity 81 member B,FAM81B
tr_11399,X-ray repair cross complementing 4,XRCC4
tr_11400,ring finger protein 182,RNF182
tr_11401,yippee like 3,YPEL3
tr_11402,Bruton tyrosine kinase,BTK
tr_11403,apolipoprotein L6,APOL6
tr_11404,WD repeat domain 55,WDR55
tr_11405,ATP binding cassette subfamily A member 9,ABCA9
tr_11406,derlin 2,DERL2
tr_11407,prokineticin receptor 2,PROKR2
tr_11408,abhydrolase domain containing 14A,ABHD14A
tr_11409,keratin 6C,KRT6C
tr_11410,zinc finger protein 318,ZNF318
tr_11411,dynein axonemal light chain 1,DNAL1
tr_11412,semaphorin 4A,SEMA4A
tr_11413,G protein subunit beta 1 like,GNB1L
tr_11414,chromosome 1 open reading frame 94,C1orf94
tr_11415,glutamate ionotropic receptor delta type subunit 1,GRID1
tr_11416,distal-less homeobox 1,DLX1
tr_11417,lactotransferrin,LTF
tr_11418,diphthamide biosynthesis 1,DPH1
tr_11419,RNA polymerase III subunit H,POLR3H
tr_11420,endo-beta-N-acetylglucosaminidase,ENGASE
tr_11421,allograft inflammatory factor 1 like,AIF1L
tr_11422,caspase 8,CASP8
tr_11423,anaphase promoting complex subunit 5,ANAPC5
tr_11424,dachsous cadherin-related 2,DCHS2
tr_11425,kelch like family member 34,KLHL34
tr_11426,pre-mRNA processing factor 18,PRPF18
tr_11427,binder of sperm protein homolog 1,BSPH1
tr_11428,transient receptor potential cation channel subfamily C member 1,TRPC1
tr_11429,zinc finger protein 792,ZNF792
tr_11430,pleckstrin homology domain containing A1,PLEKHA1
tr_11431,peptidoglycan recognition protein 2,PGLYRP2
tr_11432,pleckstrin and Sec7 domain containing 3,PSD3
tr_11433,transglutaminase 6,TGM6
tr_11434,V-set and immunoglobulin domain containing 2,VSIG2
tr_11435,cell division cycle 23,CDC23
tr_11436,dopachrome tautomerase,DCT
tr_11437,nitric oxide synthase trafficking,NOSTRIN
tr_11438,zinc finger protein 496,ZNF496
tr_11439,C-C motif chemokine ligand 23,CCL23
tr_11440,G protein subunit gamma 4,GNG4
tr_11441,ring finger protein 17,RNF17
tr_11442,DNA polymerase theta,POLQ
tr_11443,cortexin 3,CTXN3
tr_11444,RNA binding motif protein 25,RBM25
tr_11445,Nedd4 family interacting protein 1,NDFIP1
tr_11446,NFKB inhibitor interacting Ras like 2,NKIRAS2
tr_11447,proline rich membrane anchor 1,PRIMA1
tr_11448,acetyl-CoA acetyltransferase 2,ACAT2
tr_11449,acetyl-CoA carboxylase alpha,ACACA
tr_11450,zinc finger protein 844,ZNF844
tr_11451,proline rich and Gla domain 1,PRRG1
tr_11452,pleckstrin homology and RhoGEF domain containing G1,PLEKHG1
tr_11453,calcium/calmodulin dependent protein kinase IV,CAMK4
tr_11454,cathelicidin antimicrobial peptide,CAMP
tr_11455,jumonji domain containing 7,JMJD7
tr_11456,ectonucleoside triphosphate diphosphohydrolase 7,ENTPD7
tr_11457,solute carrier family 41 member 2,SLC41A2
tr_11458,RNA polymerase II associated protein 3,RPAP3
tr_11459,tripartite motif containing 41,TRIM41
tr_11460,fibroblast growth factor binding protein 1,FGFBP1
tr_11461,urocortin 2,UCN2
tr_11462,MAS related GPR family member F,MRGPRF
tr_11463,BAI1 associated protein 3,BAIAP3
tr_11464,dickkopf Wnt signaling pathway inhibitor 1,DKK1
tr_11465,mitochondrial ribosome recycling factor,MRRF
tr_11466,serine hydrolase like 2,SERHL2
tr_11467,FUN14 domain containing 1,FUNDC1
tr_11468,cystatin D,CST5
tr_11469,centromere protein E,CENPE
tr_11470,chromosome 8 open reading frame 74,C8orf74
tr_11471,protein tyrosine phosphatase non-receptor type 11,PTPN11
tr_11472,mitochondrial coiled-coil domain 1,MCCD1
tr_11473,paternally expressed 10,PEG10
tr_11474,cytochrome c oxidase subunit 6A2,COX6A2
tr_11475,retinol dehydrogenase 8,RDH8
tr_11476,metabolism of cobalamin associated D,MMADHC
tr_11477,UDP glycosyltransferase family 3 member A1,UGT3A1
tr_11478,nuclear cap binding protein subunit 2 like,NCBP2L
tr_11479,neural EGFL like 2,NELL2
tr_11480,phosphoethanolamine/phosphocholine phosphatase 1,PHOSPHO1
tr_11481,signal transducer and activator of transcription 6,STAT6
tr_11482,dimethylarginine dimethylaminohydrolase 1,DDAH1
tr_11483,mitogen-activated protein kinase 9,MAPK9
tr_11484,zinc finger protein 250,ZNF250
tr_11485,spalt like transcription factor 2,SALL2
tr_11486,thymidine kinase 1,TK1
tr_11487,PC4 and SRSF1 interacting protein 1,PSIP1
tr_11488,p21 (RAC1) activated kinase 6,PAK6
tr_11489,regenerating family member 3 gamma,REG3G
tr_11490,"ribosomal RNA processing 9, U3 small nucleolar RNA binding protein",RRP9
tr_11491,LY6/PLAUR domain containing 5,LYPD5
tr_11492,mitochondrial ribosomal protein S26,MRPS26
tr_11493,patched domain containing 3 (gene/pseudogene),PTCHD3
tr_11494,olfactory receptor family 7 subfamily G member 3,OR7G3
tr_11495,heterogeneous nuclear ribonucleoprotein A0,HNRNPA0
tr_11496,transient receptor potential cation channel subfamily V member 4,TRPV4
tr_11497,zinc finger protein 200,ZNF200
tr_11498,aftiphilin,AFTPH
tr_11499,phosphatidylinositol specific phospholipase C X domain containing 1,PLCXD1
tr_11500,crystallin beta A2,CRYBA2
tr_11501,trophinin associated protein,TROAP
tr_11502,endoplasmic reticulum-golgi intermediate compartment 1,ERGIC1
tr_11503,solute carrier family 25 member 14,SLC25A14
tr_11504,chromosome 22 open reading frame 42,C22orf42
tr_11505,early growth response 3,EGR3
tr_11506,ankyrin repeat domain 61,ANKRD61
tr_11507,inhibitor of growth family member 1,ING1
tr_11508,microtubule associated serine/threonine kinase 2,MAST2
tr_11509,transmembrane serine protease 7,TMPRSS7
tr_11510,nucleoporin 133,NUP133
tr_11511,carboxypeptidase A5,CPA5
tr_11512,golgi associated PDZ and coiled-coil motif containing,GOPC
tr_11513,TATA-box binding protein associated factor 4,TAF4
tr_11514,calcium homeostasis modulator 1,CALHM1
tr_11515,pleckstrin homology domain containing M3,PLEKHM3
tr_11516,catenin delta 1,CTNND1
tr_11517,regulator of G protein signaling 8,RGS8
tr_11518,keratin 14,KRT14
tr_11519,phosphodiesterase 1C,PDE1C
tr_11520,solute carrier family 24 member 1,SLC24A1
tr_11521,pantothenate kinase 2,PANK2
tr_11522,toll like receptor 7,TLR7
tr_11523,SET and MYND domain containing 1,SMYD1
tr_11524,"abhydrolase domain containing 12, lysophospholipase",ABHD12
tr_11525,late cornified envelope 1A,LCE1A
tr_11526,glutamine--fructose-6-phosphate transaminase 2,GFPT2
tr_11527,IQ motif containing J,IQCJ
tr_11528,casein kinase 1 gamma 3,CSNK1G3
tr_11529,myosin heavy chain 16,MYH16
tr_11530,integrin alpha FG-GAP repeat containing 1,ITFG1
tr_11531,G protein subunit gamma 11,GNG11
tr_11532,galectin 9C,LGALS9C
tr_11533,3-phosphoinositide dependent protein kinase 1,PDPK1
tr_11534,sialic acid binding Ig like lectin 16 (gene/pseudogene),SIGLEC16
tr_11535,collagen type XVIII alpha 1 chain,COL18A1
tr_11536,regulation of nuclear pre-mRNA domain containing 2,RPRD2
tr_11537,cytokine receptor like factor 3,CRLF3
tr_11538,pleckstrin homology domain containing O1,PLEKHO1
tr_11539,transmembrane p24 trafficking protein 3,TMED3
tr_11540,glycine receptor beta,GLRB
tr_11541,fibroblast growth factor binding protein 3,FGFBP3
tr_11542,family with sequence similarity 184 member B,FAM184B
tr_11543,acyl-CoA thioesterase 4,ACOT4
tr_11544,keratin associated protein 4-9,KRTAP4-9
tr_11545,transmembrane protein 63C,TMEM63C
tr_11546,phosphodiesterase 6D,PDE6D
tr_11547,olfactory receptor family 4 subfamily A member 15,OR4A15
tr_11548,flavin containing dimethylaniline monoxygenase 3,FMO3
tr_11549,zinc finger protein 501,ZNF501
tr_11550,zinc finger protein 500,ZNF500
tr_11551,cytochrome b-245 alpha chain,CYBA
tr_11552,interleukin 11,IL11
tr_11553,ATPase H+ transporting V0 subunit a4,ATP6V0A4
tr_11554,SAM pointed domain containing ETS transcription factor,SPDEF
tr_11555,"phosphofructokinase, platelet",PFKP
tr_11556,dystroglycan 1,DAG1
tr_11557,exonuclease 3'-5' domain containing 3,EXD3
tr_11558,period circadian regulator 2,PER2
tr_11559,hyaluronidase 4,HYAL4
tr_11560,myotubularin related protein 2,MTMR2
tr_11561,WD repeat domain 82,WDR82
tr_11562,cathepsin Z,CTSZ
tr_11563,ATPase H+ transporting V1 subunit B1,ATP6V1B1
tr_11564,G protein-coupled receptor 179,GPR179
tr_11565,G protein nucleolar 1,GNL1
tr_11566,RNA binding motif protein 8A,RBM8A
tr_11567,stanniocalcin 2,STC2
tr_11568,corepressor of RBPJ and splicing regulator,CIRSR
tr_11569,metallothionein 1B,MT1B
tr_11570,three prime repair exonuclease 1,TREX1
tr_11571,scavenger receptor class B member 2,SCARB2
tr_11572,inositol-tetrakisphosphate 1-kinase,ITPK1
tr_11573,caspase 3,CASP3
tr_11574,PR/SET domain 14,PRDM14
tr_11575,RNA binding motif protein Y-linked family 1 member B,RBMY1B
tr_11576,ataxin 7,ATXN7
tr_11577,olfactory receptor family 3 subfamily A member 3,OR3A3
tr_11578,SRY-box transcription factor 6,SOX6
tr_11579,queuine tRNA-ribosyltransferase catalytic subunit 1,QTRT1
tr_11580,PDZ and LIM domain 7,PDLIM7
tr_11581,secretory carrier membrane protein 2,SCAMP2
tr_11582,chaperonin containing TCP1 subunit 8 like 2,CCT8L2
tr_11583,integrator complex subunit 1,INTS1
tr_11584,replication timing regulatory factor 1,RIF1
tr_11585,diacylglycerol kinase gamma,DGKG
tr_11586,arginase 1,ARG1
tr_11587,methylcrotonyl-CoA carboxylase subunit 1,MCCC1
tr_11588,myelin protein zero like 1,MPZL1
tr_11589,zinc finger protein 808,ZNF808
tr_11590,free fatty acid receptor 2,FFAR2
tr_11591,spalt like transcription factor 3,SALL3
tr_11592,sec1 family domain containing 1,SCFD1
tr_11593,vasoactive intestinal peptide receptor 2,VIPR2
tr_11594,adaptor related protein complex 3 subunit mu 1,AP3M1
tr_11595,glycogen phosphorylase L,PYGL
tr_11596,galactosidase beta 1 like 2,GLB1L2
tr_11597,zinc finger protein 415,ZNF415
tr_11598,galactosidase beta 1 like 3,GLB1L3
tr_11599,tetratricopeptide repeat domain 8,TTC8
tr_11600,lymphocyte antigen 86,LY86
tr_11601,thioredoxin 2,TXN2
tr_11602,chondroadherin like,CHADL
tr_11603,HECT and RLD domain containing E3 ubiquitin protein ligase family member 1,HERC1
tr_11604,"helicase, POLQ like",HELQ
tr_11605,mortality factor 4 like 1,MORF4L1
tr_11606,peptidase M20 domain containing 1,PM20D1
tr_11607,BRCA1 associated RING domain 1,BARD1
tr_11608,electron transfer flavoprotein subunit beta,ETFB
tr_11609,anoctamin 5,ANO5
tr_11610,creatine kinase B,CKB
tr_11611,serine/threonine kinase 32B,STK32B
tr_11612,potassium voltage-gated channel subfamily C member 1,KCNC1
tr_11613,guanylate binding protein 3,GBP3
tr_11614,WAP four-disulfide core domain 8,WFDC8
tr_11615,cache domain containing 1,CACHD1
tr_11616,"SPT3 homolog, SAGA and STAGA complex component",SUPT3H
tr_11617,phospholipase C beta 3,PLCB3
tr_11618,stomatin,STOM
tr_11619,RNA polymerase III subunit F,POLR3F
tr_11620,transforming acidic coiled-coil containing protein 2,TACC2
tr_11621,keratin associated protein 4-5,KRTAP4-5
tr_11622,Snf2 related CREBBP activator protein,SRCAP
tr_11623,NADH:ubiquinone oxidoreductase subunit B4,NDUFB4
tr_11624,phosphatidylinositol glycan anchor biosynthesis class C,PIGC
tr_11625,hepsin,HPN
tr_11626,capping actin protein of muscle Z-line subunit beta,CAPZB
tr_11627,tubulin alpha 1c,TUBA1C
tr_11628,olfactomedin 1,OLFM1
tr_11629,poly(rC) binding protein 1,PCBP1
tr_11630,"transducer of ERBB2, 1",TOB1
tr_11631,ubiquitin specific peptidase 8,USP8
tr_11632,thioredoxin like 1,TXNL1
tr_11633,zinc finger and BTB domain containing 20,ZBTB20
tr_11634,titin-cap,TCAP
tr_11635,Rho guanine nucleotide exchange factor 19,ARHGEF19
tr_11636,sortilin related VPS10 domain containing receptor 1,SORCS1
tr_11637,interleukin 20,IL20
tr_11638,Fc receptor like 4,FCRL4
tr_11639,aladin WD repeat nucleoporin,AAAS
tr_11640,neurensin 1,NRSN1
tr_11641,coiled-coil-helix-coiled-coil-helix domain containing 1,CHCHD1
tr_11642,pantothenate kinase 3,PANK3
tr_11643,tetratricopeptide repeat domain 7B,TTC7B
tr_11644,homeobox C10,HOXC10
tr_11645,armadillo repeat containing 10,ARMC10
tr_11646,cadherin 12,CDH12
tr_11647,"arachidonate 12-lipoxygenase, 12R type",ALOX12B
tr_11648,chromobox 3,CBX3
tr_11649,potassium inwardly rectifying channel subfamily J member 10,KCNJ10
tr_11650,ral guanine nucleotide dissociation stimulator like 4,RGL4
tr_11651,"nuclear protein 1, transcriptional regulator",NUPR1
tr_11652,solute carrier family 38 member 11,SLC38A11
tr_11653,zinc finger protein 396,ZNF396
tr_11654,ring finger protein 41,RNF41
tr_11655,protein phosphatase 1 regulatory subunit 3D,PPP1R3D
tr_11656,tripartite motif containing 43B,TRIM43B
tr_11657,G protein subunit alpha 12,GNA12
tr_11658,Coenzyme A synthase,COASY
tr_11659,dynein cytoplasmic 2 heavy chain 1,DYNC2H1
tr_11660,thioredoxin related transmembrane protein 1,TMX1
tr_11661,deoxynucleotidyltransferase terminal interacting protein 2,DNTTIP2
tr_11662,ribosomal protein L28,RPL28
tr_11663,zinc finger protein 425,ZNF425
tr_11664,contactin 4,CNTN4
tr_11665,valosin containing protein,VCP
tr_11666,gamma-glutamyltransferase light chain 2,GGTLC2
tr_11667,syntaxin 10,STX10
tr_11668,sterol regulatory element binding transcription factor 2,SREBF2
tr_11669,zinc finger and BTB domain containing 37,ZBTB37
tr_11670,"inositol 1,4,5-trisphosphate receptor type 2",ITPR2
tr_11671,armadillo repeat containing 8,ARMC8
tr_11672,immunoglobulin like and fibronectin type III domain containing 1,IGFN1
tr_11673,sodium channel epithelial 1 subunit gamma,SCNN1G
tr_11674,GRB10 interacting GYF protein 2,GIGYF2
tr_11675,olfactory receptor family 52 subfamily D member 1,OR52D1
tr_11676,interferon induced protein with tetratricopeptide repeats 3,IFIT3
tr_11677,G protein-coupled receptor kinase 4,GRK4
tr_11678,tRNA isopentenyltransferase 1,TRIT1
tr_11679,DNA topoisomerase II beta,TOP2B
tr_11680,phospholamban,PLN
tr_11681,phosphorylated adaptor for RNA export,PHAX
tr_11682,glutamate metabotropic receptor 5,GRM5
tr_11683,spermatogenesis associated serine rich 1,SPATS1
tr_11684,profilin family member 4,PFN4
tr_11685,peptidylprolyl isomerase A like 4E,PPIAL4E
tr_11686,nuclear RNA export factor 3,NXF3
tr_11687,C-C motif chemokine ligand 5,CCL5
tr_11688,pre-mRNA processing factor 40A,PRPF40A
tr_11689,zinc finger protein 664,ZNF664
tr_11690,glutathione S-transferase omega 2,GSTO2
tr_11691,heterogeneous nuclear ribonucleoprotein A1 like 2,HNRNPA1L2
tr_11692,phosphopantothenoylcysteine synthetase,PPCS
tr_11693,glutathione S-transferase C-terminal domain containing,GSTCD
tr_11694,"patatin like domain 8, phospholipase A2",PNPLA8
tr_11695,G protein regulated inducer of neurite outgrowth 1,GPRIN1
tr_11696,histidine triad nucleotide binding protein 1,HINT1
tr_11697,kirre like nephrin family adhesion molecule 2,KIRREL2
tr_11698,polycomb group ring finger 2,PCGF2
tr_11699,proline rich and Gla domain 4,PRRG4
tr_11700,xylulokinase,XYLB
tr_11701,BCL6 corepressor,BCOR
tr_11702,gamma-glutamylcyclotransferase,GGCT
tr_11703,nucleoporin 35,NUP35
tr_11704,"presenilin enhancer, gamma-secretase subunit",PSENEN
tr_11705,cytochrome P450 family 26 subfamily A member 1,CYP26A1
tr_11706,"beta-1,4-galactosyltransferase 4",B4GALT4
tr_11707,transmembrane protein 154,TMEM154
tr_11708,boule RNA binding protein,BOLL
tr_11709,integrin subunit alpha 2b,ITGA2B
tr_11710,"beta-1,4-N-acetyl-galactosaminyltransferase 3",B4GALNT3
tr_11711,notochord homeobox,NOTO
tr_11712,ganglioside induced differentiation associated protein 1,GDAP1
tr_11713,homeobox A1,HOXA1
tr_11714,protein phosphatase 5 catalytic subunit,PPP5C
tr_11715,serine active site containing 1,SERAC1
tr_11716,zinc finger protein 728,ZNF728
tr_11717,olfactory receptor family 2 subfamily W member 1,OR2W1
tr_11718,zinc finger C3HC-type containing 1,ZC3HC1
tr_11719,IQ motif containing F6,IQCF6
tr_11720,hemoglobin subunit gamma 2,HBG2
tr_11721,family with sequence similarity 53 member A,FAM53A
tr_11722,peripheral myelin protein 22,PMP22
tr_11723,alpha and gamma adaptin binding protein,AAGAB
tr_11724,ATP binding cassette subfamily C member 8,ABCC8
tr_11725,forkhead box D4,FOXD4
tr_11726,FERM and PDZ domain containing 4,FRMPD4
tr_11727,cytochrome P450 family 4 subfamily X member 1,CYP4X1
tr_11728,tRNA methyltransferase 11,TRMT11
tr_11729,tumor protein p63 regulated 1 like,TPRG1L
tr_11730,ring finger protein 139,RNF139
tr_11731,solute carrier family 17 member 5,SLC17A5
tr_11732,keratin associated protein 4-6,KRTAP4-6
tr_11733,stathmin 2,STMN2
tr_11734,solute carrier family 35 member A3,SLC35A3
tr_11735,5'-aminolevulinate synthase 2,ALAS2
tr_11736,acyl-CoA dehydrogenase family member 9,ACAD9
tr_11737,paired box 2,PAX2
tr_11738,membrane spanning 4-domains A14,MS4A14
tr_11739,transmembrane BAX inhibitor motif containing 1,TMBIM1
tr_11740,coiled-coil domain containing 12,CCDC12
tr_11741,phosphodiesterase 6G,PDE6G
tr_11742,stabilin 1,STAB1
tr_11743,peroxiredoxin 1,PRDX1
tr_11744,transmembrane protein 203,TMEM203
tr_11745,"coenzyme Q6, monooxygenase",COQ6
tr_11746,small nuclear ribonucleoprotein polypeptide F,SNRPF
tr_11747,transmembrane protein 138,TMEM138
tr_11748,BCL2 interacting protein 1,BNIP1
tr_11749,"abhydrolase domain containing 10, depalmitoylase",ABHD10
tr_11750,dickkopf Wnt signaling pathway inhibitor 4,DKK4
tr_11751,mitochondrial ribosomal protein L54,MRPL54
tr_11752,transmembrane and coiled-coil domains 1,TMCO1
tr_11753,denticleless E3 ubiquitin protein ligase adapter,DTL
tr_11754,synuclein alpha,SNCA
tr_11755,histocompatibility minor serpin domain containing,HMSD
tr_11756,keratin 33A,KRT33A
tr_11757,solute carrier family 39 member 2,SLC39A2
tr_11758,cyclin A1,CCNA1
tr_11759,transient receptor potential cation channel subfamily M member 7,TRPM7
tr_11760,folate receptor alpha,FOLR1
tr_11761,"protein phosphatase, Mg2+/Mn2+ dependent 1L",PPM1L
tr_11762,olfactory receptor family 2 subfamily L member 5,OR2L5
tr_11763,scinderin,SCIN
tr_11764,hyaluronan synthase 1,HAS1
tr_11765,PHD finger protein 23,PHF23
tr_11766,lipocalin 10,LCN10
tr_11767,tripartite motif containing 13,TRIM13
tr_11768,suppressor of cancer cell invasion,SCAI
tr_11769,EH domain containing 3,EHD3
tr_11770,erythrocyte membrane protein band 4.1 like 4A,EPB41L4A
tr_11771,transmembrane protein 18,TMEM18
tr_11772,small G protein signaling modulator 3,SGSM3
tr_11773,transmembrane protein 187,TMEM187
tr_11774,transient receptor potential cation channel subfamily C member 6,TRPC6
tr_11775,interleukin 2,IL2
tr_11776,mitofusin 2,MFN2
tr_11777,G protein-coupled receptor 161,GPR161
tr_11778,ubiquitin conjugating enzyme E2 M,UBE2M
tr_11779,AT-rich interaction domain 3B,ARID3B
tr_11780,keratin 26,KRT26
tr_11781,thioredoxin domain containing 17,TXNDC17
tr_11782,ADP-ribosyltransferase 1,ART1
tr_11783,Rho GTPase activating protein 11A,ARHGAP11A
tr_11784,prefoldin subunit 6,PFDN6
tr_11785,Rho GTPase activating protein 28,ARHGAP28
tr_11786,transmembrane protein 174,TMEM174
tr_11787,frizzled class receptor 9,FZD9
tr_11788,family with sequence similarity 131 member A,FAM131A
tr_11789,mediator complex subunit 14,MED14
tr_11790,transmembrane protein 92,TMEM92
tr_11791,Rab interacting lysosomal protein like 2,RILPL2
tr_11792,carbonyl reductase 4,CBR4
tr_11793,gastrin,GAST
tr_11794,caseinolytic mitochondrial matrix peptidase proteolytic subunit,CLPP
tr_11795,sphingosine-1-phosphate receptor 2,S1PR2
tr_11796,semaphorin 4B,SEMA4B
tr_11797,chimerin 1,CHN1
tr_11798,interferon regulatory factor 6,IRF6
tr_11799,SUMO specific peptidase 7,SENP7
tr_11800,hemoglobin subunit zeta,HBZ
tr_11801,ribosomal protein L35a,RPL35A
tr_11802,protein tyrosine phosphatase receptor type Z1,PTPRZ1
tr_11803,Bardet-Biedl syndrome 10,BBS10
tr_11804,membrane frizzled-related protein,MFRP
tr_11805,oxysterol binding protein like 2,OSBPL2
tr_11806,dishevelled binding antagonist of beta catenin 3,DACT3
tr_11807,isoamyl acetate hydrolyzing esterase 1 (putative),IAH1
tr_11808,ARF like GTPase 9,ARL9
tr_11809,prominin 2,PROM2
tr_11810,"methyltransferase 9, His-X-His N1(pi)-histidine",METTL9
tr_11811,peroxisomal biogenesis factor 5,PEX5
tr_11812,epsin 2,EPN2
tr_11813,complement C8 beta chain,C8B
tr_11814,leucine rich repeat and sterile alpha motif containing 1,LRSAM1
tr_11815,muscleblind like splicing regulator 1,MBNL1
tr_11816,kinesin family member 21A,KIF21A
tr_11817,immunoglobulin lambda like polypeptide 1,IGLL1
tr_11818,Janus kinase 2,JAK2
tr_11819,cartilage intermediate layer protein,CILP
tr_11820,NK2 homeobox 1,NKX2-1
tr_11821,cold shock domain containing C2,CSDC2
tr_11822,fibroblast growth factor receptor 4,FGFR4
tr_11823,cytochrome P450 family 2 subfamily U member 1,CYP2U1
tr_11824,kinesin family member C1,KIFC1
tr_11825,plakophilin 1,PKP1
tr_11826,syntaxin 4,STX4
tr_11827,ring finger protein 152,RNF152
tr_11828,ectonucleotide pyrophosphatase/phosphodiesterase 7,ENPP7
tr_11829,solute carrier family 3 member 1,SLC3A1
tr_11830,carbohydrate sulfotransferase 2,CHST2
tr_11831,zinc finger protein 528,ZNF528
tr_11832,transmembrane 6 superfamily member 1,TM6SF1
tr_11833,defensin beta 106A,DEFB106A
tr_11834,galactokinase 1,GALK1
tr_11835,ribosomal protein L26,RPL26
tr_11836,carboxyl ester lipase,CEL
tr_11837,GTP dependent ribosome recycling factor mitochondrial 2,GFM2
tr_11838,zinc finger CCHC-type containing 7,ZCCHC7
tr_11839,zinc finger HIT-type containing 3,ZNHIT3
tr_11840,thioredoxin domain containing 15,TXNDC15
tr_11841,cadherin 17,CDH17
tr_11842,TNF receptor associated factor 6,TRAF6
tr_11843,ankyrin repeat and SOCS box containing 15,ASB15
tr_11844,ankyrin repeat domain 31,ANKRD31
tr_11845,p53 apoptosis effector related to PMP22,PERP
tr_11846,proline rich 20C,PRR20C
tr_11847,phosphatidylinositol glycan anchor biosynthesis class X,PIGX
tr_11848,interleukin 23 subunit alpha,IL23A
tr_11849,glycosylphosphatidylinositol anchor attachment 1,GPAA1
tr_11850,myeloid cell nuclear differentiation antigen,MNDA
tr_11851,coiled-coil domain containing 122,CCDC122
tr_11852,tubulin alpha 4a,TUBA4A
tr_11853,transcription factor 4,TCF4
tr_11854,radial spoke head 6 homolog A,RSPH6A
tr_11855,TATA-box binding protein associated factor 1,TAF1
tr_11856,signal regulatory protein delta,SIRPD
tr_11857,elongation factor for RNA polymerase II,ELL
tr_11858,zinc finger protein 608,ZNF608
tr_11859,ribonuclease L,RNASEL
tr_11860,dolichyl-diphosphooligosaccharide--protein glycosyltransferase non-catalytic subunit,DDOST
tr_11861,olfactory receptor family 4 subfamily D member 9,OR4D9
tr_11862,glucagon like peptide 1 receptor,GLP1R
tr_11863,olfactory receptor family 9 subfamily K member 2,OR9K2
tr_11864,gamma-aminobutyric acid type A receptor subunit alpha6,GABRA6
tr_11865,solute carrier family 34 member 1,SLC34A1
tr_11866,olfactomedin 3,OLFM3
tr_11867,pyruvate dehydrogenase kinase 2,PDK2
tr_11868,chromodomain Y-linked 1B,CDY1B
tr_11869,centrosome and spindle pole associated protein 1,CSPP1
tr_11870,cancer/testis antigen family 45 member A5,CT45A5
tr_11871,olfactory receptor family 52 subfamily N member 5,OR52N5
tr_11872,vacuolar protein sorting 13 homolog A,VPS13A
tr_11873,myo-inositol oxygenase,MIOX
tr_11874,serum amyloid A2,SAA2
tr_11875,junctophilin 1,JPH1
tr_11876,"helicase, lymphoid specific",HELLS
tr_11877,cytochrome P450 family 3 subfamily A member 5,CYP3A5
tr_11878,discs large MAGUK scaffold protein 1,DLG1
tr_11879,importin 8,IPO8
tr_11880,NADH:ubiquinone oxidoreductase subunit S5,NDUFS5
tr_11881,spermidine/spermine N1-acetyl transferase like 1,SATL1
tr_11882,eukaryotic translation initiation factor 2 alpha kinase 2,EIF2AK2
tr_11883,carboxypeptidase Z,CPZ
tr_11884,interferon alpha and beta receptor subunit 2,IFNAR2
tr_11885,fatty acid binding protein 12,FABP12
tr_11886,Rh blood group CcEe antigens,RHCE
tr_11887,PAT1 homolog 2,PATL2
tr_11888,advillin,AVIL
tr_11889,solute carrier family 44 member 5,SLC44A5
tr_11890,"proline, histidine and glycine rich 1",PHGR1
tr_11891,"TATA-box binding protein associated factor, RNA polymerase I subunit B",TAF1B
tr_11892,RNA binding motif protein 15,RBM15
tr_11893,zinc finger protein 98,ZNF98
tr_11894,"mucin 6, oligomeric mucus/gel-forming (gene/pseudogene)",MUC6
tr_11895,C-X3-C motif chemokine receptor 1,CX3CR1
tr_11896,RUN and FYVE domain containing 4,RUFY4
tr_11897,leucine rich repeat containing 56,LRRC56
tr_11898,spindlin family member 3,SPIN3
tr_11899,thyrotropin releasing hormone receptor,TRHR
tr_11900,reticulocalbin 3,RCN3
tr_11901,carboxypeptidase A4,CPA4
tr_11902,defensin beta 104A,DEFB104A
tr_11903,"acid phosphatase 5, tartrate resistant",ACP5
tr_11904,zinc finger protein 570,ZNF570
tr_11905,erythropoietin,EPO
tr_11906,iron-sulfur cluster assembly 2,ISCA2
tr_11907,essential meiotic structure-specific endonuclease 1,EME1
tr_11908,F-box protein 42,FBXO42
tr_11909,4-aminobutyrate aminotransferase,ABAT
tr_11910,tuftelin interacting protein 11,TFIP11
tr_11911,protein disulfide isomerase family A member 3,PDIA3
tr_11912,olfactory receptor family 5 subfamily AC member 2,OR5AC2
tr_11913,matrix metallopeptidase 27,MMP27
tr_11914,DEAH-box helicase 16,DHX16
tr_11915,zinc finger protein 146,ZNF146
tr_11916,solute carrier family 17 member 9,SLC17A9
tr_11917,carbohydrate sulfotransferase 13,CHST13
tr_11918,ectonucleotide pyrophosphatase/phosphodiesterase 4,ENPP4
tr_11919,oxysterol binding protein like 10,OSBPL10
tr_11920,glutathione peroxidase 7,GPX7
tr_11921,aspartate beta-hydroxylase,ASPH
tr_11922,ring finger protein 7,RNF7
tr_11923,gamma-aminobutyric acid type A receptor subunit alpha1,GABRA1
tr_11924,G1 to S phase transition 1,GSPT1
tr_11925,serine/threonine kinase 31,STK31
tr_11926,serpin family A member 3,SERPINA3
tr_11927,NIMA related kinase 7,NEK7
tr_11928,LDL receptor related protein 12,LRP12
tr_11929,ring finger protein 20,RNF20
tr_11930,epithelial membrane protein 1,EMP1
tr_11931,transmembrane protein 140,TMEM140
tr_11932,receptor transporter protein 2,RTP2
tr_11933,proteasome activator subunit 2,PSME2
tr_11934,gap junction protein alpha 3,GJA3
tr_11935,phosphatidylinositol glycan anchor biosynthesis class L,PIGL
tr_11936,plexin domain containing 1,PLXDC1
tr_11937,C-type lectin domain family 2 member B,CLEC2B
tr_11938,eukaryotic translation initiation factor 3 subunit B,EIF3B
tr_11939,zinc finger MYM-type containing 5,ZMYM5
tr_11940,endothelial cell adhesion molecule,ESAM
tr_11941,zinc finger protein 75D,ZNF75D
tr_11942,methylthioribose-1-phosphate isomerase 1,MRI1
tr_11943,secernin 3,SCRN3
tr_11944,protocadherin 12,PCDH12
tr_11945,hephaestin like 1,HEPHL1
tr_11946,"protein phosphatase, Mg2+/Mn2+ dependent 1E",PPM1E
tr_11947,inter-alpha-trypsin inhibitor heavy chain 2,ITIH2
tr_11948,activating transcription factor 7 interacting protein 2,ATF7IP2
tr_11949,olfactory receptor family 4 subfamily E member 2,OR4E2
tr_11950,solute carrier family 5 member 2,SLC5A2
tr_11951,"alcohol dehydrogenase 7 (class IV), mu or sigma polypeptide",ADH7
tr_11952,transmembrane protein 41A,TMEM41A
tr_11953,neuregulin 1,NRG1
tr_11954,grainyhead like transcription factor 2,GRHL2
tr_11955,engulfment and cell motility 3,ELMO3
tr_11956,galectin 7,LGALS7
tr_11957,RB associated KRAB zinc finger,RBAK
tr_11958,MAP3K12 binding inhibitory protein 1,MBIP
tr_11959,integrator complex subunit 7,INTS7
tr_11960,solute carrier family 15 member 3,SLC15A3
tr_11961,sodium voltage-gated channel beta subunit 1,SCN1B
tr_11962,ubiquitin related modifier 1,URM1
tr_11963,visual system homeobox 2,VSX2
tr_11964,coagulation factor II thrombin receptor,F2R
tr_11965,chemokine like factor,CKLF
tr_11966,chitobiase,CTBS
tr_11967,family with sequence similarity 89 member A,FAM89A
tr_11968,solute carrier family 17 member 6,SLC17A6
tr_11969,glutamate ionotropic receptor kainate type subunit 3,GRIK3
tr_11970,tripartite motif containing 65,TRIM65
tr_11971,zinc finger protein 597,ZNF597
tr_11972,ATP binding cassette subfamily A member 12,ABCA12
tr_11973,olfactory receptor family 1 subfamily E member 2,OR1E2
tr_11974,solute carrier family 22 member 25,SLC22A25
tr_11975,NADH:ubiquinone oxidoreductase subunit C1,NDUFC1
tr_11976,CDP-diacylglycerol synthase 2,CDS2
tr_11977,prolyl 4-hydroxylase subunit beta,P4HB
tr_11978,argininosuccinate synthase 1,ASS1
tr_11979,arrestin domain containing 4,ARRDC4
tr_11980,fatty acid binding protein 3,FABP3
tr_11981,calsequestrin 1,CASQ1
tr_11982,zinc finger protein 595,ZNF595
tr_11983,"mucin 15, cell surface associated",MUC15
tr_11984,natural killer cell triggering receptor,NKTR
tr_11985,acyl-CoA synthetase long chain family member 3,ACSL3
tr_11986,double PHD fingers 1,DPF1
tr_11987,GTP cyclohydrolase 1,GCH1
tr_11988,kirre like nephrin family adhesion molecule 3,KIRREL3
tr_11989,transmembrane channel like 8,TMC8
tr_11990,"DNA polymerase epsilon, catalytic subunit",POLE
tr_11991,trinucleotide repeat containing 18,TNRC18
tr_11992,integrin subunit alpha 11,ITGA11
tr_11993,neuropilin and tolloid like 1,NETO1
tr_11994,zinc and ring finger 3,ZNRF3
tr_11995,syntaxin 2,STX2
tr_11996,CDP-diacylglycerol synthase 1,CDS1
tr_11997,fibulin 2,FBLN2
tr_11998,thymine DNA glycosylase,TDG
tr_11999,vesicle associated membrane protein 5,VAMP5
tr_12000,rhomboid like 1,RHBDL1
tr_12001,fatty acid binding protein 2,FABP2
tr_12002,TATA-box binding protein associated factor 3,TAF3
tr_12003,dynamin binding protein,DNMBP
tr_12004,dedicator of cytokinesis 8,DOCK8
tr_12005,ribonuclease A family member 4,RNASE4
tr_12006,apolipoprotein M,APOM
tr_12007,chromosome 1 open reading frame 115,C1orf115
tr_12008,amine oxidase copper containing 2,AOC2
tr_12009,family with sequence similarity 187 member A,FAM187A
tr_12010,semaphorin 6B,SEMA6B
tr_12011,polypeptide N-acetylgalactosaminyltransferase 1,GALNT1
tr_12012,caspase 10,CASP10
tr_12013,taste 2 receptor member 19,TAS2R19
tr_12014,tubulin alpha 1a,TUBA1A
tr_12015,receptor like tyrosine kinase,RYK
tr_12016,pleckstrin homology and coiled-coil domain containing D1,PLEKHD1
tr_12017,cleavage and polyadenylation specific factor 6,CPSF6
tr_12018,leucine rich repeats and immunoglobulin like domains 1,LRIG1
tr_12019,"creatine kinase, mitochondrial 1A",CKMT1A
tr_12020,Rho GTPase activating protein 1,ARHGAP1
tr_12021,small G protein signaling modulator 1,SGSM1
tr_12022,derlin 1,DERL1
tr_12023,"trans-2,3-enoyl-CoA reductase",TECR
tr_12024,chromosome 6 open reading frame 132,C6orf132
tr_12025,solute carrier family 7 member 5,SLC7A5
tr_12026,AHR interacting HSP90 co-chaperone,AIP
tr_12027,quinoid dihydropteridine reductase,QDPR
tr_12028,olfactory receptor family 10 subfamily G member 4,OR10G4
tr_12029,adrenomedullin,ADM
tr_12030,GRIP and coiled-coil domain containing 2,GCC2
tr_12031,piggyBac transposable element derived 5,PGBD5
tr_12032,structural maintenance of chromosomes 3,SMC3
tr_12033,"vezatin, adherens junctions transmembrane protein",VEZT
tr_12034,pirin,PIR
tr_12035,holocytochrome c synthase,HCCS
tr_12036,"phosphatidylinositol-4,5-bisphosphate 3-kinase catalytic subunit beta",PIK3CB
tr_12037,brain enriched guanylate kinase associated,BEGAIN
tr_12038,Rab interacting lysosomal protein like 1,RILPL1
tr_12039,NIMA related kinase 9,NEK9
tr_12040,leucine rich repeat transmembrane neuronal 1,LRRTM1
tr_12041,phospholipase C zeta 1,PLCZ1
tr_12042,Janus kinase and microtubule interacting protein 3,JAKMIP3
tr_12043,solute carrier family 17 member 8,SLC17A8
tr_12044,receptor interacting serine/threonine kinase 2,RIPK2
tr_12045,phosphodiesterase 11A,PDE11A
tr_12046,trafficking from ER to golgi regulator,TFG
tr_12047,nucleoporin 93,NUP93
tr_12048,F-box and WD repeat domain containing 8,FBXW8
tr_12049,keratocan,KERA
tr_12050,zinc finger protein 560,ZNF560
tr_12051,MDM2 binding protein,MTBP
tr_12052,kelch like family member 30,KLHL30
tr_12053,fibulin 1,FBLN1
tr_12054,zinc finger protein 615,ZNF615
tr_12055,C-type lectin domain family 4 member C,CLEC4C
tr_12056,zinc finger RANBP2-type containing 1,ZRANB1
tr_12057,pancreatic lipase related protein 1,PNLIPRP1
tr_12058,regulator of G protein signaling like 1,RGSL1
tr_12059,inhibitor of DNA binding 1,ID1
tr_12060,metallophosphoesterase domain containing 1,MPPED1
tr_12061,ring finger and CCCH-type domains 1,RC3H1
tr_12062,abhydrolase domain containing 11,ABHD11
tr_12063,mutL homolog 1,MLH1
tr_12064,ATPase sarcoplasmic/endoplasmic reticulum Ca2+ transporting 3,ATP2A3
tr_12065,retinoid X receptor alpha,RXRA
tr_12066,DDB1 and CUL4 associated factor 4 like 1,DCAF4L1
tr_12067,glucuronic acid epimerase,GLCE
tr_12068,tumor protein p63 regulated 1,TPRG1
tr_12069,tweety family member 2,TTYH2
tr_12070,dehydrogenase/reductase 3,DHRS3
tr_12071,LIM homeobox transcription factor 1 alpha,LMX1A
tr_12072,meiosis/spermiogenesis associated 1,MEIG1
tr_12073,coronin 2A,CORO2A
tr_12074,endosulfine alpha,ENSA
tr_12075,cell division cycle associated 8,CDCA8
tr_12076,karyopherin subunit alpha 2,KPNA2
tr_12077,interferon alpha inducible protein 27 like 1,IFI27L1
tr_12078,pleckstrin homology domain containing A5,PLEKHA5
tr_12079,glycogenin 2,GYG2
tr_12080,nuclear factor of activated T cells 2 interacting protein,NFATC2IP
tr_12081,fucosyltransferase 7,FUT7
tr_12082,DNA ligase 1,LIG1
tr_12083,LDL receptor related protein 10,LRP10
tr_12084,"proteasome 26S subunit, ATPase 5",PSMC5
tr_12085,heterogeneous nuclear ribonucleoprotein K,HNRNPK
tr_12086,dopamine receptor D5,DRD5
tr_12087,cholesteryl ester transfer protein,CETP
tr_12088,coagulation factor XI,F11
tr_12089,asparaginase and isoaspartyl peptidase 1,ASRGL1
tr_12090,cytochrome P450 family 21 subfamily A member 2,CYP21A2
tr_12091,protein kinase N2,PKN2
tr_12092,phospholipase D family member 5,PLD5
tr_12093,IQ motif containing GTPase activating protein 2,IQGAP2
tr_12094,proline rich 22,PRR22
tr_12095,selenium binding protein 1,SELENBP1
tr_12096,potassium channel tetramerization domain containing 14,KCTD14
tr_12097,zinc finger protein 736,ZNF736
tr_12098,myosin heavy chain 3,MYH3
tr_12099,pancreatic lipase related protein 2 (gene/pseudogene),PNLIPRP2
tr_12100,cAMP responsive element modulator,CREM
tr_12101,interleukin 27,IL27
tr_12102,guanosine monophosphate reductase 2,GMPR2
tr_12103,olfactory receptor family 51 subfamily F member 2,OR51F2
tr_12104,MBL associated serine protease 2,MASP2
tr_12105,tau tubulin kinase 2,TTBK2
tr_12106,calcium voltage-gated channel subunit alpha1 A,CACNA1A
tr_12107,sialic acid binding Ig like lectin 9,SIGLEC9
tr_12108,lysosome associated membrane protein 1,LAMP1
tr_12109,phosphatidylinositol glycan anchor biosynthesis class U,PIGU
tr_12110,NIN1 (RPN12) binding protein 1 homolog,NOB1
tr_12111,olfactory receptor family 1 subfamily L member 6,OR1L6
tr_12112,transmembrane p24 trafficking protein 10,TMED10
tr_12113,pyridine nucleotide-disulphide oxidoreductase domain 2,PYROXD2
tr_12114,melanoregulin,MREG
tr_12115,synaptojanin 2 binding protein,SYNJ2BP
tr_12116,DEAH-box helicase 8,DHX8
tr_12117,G antigen 12J,GAGE12J
tr_12118,chromosome 11 open reading frame 52,C11orf52
tr_12119,ret finger protein like 2,RFPL2
tr_12120,tetratricopeptide repeat domain 7A,TTC7A
tr_12121,cancer/testis antigen family 47 member A11,CT47A11
tr_12122,aldehyde dehydrogenase 3 family member B2,ALDH3B2
tr_12123,zinc finger protein 341,ZNF341
tr_12124,CDGSH iron sulfur domain 3,CISD3
tr_12125,polyribonucleotide nucleotidyltransferase 1,PNPT1
tr_12126,recombination activating 1,RAG1
tr_12127,Rho GTPase activating protein 19,ARHGAP19
tr_12128,netrin 4,NTN4
tr_12129,gap junction protein beta 3,GJB3
tr_12130,kinesin family member 23,KIF23
tr_12131,zinc finger protein 157,ZNF157
tr_12132,LDL receptor related protein 1B,LRP1B
tr_12133,metallothionein 2A,MT2A
tr_12134,complement factor H related 2,CFHR2
tr_12135,dynactin subunit 5,DCTN5
tr_12136,G-patch domain containing 1,GPATCH1
tr_12137,signal transducing adaptor molecule 2,STAM2
tr_12138,ubiquitin conjugating enzyme E2 Z,UBE2Z
tr_12139,estrogen receptor 1,ESR1
tr_12140,N-terminal EF-hand calcium binding protein 3,NECAB3
tr_12141,acyl-CoA oxidase 1,ACOX1
tr_12142,transmembrane protein 120A,TMEM120A
tr_12143,V-set and immunoglobulin domain containing 8,VSIG8
tr_12144,chromosome 2 open reading frame 80,C2orf80
tr_12145,ring finger protein 111,RNF111
tr_12146,insulin like growth factor 1 receptor,IGF1R
tr_12147,mucin like 1,MUCL1
tr_12148,SUMO specific peptidase 5,SENP5
tr_12149,protein S,PROS1
tr_12150,zinc finger protein 222,ZNF222
tr_12151,sterile alpha motif domain containing 7,SAMD7
tr_12152,dehydrogenase/reductase X-linked,DHRSX
tr_12153,retinoic acid receptor alpha,RARA
tr_12154,synaptotagmin 5,SYT5
tr_12155,placenta associated 9,PLAC9
tr_12156,"cell division cycle 37 like 1, HSP90 cochaperone",CDC37L1
tr_12157,membrane spanning 4-domains A10,MS4A10
tr_12158,GRB2 related adaptor protein like,GRAPL
tr_12159,X-ray repair cross complementing 3,XRCC3
tr_12160,solute carrier family 6 member 15,SLC6A15
tr_12161,glucagon receptor,GCGR
tr_12162,pentraxin 3,PTX3
tr_12163,prostate stem cell antigen,PSCA
tr_12164,protein phosphatase 1 regulatory inhibitor subunit 1B,PPP1R1B
tr_12165,Ras and Rab interactor 3,RIN3
tr_12166,gasdermin D,GSDMD
tr_12167,cholinergic receptor nicotinic delta subunit,CHRND
tr_12168,transmembrane 4 L six family member 20,TM4SF20
tr_12169,cochlin,COCH
tr_12170,solute carrier family 5 member 7,SLC5A7
tr_12171,small VCP interacting protein,SVIP
tr_12172,telomere maintenance 2,TELO2
tr_12173,fms related receptor tyrosine kinase 3 ligand,FLT3LG
tr_12174,arylacetamide deacetylase,AADAC
tr_12175,desmoplakin,DSP
tr_12176,sorting nexin 10,SNX10
tr_12177,TATA-box binding protein associated factor 12,TAF12
tr_12178,transmembrane protein 82,TMEM82
tr_12179,solute carrier family 35 member B2,SLC35B2
tr_12180,LPS responsive beige-like anchor protein,LRBA
tr_12181,adenosylmethionine decarboxylase 1,AMD1
tr_12182,peptidase D,PEPD
tr_12183,WD repeat domain 25,WDR25
tr_12184,transmembrane protein 219,TMEM219
tr_12185,potassium voltage-gated channel modifier subfamily S member 2,KCNS2
tr_12186,NEDD4 binding protein 1,N4BP1
tr_12187,ATP binding cassette subfamily F member 3,ABCF3
tr_12188,dopamine beta-hydroxylase,DBH
tr_12189,solute carrier organic anion transporter family member 1A2,SLCO1A2
tr_12190,fibrous sheath CABYR binding protein,FSCB
tr_12191,myotubularin related protein 3,MTMR3
tr_12192,sterile alpha motif domain containing 10,SAMD10
tr_12193,lamin B2,LMNB2
tr_12194,phosphoglucomutase 2,PGM2
tr_12195,transcription factor 15,TCF15
tr_12196,chaperonin containing TCP1 subunit 4,CCT4
tr_12197,transmembrane protein 216,TMEM216
tr_12198,"WD repeat domain, phosphoinositide interacting 1",WIPI1
tr_12199,calcitonin receptor like receptor,CALCRL
tr_12200,"proteasome 26S subunit, non-ATPase 1",PSMD1
tr_12201,protocadherin 20,PCDH20
tr_12202,interferon regulatory factor 3,IRF3
tr_12203,chromosome 14 open reading frame 119,C14orf119
tr_12204,microfibril associated protein 3 like,MFAP3L
tr_12205,collagen type IV alpha 3 chain,COL4A3
tr_12206,ras responsive element binding protein 1,RREB1
tr_12207,XK related X-linked,XKRX
tr_12208,pyruvate carboxylase,PC
tr_12209,anoctamin 8,ANO8
tr_12210,protein kinase N3,PKN3
tr_12211,ankyrin repeat and SOCS box containing 14,ASB14
tr_12212,TRAF interacting protein,TRAIP
tr_12213,mannose receptor C-type 1,MRC1
tr_12214,"WAP, follistatin/kazal, immunoglobulin, kunitz and netrin domain containing 2",WFIKKN2
tr_12215,zinc finger SWIM-type containing 6,ZSWIM6
tr_12216,speedy/RINGO cell cycle regulator family member E5,SPDYE5
tr_12217,transcriptional adaptor 1,TADA1
tr_12218,calponin 1,CNN1
tr_12219,zinc finger and SCAN domain containing 5A,ZSCAN5A
tr_12220,Abelson helper integration site 1,AHI1
tr_12221,XK related 7,XKR7
tr_12222,ankyrin repeat domain 62,ANKRD62
tr_12223,centrosomal protein 97,CEP97
tr_12224,zinc finger protein 878,ZNF878
tr_12225,olfactory receptor family 6 subfamily K member 6,OR6K6
tr_12226,phospholipase C delta 1,PLCD1
tr_12227,purinergic receptor P2Y12,P2RY12
tr_12228,bile acid-CoA:amino acid N-acyltransferase,BAAT
tr_12229,poly(rC) binding protein 2,PCBP2
tr_12230,forkhead box Q1,FOXQ1
tr_12231,keratin associated protein 4-12,KRTAP4-12
tr_12232,"tsukushi, small leucine rich proteoglycan",TSKU
tr_12233,nicotinamide phosphoribosyltransferase,NAMPT
tr_12234,sushi domain containing 5,SUSD5
tr_12235,killer cell lectin like receptor F1,KLRF1
tr_12236,non-SMC condensin I complex subunit D2,NCAPD2
tr_12237,olfactory receptor family 5 subfamily M member 10,OR5M10
tr_12238,nucleoporin 98 and 96 precursor,NUP98
tr_12239,limb development membrane protein 1,LMBR1
tr_12240,X-prolyl aminopeptidase 2,XPNPEP2
tr_12241,potassium channel tetramerization domain containing 15,KCTD15
tr_12242,aquaporin 1 (Colton blood group),AQP1
tr_12243,interleukin 17B,IL17B
tr_12244,chorionic somatomammotropin hormone 2,CSH2
tr_12245,potassium voltage-gated channel subfamily H member 2,KCNH2
tr_12246,collagen type XI alpha 2 chain,COL11A2
tr_12247,lipin 2,LPIN2
tr_12248,tolloid like 2,TLL2
tr_12249,tubulin beta 2B class IIb,TUBB2B
tr_12250,butyrophilin subfamily 2 member A1,BTN2A1
tr_12251,S-phase cyclin A associated protein in the ER,SCAPER
tr_12252,annexin A2,ANXA2
tr_12253,XK related 3,XKR3
tr_12254,solute carrier family 35 member D1,SLC35D1
tr_12255,"lectin, mannose binding 2 like",LMAN2L
tr_12256,olfactory receptor family 10 subfamily A member 4,OR10A4
tr_12257,zona pellucida binding protein,ZPBP
tr_12258,tripartite motif containing 9,TRIM9
tr_12259,major vault protein,MVP
tr_12260,structural maintenance of chromosomes 5,SMC5
tr_12261,glutamate metabotropic receptor 7,GRM7
tr_12262,X-prolyl aminopeptidase 1,XPNPEP1
tr_12263,cartilage intermediate layer protein 2,CILP2
tr_12264,fibronectin type III domain containing 8,FNDC8
tr_12265,nemo like kinase,NLK
tr_12266,transmembrane serine protease 11F,TMPRSS11F
tr_12267,matrix remodeling associated 5,MXRA5
tr_12268,G protein-coupled receptor 141,GPR141
tr_12269,"protein phosphatase, Mg2+/Mn2+ dependent 1B",PPM1B
tr_12270,transgelin 2,TAGLN2
tr_12271,olfactory receptor family 52 subfamily E member 2,OR52E2
tr_12272,nuclear receptor subfamily 1 group D member 2,NR1D2
tr_12273,COP9 signalosome subunit 7B,COPS7B
tr_12274,protein tyrosine phosphatase receptor type T,PTPRT
tr_12275,golgin A8 family member F,GOLGA8F
tr_12276,WD repeat domain 73,WDR73
tr_12277,ectonucleoside triphosphate diphosphohydrolase 3,ENTPD3
tr_12278,matrix remodeling associated 8,MXRA8
tr_12279,syntaxin binding protein 5L,STXBP5L
tr_12280,bone morphogenetic protein receptor type 1A,BMPR1A
tr_12281,glucosaminyl (N-acetyl) transferase 4,GCNT4
tr_12282,solute carrier family 25 member 22,SLC25A22
tr_12283,myosin light chain 6B,MYL6B
tr_12284,nuclear receptor subfamily 2 group C member 2,NR2C2
tr_12285,glucocorticoid modulatory element binding protein 2,GMEB2
tr_12286,myosin light chain 1,MYL1
tr_12287,"SPT5 homolog, DSIF elongation factor subunit",SUPT5H
tr_12288,parathyroid hormone 2 receptor,PTH2R
tr_12289,zinc finger with KRAB and SCAN domains 3,ZKSCAN3
tr_12290,poly(A) binding protein cytoplasmic 5,PABPC5
tr_12291,tetratricopeptide repeat domain 17,TTC17
tr_12292,tripartite motif containing 46,TRIM46
tr_12293,D-amino acid oxidase,DAO
tr_12294,RNA polymerase II subunit G,POLR2G
tr_12295,phosphatidylinositol glycan anchor biosynthesis class T,PIGT
tr_12296,polymeric immunoglobulin receptor,PIGR
tr_12297,hemicentin 2,HMCN2
tr_12298,transmembrane BAX inhibitor motif containing 6,TMBIM6
tr_12299,"GTPase, IMAP family member 4",GIMAP4
tr_12300,spindle and kinetochore associated complex subunit 3,SKA3
tr_12301,protein phosphatase 2 regulatory subunit B''alpha,PPP2R3A
tr_12302,ankyrin repeat domain 30B,ANKRD30B
tr_12303,phosphatidylinositol 3-kinase catalytic subunit type 3,PIK3C3
tr_12304,serine protease 3,PRSS3
tr_12305,ribosomal protein L14,RPL14
tr_12306,myeloma overexpressed,MYEOV
tr_12307,zinc finger protein interacting with K protein 1,ZIK1
tr_12308,serine protease 1,PRSS1
tr_12309,thymidine kinase 2,TK2
tr_12310,kinesin family member C3,KIFC3
tr_12311,tetraspanin 6,TSPAN6
tr_12312,sterol regulatory element binding transcription factor 1,SREBF1
tr_12313,serpin family H member 1,SERPINH1
tr_12314,tau tubulin kinase 1,TTBK1
tr_12315,SGT1 assembly cochaperone of MIS12 kinetochore complex,SUGT1
tr_12316,interleukin 1 receptor associated kinase 1,IRAK1
tr_12317,cyclin dependent kinase like 2,CDKL2
tr_12318,zinc finger protein 836,ZNF836
tr_12319,homeobox C8,HOXC8
tr_12320,N-acetylneuraminate synthase,NANS
tr_12321,tectonin beta-propeller repeat containing 1,TECPR1
tr_12322,WD repeat and FYVE domain containing 2,WDFY2
tr_12323,seizure related 6 homolog like,SEZ6L
tr_12324,C-type lectin domain family 3 member A,CLEC3A
tr_12325,nudix hydrolase 19,NUDT19
tr_12326,retinal pigment epithelium-derived rhodopsin homolog,RRH
tr_12327,glutaminase 2,GLS2
tr_12328,syntaphilin,SNPH
tr_12329,upstream binding transcription factor,UBTF
tr_12330,ribosomal protein L15,RPL15
tr_12331,"aspartyl-tRNA synthetase 2, mitochondrial",DARS2
tr_12332,katanin regulatory subunit B1,KATNB1
tr_12333,"tetratricopeptide repeat, ankyrin repeat and coiled-coil containing 1",TANC1
tr_12334,"TOP1 binding arginine/serine rich protein, E3 ubiquitin ligase",TOPORS
tr_12335,caspase 1,CASP1
tr_12336,centromere protein K,CENPK
tr_12337,cyclin dependent kinase 11A,CDK11A
tr_12338,zinc finger protein 444,ZNF444
tr_12339,filaggrin,FLG
tr_12340,pleckstrin homology and RUN domain containing M1,PLEKHM1
tr_12341,small nuclear RNA activating complex polypeptide 3,SNAPC3
tr_12342,ubiquitin conjugating enzyme E2 R2,UBE2R2
tr_12343,low density lipoprotein receptor,LDLR
tr_12344,coiled-coil-helix-coiled-coil-helix domain containing 10,CHCHD10
tr_12345,ferrochelatase,FECH
tr_12346,membrane magnesium transporter 1,MMGT1
tr_12347,coiled-coil domain containing 85C,CCDC85C
tr_12348,acrosomal vesicle protein 1,ACRV1
tr_12349,galectin 2,LGALS2
tr_12350,hematopoietic SH2 domain containing,HSH2D
tr_12351,ATPase Na+/K+ transporting subunit beta 1,ATP1B1
tr_12352,coiled-coil domain containing 28B,CCDC28B
tr_12353,small proline rich protein 2A,SPRR2A
tr_12354,mitochondrial ribosomal protein S18A,MRPS18A
tr_12355,zinc finger MYM-type containing 4,ZMYM4
tr_12356,yippee like 1,YPEL1
tr_12357,olfactory receptor family 12 subfamily D member 2,OR12D2
tr_12358,olfactory receptor family 4 subfamily C member 3,OR4C3
tr_12359,zinc finger and SCAN domain containing 23,ZSCAN23
tr_12360,acetyl-CoA acyltransferase 1,ACAA1
tr_12361,transmembrane protein 115,TMEM115
tr_12362,M-phase phosphoprotein 6,MPHOSPH6
tr_12363,follistatin like 1,FSTL1
tr_12364,laminin subunit gamma 3,LAMC3
tr_12365,C-type lectin domain containing 16A,CLEC16A
tr_12366,plexin A4,PLXNA4
tr_12367,protein arginine methyltransferase 5,PRMT5
tr_12368,adenosine kinase,ADK
tr_12369,ring finger and CCCH-type domains 2,RC3H2
tr_12370,zinc finger and BTB domain containing 5,ZBTB5
tr_12371,thioredoxin interacting protein,TXNIP
tr_12372,SET and MYND domain containing 2,SMYD2
tr_12373,ankyrin repeat and SOCS box containing 3,ASB3
tr_12374,G protein-coupled receptor class C group 5 member B,GPRC5B
tr_12375,growth hormone 1,GH1
tr_12376,homeobox D1,HOXD1
tr_12377,zinc finger E-box binding homeobox 2,ZEB2
tr_12378,docking protein 2,DOK2
tr_12379,zinc finger protein 503,ZNF503
tr_12380,glutamate ionotropic receptor delta type subunit 2,GRID2
tr_12381,ubinuclein 2,UBN2
tr_12382,clavesin 2,CLVS2
tr_12383,heterogeneous nuclear ribonucleoprotein A/B,HNRNPAB
tr_12384,chromosome 10 open reading frame 62,C10orf62
tr_12385,olfactory receptor family 5 subfamily M member 1,OR5M1
tr_12386,"alpha-1,3-mannosyl-glycoprotein 2-beta-N-acetylglucosaminyltransferase",MGAT1
tr_12387,cathepsin C,CTSC
tr_12388,forkhead box I2,FOXI2
tr_12389,kinesin family member 22,KIF22
tr_12390,ankyrin repeat and death domain containing 1B,ANKDD1B
tr_12391,interferon stimulated exonuclease gene 20,ISG20
tr_12392,glutathione S-transferase alpha 4,GSTA4
tr_12393,olfactory receptor family 8 subfamily B member 2,OR8B2
tr_12394,ArfGAP with FG repeats 1,AGFG1
tr_12395,deoxyribonuclease 2 beta,DNASE2B
tr_12396,signaling lymphocytic activation molecule family member 1,SLAMF1
tr_12397,zymogen granule protein 16B,ZG16B
tr_12398,mitochondrial ribosomal protein L9,MRPL9
tr_12399,potassium voltage-gated channel subfamily A member 10,KCNA10
tr_12400,collagen type XVI alpha 1 chain,COL16A1
tr_12401,caspase recruitment domain family member 14,CARD14
tr_12402,signal induced proliferation associated 1 like 3,SIPA1L3
tr_12403,kallikrein related peptidase 4,KLK4
tr_12404,ATPase H+ transporting V0 subunit e1,ATP6V0E1
tr_12405,SRY-box transcription factor 10,SOX10
tr_12406,histamine receptor H1,HRH1
tr_12407,tetraspanin 19,TSPAN19
tr_12408,early growth response 4,EGR4
tr_12409,phosphatidylinositol-4-phosphate 5-kinase type 1 beta,PIP5K1B
tr_12410,prostate and testis expressed 1,PATE1
tr_12411,"transcription factor B1, mitochondrial",TFB1M
tr_12412,1-acylglycerol-3-phosphate O-acyltransferase 3,AGPAT3
tr_12413,chromosome 6 open reading frame 47,C6orf47
tr_12414,intersectin 1,ITSN1
tr_12415,growth factor receptor bound protein 10,GRB10
tr_12416,aristaless related homeobox,ARX
tr_12417,forkhead box P2,FOXP2
tr_12418,basic charge Y-linked 2B,BPY2B
tr_12419,adenosine deaminase tRNA specific 2,ADAT2
tr_12420,penta-EF-hand domain containing 1,PEF1
tr_12421,vesicle amine transport 1,VAT1
tr_12422,coiled-coil domain containing 150,CCDC150
tr_12423,potassium voltage-gated channel subfamily C member 2,KCNC2
tr_12424,tetratricopeptide repeat domain 36,TTC36
tr_12425,transforming growth factor beta 1 induced transcript 1,TGFB1I1
tr_12426,lysine rich coiled-coil 1,KRCC1
tr_12427,chromodomain helicase DNA binding protein 2,CHD2
tr_12428,vacuolar protein sorting 25 homolog,VPS25
tr_12429,mitogen-activated protein kinase kinase 5,MAP2K5
tr_12430,ataxin 3 like,ATXN3L
tr_12431,zinc finger protein like 1,ZFPL1
tr_12432,olfactory receptor family 4 subfamily S member 1,OR4S1
tr_12433,acyl-CoA binding domain containing 6,ACBD6
tr_12434,keratin 16,KRT16
tr_12435,anaphase promoting complex subunit 4,ANAPC4
tr_12436,mediator complex subunit 26,MED26
tr_12437,thyroid hormone responsive,THRSP
tr_12438,ARF like GTPase 1,ARL1
tr_12439,sphingomyelin phosphodiesterase 4,SMPD4
tr_12440,glucosaminyl (N-acetyl) transferase 1,GCNT1
tr_12441,"6-phosphofructo-2-kinase/fructose-2,6-biphosphatase 4",PFKFB4
tr_12442,"tryptophan 2,3-dioxygenase",TDO2
tr_12443,"ArfGAP with RhoGAP domain, ankyrin repeat and PH domain 3",ARAP3
tr_12444,olfactory receptor family 2 subfamily M member 3,OR2M3
tr_12445,musashi RNA binding protein 2,MSI2
tr_12446,interferon alpha inducible protein 27,IFI27
tr_12447,BH3 interacting domain death agonist,BID
tr_12448,testis expressed 10,TEX10
tr_12449,ceruloplasmin,CP
tr_12450,thyrotropin releasing hormone degrading enzyme,TRHDE
tr_12451,casein kinase 1 alpha 1 like,CSNK1A1L
tr_12452,migration and invasion inhibitory protein,MIIP
tr_12453,inositol hexakisphosphate kinase 2,IP6K2
tr_12454,ARF like GTPase 3,ARL3
tr_12455,"proteasome 26S subunit, non-ATPase 6",PSMD6
tr_12456,leucine rich repeat containing 70,LRRC70
tr_12457,cancer/testis antigen family 47 member A6,CT47A6
tr_12458,chromosome 5 open reading frame 52,C5orf52
tr_12459,G protein subunit beta 2,GNB2
tr_12460,protein phosphatase 4 regulatory subunit 1,PPP4R1
tr_12461,UDP glucuronosyltransferase family 2 member B15,UGT2B15
tr_12462,sialic acid binding Ig like lectin 8,SIGLEC8
tr_12463,N-acylethanolamine acid amidase,NAAA
tr_12464,leiomodin 2,LMOD2
tr_12465,transcription elongation factor A like 3,TCEAL3
tr_12466,D-dopachrome tautomerase like,DDTL
tr_12467,collagen type IV alpha 6 chain,COL4A6
tr_12468,NADH:ubiquinone oxidoreductase core subunit S8,NDUFS8
tr_12469,atlastin GTPase 1,ATL1
tr_12470,"phosphofructokinase, liver type",PFKL
tr_12471,DNA ligase 4,LIG4
tr_12472,dehydrogenase/reductase 7,DHRS7
tr_12473,pleckstrin and Sec7 domain containing 2,PSD2
tr_12474,hepcidin antimicrobial peptide,HAMP
tr_12475,leukotriene B4 receptor 2,LTB4R2
tr_12476,solute carrier family 22 member 8,SLC22A8
tr_12477,Scm like with four mbt domains 2,SFMBT2
tr_12478,high mobility group nucleosome binding domain 1,HMGN1
tr_12479,"growth factor, augmenter of liver regeneration",GFER
tr_12480,protocadherin 7,PCDH7
tr_12481,synaptojanin 1,SYNJ1
tr_12482,mitochondrial ribosomal protein L51,MRPL51
tr_12483,C2 calcium dependent domain containing 4D,C2CD4D
tr_12484,fibrinogen alpha chain,FGA
tr_12485,host cell factor C2,HCFC2
tr_12486,protein tyrosine phosphatase receptor type N,PTPRN
tr_12487,S-phase kinase associated protein 1,SKP1
tr_12488,paraspeckle component 1,PSPC1
tr_12489,potassium voltage-gated channel subfamily H member 5,KCNH5
tr_12490,actinin alpha 1,ACTN1
tr_12491,Src like adaptor,SLA
tr_12492,midkine,MDK
tr_12493,D-2-hydroxyglutarate dehydrogenase,D2HGDH
tr_12494,decapping mRNA 2,DCP2
tr_12495,L antigen family member 3,LAGE3
tr_12496,peripheral myelin protein 2,PMP2
tr_12497,keratin 23,KRT23
tr_12498,mitochondrial ribosomal protein S6,MRPS6
tr_12499,myelin protein zero like 3,MPZL3
tr_12500,iodothyronine deiodinase 2,DIO2
tr_12501,zinc finger and BTB domain containing 44,ZBTB44
tr_12502,cytotoxic and regulatory T cell molecule,CRTAM
tr_12503,plakophilin 3,PKP3
tr_12504,syntaxin 17,STX17
tr_12505,olfactory receptor family 4 subfamily X member 1,OR4X1
tr_12506,endoplasmic reticulum protein 44,ERP44
tr_12507,ankyrin repeat and BTB domain containing 2,ABTB2
tr_12508,translocase of inner mitochondrial membrane 10,TIMM10
tr_12509,tumor protein p53,TP53
tr_12510,ribonuclease A family member 13 (inactive),RNASE13
tr_12511,acidic nuclear phosphoprotein 32 family member D,ANP32D
tr_12512,cytochrome P450 family 3 subfamily A member 7,CYP3A7
tr_12513,poly(A) binding protein cytoplasmic 1 like 2A,PABPC1L2A
tr_12514,ArfGAP with dual PH domains 1,ADAP1
tr_12515,protein arginine methyltransferase 2,PRMT2
tr_12516,olfactory receptor family 1 subfamily S member 2,OR1S2
tr_12517,taste 2 receptor member 33,TAS2R33
tr_12518,myosin VB,MYO5B
tr_12519,sorting nexin 22,SNX22
tr_12520,zinc finger protein 414,ZNF414
tr_12521,vesicle amine transport 1 like,VAT1L
tr_12522,pepsinogen A3,PGA3
tr_12523,endothelin 3,EDN3
tr_12524,chibby family member 3,CBY3
tr_12525,bone morphogenetic protein 3,BMP3
tr_12526,helicase like transcription factor,HLTF
tr_12527,PDZ and LIM domain 1,PDLIM1
tr_12528,cAMP responsive element binding protein 3 like 3,CREB3L3
tr_12529,cathepsin O,CTSO
tr_12530,cysteine and glycine rich protein 1,CSRP1
tr_12531,olfactory receptor family 8 subfamily D member 2,OR8D2
tr_12532,STIP1 homology and U-box containing protein 1,STUB1
tr_12533,olfactory receptor family 4 subfamily E member 1,OR4E1
tr_12534,basic charge Y-linked 2,BPY2
tr_12535,galactosylceramidase,GALC
tr_12536,butyrophilin subfamily 3 member A2,BTN3A2
tr_12537,late cornified envelope 2C,LCE2C
tr_12538,zinc finger protein 831,ZNF831
tr_12539,leukocyte immunoglobulin like receptor B2,LILRB2
tr_12540,fucosyltransferase 3 (Lewis blood group),FUT3
tr_12541,fibrinogen like 1,FGL1
tr_12542,free fatty acid receptor 1,FFAR1
tr_12543,olfactory receptor family 1 subfamily A member 2,OR1A2
tr_12544,protein phosphatase 2 regulatory subunit Bdelta,PPP2R2D
tr_12545,tetraspanin 16,TSPAN16
tr_12546,tyrosine 3-monooxygenase/tryptophan 5-monooxygenase activation protein theta,YWHAQ
tr_12547,G protein-coupled receptor 162,GPR162
tr_12548,von Willebrand factor A domain containing 5A,VWA5A
tr_12549,steroid sulfatase,STS
tr_12550,zinc finger SWIM-type containing 3,ZSWIM3
tr_12551,spectrin repeat containing nuclear envelope protein 2,SYNE2
tr_12552,F-box protein 43,FBXO43
tr_12553,nuclear receptor subfamily 1 group H member 4,NR1H4
tr_12554,"troponin I2, fast skeletal type",TNNI2
tr_12555,nuclear FMR1 interacting protein 1,NUFIP1
tr_12556,"harakiri, BCL2 interacting protein",HRK
tr_12557,actinin alpha 2,ACTN2
tr_12558,secretion regulating guanine nucleotide exchange factor,SERGEF
tr_12559,bassoon presynaptic cytomatrix protein,BSN
tr_12560,surfactant protein A2,SFTPA2
tr_12561,dynein cytoplasmic 1 intermediate chain 1,DYNC1I1
tr_12562,proline rich 3,PRR3
tr_12563,SLIT-ROBO Rho GTPase activating protein 1,SRGAP1
tr_12564,tripartite motif containing 4,TRIM4
tr_12565,sodium voltage-gated channel beta subunit 2,SCN2B
tr_12566,T cell immunoreceptor with Ig and ITIM domains,TIGIT
tr_12567,transmembrane protein 183A,TMEM183A
tr_12568,RNA polymerase III subunit K,POLR3K
tr_12569,renin binding protein,RENBP
tr_12570,ribonuclease H2 subunit C,RNASEH2C
tr_12571,opioid related nociceptin receptor 1,OPRL1
tr_12572,selectin L,SELL
tr_12573,androgen receptor,AR
tr_12574,complement factor properdin,CFP
tr_12575,Fas associated via death domain,FADD
tr_12576,very low density lipoprotein receptor,VLDLR
tr_12577,butyrylcholinesterase,BCHE
tr_12578,"hydroxy-delta-5-steroid dehydrogenase, 3 beta- and steroid delta-isomerase 7",HSD3B7
tr_12579,ring finger protein 133,RNF133
tr_12580,DNA damage regulated autophagy modulator 1,DRAM1
tr_12581,solute carrier family 25 member 24,SLC25A24
tr_12582,coiled-coil domain containing 17,CCDC17
tr_12583,small nuclear RNA activating complex polypeptide 2,SNAPC2
tr_12584,Sin3A associated protein 30,SAP30
tr_12585,chromodomain helicase DNA binding protein 6,CHD6
tr_12586,thromboxane A2 receptor,TBXA2R
tr_12587,heart development protein with EGF like domains 1,HEG1
tr_12588,dual specificity phosphatase 8,DUSP8
tr_12589,tubulin folding cofactor C,TBCC
tr_12590,phosphatidylinositol glycan anchor biosynthesis class M,PIGM
tr_12591,tripartite motif family like 1,TRIML1
tr_12592,dual specificity phosphatase 23,DUSP23
tr_12593,protein inhibitor of activated STAT 2,PIAS2
tr_12594,glycine decarboxylase,GLDC
tr_12595,talin 1,TLN1
tr_12596,von Willebrand factor A domain containing 1,VWA1
tr_12597,SET and MYND domain containing 4,SMYD4
tr_12598,agouti signaling protein,ASIP
tr_12599,chondrolectin,CHODL
tr_12600,keratin associated protein 1-3,KRTAP1-3
tr_12601,ankyrin repeat and sterile alpha motif domain containing 3,ANKS3
tr_12602,glycoprotein VI platelet,GP6
tr_12603,C-type lectin domain family 4 member E,CLEC4E
tr_12604,mediator complex subunit 25,MED25
tr_12605,integrin subunit alpha 2,ITGA2
tr_12606,interaction protein for cytohesin exchange factors 1,IPCEF1
tr_12607,arginine-glutamic acid dipeptide repeats,RERE
tr_12608,myosin VIIA and Rab interacting protein,MYRIP
tr_12609,thiamin pyrophosphokinase 1,TPK1
tr_12610,mitogen-activated protein kinase kinase kinase 5,MAP3K5
tr_12611,keratin associated protein 20-1,KRTAP20-1
tr_12612,zinc finger protein 92,ZNF92
tr_12613,ribonucleotide reductase regulatory subunit M2,RRM2
tr_12614,olfactory receptor family 51 subfamily M member 1,OR51M1
tr_12615,olfactory receptor family 4 subfamily F member 15,OR4F15
tr_12616,regulator of G protein signaling 13,RGS13
tr_12617,ribonuclease MRP subunit p24,RMP24
tr_12618,N-acetyltransferase 14 (putative),NAT14
tr_12619,Fc gamma binding protein,FCGBP
tr_12620,G protein-coupled receptor 65,GPR65
tr_12621,nuclear receptor subfamily 3 group C member 1,NR3C1
tr_12622,olfactory receptor family 10 subfamily G member 8,OR10G8
tr_12623,hyaluronan and proteoglycan link protein 3,HAPLN3
tr_12624,olfactory receptor family 2 subfamily B member 6,OR2B6
tr_12625,transmembrane protein 231,TMEM231
tr_12626,procollagen C-endopeptidase enhancer,PCOLCE
tr_12627,"coenzyme Q5, methyltransferase",COQ5
tr_12628,insulin like 3,INSL3
tr_12629,growth arrest specific 1,GAS1
tr_12630,charged multivesicular body protein 1B,CHMP1B
tr_12631,lactoperoxidase,LPO
tr_12632,G protein subunit beta 5,GNB5
tr_12633,"Tu translation elongation factor, mitochondrial",TUFM
tr_12634,mitochondrial ribosomal protein L28,MRPL28
tr_12635,olfactory receptor family 4 subfamily F member 17,OR4F17
tr_12636,DDB1 and CUL4 associated factor 4 like 2,DCAF4L2
tr_12637,autophagy related 3,ATG3
tr_12638,lumican,LUM
tr_12639,activin A receptor type 2A,ACVR2A
tr_12640,transglutaminase 2,TGM2
tr_12641,cullin 3,CUL3
tr_12642,tubulin alpha 3c,TUBA3C
tr_12643,G protein subunit beta 4,GNB4
tr_12644,purine nucleoside phosphorylase,PNP
tr_12645,pyruvate dehydrogenase phosphatase catalytic subunit 1,PDP1
tr_12646,growth differentiation factor 7,GDF7
tr_12647,solute carrier family 1 member 1,SLC1A1
tr_12648,cadherin 2,CDH2
tr_12649,serpin family A member 6,SERPINA6
tr_12650,actinin alpha 3,ACTN3
tr_12651,zinc finger CW-type and PWWP domain containing 1,ZCWPW1
tr_12652,ring finger protein 43,RNF43
tr_12653,zinc finger SWIM-type containing 5,ZSWIM5
tr_12654,zinc finger CCHC-type and RNA binding motif containing 1,ZCRB1
tr_12655,"golgi associated, gamma adaptin ear containing, ARF binding protein 3",GGA3
tr_12656,sorting nexin 7,SNX7
tr_12657,solute carrier family 12 member 9,SLC12A9
tr_12658,aquaporin 11,AQP11
tr_12659,NADH:ubiquinone oxidoreductase subunit C2,NDUFC2
tr_12660,ATPase H+ transporting V1 subunit C2,ATP6V1C2
tr_12661,aurora kinase C,AURKC
tr_12662,cyclin A2,CCNA2
tr_12663,dehydrodolichyl diphosphate synthase subunit,DHDDS
tr_12664,zinc finger protein 491,ZNF491
tr_12665,TUB like protein 2,TULP2
tr_12666,general transcription factor IIIC subunit 4,GTF3C4
tr_12667,magnesium dependent phosphatase 1,MDP1
tr_12668,charged multivesicular body protein 2A,CHMP2A
tr_12669,transmembrane 4 L six family member 19,TM4SF19
tr_12670,mitogen-activated protein kinase kinase kinase 6,MAP3K6
tr_12671,"glycoprotein hormones, alpha polypeptide",CGA
tr_12672,zinc finger protein 852,ZNF852
tr_12673,euchromatic histone lysine methyltransferase 1,EHMT1
tr_12674,reprimo like,RPRML
tr_12675,TMF1 regulated nuclear protein 1,TRNP1
tr_12676,DEAD-box helicase 5,DDX5
tr_12677,"phosphofructokinase, muscle",PFKM
tr_12678,opioid receptor kappa 1,OPRK1
tr_12679,exosome component 10,EXOSC10
tr_12680,peptidyl arginine deiminase 4,PADI4
tr_12681,pellino E3 ubiquitin protein ligase family member 2,PELI2
tr_12682,C-C motif chemokine receptor 7,CCR7
tr_12683,Rab9 effector protein with kelch motifs,RABEPK
tr_12684,spalt like transcription factor 1,SALL1
tr_12685,"spectrin alpha, erythrocytic 1",SPTA1
tr_12686,membrane spanning 4-domains A4E,MS4A4E
tr_12687,interferon gamma receptor 1,IFNGR1
tr_12688,neuronal cell adhesion molecule,NRCAM
tr_12689,serine/threonine kinase 3,STK3
tr_12690,angiomotin like 1,AMOTL1
tr_12691,olfactory receptor family 4 subfamily M member 1,OR4M1
tr_12692,phosphatidylinositol-5-phosphate 4-kinase type 2 beta,PIP4K2B
tr_12693,chromosome 3 open reading frame 49,C3orf49
tr_12694,arrestin domain containing 3,ARRDC3
tr_12695,plexin B3,PLXNB3
tr_12696,cyclin dependent kinase 1,CDK1
tr_12697,T-box transcription factor 3,TBX3
tr_12698,"major histocompatibility complex, class II, DR beta 4",HLA-DRB4
tr_12699,stomatin like 2,STOML2
tr_12700,iodothyronine deiodinase 1,DIO1
tr_12701,leucine rich repeat containing 19,LRRC19
tr_12702,hyperpolarization activated cyclic nucleotide gated potassium channel 1,HCN1
tr_12703,p53 and DNA damage regulated 1,PDRG1
tr_12704,epiplakin 1,EPPK1
tr_12705,zinc finger protein 679,ZNF679
tr_12706,solute carrier family 16 member 9,SLC16A9
tr_12707,metallothionein 1X,MT1X
tr_12708,phosphatidylinositol glycan anchor biosynthesis class N,PIGN
tr_12709,osteoclast stimulating factor 1,OSTF1
tr_12710,transmembrane protein 131,TMEM131
tr_12711,chymotrypsin C,CTRC
tr_12712,armadillo repeat containing 3,ARMC3
tr_12713,cleavage and polyadenylation specific factor 1,CPSF1
tr_12714,ribosomal protein S15a,RPS15A
tr_12715,cadherin EGF LAG seven-pass G-type receptor 1,CELSR1
tr_12716,solute carrier family 25 member 36,SLC25A36
tr_12717,FA complementation group E,FANCE
tr_12718,"peptidylprolyl cis/trans isomerase, NIMA-interacting 1",PIN1
tr_12719,mediator complex subunit 8,MED8
tr_12720,twisted gastrulation BMP signaling modulator 1,TWSG1
tr_12721,"sperm protein associated with the nucleus, X-linked, family member A1",SPANXA1
tr_12722,semaphorin 3D,SEMA3D
tr_12723,zinc finger protein 676,ZNF676
tr_12724,zinc finger protein 534,ZNF534
tr_12725,chromosome 6 open reading frame 163,C6orf163
tr_12726,anoctamin 10,ANO10
tr_12727,basic leucine zipper nuclear factor 1,BLZF1
tr_12728,teashirt zinc finger homeobox 3,TSHZ3
tr_12729,"serrate, RNA effector molecule",SRRT
tr_12730,family with sequence similarity 110 member C,FAM110C
tr_12731,uroplakin 3B,UPK3B
tr_12732,kynurenine 3-monooxygenase,KMO
tr_12733,centromere protein N,CENPN
tr_12734,KH-type splicing regulatory protein,KHSRP
tr_12735,lymphocyte antigen 6 family member G6F,LY6G6F
tr_12736,olfactory receptor family 5 subfamily D member 18,OR5D18
tr_12737,protein phosphatase 2 regulatory subunit B'alpha,PPP2R5A
tr_12738,spermatogenesis associated 4,SPATA4
tr_12739,family with sequence similarity 9 member A,FAM9A
tr_12740,neuropeptide FF receptor 2,NPFFR2
tr_12741,olfactory receptor family 4 subfamily C member 15,OR4C15
tr_12742,retinoic acid induced 14,RAI14
tr_12743,inositol-trisphosphate 3-kinase C,ITPKC
tr_12744,laminin subunit gamma 1,LAMC1
tr_12745,dynactin subunit 6,DCTN6
tr_12746,cytochrome b5 domain containing 2,CYB5D2
tr_12747,RRAD and GEM like GTPase 2,REM2
tr_12748,activin A receptor type 2B,ACVR2B
tr_12749,solute carrier family 25 member 29,SLC25A29
tr_12750,"short chain dehydrogenase/reductase family 42E, member 2",SDR42E2
tr_12751,protein phosphatase 1 regulatory subunit 8,PPP1R8
tr_12752,testis specific protein Y-linked 2,TSPY2
tr_12753,netrin 3,NTN3
tr_12754,glutathione S-transferase mu 1,GSTM1
tr_12755,lysophospholipase 1,LYPLA1
tr_12756,XK related 9,XKR9
tr_12757,baculoviral IAP repeat containing 6,BIRC6
tr_12758,peptidylprolyl isomerase domain and WD repeat containing 1,PPWD1
tr_12759,transmembrane serine protease 2,TMPRSS2
tr_12760,nucleolar and spindle associated protein 1,NUSAP1
tr_12761,LIM domain only 3,LMO3
tr_12762,nerve growth factor receptor,NGFR
tr_12763,metal response element binding transcription factor 2,MTF2
tr_12764,olfactory receptor family 2 subfamily M member 7,OR2M7
tr_12765,"mucin 3A, cell surface associated",MUC3A
tr_12766,ubiquitin specific peptidase 19,USP19
tr_12767,membrane spanning 4-domains A6E,MS4A6E
tr_12768,cerebral endothelial cell adhesion molecule,CERCAM
tr_12769,membrane bound glycerophospholipid O-acyltransferase 1,MBOAT1
tr_12770,dipeptidase 2,DPEP2
tr_12771,pyruvate kinase L/R,PKLR
tr_12772,myogenic factor 6,MYF6
tr_12773,hydroxysteroid 17-beta dehydrogenase 7,HSD17B7
tr_12774,microtubule associated scaffold protein 2,MTUS2
tr_12775,"beta-1,4-galactosyltransferase 3",B4GALT3
tr_12776,thioredoxin related transmembrane protein 4,TMX4
tr_12777,"1,4-alpha-glucan branching enzyme 1",GBE1
tr_12778,dynein light chain roadblock-type 2,DYNLRB2
tr_12779,ATP binding cassette subfamily C member 11,ABCC11
tr_12780,zinc finger protein 292,ZNF292
tr_12781,synuclein gamma,SNCG
tr_12782,fibroblast growth factor receptor 3,FGFR3
tr_12783,ribosomal protein S5,RPS5
tr_12784,double homeobox A,DUXA
tr_12785,grainyhead like transcription factor 3,GRHL3
tr_12786,zinc finger protein 385C,ZNF385C
tr_12787,family with sequence similarity 180 member B,FAM180B
tr_12788,coiled-coil domain containing 137,CCDC137
tr_12789,zinc finger protein 234,ZNF234
tr_12790,toll like receptor 8,TLR8
tr_12791,hepatitis A virus cellular receptor 2,HAVCR2
tr_12792,core-binding factor subunit beta,CBFB
tr_12793,olfactory receptor family 2 subfamily T member 34,OR2T34
tr_12794,zinc finger protein 621,ZNF621
tr_12795,exocyst complex component 3 like 2,EXOC3L2
tr_12796,tripartite motif containing 37,TRIM37
tr_12797,transmembrane protein 91,TMEM91
tr_12798,ribonuclease A family member 9 (inactive),RNASE9
tr_12799,doublecortin domain containing 2,DCDC2
tr_12800,fatty acid 2-hydroxylase,FA2H
tr_12801,zinc finger protein 701,ZNF701
tr_12802,tropomyosin 2,TPM2
tr_12803,cullin 9,CUL9
tr_12804,transcription factor 21,TCF21
tr_12805,retinol dehydrogenase 10,RDH10
tr_12806,chondroitin sulfate N-acetylgalactosaminyltransferase 2,CSGALNACT2
tr_12807,adhesion molecule with Ig like domain 2,AMIGO2
tr_12808,cytidine deaminase,CDA
tr_12809,zinc finger and BTB domain containing 22,ZBTB22
tr_12810,transmembrane p24 trafficking protein 1,TMED1
tr_12811,G protein subunit alpha o1,GNAO1
tr_12812,cartilage oligomeric matrix protein,COMP
tr_12813,malic enzyme 3,ME3
tr_12814,mitogen-activated protein kinase kinase kinase 1,MAP3K1
tr_12815,casein kinase 1 epsilon,CSNK1E
tr_12816,eukaryotic translation initiation factor 2 subunit beta,EIF2S2
tr_12817,forkhead box J2,FOXJ2
tr_12818,keratin 82,KRT82
tr_12819,retinol binding protein 1,RBP1
tr_12820,transmembrane protein 63A,TMEM63A
tr_12821,mitochondrial ribosomal protein L20,MRPL20
tr_12822,arachidonate 5-lipoxygenase activating protein,ALOX5AP
tr_12823,growth factor receptor bound protein 7,GRB7
tr_12824,maltase-glucoamylase,MGAM
tr_12825,ankyrin repeat and SOCS box containing 7,ASB7
tr_12826,olfactory receptor family 2 subfamily J member 3,OR2J3
tr_12827,homeobox C9,HOXC9
tr_12828,glutathione S-transferase mu 3,GSTM3
tr_12829,butyrophilin like 2,BTNL2
tr_12830,nuclear receptor subfamily 0 group B member 2,NR0B2
tr_12831,NADH:ubiquinone oxidoreductase core subunit S3,NDUFS3
tr_12832,olfactory receptor family 6 subfamily Y member 1,OR6Y1
tr_12833,polypeptide N-acetylgalactosaminyltransferase 4,GALNT4
tr_12834,GDNF family receptor alpha like,GFRAL
tr_12835,"creatine kinase, mitochondrial 1B",CKMT1B
tr_12836,solute carrier family 25 member 12,SLC25A12
tr_12837,fibroblast growth factor 6,FGF6
tr_12838,transmembrane protein 132D,TMEM132D
tr_12839,kinesin family member 2A,KIF2A
tr_12840,"ArfGAP with coiled-coil, ankyrin repeat and PH domains 2",ACAP2
tr_12841,splA/ryanodine receptor domain and SOCS box containing 4,SPSB4
tr_12842,tyrosine hydroxylase,TH
tr_12843,"major histocompatibility complex, class II, DP alpha 1",HLA-DPA1
tr_12844,Z-DNA binding protein 1,ZBP1
tr_12845,mitochondrial ribosomal protein L46,MRPL46
tr_12846,endothelin receptor type A,EDNRA
tr_12847,sodium voltage-gated channel alpha subunit 4,SCN4A
tr_12848,stimulated by retinoic acid 8,STRA8
tr_12849,AT-rich interaction domain 4B,ARID4B
tr_12850,DNA ligase 3,LIG3
tr_12851,starch binding domain 1,STBD1
tr_12852,dopamine receptor D1,DRD1
tr_12853,N-acetylated alpha-linked acidic dipeptidase like 2,NAALADL2
tr_12854,CAP-Gly domain containing linker protein 1,CLIP1
tr_12855,pantothenate kinase 1,PANK1
tr_12856,SNRPN upstream open reading frame,SNURF
tr_12857,transmembrane protein 39A,TMEM39A
tr_12858,myosin VA,MYO5A
tr_12859,glutamic-oxaloacetic transaminase 2,GOT2
tr_12860,zinc finger protein 655,ZNF655
tr_12861,protein tyrosine phosphatase receptor type F,PTPRF
tr_12862,phospholipase C gamma 2,PLCG2
tr_12863,ELL associated factor 1,EAF1
tr_12864,kinesin family member 15,KIF15
tr_12865,sterol O-acyltransferase 1,SOAT1
tr_12866,phosphatase and actin regulator 2,PHACTR2
tr_12867,integral membrane protein 2A,ITM2A
tr_12868,eukaryotic translation initiation factor 5A,EIF5A
tr_12869,olfactory receptor family 2 subfamily T member 3,OR2T3
tr_12870,monoacylglycerol O-acyltransferase 2,MOGAT2
tr_12871,protein phosphatase 2 catalytic subunit alpha,PPP2CA
tr_12872,adaptor related protein complex 1 subunit beta 1,AP1B1
tr_12873,transmembrane protein 158,TMEM158
tr_12874,cytoplasmic FMR1 interacting protein 2,CYFIP2
tr_12875,energy homeostasis associated,ENHO
tr_12876,cytochrome b5 reductase like,CYB5RL
tr_12877,chromosome 1 open reading frame 21,C1orf21
tr_12878,ribosomal protein L37a,RPL37A
tr_12879,solute carrier family 25 member 25,SLC25A25
tr_12880,adrenoceptor beta 2,ADRB2
tr_12881,translocase of outer mitochondrial membrane 5,TOMM5
tr_12882,neurexophilin 1,NXPH1
tr_12883,deoxyribose-phosphate aldolase,DERA
tr_12884,BCL2 interacting protein 3 like,BNIP3L
tr_12885,polyamine modulated factor 1 binding protein 1,PMFBP1
tr_12886,actin related protein 2/3 complex subunit 1A,ARPC1A
tr_12887,ArfGAP with dual PH domains 2,ADAP2
tr_12888,clusterin,CLU
tr_12889,apoptosis inhibitor 5,API5
tr_12890,multimerin 1,MMRN1
tr_12891,ras homolog family member T2,RHOT2
tr_12892,fumarylacetoacetate hydrolase domain containing 2A,FAHD2A
tr_12893,plastin 1,PLS1
tr_12894,growth differentiation factor 15,GDF15
tr_12895,ring finger protein 180,RNF180
tr_12896,mitochondrial fission factor,MFF
tr_12897,solute carrier family 16 member 10,SLC16A10
tr_12898,"pleckstrin homology, MyTH4 and FERM domain containing H2",PLEKHH2
tr_12899,cholinergic receptor nicotinic alpha 5 subunit,CHRNA5
tr_12900,ribosomal protein S6 kinase B2,RPS6KB2
tr_12901,potassium voltage-gated channel subfamily D member 2,KCND2
tr_12902,MDS1 and EVI1 complex locus,MECOM
tr_12903,metaxin 1,MTX1
tr_12904,heat shock protein 90 beta family member 1,HSP90B1
tr_12905,follistatin like 3,FSTL3
tr_12906,heat shock protein family A (Hsp70) member 4,HSPA4
tr_12907,"signal peptide, CUB domain and EGF like domain containing 2",SCUBE2
tr_12908,solute carrier family 12 member 5,SLC12A5
tr_12909,ribosomal protein L29,RPL29
tr_12910,LY6/PLAUR domain containing 6,LYPD6
tr_12911,"EGFR pathway substrate 8, signaling adaptor",EPS8
tr_12912,glutamate decarboxylase 1,GAD1
tr_12913,WD repeat domain 74,WDR74
tr_12914,"DNA polymerase delta 3, accessory subunit",POLD3
tr_12915,centrosomal protein 78,CEP78
tr_12916,FERM domain containing 4A,FRMD4A
tr_12917,insulin like growth factor binding protein 2,IGFBP2
tr_12918,collagen type VIII alpha 2 chain,COL8A2
tr_12919,keratin 35,KRT35
tr_12920,transmembrane protein 145,TMEM145
tr_12921,dynactin subunit 2,DCTN2
tr_12922,sedoheptulokinase,SHPK
tr_12923,nuclear transcription factor Y subunit beta,NFYB
tr_12924,N-acetyltransferase 9,NAT9
tr_12925,solute carrier family 25 member 37,SLC25A37
tr_12926,telomeric repeat binding factor 2,TERF2
tr_12927,aminoacylase 3,ACY3
tr_12928,retinal G protein coupled receptor,RGR
tr_12929,RAB3A interacting protein like 1,RAB3IL1
tr_12930,dynactin subunit 1,DCTN1
tr_12931,serine/threonine kinase 17b,STK17B
tr_12932,glutamate rich WD repeat containing 1,GRWD1
tr_12933,synaptonemal complex protein 2 like,SYCP2L
tr_12934,nuclear assembly factor 1 ribonucleoprotein,NAF1
tr_12935,sphingomyelin phosphodiesterase 2,SMPD2
tr_12936,kelch like family member 28,KLHL28
tr_12937,potassium voltage-gated channel modifier subfamily G member 4,KCNG4
tr_12938,ferredoxin reductase,FDXR
tr_12939,ubiquitin domain containing 1,UBTD1
tr_12940,lysozyme g2,LYG2
tr_12941,G protein-coupled receptor 183,GPR183
tr_12942,trafficking protein particle complex subunit 10,TRAPPC10
tr_12943,tetratricopeptide repeat domain 6,TTC6
tr_12944,"abhydrolase domain containing 4, N-acyl phospholipase B",ABHD4
tr_12945,cleavage stimulation factor subunit 2,CSTF2
tr_12946,family with sequence similarity 13 member A,FAM13A
tr_12947,enolase 2,ENO2
tr_12948,transmembrane protein 71,TMEM71
tr_12949,phosphoinositide-3-kinase regulatory subunit 2,PIK3R2
tr_12950,gonadotropin releasing hormone receptor,GNRHR
tr_12951,vesicle trafficking 1,VTA1
tr_12952,transcription elongation factor A like 7,TCEAL7
tr_12953,olfactory receptor family 4 subfamily C member 46,OR4C46
tr_12954,chemerin chemokine-like receptor 1,CMKLR1
tr_12955,fatty acid desaturase 6,FADS6
tr_12956,aconitase 2,ACO2
tr_12957,rhomboid 5 homolog 1,RHBDF1
tr_12958,eukaryotic translation initiation factor 3 subunit G,EIF3G
tr_12959,ret finger protein like 4B,RFPL4B
tr_12960,ras homolog family member C,RHOC
tr_12961,protein geranylgeranyltransferase type I subunit beta,PGGT1B
tr_12962,zinc finger protein 839,ZNF839
tr_12963,taste 2 receptor member 43,TAS2R43
tr_12964,reticulon 2,RTN2
tr_12965,NADH:ubiquinone oxidoreductase subunit S4,NDUFS4
tr_12966,translin associated factor X,TSNAX
tr_12967,endothelial differentiation related factor 1,EDF1
tr_12968,zinc finger and BTB domain containing 9,ZBTB9
tr_12969,5-hydroxytryptamine receptor 1A,HTR1A
tr_12970,opioid receptor mu 1,OPRM1
tr_12971,exportin 5,XPO5
tr_12972,protein kinase C zeta,PRKCZ
tr_12973,chaperonin containing TCP1 subunit 6B,CCT6B
tr_12974,gem nuclear organelle associated protein 7,GEMIN7
tr_12975,ribosomal protein L18a,RPL18A
tr_12976,collagen type V alpha 2 chain,COL5A2
tr_12977,interleukin 27 receptor subunit alpha,IL27RA
tr_12978,protein kinase cAMP-dependent type I regulatory subunit alpha,PRKAR1A
tr_12979,low density lipoprotein receptor class A domain containing 1,LDLRAD1
tr_12980,activity regulated cytoskeleton associated protein,ARC
tr_12981,myosin light chain kinase,MYLK
tr_12982,lysine demethylase 5C,KDM5C
tr_12983,rabphilin 3A,RPH3A
tr_12984,integrator complex subunit 6,INTS6
tr_12985,microtubule associated serine/threonine kinase family member 4,MAST4
tr_12986,transmembrane protein 123,TMEM123
tr_12987,cholinergic receptor nicotinic alpha 6 subunit,CHRNA6
tr_12988,Rh family B glycoprotein,RHBG
tr_12989,"prolyl-tRNA synthetase 2, mitochondrial",PARS2
tr_12990,gastrulation brain homeobox 1,GBX1
tr_12991,ubiquitin B,UBB
tr_12992,retinoic acid early transcript 1G,RAET1G
tr_12993,semaphorin 7A (JohnMiltonHagen blood group),SEMA7A
tr_12994,staufen double-stranded RNA binding protein 1,STAU1
tr_12995,cyclin and CBS domain divalent metal cation transport mediator 4,CNNM4
tr_12996,solute carrier family 16 member 5,SLC16A5
tr_12997,microtubule associated protein 1 light chain 3 beta 2,MAP1LC3B2
tr_12998,matrilin 4,MATN4
tr_12999,scaffold attachment factor B2,SAFB2
tr_13000,transmembrane protein 125,TMEM125
tr_13001,dystrobrevin beta,DTNB
tr_13002,somatostatin receptor 2,SSTR2
tr_13003,DDB1 and CUL4 associated factor 12 like 2,DCAF12L2
tr_13004,importin 5,IPO5
tr_13005,chromodomain helicase DNA binding protein 1,CHD1
tr_13006,actin like 6A,ACTL6A
tr_13007,neurocalcin delta,NCALD
tr_13008,ELKS/RAB6-interacting/CAST family member 2,ERC2
tr_13009,centlein,CNTLN
tr_13010,ankyrin repeat and SOCS box containing 18,ASB18
tr_13011,cholinergic receptor nicotinic alpha 2 subunit,CHRNA2
tr_13012,G protein subunit gamma 3,GNG3
tr_13013,G protein subunit gamma 13,GNG13
tr_13014,keratin 77,KRT77
tr_13015,nudix hydrolase 9,NUDT9
tr_13016,calpain 8,CAPN8
tr_13017,myristoylated alanine rich protein kinase C substrate,MARCKS
tr_13018,phosphodiesterase 1B,PDE1B
tr_13019,angiotensin converting enzyme 2,ACE2
tr_13020,EGF-like photoreceptor maintenance factor,EYS
tr_13021,chorionic gonadotropin subunit beta 8,CGB8
tr_13022,single stranded DNA binding protein 1,SSBP1
tr_13023,olfactory receptor family 5 subfamily D member 14,OR5D14
tr_13024,integrin subunit beta 5,ITGB5
tr_13025,carboxypeptidase N subunit 2,CPN2
tr_13026,M-phase phosphoprotein 10,MPHOSPH10
tr_13027,G antigen 12E,GAGE12E
tr_13028,eukaryotic translation initiation factor 4A3,EIF4A3
tr_13029,SCY1 like pseudokinase 1,SCYL1
tr_13030,desmoglein 3,DSG3
tr_13031,round spermatid basic protein 1,RSBN1
tr_13032,dihydropyrimidinase like 4,DPYSL4
tr_13033,gamma-aminobutyric acid type A receptor subunit beta2,GABRB2
tr_13034,nuclear receptor subfamily 4 group A member 3,NR4A3
tr_13035,insulin like 4,INSL4
tr_13036,tripartite motif containing 27,TRIM27
tr_13037,epithelial splicing regulatory protein 2,ESRP2
tr_13038,hedgehog interacting protein,HHIP
tr_13039,EP300 interacting inhibitor of differentiation 3,EID3
tr_13040,interphotoreceptor matrix proteoglycan 2,IMPG2
tr_13041,antagonist of mitotic exit network 1 homolog,AMN1
tr_13042,activating transcription factor 3,ATF3
tr_13043,cytotoxic T-lymphocyte associated protein 4,CTLA4
tr_13044,G protein signaling modulator 2,GPSM2
tr_13045,jumping translocation breakpoint,JTB
tr_13046,zinc finger and BTB domain containing 10,ZBTB10
tr_13047,carnosine dipeptidase 2,CNDP2
tr_13048,potassium calcium-activated channel subfamily M regulatory beta subunit 4,KCNMB4
tr_13049,mitogen-activated protein kinase kinase 3,MAP2K3
tr_13050,SRY-box transcription factor 30,SOX30
tr_13051,ubiquitin specific peptidase 12,USP12
tr_13052,ubiquitin specific peptidase 38,USP38
tr_13053,gamma-aminobutyric acid type A receptor subunit gamma3,GABRG3
tr_13054,polypeptide N-acetylgalactosaminyltransferase 7,GALNT7
tr_13055,deoxyuridine triphosphatase,DUT
tr_13056,growth arrest specific 2 like 1,GAS2L1
tr_13057,peroxidasin like,PXDNL
tr_13058,RNA binding motif protein 41,RBM41
tr_13059,endothelial PAS domain protein 1,EPAS1
tr_13060,membrane spanning 4-domains A3,MS4A3
tr_13061,catsper channel auxiliary subunit gamma,CATSPERG
tr_13062,chromosome 7 open reading frame 57,C7orf57
tr_13063,solute carrier family 25 member 5,SLC25A5
tr_13064,sorting nexin 24,SNX24
tr_13065,cytokine receptor like factor 1,CRLF1
tr_13066,G antigen 12I,GAGE12I
tr_13067,ecdysoneless cell cycle regulator,ECD
tr_13068,DNA polymerase beta,POLB
tr_13069,prosaposin,PSAP
tr_13070,zinc finger CCCH-type containing 8,ZC3H8
tr_13071,dual oxidase 2,DUOX2
tr_13072,olfactory receptor family 9 subfamily A member 2,OR9A2
tr_13073,regulation of nuclear pre-mRNA domain containing 1A,RPRD1A
tr_13074,olfactory receptor family 2 subfamily L member 8,OR2L8
tr_13075,olfactory receptor family 8 subfamily J member 3,OR8J3
tr_13076,chondroitin sulfate proteoglycan 4,CSPG4
tr_13077,MAS related GPR family member X4,MRGPRX4
tr_13078,variable charge Y-linked 1B,VCY1B
tr_13079,zinc finger protein 557,ZNF557
tr_13080,"serum amyloid A4, constitutive",SAA4
tr_13081,protein tyrosine phosphatase receptor type M,PTPRM
tr_13082,small nuclear ribonucleoprotein D3 polypeptide,SNRPD3
tr_13083,purinergic receptor P2X 4,P2RX4
tr_13084,olfactory receptor family 5 subfamily K member 1,OR5K1
tr_13085,interferon induced protein with tetratricopeptide repeats 2,IFIT2
tr_13086,serine dehydratase,SDS
tr_13087,glutathione peroxidase 4,GPX4
tr_13088,vestigial like family member 4,VGLL4
tr_13089,DiGeorge syndrome critical region gene 6 like,DGCR6L
tr_13090,jagunal vesicle mediated transporter 1,JAGN1
tr_13091,dynamin 3,DNM3
tr_13092,transmembrane channel like 5,TMC5
tr_13093,transmembrane protein 222,TMEM222
tr_13094,chromosome 19 open reading frame 38,C19orf38
tr_13095,synaptotagmin 12,SYT12
tr_13096,progastricsin,PGC
tr_13097,solute carrier family 23 member 2,SLC23A2
tr_13098,SRY-box transcription factor 3,SOX3
tr_13099,eukaryotic translation elongation factor 1 gamma,EEF1G
tr_13100,claudin 3,CLDN3
tr_13101,ring finger protein 146,RNF146
tr_13102,cytosolic thiouridylase subunit 1,CTU1
tr_13103,striatin 4,STRN4
tr_13104,cytochrome P450 family 26 subfamily B member 1,CYP26B1
tr_13105,patched 1,PTCH1
tr_13106,prominin 1,PROM1
tr_13107,RNA binding motif single stranded interacting protein 2,RBMS2
tr_13108,zinc finger protein 90,ZNF90
tr_13109,DEAD-box helicase 20,DDX20
tr_13110,metadherin,MTDH
tr_13111,keratin associated protein 1-5,KRTAP1-5
tr_13112,fibroblast growth factor 11,FGF11
tr_13113,leucine rich repeat containing 42,LRRC42
tr_13114,G protein-coupled receptor 137B,GPR137B
tr_13115,heparan sulfate 6-O-sulfotransferase 2,HS6ST2
tr_13116,heat shock factor binding protein 1,HSBP1
tr_13117,zinc finger protein 79,ZNF79
tr_13118,phosphoribosyl pyrophosphate synthetase 2,PRPS2
tr_13119,coiled-coil domain containing 92,CCDC92
tr_13120,dedicator of cytokinesis 1,DOCK1
tr_13121,dehydrogenase/reductase 2,DHRS2
tr_13122,oligodendrocytic myelin paranodal and inner loop protein,OPALIN
tr_13123,phosphodiesterase 10A,PDE10A
tr_13124,solute carrier family 25 member 44,SLC25A44
tr_13125,tripartite motif containing 11,TRIM11
tr_13126,dermokine,DMKN
tr_13127,solute carrier family 17 member 2,SLC17A2
tr_13128,"beta-1,4-N-acetyl-galactosaminyltransferase 2 (SID blood group)",B4GALNT2
tr_13129,transmembrane 9 superfamily member 2,TM9SF2
tr_13130,CCR4-NOT transcription complex subunit 1,CNOT1
tr_13131,tigger transposable element derived 2,TIGD2
tr_13132,epididymal sperm binding protein 1,ELSPBP1
tr_13133,proline rich protein HaeIII subfamily 1,PRH1
tr_13134,"golgi associated, gamma adaptin ear containing, ARF binding protein 1",GGA1
tr_13135,pre-mRNA processing factor 3,PRPF3
tr_13136,collagen type VI alpha 3 chain,COL6A3
tr_13137,high mobility group AT-hook 2,HMGA2
tr_13138,dual specificity phosphatase 7,DUSP7
tr_13139,repulsive guidance molecule BMP co-receptor b,RGMB
tr_13140,transmembrane protein 45A,TMEM45A
tr_13141,interferon induced protein with tetratricopeptide repeats 5,IFIT5
tr_13142,estrogen related receptor beta,ESRRB
tr_13143,luteinizing hormone subunit beta,LHB
tr_13144,keratin associated protein 12-1,KRTAP12-1
tr_13145,protein phosphatase 2 regulatory subunit B'epsilon,PPP2R5E
tr_13146,toll like receptor 2,TLR2
tr_13147,LY6/PLAUR domain containing 1,LYPD1
tr_13148,aquaporin 8,AQP8
tr_13149,T cell leukemia homeobox 2,TLX2
tr_13150,zinc finger protein 785,ZNF785
tr_13151,taste 2 receptor member 45,TAS2R45
tr_13152,synaptotagmin 14,SYT14
tr_13153,growth differentiation factor 6,GDF6
tr_13154,leucine rich repeat containing 31,LRRC31
tr_13155,integrator complex subunit 8,INTS8
tr_13156,caspase recruitment domain family member 18,CARD18
tr_13157,solute carrier family 27 member 2,SLC27A2
tr_13158,melanocortin 2 receptor,MC2R
tr_13159,"patatin like domain 3, 1-acylglycerol-3-phosphate O-acyltransferase",PNPLA3
tr_13160,WD repeat domain 72,WDR72
tr_13161,DNA cross-link repair 1B,DCLRE1B
tr_13162,cell division cycle 14C,CDC14C
tr_13163,jagged canonical Notch ligand 1,JAG1
tr_13164,fatty acyl-CoA reductase 2,FAR2
tr_13165,nuclear receptor 2C2 associated protein,NR2C2AP
tr_13166,cytochrome b5 reductase 2,CYB5R2
tr_13167,ATP binding cassette subfamily G member 8,ABCG8
tr_13168,trichoplein keratin filament binding,TCHP
tr_13169,mediator complex subunit 22,MED22
tr_13170,taste 1 receptor member 1,TAS1R1
tr_13171,chromosome 11 open reading frame 24,C11orf24
tr_13172,armadillo repeat containing X-linked 3,ARMCX3
tr_13173,FAD dependent oxidoreductase domain containing 1,FOXRED1
tr_13174,solute carrier family 38 member 9,SLC38A9
tr_13175,B cell scaffold protein with ankyrin repeats 1,BANK1
tr_13176,armadillo repeat containing X-linked 4,ARMCX4
tr_13177,semaphorin 3B,SEMA3B
tr_13178,thymosin beta 4 Y-linked,TMSB4Y
tr_13179,"troponin I1, slow skeletal type",TNNI1
tr_13180,transmembrane protein 139,TMEM139
tr_13181,cell growth regulator with EF-hand domain 1,CGREF1
tr_13182,"alanyl-tRNA synthetase 2, mitochondrial",AARS2
tr_13183,ubiquilin 4,UBQLN4
tr_13184,C-C motif chemokine receptor 4,CCR4
tr_13185,"FERM, ARH/RhoGEF and pleckstrin domain protein 1",FARP1
tr_13186,tripartite motif containing 3,TRIM3
tr_13187,abl interactor 2,ABI2
tr_13188,torsin family 3 member A,TOR3A
tr_13189,regulating synaptic membrane exocytosis 4,RIMS4
tr_13190,zinc finger protein 302,ZNF302
tr_13191,zinc finger protein 546,ZNF546
tr_13192,vacuolar protein sorting 72 homolog,VPS72
tr_13193,submaxillary gland androgen regulated protein 3B,SMR3B
tr_13194,sphingomyelin synthase 2,SGMS2
tr_13195,potassium voltage-gated channel subfamily H member 7,KCNH7
tr_13196,prolactin releasing hormone receptor,PRLHR
tr_13197,myosin IIIA,MYO3A
tr_13198,olfactory receptor family 10 subfamily C member 1,OR10C1
tr_13199,family with sequence similarity 170 member B,FAM170B
tr_13200,ryanodine receptor 1,RYR1
tr_13201,procollagen C-endopeptidase enhancer 2,PCOLCE2
tr_13202,coiled-coil domain containing 120,CCDC120
tr_13203,olfactory receptor family 4 subfamily D member 10,OR4D10
tr_13204,mannosidase alpha class 1A member 2,MAN1A2
tr_13205,spindlin family member 4,SPIN4
tr_13206,tripartite motif containing 71,TRIM71
tr_13207,keratin associated protein 4-11,KRTAP4-11
tr_13208,ghrelin and obestatin prepropeptide,GHRL
tr_13209,neuropeptide S,NPS
tr_13210,NEDD4 binding protein 2,N4BP2
tr_13211,kallikrein related peptidase 10,KLK10
tr_13212,glycine-N-acyltransferase like 3,GLYATL3
tr_13213,potassium channel tetramerization domain containing 19,KCTD19
tr_13214,transmembrane protein 88,TMEM88
tr_13215,replication protein A2,RPA2
tr_13216,G protein subunit gamma 2,GNG2
tr_13217,golgin A1,GOLGA1
tr_13218,caspase recruitment domain family member 16,CARD16
tr_13219,late cornified envelope 2B,LCE2B
tr_13220,zinc finger protein 681,ZNF681
tr_13221,olfactory receptor family 2 subfamily C member 3,OR2C3
tr_13222,integrin subunit alpha M,ITGAM
tr_13223,pyrroline-5-carboxylate reductase 1,PYCR1
tr_13224,PHD finger protein 14,PHF14
tr_13225,"killer cell immunoglobulin like receptor, two Ig domains and long cytoplasmic tail 5A",KIR2DL5A
tr_13226,H6 family homeobox 1,HMX1
tr_13227,mesothelin,MSLN
tr_13228,microtubule associated protein 1 light chain 3 beta,MAP1LC3B
tr_13229,gelsolin,GSN
tr_13230,mitochondrially encoded NADH:ubiquinone oxidoreductase core subunit 2,MT-ND2
tr_13231,zinc finger and SCAN domain containing 12,ZSCAN12
tr_13232,cell wall biogenesis 43 C-terminal homolog,CWH43
tr_13233,cation channel sperm associated 4,CATSPER4
tr_13234,Ras related GTP binding B,RRAGB
tr_13235,transcription factor Dp-2,TFDP2
tr_13236,zinc finger protein 660,ZNF660
tr_13237,glyoxalase I,GLO1
tr_13238,"alcohol dehydrogenase 1B (class I), beta polypeptide",ADH1B
tr_13239,A-kinase anchoring protein 9,AKAP9
tr_13240,atonal bHLH transcription factor 7,ATOH7
tr_13241,5-hydroxytryptamine receptor 3B,HTR3B
tr_13242,olfactory receptor family 10 subfamily S member 1,OR10S1
tr_13243,G protein-coupled receptor class C group 5 member D,GPRC5D
tr_13244,metabolism of cobalamin associated B,MMAB
tr_13245,cadherin 6,CDH6
tr_13246,fumarylacetoacetate hydrolase domain containing 2B,FAHD2B
tr_13247,matrin 3,MATR3
tr_13248,keratin 36,KRT36
tr_13249,Rho guanine nucleotide exchange factor 15,ARHGEF15
tr_13250,LIM homeobox transcription factor 1 beta,LMX1B
tr_13251,trans-golgi network protein 2,TGOLN2
tr_13252,par-6 family cell polarity regulator alpha,PARD6A
tr_13253,Rho family GTPase 1,RND1
tr_13254,NGFI-A binding protein 2,NAB2
tr_13255,solute carrier family 39 member 10,SLC39A10
tr_13256,four and a half LIM domains 1,FHL1
tr_13257,component of oligomeric golgi complex 2,COG2
tr_13258,mesenchyme homeobox 2,MEOX2
tr_13259,olfactory receptor family 14 subfamily I member 1,OR14I1
tr_13260,vitamin K epoxide reductase complex subunit 1L1,VKORC1L1
tr_13261,dystrobrevin binding protein 1,DTNBP1
tr_13262,WD repeat domain 33,WDR33
tr_13263,microtubule interacting and trafficking domain containing 1,MITD1
tr_13264,"capping actin protein, gelsolin like",CAPG
tr_13265,C-reactive protein,CRP
tr_13266,cell division cycle 42,CDC42
tr_13267,proteasome 20S subunit beta 9,PSMB9
tr_13268,activin A receptor type 1B,ACVR1B
tr_13269,WD repeat domain 7,WDR7
tr_13270,ubiquitin conjugating enzyme E2 D1,UBE2D1
tr_13271,potassium inwardly rectifying channel subfamily J member 4,KCNJ4
tr_13272,"La ribonucleoprotein 1, translational regulator",LARP1
tr_13273,chromosome 5 open reading frame 15,C5orf15
tr_13274,adenosine deaminase RNA specific,ADAR
tr_13275,neuregulin 4,NRG4
tr_13276,paired like homeobox 2A,PHOX2A
tr_13277,apolipoprotein L5,APOL5
tr_13278,nucleoporin 210,NUP210
tr_13279,RNA polymerase III subunit A,POLR3A
tr_13280,leucine rich repeat neuronal 2,LRRN2
tr_13281,"phosphate cytidylyltransferase 2, ethanolamine",PCYT2
tr_13282,otoconin 90,OC90
tr_13283,cystatin 11,CST11
tr_13284,X-C motif chemokine receptor 1,XCR1
tr_13285,zinc finger protein 287,ZNF287
tr_13286,telomerase associated protein 1,TEP1
tr_13287,mitochondrial ribosomal protein S31,MRPS31
tr_13288,peptidoglycan recognition protein 3,PGLYRP3
tr_13289,epithelial cell transforming 2,ECT2
tr_13290,proline rich and Gla domain 3,PRRG3
tr_13291,leucine rich repeat transmembrane neuronal 3,LRRTM3
tr_13292,CKLF like MARVEL transmembrane domain containing 6,CMTM6
tr_13293,epiphycan,EPYC
tr_13294,"ArfGAP with GTPase domain, ankyrin repeat and PH domain 3",AGAP3
tr_13295,IQ motif and Sec7 domain ArfGEF 1,IQSEC1
tr_13296,prostate and breast cancer overexpressed 1,PBOV1
tr_13297,fibrillin 2,FBN2
tr_13298,mitochondrial ribosomal protein L39,MRPL39
tr_13299,"ArfGAP with coiled-coil, ankyrin repeat and PH domains 3",ACAP3
tr_13300,aldehyde dehydrogenase 1 family member A2,ALDH1A2
tr_13301,killer cell lectin like receptor G1,KLRG1
tr_13302,olfactory receptor family 10 subfamily K member 2,OR10K2
tr_13303,zinc finger protein 429,ZNF429
tr_13304,protocadherin 11 X-linked,PCDH11X
tr_13305,chromosome 11 open reading frame 65,C11orf65
tr_13306,cation channel sperm associated 2,CATSPER2
tr_13307,RNA polymerase III subunit G,POLR3G
tr_13308,membrane spanning 4-domains A6A,MS4A6A
tr_13309,LMBR1 domain containing 1,LMBRD1
tr_13310,kelch repeat and BTB domain containing 7,KBTBD7
tr_13311,eukaryotic translation initiation factor 2B subunit gamma,EIF2B3
tr_13312,cholinergic receptor muscarinic 4,CHRM4
tr_13313,kelch domain containing 8A,KLHDC8A
tr_13314,neuropeptide W,NPW
tr_13315,RAS like estrogen regulated growth inhibitor,RERG
tr_13316,growth differentiation factor 5,GDF5
tr_13317,sodium/potassium transporting ATPase interacting 3,NKAIN3
tr_13318,ETS variant transcription factor 6,ETV6
tr_13319,taste 1 receptor member 2,TAS1R2
tr_13320,dual specificity phosphatase 1,DUSP1
tr_13321,epidermal growth factor receptor,EGFR
tr_13322,proteasome 20S subunit beta 8,PSMB8
tr_13323,inositol polyphosphate-5-phosphatase J,INPP5J
tr_13324,interleukin 1 receptor accessory protein,IL1RAP
tr_13325,amyloid beta precursor protein binding family B member 1 interacting protein,APBB1IP
tr_13326,calsyntenin 3,CLSTN3
tr_13327,F-box protein 28,FBXO28
tr_13328,homeobox A6,HOXA6
tr_13329,platelet derived growth factor receptor like,PDGFRL
tr_13330,"terminal uridylyl transferase 1, U6 snRNA-specific",TUT1
tr_13331,phosphoglycerate dehydrogenase,PHGDH
tr_13332,cell death inducing DFFA like effector c,CIDEC
tr_13333,sialic acid binding Ig like lectin 15,SIGLEC15
tr_13334,ankyrin repeat domain 6,ANKRD6
tr_13335,ubiquitin specific peptidase 43,USP43
tr_13336,pepsinogen A5,PGA5
tr_13337,defensin alpha 5,DEFA5
tr_13338,"discoidin, CUB and LCCL domain containing 2",DCBLD2
tr_13339,potassium voltage-gated channel subfamily E regulatory subunit 1,KCNE1
tr_13340,solute carrier family 9 member A9,SLC9A9
tr_13341,collagen type XII alpha 1 chain,COL12A1
tr_13342,keratin 6B,KRT6B
tr_13343,rhophilin associated tail protein 1,ROPN1
tr_13344,XPA binding protein 2,XAB2
tr_13345,"RB binding protein 4, chromatin remodeling factor",RBBP4
tr_13346,ATPase phospholipid transporting 8A2,ATP8A2
tr_13347,butyrophilin subfamily 1 member A1,BTN1A1
tr_13348,endothelin 2,EDN2
tr_13349,Rho guanine nucleotide exchange factor 11,ARHGEF11
tr_13350,ring finger protein 214,RNF214
tr_13351,ATP binding cassette subfamily A member 8,ABCA8
tr_13352,interferon beta 1,IFNB1
tr_13353,anti-Mullerian hormone receptor type 2,AMHR2
tr_13354,PHD finger protein 1,PHF1
tr_13355,pumilio RNA binding family member 1,PUM1
tr_13356,pleckstrin homology domain containing A8,PLEKHA8
tr_13357,cytoplasmic polyadenylation element binding protein 2,CPEB2
tr_13358,ligand of numb-protein X 1,LNX1
tr_13359,host cell factor C1 regulator 1,HCFC1R1
tr_13360,G protein-coupled receptor 20,GPR20
tr_13361,nuclear factor I X,NFIX
tr_13362,solute carrier family 2 member 8,SLC2A8
tr_13363,killer cell lectin like receptor K1,KLRK1
tr_13364,eukaryotic translation initiation factor 5,EIF5
tr_13365,alpha 2-HS glycoprotein,AHSG
tr_13366,cyclin J like,CCNJL
tr_13367,upstream transcription factor 1,USF1
tr_13368,zinc finger protein 625,ZNF625
tr_13369,carbonyl reductase 3,CBR3
tr_13370,zinc finger HIT-type containing 1,ZNHIT1
tr_13371,leucine rich repeat containing G protein-coupled receptor 5,LGR5
tr_13372,uroporphyrinogen III synthase,UROS
tr_13373,twinfilin actin binding protein 1,TWF1
tr_13374,"tumor protein, translationally-controlled 1",TPT1
tr_13375,brain expressed X-linked 5,BEX5
tr_13376,potassium two pore domain channel subfamily K member 15,KCNK15
tr_13377,secreted frizzled related protein 1,SFRP1
tr_13378,follicle stimulating hormone receptor,FSHR
tr_13379,LDL receptor related protein 4,LRP4
tr_13380,extended synaptotagmin 2,ESYT2
tr_13381,Rho GTPase activating protein 11B,ARHGAP11B
tr_13382,ubiquitin associated and SH3 domain containing A,UBASH3A
tr_13383,transmembrane protein 134,TMEM134
tr_13384,DNA methyltransferase 3 like,DNMT3L
tr_13385,transient receptor potential cation channel subfamily V member 3,TRPV3
tr_13386,myosin heavy chain 9,MYH9
tr_13387,claudin 24,CLDN24
tr_13388,methylmalonyl-CoA epimerase,MCEE
tr_13389,prostate and testis expressed 3,PATE3
tr_13390,serine/arginine repetitive matrix 5,SRRM5
tr_13391,ATP binding cassette subfamily B member 8,ABCB8
tr_13392,dynein axonemal heavy chain 10 opposite strand,DNAH10OS
tr_13393,keratin 17,KRT17
tr_13394,"proteasome 26S subunit, non-ATPase 10",PSMD10
tr_13395,chromosome 5 open reading frame 24,C5orf24
tr_13396,"UDP-GlcNAc:betaGal beta-1,3-N-acetylglucosaminyltransferase 8",B3GNT8
tr_13397,cancer/testis antigen family 47 member A10,CT47A10
tr_13398,cadherin 16,CDH16
tr_13399,NEDD4 binding protein 2 like 2,N4BP2L2
tr_13400,sorbin and SH3 domain containing 1,SORBS1
tr_13401,gastric inhibitory polypeptide receptor,GIPR
tr_13402,TNF receptor associated factor 5,TRAF5
tr_13403,peroxisomal biogenesis factor 5 like,PEX5L
tr_13404,C-type lectin domain containing 14A,CLEC14A
tr_13405,late cornified envelope 5A,LCE5A
tr_13406,programmed cell death 11,PDCD11
tr_13407,growth hormone regulated TBC protein 1,GRTP1
tr_13408,small nuclear ribonucleoprotein D1 polypeptide,SNRPD1
tr_13409,zinc finger protein 268,ZNF268
tr_13410,DExD-box helicase 21,DDX21
tr_13411,zinc finger protein 140,ZNF140
tr_13412,zinc finger protein 274,ZNF274
tr_13413,urotensin 2 receptor,UTS2R
tr_13414,kallikrein related peptidase 14,KLK14
tr_13415,SNF2 related chromatin remodeling ATPase 1,SMARCA1
tr_13416,keratinocyte associated protein 2,KRTCAP2
tr_13417,interferon omega 1,IFNW1
tr_13418,cytochrome c oxidase subunit 6A1,COX6A1
tr_13419,cAMP-dependent protein kinase inhibitor alpha,PKIA
tr_13420,complement factor B,CFB
tr_13421,phosphoserine phosphatase,PSPH
tr_13422,olfactory receptor family 52 subfamily L member 1,OR52L1
tr_13423,zinc finger protein 462,ZNF462
tr_13424,T cell immunoglobulin and mucin domain containing 4,TIMD4
tr_13425,pro-melanin concentrating hormone,PMCH
tr_13426,leukocyte associated immunoglobulin like receptor 2,LAIR2
tr_13427,solute carrier family 22 member 11,SLC22A11
tr_13428,small RNA binding exonuclease protection factor La,SSB
tr_13429,myosin VI,MYO6
tr_13430,Ly1 antibody reactive,LYAR
tr_13431,chromodomain helicase DNA binding protein 4,CHD4
tr_13432,small nuclear RNA activating complex polypeptide 4,SNAPC4
tr_13433,cytochrome P450 family 2 subfamily C member 18,CYP2C18
tr_13434,lactate dehydrogenase C,LDHC
tr_13435,histamine receptor H3,HRH3
tr_13436,cyclin L1,CCNL1
tr_13437,C-type lectin domain containing 6A,CLEC6A
tr_13438,rabphilin 3A like (without C2 domains),RPH3AL
tr_13439,forkhead box J1,FOXJ1
tr_13440,testis expressed 11,TEX11
tr_13441,forkhead box E1,FOXE1
tr_13442,kallikrein B1,KLKB1
tr_13443,keratin 33B,KRT33B
tr_13444,WASP family member 1,WASF1
tr_13445,ATPase H+ transporting V1 subunit A,ATP6V1A
tr_13446,zinc finger protein 44,ZNF44
tr_13447,solute carrier family 27 member 1,SLC27A1
tr_13448,calpain 1,CAPN1
tr_13449,hepatocyte nuclear factor 4 gamma,HNF4G
tr_13450,parkin coregulated like,PACRGL
tr_13451,kelch like ECH associated protein 1,KEAP1
tr_13452,G protein subunit alpha transducin 3,GNAT3
tr_13453,taste 2 receptor member 42,TAS2R42
tr_13454,pannexin 3,PANX3
tr_13455,nuclear transport factor 2 like export factor 2,NXT2
tr_13456,insulin,INS
tr_13457,caspase 4,CASP4
tr_13458,allantoicase,ALLC
tr_13459,BRCA1 interacting DNA helicase 1,BRIP1
tr_13460,thyroid hormone receptor interactor 4,TRIP4
tr_13461,claudin 11,CLDN11
tr_13462,uridine-cytidine kinase 2,UCK2
tr_13463,zinc finger protein 786,ZNF786
tr_13464,adducin 2,ADD2
tr_13465,transmembrane protein 201,TMEM201
tr_13466,hypoxia inducible factor 1 subunit alpha,HIF1A
tr_13467,gamma-glutamyltransferase 6,GGT6
tr_13468,protein phosphatase 3 catalytic subunit alpha,PPP3CA
tr_13469,kinesin family member 4A,KIF4A
tr_13470,upper zone of growth plate and cartilage matrix associated,UCMA
tr_13471,Rho guanine nucleotide exchange factor 10 like,ARHGEF10L
tr_13472,sec1 family domain containing 2,SCFD2
tr_13473,SLIT-ROBO Rho GTPase activating protein 2,SRGAP2
tr_13474,carbonyl reductase 1,CBR1
tr_13475,kelch like family member 6,KLHL6
tr_13476,defensin beta 104B,DEFB104B
tr_13477,cholinergic receptor muscarinic 2,CHRM2
tr_13478,thymidylate synthetase,TYMS
tr_13479,secretory leukocyte peptidase inhibitor,SLPI
tr_13480,heat shock protein 90 alpha family class A member 1,HSP90AA1
tr_13481,phosphoribosyl pyrophosphate synthetase associated protein 1,PRPSAP1
tr_13482,death associated protein kinase 3,DAPK3
tr_13483,DEAD-box helicase 19A,DDX19A
tr_13484,protein kinase cAMP-dependent type II regulatory subunit alpha,PRKAR2A
tr_13485,zinc finger protein 358,ZNF358
tr_13486,myocyte enhancer factor 2B,MEF2B
tr_13487,ZW10 interacting kinetochore protein,ZWINT
tr_13488,solute carrier family 38 member 1,SLC38A1
tr_13489,bridging integrator 1,BIN1
tr_13490,reticulon 4 interacting protein 1,RTN4IP1
tr_13491,zinc finger protein 708,ZNF708
tr_13492,coiled-coil domain containing 106,CCDC106
tr_13493,glycosyltransferase 6 domain containing 1,GLT6D1
tr_13494,IKAROS family zinc finger 3,IKZF3
tr_13495,CMT1A duplicated region transcript 15 like 2,CDRT15L2
tr_13496,family with sequence similarity 120 member A opposite strand,FAM120AOS
tr_13497,ankyrin repeat and fibronectin type III domain containing 1,ANKFN1
tr_13498,potassium channel tetramerization domain containing 7,KCTD7
tr_13499,calcyclin binding protein,CACYBP
tr_13500,potassium voltage-gated channel interacting protein 2,KCNIP2
tr_13501,golgin A4,GOLGA4
tr_13502,arylsulfatase family member H,ARSH
tr_13503,C-type lectin domain family 2 member A,CLEC2A
tr_13504,colony stimulating factor 3,CSF3
tr_13505,"beta-1,4-galactosyltransferase 2",B4GALT2
tr_13506,regulator of telomere elongation helicase 1,RTEL1
tr_13507,olfactory receptor family 4 subfamily N member 2,OR4N2
tr_13508,potassium inwardly rectifying channel subfamily J member 6,KCNJ6
tr_13509,myosin VIIA,MYO7A
tr_13510,small ubiquitin like modifier 1,SUMO1
tr_13511,RNA binding motif protein 22,RBM22
tr_13512,bone morphogenetic protein 6,BMP6
tr_13513,ankyrin repeat and SOCS box containing 17,ASB17
tr_13514,RNA binding motif protein 11,RBM11
tr_13515,zinc finger matrin-type 4,ZMAT4
tr_13516,zinc finger protein 799,ZNF799
tr_13517,dihydrouridine synthase 4 like,DUS4L
tr_13518,forkhead box O1,FOXO1
tr_13519,natural killer cell granule protein 7,NKG7
tr_13520,G protein-coupled receptor 108,GPR108
tr_13521,transmembrane 9 superfamily member 4,TM9SF4
tr_13522,cyclin dependent kinase 13,CDK13
tr_13523,zinc finger and BTB domain containing 48,ZBTB48
tr_13524,EGF like and discoidin domains 3,EDIL3
tr_13525,transmembrane protein 51,TMEM51
tr_13526,"protein phosphatase, Mg2+/Mn2+ dependent 1H",PPM1H
tr_13527,olfactory receptor family 7 subfamily D member 4,OR7D4
tr_13528,potassium voltage-gated channel modifier subfamily S member 1,KCNS1
tr_13529,urocortin,UCN
tr_13530,cadherin 7,CDH7
tr_13531,"hydroxy-delta-5-steroid dehydrogenase, 3 beta- and steroid delta-isomerase 2",HSD3B2
tr_13532,ankyrin repeat domain 40,ANKRD40
tr_13533,eukaryotic translation initiation factor 5B,EIF5B
tr_13534,protein phosphatase 1 regulatory subunit 3A,PPP1R3A
tr_13535,ribosomal protein S6 kinase C1,RPS6KC1
tr_13536,proline rich protein BstNI subfamily 4,PRB4
tr_13537,fumarate hydratase,FH
tr_13538,proteasome 20S subunit alpha 3,PSMA3
tr_13539,homeobox D12,HOXD12
tr_13540,calcium activated nucleotidase 1,CANT1
tr_13541,cell division cycle 20,CDC20
tr_13542,solute carrier family 6 member 2,SLC6A2
tr_13543,multimerin 2,MMRN2
tr_13544,SAP domain containing ribonucleoprotein,SARNP
tr_13545,translocation associated membrane protein 1,TRAM1
tr_13546,ATPase H+ transporting V0 subunit d2,ATP6V0D2
tr_13547,casein kinase 1 alpha 1,CSNK1A1
tr_13548,asialoglycoprotein receptor 2,ASGR2
tr_13549,olfactory receptor family 56 subfamily A member 1,OR56A1
tr_13550,olfactory receptor family 10 subfamily J member 1,OR10J1
tr_13551,"serine peptidase inhibitor, Kunitz type 3",SPINT3
tr_13552,glucose-6-phosphatase catalytic subunit 3,G6PC3
tr_13553,diacylglycerol kinase zeta,DGKZ
tr_13554,immunoglobulin superfamily member 9B,IGSF9B
tr_13555,bone morphogenetic protein 2,BMP2
tr_13556,lysyl oxidase like 3,LOXL3
tr_13557,zinc finger protein 329,ZNF329
tr_13558,zinc finger ZZ-type and EF-hand domain containing 1,ZZEF1
tr_13559,mature T cell proliferation 1,MTCP1
tr_13560,nuclear factor of activated T cells 2,NFATC2
tr_13561,ubiquitin specific peptidase 21,USP21
tr_13562,XK related 8,XKR8
tr_13563,X-ray repair cross complementing 6,XRCC6
tr_13564,phosphoinositide-3-kinase regulatory subunit 3,PIK3R3
tr_13565,par-6 family cell polarity regulator beta,PARD6B
tr_13566,RNA polymerase III subunit B,POLR3B
tr_13567,cytochrome P450 family 39 subfamily A member 1,CYP39A1
tr_13568,component of oligomeric golgi complex 1,COG1
tr_13569,mitochondrially encoded NADH:ubiquinone oxidoreductase core subunit 6,MT-ND6
tr_13570,WD repeat domain 77,WDR77
tr_13571,bone marrow stromal cell antigen 1,BST1
tr_13572,calmodulin 1,CALM1
tr_13573,spindlin family member 2A,SPIN2A
tr_13574,nuclear factor of activated T cells 3,NFATC3
tr_13575,zinc finger protein 382,ZNF382
tr_13576,actin like 6B,ACTL6B
tr_13577,SH3 and multiple ankyrin repeat domains 2,SHANK2
tr_13578,ankyrin repeat and SOCS box containing 16,ASB16
tr_13579,mitogen-activated protein kinase kinase kinase 11,MAP3K11
tr_13580,ARF like GTPase 6 interacting protein 4,ARL6IP4
tr_13581,"homogentisate 1,2-dioxygenase",HGD
tr_13582,CCAAT enhancer binding protein zeta,CEBPZ
tr_13583,BCL6 corepressor like 1,BCORL1
tr_13584,profilin 2,PFN2
tr_13585,delta like canonical Notch ligand 4,DLL4
tr_13586,coactosin like F-actin binding protein 1,COTL1
tr_13587,chromosome 9 open reading frame 152,C9orf152
tr_13588,histocompatibility minor 13,HM13
tr_13589,NIMA related kinase 4,NEK4
tr_13590,FA complementation group I,FANCI
tr_13591,integrin subunit alpha L,ITGAL
tr_13592,dermcidin,DCD
tr_13593,protein kinase AMP-activated non-catalytic subunit gamma 1,PRKAG1
tr_13594,transmembrane protein 119,TMEM119
tr_13595,olfactory receptor family 52 subfamily E member 4,OR52E4
tr_13596,tight junction associated protein 1,TJAP1
tr_13597,mitochondrial E3 ubiquitin protein ligase 1,MUL1
tr_13598,myelin protein zero,MPZ
tr_13599,agmatinase (putative),AGMAT
tr_13600,transmembrane protein 121,TMEM121
tr_13601,myosin IB,MYO1B
tr_13602,EF-hand domain family member D2,EFHD2
tr_13603,zinc finger BED-type containing 3,ZBED3
tr_13604,cholinergic receptor nicotinic alpha 7 subunit,CHRNA7
tr_13605,ring finger protein 213,RNF213
tr_13606,eukaryotic translation initiation factor 3 subunit I,EIF3I
tr_13607,C-type lectin domain family 18 member A,CLEC18A
tr_13608,phospholipase D1,PLD1
tr_13609,keratin associated protein 3-2,KRTAP3-2
tr_13610,neurogenin 3,NEUROG3
tr_13611,zinc finger protein 486,ZNF486
tr_13612,cytochrome P450 family 3 subfamily A member 43,CYP3A43
tr_13613,cytoplasmic polyadenylation element binding protein 1,CPEB1
tr_13614,coiled-coil domain containing 42,CCDC42
tr_13615,phosphatidylinositol glycan anchor biosynthesis class Z (Gwada blood group),PIGZ
tr_13616,DEAH-box helicase 36,DHX36
tr_13617,zinc finger protein 317,ZNF317
tr_13618,C-C motif chemokine ligand 11,CCL11
tr_13619,La ribonucleoprotein 4B,LARP4B
tr_13620,bestrophin 1,BEST1
tr_13621,dynein regulatory complex subunit 9,DRC9
tr_13622,spermatogenesis associated 17,SPATA17
tr_13623,cytochrome P450 family 24 subfamily A member 1,CYP24A1
tr_13624,integrin subunit alpha 9,ITGA9
tr_13625,N-myristoyltransferase 2,NMT2
tr_13626,fucosyltransferase 2 (H blood group),FUT2
tr_13627,transforming growth factor beta receptor 1,TGFBR1
tr_13628,dystonin,DST
tr_13629,interferon related developmental regulator 2,IFRD2
tr_13630,microtubule associated protein RP/EB family member 2,MAPRE2
tr_13631,coiled-coil domain containing 71,CCDC71
tr_13632,"peptidylprolyl cis/trans isomerase, NIMA-interacting 4",PIN4
tr_13633,IQ motif containing GTPase activating protein 3,IQGAP3
tr_13634,tektin 2,TEKT2
tr_13635,sortilin related VPS10 domain containing receptor 3,SORCS3
tr_13636,tumor protein p53 binding protein 2,TP53BP2
tr_13637,olfactory receptor family 5 subfamily H member 14,OR5H14
tr_13638,diacylglycerol kinase epsilon,DGKE
tr_13639,myotubularin related protein 8,MTMR8
tr_13640,C-type lectin domain family 2 member D,CLEC2D
tr_13641,phosphodiesterase 9A,PDE9A
tr_13642,Rho GTPase activating protein 18,ARHGAP18
tr_13643,mitochondrial ribosomal protein L53,MRPL53
tr_13644,tetraspanin 13,TSPAN13
tr_13645,mitochondrial carrier 2,MTCH2
tr_13646,ubiquitin protein ligase E3B,UBE3B
tr_13647,olfactory receptor family 7 subfamily A member 5,OR7A5
tr_13648,chorionic gonadotropin subunit beta 7,CGB7
tr_13649,galactokinase 2,GALK2
tr_13650,interleukin 7 receptor,IL7R
tr_13651,ATP binding cassette subfamily D member 1,ABCD1
tr_13652,"beta-1,3-glucuronyltransferase 1",B3GAT1
tr_13653,myomesin 3,MYOM3
tr_13654,proline rich transmembrane protein 2,PRRT2
tr_13655,transmembrane protein 132A,TMEM132A
tr_13656,V-set and immunoglobulin domain containing 10,VSIG10
tr_13657,zinc finger protein 22,ZNF22
tr_13658,myotrophin,MTPN
tr_13659,spondin 1,SPON1
tr_13660,superoxide dismutase 1,SOD1
tr_13661,guanylate binding protein 2,GBP2
tr_13662,rhophilin associated tail protein 1 like,ROPN1L
tr_13663,variable charge Y-linked,VCY
tr_13664,coronin 7,CORO7
tr_13665,"TATA-box binding protein associated factor, RNA polymerase I subunit C",TAF1C
tr_13666,keratin 2,KRT2
tr_13667,solute carrier family 1 member 7,SLC1A7
tr_13668,protein tyrosine phosphatase receptor type G,PTPRG
tr_13669,decorin,DCN
tr_13670,chromosome 10 open reading frame 88,C10orf88
tr_13671,zinc finger protein 189,ZNF189
tr_13672,zinc finger protein 311,ZNF311
tr_13673,plasmolipin,PLLP
tr_13674,retinol dehydrogenase 16,RDH16
tr_13675,fibrosin like 1,FBRSL1
tr_13676,kallikrein related peptidase 5,KLK5
tr_13677,sodium voltage-gated channel alpha subunit 3,SCN3A
tr_13678,peroxisomal biogenesis factor 6,PEX6
tr_13679,ribosomal protein L32,RPL32
tr_13680,exosome component 6,EXOSC6
tr_13681,5-hydroxytryptamine receptor 4,HTR4
tr_13682,zinc finger and BTB domain containing 8A,ZBTB8A
tr_13683,bromodomain containing 4,BRD4
tr_13684,3-oxoacid CoA-transferase 1,OXCT1
tr_13685,desmoglein 2,DSG2
tr_13686,AE binding protein 1,AEBP1
tr_13687,G antigen 1,GAGE1
tr_13688,G protein-coupled receptor 37 like 1,GPR37L1
tr_13689,unc-51 like autophagy activating kinase 1,ULK1
tr_13690,cytohesin 1,CYTH1
tr_13691,parvin alpha,PARVA
tr_13692,geranylgeranyl diphosphate synthase 1,GGPS1
tr_13693,fibronectin leucine rich transmembrane protein 2,FLRT2
tr_13694,protein phosphatase 1 regulatory subunit 15A,PPP1R15A
tr_13695,zinc finger protein 133,ZNF133
tr_13696,keratin 25,KRT25
tr_13697,mitochondrially encoded NADH:ubiquinone oxidoreductase core subunit 4,MT-ND4
tr_13698,pleckstrin homology and RhoGEF domain containing G4,PLEKHG4
tr_13699,solute carrier family 25 member 31,SLC25A31
tr_13700,UDP glycosyltransferase family 3 member A2,UGT3A2
tr_13701,"destrin, actin depolymerizing factor",DSTN
tr_13702,testis expressed 13A,TEX13A
tr_13703,zinc finger and BTB domain containing 1,ZBTB1
tr_13704,peptidylprolyl isomerase E,PPIE
tr_13705,carbohydrate sulfotransferase 15,CHST15
tr_13706,SCY1 like pseudokinase 3,SCYL3
tr_13707,keratin associated protein 5-6,KRTAP5-6
tr_13708,claudin 18,CLDN18
tr_13709,defensin beta 103A,DEFB103A
tr_13710,keratin associated protein 5-7,KRTAP5-7
tr_13711,EF-hand calcium binding domain 10,EFCAB10
tr_13712,gap junction protein alpha 1,GJA1
tr_13713,cytohesin 4,CYTH4
tr_13714,insulin degrading enzyme,IDE
tr_13715,zona pellucida binding protein 2,ZPBP2
tr_13716,RUN and SH3 domain containing 2,RUSC2
tr_13717,zinc finger and SCAN domain containing 29,ZSCAN29
tr_13718,histone deacetylase 2,HDAC2
tr_13719,N-terminal EF-hand calcium binding protein 1,NECAB1
tr_13720,structural maintenance of chromosomes 1A,SMC1A
tr_13721,keratin associated protein 5-1,KRTAP5-1
tr_13722,golgi brefeldin A resistant guanine nucleotide exchange factor 1,GBF1
tr_13723,hyaluronan mediated motility receptor,HMMR
tr_13724,retinitis pigmentosa GTPase regulator,RPGR
tr_13725,leucine zipper protein 4,LUZP4
tr_13726,caudal type homeobox 4,CDX4
tr_13727,cancer/testis antigen family 47 member B1,CT47B1
tr_13728,oligodendrocyte transcription factor 2,OLIG2
tr_13729,5-aminoimidazole-4-carboxamide ribonucleotide formyltransferase/IMP cyclohydrolase,ATIC
tr_13730,integrator complex subunit 2,INTS2
tr_13731,small G protein signaling modulator 2,SGSM2
tr_13732,tripartite motif containing 59,TRIM59
tr_13733,transmembrane protein 106B,TMEM106B
tr_13734,t-SNARE domain containing 1,TSNARE1
tr_13735,ornithine decarboxylase antizyme 3,OAZ3
tr_13736,phosphatase and actin regulator 4,PHACTR4
tr_13737,"heat shock transcription factor family, X-linked 1",HSFX1
tr_13738,protein phosphatase 3 catalytic subunit gamma,PPP3CC
tr_13739,"opsin 1, short wave sensitive",OPN1SW
tr_13740,RNA polymerase I and III subunit D,POLR1D
tr_13741,inositol polyphosphate-5-phosphatase D,INPP5D
tr_13742,frizzled class receptor 3,FZD3
tr_13743,ATP binding cassette subfamily C member 10,ABCC10
tr_13744,adaptor related protein complex 3 subunit beta 2,AP3B2
tr_13745,hydroxysteroid dehydrogenase like 2,HSDL2
tr_13746,zinc finger protein 609,ZNF609
tr_13747,TIR domain containing adaptor molecule 2,TICAM2
tr_13748,olfactory receptor family 52 subfamily A member 1,OR52A1
tr_13749,NFKB activating protein like,NKAPL
tr_13750,insulin induced gene 2,INSIG2
tr_13751,protein tyrosine phosphatase non-receptor type 9,PTPN9
tr_13752,tumor protein p53 inducible nuclear protein 1,TP53INP1
tr_13753,coiled-coil domain containing 154,CCDC154
tr_13754,anaphase promoting complex subunit 2,ANAPC2
tr_13755,nucleoporin 153,NUP153
tr_13756,neurobeachin like 2,NBEAL2
tr_13757,nucleoredoxin like 2,NXNL2
tr_13758,olfactory receptor family 5 subfamily K member 4,OR5K4
tr_13759,mitochondrial ribosomal protein S11,MRPS11
tr_13760,"raftlin, lipid raft linker 1",RFTN1
tr_13761,galactose mutarotase,GALM
tr_13762,olfactory receptor family 11 subfamily H member 12,OR11H12
tr_13763,golgi transport 1A,GOLT1A
tr_13764,regulator of G protein signaling 22,RGS22
tr_13765,cysteine rich hydrophobic domain 1,CHIC1
tr_13766,semaphorin 4G,SEMA4G
tr_13767,glypican 5,GPC5
tr_13768,SWI/SNF related BAF chromatin remodeling complex subunit C2,SMARCC2
tr_13769,zinc finger protein 750,ZNF750
tr_13770,RNA polymerase II subunit J2,POLR2J2
tr_13771,F-box and leucine rich repeat protein 19,FBXL19
tr_13772,"inositol 1,4,5-trisphosphate receptor type 1",ITPR1
tr_13773,NEDD4 binding protein 2 like 1,N4BP2L1
tr_13774,death associated protein kinase 1,DAPK1
tr_13775,carboxypeptidase D,CPD
tr_13776,protein kinase C eta,PRKCH
tr_13777,guanylate cyclase 2C,GUCY2C
tr_13778,von Willebrand factor C domain containing 2 like,VWC2L
tr_13779,myostatin,MSTN
tr_13780,pyridoxamine 5'-phosphate oxidase,PNPO
tr_13781,keratin associated protein 19-5,KRTAP19-5
tr_13782,hemoglobin subunit alpha 2,HBA2
tr_13783,nucleosome assembly protein 1 like 5,NAP1L5
tr_13784,cytoplasmic FMR1 interacting protein 1,CYFIP1
tr_13785,ring finger protein 138,RNF138
tr_13786,keratin 78,KRT78
tr_13787,sphingomyelin phosphodiesterase acid like 3A,SMPDL3A
tr_13788,zinc finger X-linked duplicated B,ZXDB
tr_13789,ankyrin repeat domain 29,ANKRD29
tr_13790,tetraspanin 32,TSPAN32
tr_13791,5-azacytidine induced 2,AZI2
tr_13792,membrane metalloendopeptidase,MME
tr_13793,hypoxia inducible factor 1 subunit alpha inhibitor,HIF1AN
tr_13794,PHD finger protein 21A,PHF21A
tr_13795,klotho,KL
tr_13796,vasorin,VASN
tr_13797,ATPase 13A3,ATP13A3
tr_13798,"KH RNA binding domain containing, signal transduction associated 3",KHDRBS3
tr_13799,polypeptide N-acetylgalactosaminyltransferase like 6,GALNTL6
tr_13800,cerebellin 4 precursor,CBLN4
tr_13801,exosome component 8,EXOSC8
tr_13802,sterile alpha and TIR motif containing 1,SARM1
tr_13803,potassium voltage-gated channel subfamily A member 5,KCNA5
tr_13804,"SPHK1 interactor, AKAP domain containing",SPHKAP
tr_13805,solute carrier family 35 member F3,SLC35F3
tr_13806,flavin containing dimethylaniline monoxygenase 5,FMO5
tr_13807,phenylethanolamine N-methyltransferase,PNMT
tr_13808,kelch like family member 26,KLHL26
tr_13809,deleted in azoospermia 4,DAZ4
tr_13810,nuclear receptor subfamily 0 group B member 1,NR0B1
tr_13811,zinc finger protein 585B,ZNF585B
tr_13812,WW and C2 domain containing 1,WWC1
tr_13813,"aldolase, fructose-bisphosphate B",ALDOB
tr_13814,ATPase H+/K+ transporting subunit beta,ATP4B
tr_13815,natriuretic peptide receptor 1,NPR1
tr_13816,cell division cycle and apoptosis regulator 1,CCAR1
tr_13817,pleckstrin homology domain containing A2,PLEKHA2
tr_13818,aldehyde dehydrogenase 1 family member B1,ALDH1B1
tr_13819,"GDP-mannose 4,6-dehydratase",GMDS
tr_13820,ubiquitin conjugating enzyme E2 V2,UBE2V2
tr_13821,kelch domain containing 2,KLHDC2
tr_13822,antioxidant 1 copper chaperone,ATOX1
tr_13823,complement C3d receptor 2,CR2
tr_13824,leucine rich repeat kinase 1,LRRK1
tr_13825,chromosome 1 open reading frame 226,C1orf226
tr_13826,ankyrin repeat and SOCS box containing 13,ASB13
tr_13827,ephrin B2,EFNB2
tr_13828,synaptotagmin like 4,SYTL4
tr_13829,phospholipase A2 group III,PLA2G3
tr_13830,ubiquitin conjugating enzyme E2 QL1,UBE2QL1
tr_13831,RUN and FYVE domain containing 1,RUFY1
tr_13832,regulatory factor X4,RFX4
tr_13833,"ArfGAP with RhoGAP domain, ankyrin repeat and PH domain 2",ARAP2
tr_13834,olfactory receptor family 1 subfamily D member 5,OR1D5
tr_13835,serine/threonine kinase 16,STK16
tr_13836,threonine synthase like 2,THNSL2
tr_13837,podocalyxin like 2,PODXL2
tr_13838,activating transcription factor 2,ATF2
tr_13839,fidgetin like 2,FIGNL2
tr_13840,basic leucine zipper and W2 domains 2,BZW2
tr_13841,laminin subunit beta 3,LAMB3
tr_13842,zinc finger and SCAN domain containing 22,ZSCAN22
tr_13843,tryptase beta 2,TPSB2
tr_13844,basic helix-loop-helix family member e40,BHLHE40
tr_13845,RNA polymerase mitochondrial,POLRMT
tr_13846,cytoglobin,CYGB
tr_13847,ring finger protein 8,RNF8
tr_13848,BCL2 interacting protein 3,BNIP3
tr_13849,WD repeat domain 12,WDR12
tr_13850,ring finger and CHY zinc finger domain containing 1,RCHY1
tr_13851,zinc finger CCCH-type containing 12A,ZC3H12A
tr_13852,IKAROS family zinc finger 4,IKZF4
tr_13853,"proteasome 26S subunit ubiquitin receptor, non-ATPase 4",PSMD4
tr_13854,zinc finger protein 267,ZNF267
tr_13855,exportin 1,XPO1
tr_13856,ankyrin 3,ANK3
tr_13857,insulin like 6,INSL6
tr_13858,UDP glucuronosyltransferase family 2 member A3,UGT2A3
tr_13859,translocase of inner mitochondrial membrane 50,TIMM50
tr_13860,TCF3 fusion partner,TFPT
tr_13861,solute carrier family 16 member 13,SLC16A13
tr_13862,sorting nexin 27,SNX27
