unit_id,text,ref_A_card,ref_B_card,ref_C_card,rank_A,rank_B,rank_C
train_00000,"Northampton's opponents for their play-off semi-final were Bristol Rovers and the first match of the two-legged tie took place at the Memorial Ground in Bristol on 10 May 1998.[CITE] Half an hour in, Peter Beadle scored with a penalty kick after being fouled by Ian Sampson, to give the home side the lead. Frankie Bennett then headed in a corner from Gary Penrice to double Bristol Rovers' lead seven minutes later. Barry Hayles then made it 3–0 after dribbling past two defenders before scoring from inside the Northampton penalty area. John Gayle scored for the visitors in the 74th minute and the match ended 3–1 to Bristol Rovers.[CITE] The second leg was held three days later at Sixfields in Northampton. Carl Heggs put the home side ahead in the 34th minute after heading in Chris Freestone's pass back from John Frain's corner. Ian Clarkson then scored from a Heggs pass in the 61st minute to level the tie on aggregate. Bristol Rovers then pressed to regain the lead but Ray Warburton headed in James Hunt's corner to give Northampton a 3–0 lead in the match and a 4–3 aggregate victory to progress to the final.[CITE]",title: Football: Rovers looking good for progress | author: Staniforth | venue: The Independent | year: 1998,title: Football: Warburton wins the cheers | author: Fox | venue: The Independent | year: 1998,"title: Bristol Rovers v Northampton Town, 10 May 1998 | author: (uncredited) | venue: 11v11 | year: 2021",1,2,0
train_00001,"Grimsby faced Fulham in their semi-final with the first leg being held at Craven Cottage in London on 9 May 1998. Fulham dominated the first half, but five minutes before half-time, they were reduced to ten men when Paul Moody was shown a straight red card for a foul on Mark Lever. While Grimsby were making a substitution to replace the injured Lever, Paul Peschisolido was fouled in the penalty area and Peter Beardsley converted the subsequent penalty to make it 1–0 to Fulham. A mistake eight minutes into the second half from Wayne Collins allowed David Smith to equalise for Grimsby. No further goals were scored and the match ended 1–1.[CITE] The second leg took place at Blundell Park near Grimsby four days later.[CITE] After thirty minutes, Fulham were once again down to ten players after Peschisolido was sent off for a foul on Peter Handyside. The first half ended goalless, but with less than ten minutes of the game remaining, Kevin Donovan scored past Maik Taylor to give Grimsby a 1–0 victory and a 2–1 aggregate win.[CITE]",title: Football: Donovan foils the grand plan of Fulham | author: Andrews | venue: The Independent | year: 1998,"title: Grimsby Town v Fulham, 13 May 1998 | author: (uncredited) | venue: 11v11 | year: 2021",title: Football: Keegan remains in buoyant mood | author: Jones | venue: The Independent | year: 1998,2,1,0
train_00002,"In the matches between the sides during the regular season, both teams won their home games, with Grimsby winning 1–0 at Blundell Park in October 1997 and Northampton securing a 2–1 victory the following February at Sixfields.[CITE] The top scorer for Grimsby during the regular season was Donovan with 19 goals (16 in the league, 1 in the FA Cup, 1 in the League Cup and 1 in the Football League Trophy) followed by Lee Nogan with 13 (8 in the league, 2 in the FA Cup, 1 in the League Cup and 2 in the Football League Trophy).[CITE] David Seal led the scoring for Northampton with 14 goals during the season (12 in the league, 1 in the FA Cup and 1 in the League Cup) followed by Chris Freestone with 13 (11 in the league and 2 in the Football League Trophy).[CITE]",title: Northampton squad details – 1997/98 – Player appearances | author: (uncredited) | venue: Soccerbase | year: 2021,title: Grimsby squad details – 1997/98 – Player appearances | author: (uncredited) | venue: Soccerbase | year: 2021,title: Northampton Town football club: record v Grimsby Town | author: (uncredited) | venue: 11v11 | year: 2021,2,1,0
train_00003,"John Donovan of Sports Illustrated noted the team's expected ascent to the championship, writing that they were ""not supposed to be here"". He called the series a ""blast from the past"" because both teams were very old franchises and had twice previously met in the World Series.[CITE] He wrote that the Red Sox had the edge in pitching and the Cardinals in defense and batting. He concluded that Schilling and Martinez would be the ""key to [the] Series"" and that the Red Sox would win in six games.[CITE] Jim Molony of MLB.com, said he expected the series to play out differently from the last time the two teams met in the World Series in because both team offenses had been some of the best in the league during the season, while pitching had been very dominant in 1967.[CITE]",title: World Series preview: Cardinals-Red Sox | author: Donovan | venue: Sports Illustrated | year: 2004,title: Explosive lineups take center stage | author: Molony | venue: MLB.com | year: 2004,title: Instant classic | author: Donovan | venue: Sports Illustrated | year: 2004,1,2,0
train_00004,"Seattle Mariners designated hitter Edgar Martínez was presented with the 2004 Roberto Clemente Award, having announced his retirement one month before.[CITE] The ceremonial first pitch was thrown by arguably the Cardinals' best-ever position player, Stan Musial, and caught by arguably their best-ever pitcher, Bob Gibson. ""The Star-Spangled Banner"" and ""God Bless America"" were sung by country music singer Martina McBride and singer–songwriter Amy Grant respectively. During the game, a sign for the fast-food restaurant Taco Bell that measured and read ""Free Taco Here"", was hung approximately from home plate, over the left-center field bullpen. Taco Bell promised that, if the sign was hit by a home run ball, they would give a free ""Crunchy Beef Taco"" to everyone in the United States.[CITE][CITE]",title: Edgar Martinez receives Clemente Award | author: Kelley | venue: The Seattle Times | year: 2004,title: Will the World Series feed America? | author: (uncredited) | venue: CNNMoney | year: 2004,title: Game 3 brings out Cards greats | author: Footer | venue: MLB.com | year: 2004,0,2,1
train_00005,"Twelve years after this World Series, the Chicago Cubs would end their own championship drought at 108 years, defeating the Cleveland Indians in seven games in their first World Series appearance in 71 years. Theo Epstein is often credited with helping break two of the best-known championship droughts (curse) in all of sports.[CITE] Coincidentally, the losing manager in that year's World Series was Terry Francona, who had previously managed the Red Sox championships in 2004 and 2007.[CITE] The winning manager in that World Series, Joe Maddon, like La Russa, managed pennant winning teams in both leagues, including the 2008 Tampa Bay Rays.[CITE]","title: History between Theo, Tito brings intrigue | author: Castrovince | venue: MLB.com | year: 2016",title: Joe Knows: Maddon mania over management of Chicago Cubs | author: Mercer | venue: (unspecified) | year: 2016,"title: Theo Epstein, Conquering Hero, Returns With Chicago Cubs to Fenway Park | author: Witz | venue: The New York Times | year: 2017",1,2,0
train_00006,"After they toured as part of Cantrell's solo band in 1998, Sean Kinney and Queensrÿche guitarist Chris DeGarmo formed a new band called Spys4Darwin. Mike Inez and Sponge lead vocalist Vin Dombroski joined the supergroup soon after. The band released their first and only album in 2001, a 6-track EP entitled Microfish.[CITE] In June 2001, Mike Inez joined Zakk Wylde's Black Label Society for the remaining dates of Ozzfest, following the departure of bassist Steve Gibb for medical reasons.[CITE] Inez joined the band again for their West Coast and Japanese tour in 2003.[CITE]",title: Former OZZY/ALICE IN CHAINS Bassist To Tour With BLACK LABEL SOCIETY | author: (uncredited) | venue: Blabbermouth | year: 2003,title: Zakk Wylde Taps AIC's Inez For Ozzfest | author: (uncredited) | venue: MTV News | year: 2001,title: Rockers Team Up in Spys4Darwin | author: (uncredited) | venue: ABC News | year: 2001,2,1,0
train_00007,"Alice in Chains joined Velvet Revolver for a run of U.S. and Canadian gigs from August through October 2007.[CITE] During that tour, the band also performed four special acoustic-only shows, named as ""The Acoustic Hour"".[CITE] The acoustic performance at The Rave/Eagles Club in Milwaukee, Wisconsin on August 31, 2007, was recorded for an upcoming live album.[CITE]",title: ALICE IN CHAINS: Acoustic Show In Milwaukee Recorded For Upcoming Live Album | author: (uncredited) | venue: Blabbermouth | year: 2007,title: ALICE IN CHAINS To Play Four Acoustic Shows | author: (uncredited) | venue: Blabbermouth | year: 2007,title: Velvet Revolver Team With Alice In Chains For Summer Tour | author: (uncredited) | venue: MTV News | year: 2007,2,1,0
train_00008,"To promote the album, the band released an EPK featuring all four of the members being interviewed while the Kiss makeup is being applied on them.[CITE][CITE] An app for iPhone was released on October 27, 2009, featuring songs, music videos, news, photos and networking.[CITE]","title: Alice in Chains' Jerry Cantrell + Sean Kinney Talk Festivals, 'AIC 23' Mockumentary + Rock Hall | author: (uncredited) | venue: Loudwire | year: 2013",title: Alice in Chains iPhone App Coming Oct. 27 | author: (uncredited) | venue: Guitar World | year: 2009,title: Alice In Chains - EPK Promo | author: (uncredited) | venue: (unspecified) | year: 2009,1,2,0
train_00009,"To coincide with the band's European tour, Alice in Chains released its next single, ""Your Decision"", on November 16, 2009, in the UK and on December 1 in the US.[CITE][CITE] The last single from the album was ""Lesson Learned"", and it was released to rock radio on June 22, 2010.[CITE]","title: Future Releases on Alternative Radio Stations, Independent Artist Song Releases | | author: (uncredited) | venue: Allaccess.com | year: 2011",title: Alice In Chains To Release 'Your Decision' Single | author: (uncredited) | venue: Blabbermouth | year: 2009,title: Alice In Chains Select New Single | author: (uncredited) | venue: ThePRP.com | year: 2010,1,0,2
train_00010,"The band started recording their sixth studio album on June 12, 2017.[CITE] On January 11, 2018, producer Nick Raskulinecz announced via Instagram that the album was nearly finished and that there was only one more day left of recording.[CITE] During an interview with Guitar World published on April 11, 2018, Jerry Cantrell said that the album was recorded at four studios. After recording at Studio X in Seattle, the band went to Nashville to record vocals and lead guitars at Nick Raskulinecz's home studio. But Cantrell had to take an unexpected break from work for a couple of weeks after getting sick on a trip to Cabo for Sammy Hagar's birthday. Cantrell had the band's engineer, Paul Figueroa, come in to his house and record a lot of his vocals and solos there. The band finished recording the album at the Henson Recording Studios in Los Angeles. Cantrell also said he expected the album to be released ""probably sometime this summer.""[CITE]",title: William DuVall: Day One tracking | author: (uncredited) | venue: (unspecified) | year: 2017,title: Big News From Alice in Chains: New Album Almost Wrapped Up! | author: (uncredited) | venue: Ultimate Guitar | year: 2018,title: Jerry Cantrell Offers More Details on Alice in Chains' New Album | author: Bienstock | venue: Guitar World | year: 2018,0,1,2
train_00011,"In February 2025, the band announced appearances at Welcome to Rockville in Daytona Beach, Florida, Sonic Temple in Columbus, Ohio, and MMR*B*Q, a festival hosted by WMMR in Camden, New Jersey, alongside three other headlining performances with Chained Saint,[CITE] a thrash metal band from Florida.[CITE] The tour was set to kick off at Mohegan Sun Arena in Montville, Connecticut on May 8, when Kinney suffered a medical emergency during soundcheck that evening. The band described the event as ""non-life threatening"" but were forced to cancel the show; two days later, the entire tour was scrapped. The band was advised Kinney's health issue needed ""immediate attention"" and he was unfit to perform the scheduled dates, though they stated ""his long-term prognosis is positive.""[CITE]","title: Chained Saint, the thrash metal high-schoolers making a grab for the torch | author: Hill | venue: Loudwire | year: 2024",title: Alice in Chains cancel upcoming tour after drummer Sean Kinney experiences 'medical emergency' | author: Stenzel | venue: Entertainment Weekly | year: 2025,title: Alice in Chains add spring 2025 US headlining shows | author: Hadusek | venue: Consequence | year: 2025,1,2,0
train_00012,"In November 2011, Jar of Flies was ranked number four on Guitar World magazine's top ten list of guitar albums of 1994.[CITE] It was also featured in Guitar World magazine's ""Superunknown: 50 Iconic Albums That Defined 1994"" list,[CITE] and in May 2014, the EP was placed at number five on Loudwire's ""10 Best Hard Rock Albums of 1994"" list.[CITE]",title: 10 Best Hard Rock Albums of 1994 | author: (uncredited) | venue: Loudwire | year: 2014,"title: Photo Gallery: The Top 10 Guitar Albums of 1994 | author: Grassi, Tony | venue: GuitarWorld.com | year: 2017",title: Superunknown: 50 Iconic Albums That Defined 1994 | author: (uncredited) | venue: GuitarWorld.com | year: 2014,2,0,1
train_00013,"The 1942 earthquake was the first in a sequence of shocks that would re-rupture the Ecuador–Colombia subduction zone since 1906; subsequent events would occur in 1958 and 1979. In 2016, a 7.8 earthquake ruptured the portion of the subduction zone that was involved in the 1942 event, north of a 1998 rupture. The 2016 event caused of slip, which is indicative of the accumulated strain while it was locked.[CITE][CITE] The earthquakes of 1942 and 2016 (with epicenters just apart) are part of a cycle with an average recurrence interval of 74 years, indicating the next event may occur around 2090.[CITE]","title: The 16 April 2016, MW 7.8 (MS 7.5) Ecuador earthquake: A quasi-repeat of the 1942 MS 7.5 earthquake and partial re-rupture of the 1906 MS 8.6 Colombia–Ecuador earthquake | author: Ye | venue: Earth and Planetary Science Letters | year: 2016",title: Terremotos mayores a 6.5 en escala Richter ocurridos en Ecuador desde 1900 hasta 1970 | author: (uncredited) | venue: Ingeniería | year: 2017,title: M 7.2 – near the coast of Ecuador | author: (uncredited) | venue: United States Geological Survey-ANSS | year: 2021,0,2,1
train_00014,"Other successfully-signed draftees included linebackers Bob Mitinger (five seasons as a Charger),[CITE] Frank Buncom (six seasons as a Charger, three All-Star games),[CITE] and halfback/tight end Jacque MacKinnon (nine season as a Charger, two All-star games).[CITE]",title: Frank Buncom Stats | author: (uncredited) | venue: pro-football-reference.com | year: 2021,title: Jacque MacKinnon Stats | author: (uncredited) | venue: pro-football-reference.com | year: 2021,title: Bob Mitinger Stats | author: (uncredited) | venue: pro-football-reference.com | year: 2021,1,2,0
train_00015,"Tight end Reggie Carolan, a draftee from the previous year, joined the team in 1962. He caught only three passes, but blocked well enough to make the AFL All-Star game as a rookie.[CITE] Pat Shea went undrafted, but was given a try-out after his aggressive style during practice impressed offensive line coach Joe Madro.[CITE] He signed a contract for $8,000 a year, and would start every game at right guard during the Chargers' title-winning 1963 season.[CITE]",title: Pat Shea Stats | author: (uncredited) | venue: pro-football-reference.com | year: 2021,title: Reggie Carolan Stats | author: (uncredited) | venue: pro-football-reference.com | year: 2021,title: Charging Through the AFL | author: Tobias | venue: Turner | year: 2004,2,0,1
train_00016,"By default, 501(c)(3) organizations are subject to a provision that ""no substantial part of the activities [may be] carrying on propaganda, or otherwise attempting, to influence legislation"". This test, called the substantial part test, is subjective and not precisely defined by the IRS, potentially making it difficult for organizations engaging in policy advocacy to determine whether they are in compliance with the law. For organizations that have made the 501(h) election, this test is replaced with an expenditure test which is based only on the annual financial expenditure, with no other limits on the extent of their lobbying activities. An organization may take the 501(h) election by filing a one-page form with the IRS, which remains in effect until revoked by the organization.[CITE][CITE] The 501(h) election is not available to churches or to private foundations.[CITE]",title: Lobbying by Public Charities: The 501(h) Safe Harbor | author: Sorrells | venue: Nonprofit Accounting Basics | year: 2014,title: Measuring Lobbying Activity: Expenditure Test | author: (uncredited) | venue: U.S. Internal Revenue Service | year: 2016,title: Taking the 501(h) election | author: (uncredited) | venue: National Council of Nonprofits | year: 2015,1,2,0
train_00017,"According to media reports, over 50 House Democrats called for invoking the amendment after Trump issued threats and reported military actions related to Iranian targets.[CITE] Political figures including Hakeem Jeffries and Marjorie Taylor Greene publicly criticized Trump's reactions, expressing concern about escalation and questioning the president's judgment and decision-making.[CITE][CITE]",title: House Dem leaders open door to 25th Amendment after rank-and-file push for Trump's removal | author: (uncredited) | venue: Fox News | year: 2026,"title: ""Not tough rhetoric, it's insanity"": Marjorie Taylor Greene explains why she's calling for the 25th amendment to be invoked | author: (uncredited) | venue: CNN | year: 2026",title: Gov. Pritzker wants 25th Amendment invoked to remove President Trump from office over Iran threats | author: Sfondeles | venue: WBEZ | year: 2026,1,2,0
train_00018,"According to political scientists J. Kevin Corder and Christina Wolbrecht, few women turned out to vote in the first national elections after the Nineteenth Amendment gave them the right to do so. In 1920, 36 percent of eligible women voted (compared with 68 percent of men). The low turnout among women was partly due to other barriers to voting, such as literacy tests, long residency requirements, and poll taxes. Inexperience with voting and persistent beliefs that voting was inappropriate for women may also have kept turnout low. The participation gap was lowest between men and women in swing states at the time, in states that had closer races such as Missouri and Kentucky, and where barriers to voting were lower.[CITE][CITE] By 1960, women were turning out to vote in presidential elections in greater numbers than men and a trend of higher female voting engagement has continued into 2018.[CITE]",title: 19th Amendment: How far have women in politics come since 1920? | author: (uncredited) | venue: The Christian Science Monitor | year: 2010,title: Was women's suffrage a failure? What new evidence tells us about the first women voters | author: (uncredited) | venue: The Washington Post | year: 2016,title: Counting Women's Ballots | author: (uncredited) | venue: Cambridge University Press | year: 2016,2,0,1
train_00019,"In North Carolina, the storm produced sustained winds up to at Morehead City. Winds disrupted communications with towns along the Outer Banks.[CITE] Rough seas generated by the storm in New Jersey swept away a significant amount of sand, especially at Long Branch. An oceanfront street in the city was closed after waves washed out approximately of the road.[CITE] In Rhode Island, storm surge and abnormally high tides wrecked many boats at Narragansett Bay. One person died of exhaustion during the storm and another suffered a serious injury when a tree fell on a car. Damage in the state was estimated in the thousands of dollars.[CITE]",title: Dreadful Day On Coast | author: (uncredited) | venue: News and Observer | year: 1908,title: Big Storm Hits Rhode Island | author: (uncredited) | venue: The Morning Call | year: 1908,title: Storm Seriously Damages Bluff at North Long Branch | author: (uncredited) | venue: The Daily Record | year: 1908,0,2,1
train_00020,"The storm dropped heavy rainfall in portions of Louisiana. The city of Franklin recorded of precipitation between July 26 and August 2,[CITE] including in one day. The coastal parishes of Louisiana experienced severe flooding,[CITE] with major damage to rice crops. Farther east, floodwaters inundated streets in the outskirts of New Orleans, necessitating the use of skiffs for navigation. Four coal barges carrying cargo collectively valued at $12,000 sank in the Mississippi River near New Orleans.[CITE]",title: Storm Total Rainfall In The United States | author: United States Army Corps of Engineers | venue: United States Department of War | year: 1945,title: Louisiana Section | author: (uncredited) | venue: Climatological Data | year: 1908,title: Storm Sinks Barges | author: (uncredited) | venue: The Arkansas Gazette | year: 1908,0,1,2
train_00021,"In 2005, a public poll chose to name the new footbridge near the rebuilt Wembley Stadium the White Horse Bridge.[CITE] The executive director of the London Development Agency, which organised the poll, stated that the choice of name was appropriate given that the bridge, like the horse, would improve safety for fans at Wembley.[CITE] In 2007 a play drawn from the reactions of a group of Bolton residents to the events of the final was staged at the Octagon Theatre, Bolton.[CITE]",title: Wembley bridge named White Horse | author: (uncredited) | venue: BBC | year: 2005,title: And Did Those Feet | author: (uncredited) | venue: BBC | year: 2007,title: Horse beats Hurst in Wembley bridge contest | author: Mark Honigsbaum | venue: The Guardian | year: 2005,0,2,1
train_00022,"The cultural importance of the occasion is reflected in the popularity of associated items at auction. In 2005 the gold commemorative medal presented to West Ham's George Kay was sold at auction for £4,560,[CITE] and tickets and programmes from the match have also been star lots at auctions.[CITE][CITE]",title: White Horse Final programmes up for auction | author: (uncredited) | venue: Lancashire County Publications | year: 2007,title: Pieces of Whites' FA Cup history up for sale | author: Edward Chadwick | venue: Lancashire County Publications | year: 2006,"title: 1923 FA Cup Final Medal Fetches £4,500 | author: (uncredited) | venue: The Bolton News | year: 2005",2,1,0
train_00023,"From September 2 to 5, 1989, the station was closed so the station house could be reconfigured to reduce crowding at its northern end. The southern end of the station house was converted to an entrance, and two smaller token booths were installed, replacing the large token booth that blocked passenger flow through the middle of the station house. Turnstiles were moved to create separate fare control areas for northbound and southbound trains, eliminating free transfers between directions. In addition, the newsstand at the station house's northeastern corner was moved to the southwestern corner.[CITE][CITE] The lack of a free transfer between northbound and southbound trains persisted through the early 2000s.[CITE]",title: More Routes Open For Holiday Traffic | author: Foran | venue: Newsday | year: 1989,"title: Neighborhood Report: Upper West Side; Facing a Detour, Riders Want a Shorter, Free One | author: Lee | venue: The New York Times | year: 2001",title: We're Improving the 72 Street Station | author: (uncredited) | venue: Flickr | year: 1989,1,2,0
train_00024,"With 1980, Scott-Heron embraced electronic sounds popularized in contemporary music styles like R&B and hip hop. According to The Quietus journalist Tristan Bath, as with Secrets, 1980 departed from the jazz chords, faint keyboards, and Afrocentric themes of Scott-Heron and Jackson's previous recordings together in favor of ""disco and futurist dance music tropes"".[CITE] Both records, Pitchforks Nate Patrin says, found the musicians adopting contemporary music's ""synthesized, dancefloor-driven"" trends and ""funky, disco-beat"" settings for their ""pop-friendly protest songs"".[CITE] In the opinion of Exclaim!s David Dacks, this resulted in ""a more overtly synthetic sound"" for Scott-Heron, who tried to ""incorporate changing musical trends into his earthy jazz-funk"".[CITE]",title: Gil Scott-Heron | author: Patrin | venue: Pitchfork | year: 2011,title: Gil Scott-Heron: Pioneering Poet | author: Dacks | venue: Exclaim! | year: 2010,title: Cold Comfort: Gil Scott-Heron & Brian Jackson's Winter In America | author: Bath | venue: The Quietus | year: 2014,1,2,0
train_00025,"Reviewing the album in March 1980 for The Village Voice, Christgau named it his ""pick hit"" for the month and the best record yet from Scott-Heron and Jackson. He applauded the lyrics and said, while ""the melodies are only functional"", ""the rhythms are seductive and the singing is warm.""[CITE] Geoff Brown from Black Music & Jazz Review said Scott-Heron's songs were one of the few remedies for alleviating the ""creeping suspicion which must afflict us all from time to time"", as well as the idea ""that black artists can only write convincingly these days about the topics of love and dancing.""[CITE] At the end of 1980, Christgau ranked it as the 32nd best record of the year in a list accompanying the annual Pazz & Jop critics poll.[CITE]",title: Consumer Guide | author: Christgau | venue: The Village Voice | year: 1980,title: Nuke the Status Quo | author: Brown | venue: Black Music & Jazz Review | year: 1980,title: The Year of the Lollapalooza | author: Christgau | venue: The Village Voice | year: 1981,0,1,2
train_00026,"On December 14, 2017, members of the New York City Council held a hearing in which they asked the MTA head and NYCDOT Commissioner over the shutdown. The central question was whether the MTA could complete repairs by the July 2020 deadline.[CITE][CITE] It was projected that during the shutdown, the 14th Street buses would become the most-used bus corridor in the city, and that 70 buses in each direction would travel across the Williamsburg Bridge every hour. As a result, Lower Manhattan politicians worried that the narrow streets in the area would not be able to accommodate the high-capacity buses.[CITE]",title: City Council Committee Holds Hearing On L Train Disruptions | author: (uncredited) | venue: CBS Local | year: 2017,title: New York City Council Grills MTA Over Looming Closure of L Subway Line | author: Berger | venue: Wall Street Journal | year: 2017,"title: With L Train Shutdown a Year Off, Lower Manhattan Braces for Upheaval | author: Nir | venue: The New York Times | year: 2018",1,0,2
train_00027,"The following month, the MTA decided that several of the previously announced mitigation measures would not be needed. For instance, the Williamsburg Bridge HOV restrictions and the 14th Street busway would not be implemented. In addition, the G would not receive full-length trains, though it would still see an increase in train frequencies during nights and weekends. However, the station improvements would still proceed, and the partial shutdown would begin on April 27, 2019, as previously confirmed. Due to crowding concerns the MTA considered making the First and Third Avenues stations exit-only during weekends.[CITE][CITE] Under the new plan, the free out-of-system transfers would be kept, except for between 21st Street and Hunters Point Avenue in Queens, and would only be instituted during weekends and late nights. Instead of running five shuttle bus routes in Manhattan and Brooklyn at all times, two ""Williamsburg Link"" shuttle buses, clockwise and counterclockwise, would run during weekends and late nights only. M14A bus service in Manhattan would be increased during weekends.[CITE]",title: 'L' Train Service May Still be Reduced on Nights and Weekends for Repairs | author: (uncredited) | venue: Spectrum News NY1 | New York City | year: 2019,title: MTA Unveils Proposed Alternative Service Plan for L Train | author: Siff | venue: NBC New York | year: 2019,title: Planned Service Changes During the L project | author: (uncredited) | venue: MTA | year: 2019,0,1,2
train_00028,"Brazil took the Copa América title in 1999 and then won the next World Cup in Japan and South Korea in 2002 for their record fifth World Cup win as Ronaldo scored both goals in the final against Germany in Yokohama.[CITE][CITE] France were eliminated in the group stage at the 2002 tournament, becoming the first World Cup holders to be eliminated without reaching the knockout stage since Brazil in 1966.[CITE]",title: Brazil crowned world champions | author: (uncredited) | venue: BBC Sport | year: 2002,title: Germany struck by the curse of the World Cup winner | author: Rutzler | venue: i | year: 2018,title: Football: Rivaldo's rousing finale | author: Homewood | venue: The Independent | year: 1999,1,2,0
train_00029,"After publication of the entry list, Racing Team Nederland withdrew its TDS Racing-run Oreca 07 entry from third in the reserve list to enable to team to focus on the IMSA endurance races.[CITE] On 31 May, Hardpoint Motorsport (which received an automatic invitation through the IMSA for driver Rob Ferriol, who received the 2021 Akin Award as the highest-placed bronze-ranked IMSA entrant) withdrew their LMGTE Am-category Porsche 911 RSR-19 and relinquished the entry to Proton Competition. Proton gave it to the Absolute Racing customer squad, which raced under the Hardpoint Motorsport name in accordance with ACO regulations.[CITE] Josh Pierson (driving the United Autosports Oreca 07-Gibson) was 16 years and 117 days old when he competed at Le Mans, beating the record set by Matt McMurry in 2014.[CITE]",title: Racing Team Nederland n'ira pas aux 24H du Mans | author: Mercier | venue: Endurance-Info | year: 2022,title: American teen set to break youngest Le Mans driver record next year | author: Watkins | venue: Autosport | year: 2021,title: Absolute Racing Porsche team makes last-minute Le Mans return | author: Newbold | venue: Autosport | year: 2022,0,2,1
train_00030,"Directed by Jonathan Demme, the concert film—titled Justin Timberlake + The Tennessee Kids—premiered on September 13 at the 2016 Toronto International Film Festival. It showcases the final date of the 20/20 tour at Las Vegas' MGM Grand Garden Arena.[CITE][CITE] The streaming service Netflix announced its acquisition ahead of the film's debut at film festival and released it on October 12, 2016.[CITE] It was the final film to be directed by Demme before his death in April 2017.",title: Justin Timberlake 20/20 concert movie dropping on Netflix | author: Romano | venue: Entertainment Weekly | year: 2016,title: TIFF Lineup: 5 Reasons to Get Excited About the 2016 Program | author: Kohn | venue: Indie Wire | year: 2016,"title: The 2016 Toronto Film Festival Schedule Has Justin Timberlake, Oscar Contenders, And A Lot Of Amy Adams | author: Seitz | venue: Uproxx | year: 2016",2,0,1
train_00031,"Hendry wrote that ""I have to admit that John Parrott played the best snooker of the tournament and deserved his win"". It was Parrott's first win in eight finals in a significant tournament held in the UK, although he had won four tournaments held in other countries.[CITE] In the 1991–92 snooker world rankings, published after the championship and based on results from 18 tournaments across two years, Parrott dropped from third to fourth, exchanging positions with White, while Hendry and Davis remained first and second respectively.[CITE][CITE]",title: Wilko Leaps up the Table | author: (uncredited) | venue: Sports Argus | year: 1991,title: WPBSA World Rankings | author: (uncredited) | venue: Snooker Scene | year: 1991,title: Parrott's coming of age | author: Hale | venue: The Independent | year: 1991,1,2,0
train_00032,"The corps headquarters saw its first combat deployment since the Second World War in 2004, when it deployed to Iraq for Operation Iraqi Freedom. There, III Corps headquarters assumed duties as Headquarters Multi-National Corps – Iraq, relieving V Corps. III Corps served as the administrative command for 2,500 soldiers of the Multi-National Force – Iraq command element, providing operational direction into 2005, when it was returned to Fort Hood, relieved by XVIII Airborne Corps.[CITE] III Corps has for many years participated in an exchange program which sees a Canadian Army officer appointed as a deputy commanding general. Notably, Peter Devlin deployed with the corps to Iraq in 2005.[CITE] In December 2006, the corps returned to Iraq for a second time to serve as commanding headquarters for Multi-National Corps Iraq. During this 15-month deployment, the corps took command of the force at its largest with Iraq War troop surge. The corps conducted a similar mission to its first deployment, focusing on providing personnel management, training, communications, convoy escort, and other duties to support the commanding elements of Multi-National Force Iraq. III Corps fulfilled this mission until February 2008, when it returned home, again relieved by XVIII Airborne Corps.[CITE]",title: 9 Jan. 2004 Speech by Gov. Rick Perry | author: (uncredited) | venue: Office of Rick Perry | year: 2009,title: DSA - Senior Officer Biography | author: (uncredited) | venue: (unspecified) | year: 2010,title: Transfer of Authority: XVIII Airborne Corps Special Troops Battalion takes the lead from III Corps' Task Force Phantom | author: (uncredited) | venue: United States Army | year: 2008,0,1,2
train_00033,"The A.V. Club reviewer Nathan Rabin felt Carell made ""a surprisingly graceful transition to a leading-man role"" following his performance in Anchorman, and said both of them worked well due to the ""chemistry and comic chops"" of their casts. He concluded by praising Carell for instilling ""a good deal of complexity and sophistication into his affectionate characterization"" and believed it compensated for a perceived lack of humor in the romance.[CITE] Owen Gleiberman of Entertainment Weekly gave the movie an A−, saying that Carell portrays Andy ""in the most surprising way possible: as a credible human being"".[CITE] Manohla Dargis of The New York Times called the film a ""charmingly bent comedy"", adding that Carell was an essential component for ""making this film work as well as it does"".[CITE]","title: Losing His Innocence, Not a Minute Too Soon | author: Dargis | venue: The New York Times | year: 2005",title: 40-Year-Old Virgin | author: Gleiberman | venue: Entertainment Weekly | year: 2005,title: The 40-Year-Old Virgin | author: Rabin | venue: The A.V. Club | year: 2005,2,1,0
train_00034,"Ann Hornaday of The Washington Post is critical of the film, but praised Carell for his performance. She wrote Andy remaining ""steadfastly chaste and genuinely humane"" was its most surprising aspect and described him as a character ""of old-fashioned decency in a movie that otherwise flouts it at every turn"".[CITE] It was condemned by Harry Forbes of Catholic News Service as ""relentlessly vulgar and frequently offensive"",[CITE] and by political columnist Cal Thomas for being an example of societal decline in regard to ""self-control or what was once known as purity"".[CITE]",title: The 40-Year-Old Virgin | author: Forbes | venue: Catholic News Service | year: (undated),"title: Despite Plenty Of Potential, 'Virgin' Just Doesn't Do It | author: Hornaday | venue: The Washington Post | year: 2005",title: When gas was cheap and people were valuable | author: Thomas | venue: Townhall | year: 2005,1,0,2
train_00035,"The American Creams that live in Colonial Williamsburg have been called ""the most famous of all American Cream Draft horses"". Colonial Williamsburg acquired its first American Cream Draft horses in 1989[CITE] as part of its Rare Breeds program, which began in 1986.[CITE] In the village, American Creams are used for wagon and carriage rides, and as of 2006, there is a breeding program run by Colonial Williamsburg that is working to increase breed numbers.[CITE]",title: Rare Breeds and Randolph Stable Project | author: (uncredited) | venue: Colonial Williamsburg | year: 2024,title: Equine Equanimity: It Takes a Special Sort of Horse | author: Crews | venue: Colonial Williamsburg | year: 2024,title: America's Horses: A Celebration of the Horse Breeds Born in the U.S.A | author: Harris | venue: The Lyons Press | year: 2006,1,0,2
train_00036,"Adams is honored on the Memorial to the 56 Signers of the Declaration of Independence in Washington D.C.[CITE] He does not have an individual monument dedicated to him in the city,[CITE] although a family Adams Memorial was authorized in 2001. According to McCullough, ""Popular symbolism has not been very generous toward Adams. There is no memorial, no statue ... in his honor in our nation's capital, and to me that is absolutely inexcusable. It's long past time when we should recognize what he did, and who he was.""[CITE]",title: The case of the missing John Adams monument | author: Cunningham | venue: The Washington Post | year: 2016,title: 56 Signers of the Declaration of Independence Memorial | author: (uncredited) | venue: National Park Service | year: 2022,title: Why doesn't John Adams have a memorial in Washington? | author: Heffner | venue: The Washington Post | year: 2011,2,0,1
train_00037,"On July 1, 2009, Sounders FC traveled to Portland and defeated the Timbers of the USL First Division, the team's historic rival, 2–1 in front of a sold-out crowd. Roger Levesque and Stephen King both scored for Seattle.[CITE] The following week, in a quarterfinal match at Starfire, Sounders FC defeated visiting Kansas City 1–0 on a penalty kick in the 89th minute scored by Sebastien Le Toux.[CITE] Three weeks later, on July 21, Sounders FC won their semifinal match 2–1 over the Houston Dynamo at Starfire. Seattle took the lead for good when Stephen King scored a goal five minutes into extra time, sending Sounders FC to the cup final.[CITE]","title: Sounders beat Dynamo in Open Cup semis, 2–1 | author: Romero | venue: The Seattle Times | year: 2009",title: Sounders FC cuts down Portland 2–1 in spirited battle of Northwest rivals | author: Romero | venue: The Seattle Times | year: 2009,title: Sounders FC earns 1–0 victory over Kansas City Wizards in Open Cup | author: Romero | venue: The Seattle Times | year: 2009,2,0,1
train_00038,"Large swells, light rain, and gusty winds were reported in the Lesser Antilles.[CITE] The Egyptian motorship Raseltin encountered rough seas, damaging the hull of the ship.[CITE] The remnants of Gustav severely impacted a seismic research operation off the coast of the United Kingdom, damaging some of the research tools. In all, the storm delayed the project by two days.[CITE]",title: Cruise Report Number 218 | author: Dr. C.P. Summerhayes | venue: Institute of Oceanographic Sciences Deacon Laboratory | year: 1990,title: Casualties | author: Staff Writer | venue: Lloyd's List | year: 1990,title: Gustav spares northeast Caribbean | author: Staff Writer | venue: United Press International | year: 1990,2,1,0
train_00039,"Notts County faced Chesterfield (nicknamed the Spireites) in the final, the latter having beaten Bromley 3–2 in extra time in the semi-final.[CITE] Notts County had previously played at Wembley Stadium in the 1990 Third Division play-off final, 1991 Second Division play-off final, 1994 Anglo-Italian Cup final, 1995 Anglo-Italian Cup final, 1996 Second Division play-off final and 2020 National League play-off final. Asked what a win would mean to the club after missing automatic promotion, Williams said ""we would feel some sort of justification, a sense of confirmation, that all our hard work paid off"". He anticipated ""a real huge clash between two very good teams for the level"".[CITE] Williams named an unchanged starting eleven from that which had begun the semi-final.[CITE]",title: Notts County team news vs Chesterfield confirmed as side named for Wembley play-off final | author: King | venue: Nottingham Post | year: 2023,title: Chesterfield 3–2 Bromley | author: (uncredited) | venue: BBC Sport | year: 2023,"title: Luke Williams: Notts County want to 'close door' on non-league chapter, says boss | author: Aloia | venue: BBC Sport | year: 2023",2,0,1
train_00040,"During the Dublin sessions, Eno was sent tapes of the previous two months' work, which he called a ""total disaster"". Joining U2 in the studio, he stripped away what he thought to be excessive overdubbing. The group believes his intervention saved the album.[CITE] Eno theorised that the band was too close to their music, explaining: ""if you know a piece of music terribly well and the mix changes and the bass guitar goes very quiet, you still hear the bass. You're so accustomed to it being there that you compensate and remake it in your mind.""[CITE] Eno also assisted them through a crisis point one month before the recording deadline; he recalled that ""everything seemed like a mess"", and he insisted the band take a two-week holiday. The break gave them a clearer perspective and added decisiveness.[CITE]",title: Brian Eno: 'So Why Are We Doing This?' | author: Gill | venue: Mojo | year: 2001,title: Eno | author: (uncredited) | venue: Propaganda | year: 1992,title: Brian Eno | author: Gill | venue: Mojo | year: 1995,2,1,0
train_00041,"Marty Schottenheimer, who had recently resigned as Cleveland Browns head coach, was among those interviewed for the San Diego vacancy.[CITE] Schottenheimer signed for the Chiefs instead, though he would become the Chargers' head coach 13 years later.[CITE] Other candidates included Chicago assistant Johnny Roland, Washington assistant Dan Henning, Illinois head coach Mike White, and the Chargers' own defensive coordinator, Ron Lynn.[CITE]",title: Article continued | author: (uncredited) | venue: (unspecified) | year: 1989,title: Marty Schottenheimer Record | author: (uncredited) | venue: pro-football-reference.com | year: (undated),title: Ortmayer plans interviews with Viking coaches | author: (uncredited) | venue: (unspecified) | year: 1988,2,1,0
train_00042,"In the second round, San Diego picked center Courtney Hall. Long-time center Don Macek had missed the final 11 games of the previous season through injury;[CITE] Hall was inserted into the starting line-up in week 1, and didn't miss a game until 1994.[CITE] With McMahon not yet acquired, the Chargers gave up three picks to select a quarterback. They worked a trade with the Giants, swapping a third-, fourth- and seventh-round pick for New York's second-round choice. With this, they selected Billy Joe Tolliver from Texas Tech.[CITE]",title: Courtney Hall Career Game Log | author: (uncredited) | venue: pro-football-reference.com | year: (undated),title: Charger Notebook | author: (uncredited) | venue: Los Angeles Times | year: 1988,title: Draft report continued | author: (uncredited) | venue: (unspecified) | year: 1989,1,0,2
train_00043,"Given the chance to join Denver stop the AFC West,[CITE] the Chargers instead slipped two games back with a narrow defeat.[CITE] There were only six drives in total in the first half, with the bulk of the time being taken up by a trio of eight-minute field goal drives - one by San Diego, two by Denver. The Chargers forced a punt on the opening possession of the second half, which Dana Brinson returned 52 yards to the Bronco 28. Six plays later, Butts scored from the 2-yard line. Broncos running back Bobby Humphrey broke off a 40-yard run later in the 3rd quarter, but Byrd intercepted John Elway when he tried a long pass on the next play.[CITE]","title: 1989 week 5 gamebook, Chargers at Broncos | author: (uncredited) | venue: (unspecified) | year: 1989",title: Match report continued | author: (uncredited) | venue: (unspecified) | year: 1989,"title: NFL Standings, week 4, 1989 | author: (uncredited) | venue: pro-football-reference.com | year: (undated)",2,1,0
train_00044,"A standout performance by Marion Butts led the Chargers to a sweep of the playoff-chasing Chiefs.[CITE][CITE] San Diego produced an error-riddled first half, with Tolliver throwing an interception, and both Tolliver and Walker losing fumbles. The Chiefs turned two of these turnovers into field goals, and added a touchdown after Bahr missed a 42-yard field goal. Down 13–0 with 1:45 left in the half, Tolliver got the offense moving, with completions on three consecutive plays covering 66 yards. Three plays later, he found tight end Andy Parker for a 1-yard touchdown with 17 seconds on the clock.[CITE]","title: NFL Standings, week 14, 1989 | author: (uncredited) | venue: pro-football-reference.com | year: (undated)",title: Match report continued | author: (uncredited) | venue: (unspecified) | year: 1989,"title: 1989 week 15 gamebook, Chargers at Chiefs | author: (uncredited) | venue: (unspecified) | year: 1989",0,1,2
train_00045,"San Diego overcame six turnovers to beat the playoff-bound Broncos.[CITE] Butts converted a 4th and 1 in the 2nd quarter, and Bahr put the Chargers up 3–0. Denver, who had clinched the #1 seed in the AFC,[CITE] pulled John Elway after he had thrown a touchdown to Bobby Humphrey in response. Shortly before halftime, Miller had catches of 18 and 15 yards, while also gaining 24 yards on an end-around, enabling Bahr to pull it back to 7–6. Tolliver was intercepted three times in the first half, but none of those turnovers led to Denver points.[CITE]","title: 1989 week 16 gamebook, Broncos at Chargers | author: (uncredited) | venue: (unspecified) | year: 1989",title: Match report continued | author: (uncredited) | venue: (unspecified) | year: 1989,"title: NFL Standings, week 15, 1989 | author: (uncredited) | venue: stathead.com | year: (undated)",2,0,1
train_00046,"The season's activity was reflected with a cumulative accumulated cyclone energy (ACE) rating of 34,[CITE] which is classified as ""below normal"".[CITE] ACE is, broadly speaking, a measure of the power of the hurricane multiplied by the length of time it existed, so storms that last a long time, as well as particularly strong hurricanes, have high ACEs. ACE is only calculated for full advisories on tropical systems at or exceeding or tropical storm strength. Subtropical cyclones are excluded from the total.[CITE]",title: 2005 Atlantic Ocean Tropical Cyclones | author: David Levinson | venue: National Climatic Data Center | year: 2008,title: Background information: the North Atlantic Hurricane Season | author: National Oceanic and Atmospheric Administration | venue: Climate Prediction Center | year: 2010,title: Atlantic basin Comparison of Original and Revised HURDAT | author: Hurricane Research Division | venue: National Oceanic and Atmospheric Administration | year: 2011,2,1,0
train_00047,"The next day, Tropical Depression Six moved westward to a position more than away from the Cape Verde Islands and the Lesser Antilles, too far away from land for the National Hurricane Center to send a reconnaissance flight into the depression.[CITE] Tropical Depression Six was at the time not a threat to land and few ships were in the area.[CITE] The depression degenerated into a tropical wave by September 2, though it was operationally considered a tropical cyclone until the following day.[CITE]",title: Depression Off Africa Is Likely To Become Storm | author: (uncredited) | venue: The Miami Herald | year: 1987,title: Tropical depression fizzles to a wave | author: (uncredited) | venue: St. Petersburg Times | year: 1987,title: Tropical depression drifting westward | author: (uncredited) | venue: The Galveston Daily News | year: 1987,1,2,0
train_00048,"Ipswich's penultimate league fixture was against Arsenal at Highbury for which both Elsworthy and Moran required pain-killing injections to play. Despite early chances for the home side, Ipswich took the lead through Phillips in the 13th minute which Crawford doubled four minutes later. Eastham saw a goal disallowed before half time and Crawford scored his second and made it 3–0 to Ipswich.[CITE] Burnley drew with Blackpool to leave Ipswich top of the league, two points clear but having played one more game than Burnley.[CITE] The final game of Ipswich's season was at home against Aston Villa. After a goalless first half, Elsworthy's header struck the bar before Crawford scored from the rebound. He doubled the lead to secure a 2–0 win for Ipswich, and after news of Burnley's home draw with Chelsea, it was confirmed that Ipswich were league champions. The team were the first to win the First Division at their first attempt since the inaugural champions and The Invincibles of Preston North End in the 1888–89 season.[CITE]",title: Ipswich match Preston's feat of 1889 | author: Arlott | venue: The Observer | year: 1962,title: Ipswich triumph – now they sweat it out | author: Lorenzo | venue: (unspecified) | year: 1962,title: Burnley again lose ground in struggle for Championship | author: (uncredited) | venue: The Guardian | year: 1962,2,0,1
train_00049,"Redemption was placed the second most viewed Fox release on the week it aired, behind House; Redemption drew a total of 12.121 million viewers, with a Nielsen rating of 7.0,[CITE] 4.0/9 among adults aged 18–49. Redemption was the highest-rated scripted program of the night, and was 3rd overall for the 8:00 pm to 11:00 pm time slot, behind the American Music Awards and Sunday Night Football.[CITE] It aired on Sky 1 in the UK, and received an average of 405,000 viewers, nearly triple the regular number of viewers for the series.[CITE]","title: 24: Redemption gets 405,000 | author: Rogers | venue: Broadcast Now | year: 2011","title: '24: Redemption' earns solid rating; AMAs grow | author: Hibberd, James | venue: The Hollywood Reporter | year: 2008","title: Top Fox Primetime Shows, November 17–23 | author: Seidman | venue: TV by the Numbers | year: 2008",2,1,0
train_00050,"In addition, some reviews had mixed responses. Simon Brew of Den of Geek rated Redemption 3 out of 5 stars, praising it for showing a more human side of Bauer, the acting of Cherry Jones as Allison Taylor, and named Redemption as a solid bridge between season six and seven. However, Brew was critical that it ""plays no havoc"" with the world of 24, and that it is ""lacking at times in urgency"".[CITE] Gerard Gilbert of The Independent stated that the introduction of Jonas Hodges was promising, and praised Jon Voight's acting, as well as stating that the character is the one most to look forward to in the seventh season.[CITE] Matthew Gilbert of The Boston Globe gave the film a negative review, giving it a 2 out of 10, calling it ""un-fun"", and stating that Bauer's character has not changed at all from past seasons, and asking, ""When does a rogue hero [Bauer] become a tired joke? Based on this un-fun movie, I would say yesterday.""[CITE]",title: Counting down | author: Gilbert | venue: The Boston Globe | year: 2008,title: 24 Redemption review | author: Brew | venue: Den of Geek | year: 2008,"title: First Night 24: Redemption, Sky One — Reviews | author: Gilbert | venue: The Independent | year: 2008",2,0,1
train_00051,"Schools in the area were devastated as well, with 17 students killed at the Longfellow School and nine others killed at the Logan School. Three seniors were also killed in the original High School building when the top story blew away.[CITE] After the tornado passed, large fires ignited and swept through the rubble, burning many of the trapped survivors alive. With the water mains destroyed, dynamite was used to try to stop the fires, but only caused more destruction. In all, 188 people died in the immediate storm at Murphysboro, including at least 20 who were never identified. The official number of injured was 623, while some other sources claim it could have been higher. Of those injured, 46 more later died, bringing the storm's death toll at Murphysboro to 234, to date being the highest exacted by a tornado of any single city in the United States.[CITE] The tornado then devastated the rural farming area northeast of Murphysboro inflicting substantial losses to property and other farm objects. A large railroad bridge was blown away over the Big Muddy, and entire portions of forest were flattened. The twister then struck the farming town of De Soto, which on a scale paralleling Gorham was virtually obliterated. In the immediate storm, 56 were killed and another 105 were injured, five of whom later died, as many homes were swept away. Thirty-three of the deaths were students that were killed in the partial collapse of the De Soto School, the worst tornadic death toll at a single school in U.S. history. Also killed at De Soto was Jackson County Deputy Sheriff George Boland. While on patrol when the storm struck, the tornado lifted him from the ground and he disappeared into the funnel. His body was never found. In a wooded area in northern De Soto, the tornado produced extreme ground scouring and tree damage, with a photo from the national archives showing a scene with some tree trunks just a couple feet tall.[CITE]",title: Flood Ravages Illinois Towns After Storm | author: (uncredited) | venue: (unspecified) | year: 1925,title: 71. Photograph of a Murphysboro building destroyed by the tri-state tornado (1925) | author: (uncredited) | venue: Office of the Illinois Secretary of State | year: 2026,title: 1925 Tornado | author: US Department of Commerce | venue: www.weather.gov | year: 2024,2,1,0
train_00052,"A number of veterans left the Chargers during the offseason. Carl Mauck had started 54 games at center out of a possible 56 during four seasons in San Diego but was traded to the Oilers for two other players.[CITE][CITE] Cornerback Bob Howard had been with the team for twice as long, playing in 102 games and starting 85 through 8 seasons. He was traded to the Patriots for a 1976 fifth-round draft choice, which they would spend on Woodrow Lowe.[CITE]",title: Chargers deal for linemen | author: (uncredited) | venue: Escondido Times-Advocate | year: 1975,title: 1976 NFL Draft Pick Transactions | author: (uncredited) | venue: Los Angeles Times | year: 1975,title: Carl Mauck Stats | author: (uncredited) | venue: pro-football-reference.com | year: (undated),1,2,0
train_00053,"San Diego's offense struggled through much of the preseason, beginning with a shutout loss to the Bears. Dan Fouts led his offense 67 yards on their opening drive, reaching the Chicago 1-yard line before a botched handoff between the quarterback and Bo Matthews resulted in a fumble Chicago recovered. Fouts stayed in the game for three quarters, but the Chargers had few threats after that.[CITE] They ran their scoreless streak up to seven complete quarters in the next game, falling behind the Giants 17–0 before Don Woods managed a late touchdown.[CITE] The offense improved in San Diego's third and final home game of the preseason, a 20–7 win over the 49ers. Fouts and rookie quarterback Neal Jeffrey combined for 253 passing yards, throwing one touchdown pass each to newly signed tight end Curran and veteran wide receiver Gary Garrison.[CITE]","title: Fouts, Jeffrey combine to spark Chargers past 49ers | author: (uncredited) | venue: Los Angeles Times | year: 1975",title: Chargers suffer second loss | author: Mack | venue: Escondido Times-Advocate | year: 1975,"title: Bears defeat Chargers, 22–0 in exhibition | author: Hoff | venue: Escondido Times-Advocate | year: 1975",2,1,0
train_00054,"Charger quarterbacks were sacked seven times in St. Louis, and they were again kept out of the end zone. Ray Wersching kicked three field goals, good for a 9–7 lead late in the game, but a Cardinal touchdown with 29 seconds remaining provided the winning points.[CITE] First-round draftee Gary scored on a fumble return against the Patriots; with Fouts having run for a touchdown earlier, the Chargers led 17–7, but New England responded with 24 unanswered points before a late touchdown pass from Virgil Carter to Garrison ended the scoring. Fouts struggled, completing 4 of 9 for 55 yards, with two interceptions.[CITE] Finally, San Diego played a scoreless first half against the Vikings, eventually breaking through in the 3rd quarter with a 28-yard touchdown from Jesse Freitas to Dwight McDonald. Minnesota levelled the scores, then Freitas threw an interception that was run back for a 14–7 Vikings advantage. The Chargers bounced back with a 71-yard touchdown drive, Young scoring with four seconds remaining to send the game into overtime, where there was no further scoring.[CITE]","title: Chargers late to fall, 14–9 | author: (uncredited) | venue: Escondido Times-Advocate | year: 1975",title: Patriots' win costly; Chargers fall again | author: (uncredited) | venue: Escondido Times-Advocate | year: 1975,"title: Chargers, Vikes go into overtime | author: Hoff | venue: Escondido Times-Advocate | year: 1975",0,1,2
train_00055,"With an 0–11 start, the prospect of the NFL's first 0–14 record and first winless and tieless season since World War II led to serious discussion of the Chargers' plight in the press.[CITE] San Diego eventually finished 2–12, tying the New Orleans Saints for the NFL's worst record.[CITE] 1975 would remain as the Chargers' poorest record until they went 1–15 in 2000.[CITE]",title: Los Angeles Chargers Franchise Encyclopedia | author: (uncredited) | venue: pro-football-reference.com | year: (undated),title: 1975 NFL Standings & Team Stats | author: (uncredited) | venue: pro-football-reference.com | year: 2024,"title: The Chargers Are 0–11, Going on 0–14 | author: Anderson | venue: New York Times | year: 1975",2,1,0
train_00056,"The six total points remained the lowest for a Charger game until they won by the same scoreline in 2023.[CITE] Fouts completed 3 of 13 for 29 yards, while throwing two interceptions and being sacked five times for a loss of 51 yards. Club records set included fewest passing yards (minus 22, still a record),[CITE] fewest first downs (5), fewest completions (3), and most punts (11).[CITE]",title: Charger offense a no-show | author: Hoff | venue: Escondido Times-Advocate | year: 1975,"title: Fewest passing yards, Chargers | author: (uncredited) | venue: stathead.com | year: (undated)","title: Fewest combined points, game, Chargers | author: (uncredited) | venue: stathead.com | year: (undated)",2,1,0
train_00057,"The Tennessee Amphitheater, the only structure other than the Sunsphere that currently remains from the World's Fair, was condemned to demolition in 2002.[CITE] Popular sentiment from Knoxville residents and officials supported restoring it, and the theater was renovated between 2005 and 2007, reopening in 2007.[CITE] In 2007, the amphitheater was voted one of the top fifteen architectural works of East Tennessee by the East Tennessee chapter of the American Institute of Architects.[CITE]",title: Professor sings praises of iconic World's Fair structure | author: Doug Mason | venue: The Knoxville News Sentinel | year: 2005,title: Area architects' picks for ET's Top 15 structures may surprise you | author: Doug Mason | venue: The Knoxville News Sentinel | year: 2007,title: World's Fair Park Amphitheater | author: (uncredited) | venue: World's Fair Park | year: 2016,0,2,1
train_00058,"Petit scored a 90th-minute winner for Arsenal against West Ham United and a further win against Chelsea ensured Arsenal finished second, as Leeds and Liverpool failed to win their respective matches. Arsenal played out a 3–3 draw against Sheffield Wednesday, which relegated their opponents in the process.[CITE] Arsenal ended their league campaign against Newcastle United at St James' Park. Wenger rested several first-team players to prioritise the 2000 UEFA Cup Final the following week.[CITE] Arsenal lost 4–2, with Newcastle striker Alan Shearer notably scoring the 300th goal of his career.[CITE]",title: Wednesday relegated | author: (uncredited) | venue: BBC News | year: 2000,title: A good test of our progress | author: Spellman | venue: Evening Chronicle | year: 2000,title: Shearer on song as Magpies win | author: (uncredited) | venue: BBC News | year: 2000,0,1,2
train_00059,"In the fifth round Arsenal faced Crystal Palace at home, but once again had to settle for a replay as the team were held to a draw.[CITE] Arsenal fielded a makeshift side at Selhurst Park, but goals from Nicolas Anelka and Dennis Bergkamp ensured progress into the next round.[CITE] Against West Ham United in the quarter-finals, Arsenal went a goal behind as Frank Lampard's corner kick was converted into the goal net by Ian Pearce. Although Bergkamp equalised from the penalty spot, West Ham defended well enough to force a replay.[CITE]",title: Football: Bergkamp makes decisive impact for Arsenal | author: Szreter | venue: The Independent | year: 1998,title: Gunners fail to shoot down Eagles | author: (uncredited) | venue: BBC News | year: 1998,title: Honours even for Arsenal and West Ham | author: (uncredited) | venue: BBC News | year: 1998,1,0,2
train_00060,"The service on the Flushing Line east of Queensboro Plaza was shared by the Interborough Rapid Transit Company (IRT) and the Brooklyn–Manhattan Transit Corporation (BMT) from 1912 to 1949; BMT trains were designated 9, while IRT services were designated 7 on maps only.[CITE] The IRT routes were given numbered designations in 1948 with the introduction of ""R-type"" rolling stock, which contained rollsigns with numbered designations for each service.[CITE] The Flushing route became known as the 7.[CITE]",title: How Did the MTA Subway Lines Get Their Letter or Number? NYCurious | author: Brown | venue: amNewYork | year: 2019,"title: A Summary of Services on the IRT Division, NYCTA | author: Friedlander | venue: New York Division Bulletin | year: 1960",title: Line Names | author: Korman | venue: thejoekorner.com | year: 2016,1,2,0
train_00061,"On October 17, 1949, the joint BMT/IRT operation of the Flushing Line ended, and the Flushing Line became the responsibility of the IRT.[CITE] After the end of BMT/IRT dual service, the New York City Board of Transportation announced that the Flushing Line platforms would be lengthened to 11 IRT car lengths, and the BMT Astoria Line platforms extended to 10 BMT car lengths. The project, to start in 1950, would cost . The platforms were only able to fit nine 51-foot-long IRT cars, or seven 60-foot-long BMT cars beforehand.[CITE][CITE]","title: 37 Platforms On Subways To Be Lengthened: All Stations of B. M. T. And I.R.T.in Queens Included in $5,000,000 Program | author: (uncredited) | venue: New York Herald Tribune | year: 1949","title: Direct Subway Runs To Flushing, Astoria | author: (uncredited) | venue: The New York Times | year: 1949","title: Transit Platforms On Lines In Queens To Be Lengthened; $3,850,000 Program Outlined for Next Year to Care for Borough's Rapid Growth New Links Are To Be Built 400 More Buses to Roll Also — Bulk of Work to Be on Corona-Flushing Route Transit Program In Queens Outlined | author: Bennett | venue: The New York Times | year: 1949",2,0,1
train_00062,"The 7 was the last route to run using ""Redbird"" cars, and the 7s fleet consisted entirely of R33S/R36 Redbird trains until February 2002. In 2001, with the arrival of the R142/R142A cars, the Transit Authority announced the retirement of all Redbird cars. From January 2002 to November 2003, Bombardier-built R62A cars from other routes gradually replaced all of the Redbird cars on the 7. The first R62As entered service on the 7 route on February 19, 2002.[CITE] On November 3, 2003, the last Redbird train made its final trip on this route, making all stops between Times Square and the then-named Willets Point–Shea Stadium.[CITE] Several Redbird cars running on this service were decorated with Mets logos and colors during the 2000 World Series against the New York Yankees, as the Flushing Line runs adjacent to Citi Field and the former location of Shea Stadium.[CITE]",title: New York City Subway Car Update | author: (uncredited) | venue: The Bulletin | year: 2018,"title: The Subway Series: The Yankees, The Mets and a Season to Remember | author: (uncredited) | venue: The Sporting News | year: 2000","title: Let Go, Straphangers. The Ride Is Over | author: Luo | venue: The New York Times | year: 2003",0,2,1
train_00063,"A televised debate between Biden, Brady, and Rosenbaum was held on October 23 by First State News and Heritage Cablevision.[CITE][CITE] A radio debate between them was held on November 2 on WILM. In the debate Biden and Brady argued over line-item vetos. Brady felt that the president should be able to veto specific parts of bills, while Biden felt that it would give the president too much power, allowing them to ""take complete control"" of Congress.[CITE]",title: Vote your choice! | author: (uncredited) | venue: The News Journal | year: 1990,"title: Biden, Brady air differences on veto | author: Kesler | venue: The News Journal | year: 1990",title: Television Today | author: (uncredited) | venue: The News Journal | year: 1990,1,2,0
train_00064,"North Carolina opened their 1981–82 campaign with a win against Kansas at a neutral site in Charlotte, North Carolina.[CITE] After winning five more games, the Tar Heels entered the Cable Car Classic. Behind Perkins' 23 points, the Tar Heels managed to win the game, despite being taken to overtime.[CITE] North Carolina advanced to the tournament final where the defeated Santa Clara. Wake Forest defeated North Carolina, who was playing without Perkins due to illness, to hand them their first loss of the season.[CITE] The Tar Heels won three more games before losing to Virginia, where they trailed the whole game. North Carolina won the remaining games of its regular season. The team won the ACC tournament by narrowly defeating Virginia in tournament's championship game, 47–45.",title: N. Carolina Wins In Overtime | author: (uncredited) | venue: The New York Times | year: 1981,"title: N. Carolina Tops Kansas, 74-67 | author: (uncredited) | venue: The New York Times | year: 1981",title: North Carolina Upset | author: (uncredited) | venue: The New York Times | year: 1982,1,0,2
train_00065,"The 1838 slave sale returned to the public's awareness in the mid-2010s. In 2013, Georgetown began planning to renovate the adjacent Ryan, Mulledy, and Gervase Halls, which together served as the university's Jesuit residence until the opening of a new residence, Wolfington Hall, in 2003.[CITE] After the Jesuits vacated the buildings, Ryan and Mulledy Halls lay vacant, while Gervase Hall was put to other use.[CITE] In 2014, renovation began on Ryan and Mulledy Halls to convert them into a student residence.[CITE]",title: University Requests Change in Use for Ryan Hall and Mulledy Hall | author: (uncredited) | venue: Georgetown University | year: 2013,title: Reviving History With New Academy | author: Eagan | venue: The Hoya | year: 2015,title: Renovation of Former Jesuit Residence Beginning May 19 | author: (uncredited) | venue: Georgetown University | year: 2014,1,0,2
train_00066,"Browns center Mike Scarry left before the season to become the head coach at Western Reserve.[CITE] Frank Gatski took over at the position after Scarry's retirement.[CITE] Don Greenwood, a halfback who featured in the team's first two seasons, retired after sustaining a serious cheekbone injury in 1947 and accepted a job as head football coach at Cuyahoga Falls High School in Cuyahoga Falls, Ohio.[CITE] Browns games were televised for the first time in 1948 on 84 stations across the country. Only away games were shown in northeast Ohio; they were presented by Bob Neal and Stan Gee, who had announced Browns games on WGAR-AM radio in 1946 and 1947.",title: Greenwood Gets Falls Grid Post | author: (uncredited) | venue: Cleveland Plain Dealer | year: 1948,title: Browns Get Tackle Palmer of Yankees; Waive Rights to Sarkisian | author: Sauerbrei | venue: Cleveland Plain Dealer | year: 1948,title: Scarry Signs 2-Year Contract at Reserve's Head Football Coach | author: (uncredited) | venue: Cleveland Plain Dealer | year: 1948,2,1,0
train_00067,"Sangeetha Devi Dundoo of The Hindu wrote, ""How often do we get to watch a Telugu film where the audience, along with the protagonist and supporting characters, is also required to think and distinguish between events unfolding in real and imaginary spaces?"" and called 1 Nenokkadine a ""visually stunning"" film.[CITE] Sridhar Vivan of Bangalore Mirror gave the film 3.5 out of five stars: ""As the film tries out a refined or reformed revenge saga, it needs to be seen whether 1 Nenokkadine works at the box office. If it does, it is a good sign for Telugu cinema"".[CITE] A. S. Sashidhar of The Times of India wrote, ""The first half of 1: Nenokkadine is good and will keep you wanting for more. The story has a few interesting twists and turns, in the second half too to keep the audience glued to the screen"", and Sukumar ""should be commended for superb attempt in choosing to make a film that has not been explored in Telugu movies"".[CITE]",title: One – Nenokkadine Telugu movie review highlights | author: A. S | venue: The Times of India | year: 2014,title: 1-Nenokkadine: Games the mind can play | author: Devi Dundoo | venue: The Hindu | year: 2014,title: Movie Review : 1 Nenokkadine | author: Vivan | venue: Bangalore Mirror | year: 2014,2,0,1
train_00068,"As the hurricane moved inland, the city of Houston was hit especially hard. Three people in the area died and several others were injured.[CITE][CITE] Winds blew at up to , catching many off-guard after a previous forecast that deemed the region was safe. Some sections of the city were left without power. The winds destroyed poorly built structures and damaged others, and some streets were flooded. An athletic stadium was demolished by the storm, and glass windows were shattered in downtown stores. A preliminary estimate placed the damage in Houston at $500,000. In the aftermath of the storm, fifteen truckloads of shattered glass were removed.[CITE]",title: Hurricane Races North Raging Thru Texas | author: (uncredited) | venue: Ludington Daily News | year: 1941,title: Damage In Millions As Hurricane Hits Texas | author: (uncredited) | venue: The Evening Independent | year: 1941,title: Hurricane Hits Houston In Twist | author: (uncredited) | venue: The New York Times | year: 1941,1,2,0
train_00069,"The Budweiser Shootout was created by Busch Beer brand manager Monty Roberts as the Busch Clash in 1979. The race, designed to promote Busch Beer, invites the fastest NASCAR drivers from the previous season to compete.[CITE] The race is considered a ""warm-up"" for the Daytona 500.[CITE] It was renamed the Bud Shootout in 1998. The name changed to the Budweiser Shootout in 2001, the Sprint Unlimited in 2013 and the Advance Auto Parts Clash in 2017.[CITE]",title: The Budweiser Shootout – What a Difference Three Decades Make | author: Fleshman | venue: SpeedwayMedia | year: 2010,title: Season-opening Daytona exhibition race officially the 'Advance Auto Parts Clash' | author: Bromberg | venue: Yahoo! Sports | year: 2017,"title: Preview, Prediction of the 2015 Sprint Unlimited | author: Bonkowski | venue: Bleacher Report | year: 2015",0,2,1
train_00070,"Due to several losses, the Tigers did not contend for the APFA trophy in 1920, a prize awarded by the league's owners to the league's best team at the end of the season. The Tigers' performance of 2–4–2 would be the team's best before folding in 1921.[CITE] Sportswriter Bruce Copeland compiled the 1920 All Pro team, but no players made the list.[CITE] As of 2012, no players from the 1920 Dayton Triangles were enshrined in the Pro Football Hall of Fame.[CITE]",title: Alphabetically | author: (uncredited) | venue: Pro Football Hall of Fame | year: 2012,title: Cleveland Tigers Team Encyclopedia | author: (uncredited) | venue: Pro-Football-Reference.com | year: 2012,title: 1920 All-Pros | author: Hogrogian | venue: The Coffin Corner | year: 1984,2,0,1
train_00071,"The future of Benalla College's Dunlop campus, which faced both an attempted closure in 1996 and a funding shortfall, was a local issue in the by-election.[CITE] Independent Hill supported the renovation of the Dunlop campus, stating that the campus should also host community education as well as secondary schooling.[CITE] Education minister Mary Delahunty announced during the campaign that Benalla College would be provided A$330,000 for urgent upgrades, following her own visit to Dunlop.[CITE]",title: Urgent repairs | author: (uncredited) | venue: Benalla Ensign | year: 2000,title: Dunlop's future election issue | author: (uncredited) | venue: Benalla Ensign | year: 2000,title: Candidates cautious | author: Bechaz | venue: Benalla Ensign | year: 2000,2,0,1
train_00072,"A number of candidates voiced their support for MDRRA's proposal for a review of the Shire of Delatite. Ryan and Sykes of the Nationals announced their support in April 2000, though Ryan clarified he did not support de-amalgamation.[CITE] Allen also supported the review plan at a MDRRA meeting, saying she would then support further appropriate outcomes as a result of the review. Independents Hill and Rowe, as well as Greens candidate Janet Mackenzie, also supported a review for Delatite.[CITE] Bob Cameron, the local government minister, announced on 5 May he was in full support of the proposed review.[CITE]",title: Labor backs shire review | author: (uncredited) | venue: Mansfield Courier | year: 2000,title: Minister supports review | author: Rudzki | venue: Mansfield Courier | year: 2000,title: Nationals back review | author: Dunlop | venue: Mansfield Courier | year: 2000,1,2,0
train_00073,"A Labor proposal at the time was to legislate for supervised injection sites in the city of Melbourne, with the aim of controlling heroin addiction. As a result, Nationals advertisements aired arguing that ""a vote for Labor is a vote for heroin injecting rooms"", although none were proposed in the electorate of Benalla.[CITE][CITE] Ingram and Savage had indicated they would oppose the supervised injecting proposal, which, assuming Liberal and National opposition, would be enough for it to fail. However, if Labor was successful in the Benalla by-election, they would have 44 out of 88 Legislative Assembly seats, meaning only one non-Labor vote would be required to pass the legislation. This could have resulted in the proposal's success, given independent Susan Davies supported the supervised injecting plan.[CITE]",title: Benalla poll a test for Bracks | author: Barlow | venue: The Weekly Times | year: 2000,title: Drugs issue in poll | author: Webber | venue: Herald Sun | year: 2000,title: Heroin rooms ride on poll | author: Johnston | venue: Herald Sun | year: 2000,0,1,2
train_00074,"Les Twentyman, a youth worker with Open Family, said that the Benalla by-election result signified a mandate for the Bracks Labor government to proceed with legislation for supervised injecting rooms in Melbourne.[CITE] The injecting room proposal still faced opposition in the Legislative Council, and Labor abandoned the proposal in advance of the 2002 Victorian state election.[CITE] Liberal member and beef breeder Don Lawson noted McNamara's involvement in a failed scheme to combat bovine Johne's disease as having potentially depressed Nationals support in Benalla.[CITE]",title: Nationals shrug slump | author: Barlow | venue: The Weekly Times | year: 2000,title: Labor to dump injecting room policy | author: (uncredited) | venue: The Age | year: 2002,title: Result backs drug trials | author: Hodder | venue: Herald Sun | year: 2000,2,1,0
train_00075,"The National Bank of Commerce began developing another early skyscraper, this one 18 stories, at 31-33 Nassau Street (at the corner with Cedar Street) in 1896. The structure was designed in the Renaissance Revival style by James B. Baker and was made of granite, brick, and terracotta.[CITE] Sculptor Karl Bitter carved two large figures above the main entrance,[CITE] which generated controversy due to their being nude.[CITE]",title: The Lost Bank of Commerce - 31 Nassau Street | author: Miller | venue: daytoninmanhattan | year: 2025,title: The Figure Boarded Up: Bald-headed Men Gazed at It in Admiration It Was Placed in Position on the Building of the National Bank of Commerce and Attracted a Crowd That Made Nassau-st. Impassable--a Report That Mr. Comstock Had Interfered Denied | author: (uncredited) | venue: New-York Tribune | year: 1897,title: The National Bank of Commerce | author: (uncredited) | venue: The New York Times | year: 1896,1,2,0
train_00076,"Blackpool faced Barnet in the other semi-final and the first match was played on 10 May 1992 at Underhill in London.[CITE] Mark Carter scored from close range in the 27th minute when Carl Hoddle's shot was not gathered by Blackpool's goalkeeper Steve McIlhargey to give Barnet the lead. With the second half goalless, the match ended 1–0.[CITE] The second leg took place three days later at Bloomfield Road in Blackpool. Both Dave Bamber and Mitch Cook made goal-line clearances for Blackpool after McIlhargey failed to clear crosses, but in the 41st minute, the home side took the lead. Bamber headed a corner from David Eyres back across goal for Paul Groves who scored with a header from close range. After McIlhargey had made a save to deny a diving header from Jonathan Hunt, Andy Garner doubled Blackpool's lead from the penalty spot after Mick Bodley was penalised for handball. Blackpool won the match 2–0 and progressed to the final with a 2–1 aggregate victory.[CITE]",title: Barnet pay heavy penalty for lapse | author: Blackmore | venue: The Times | year: 1992,"title: Barnet v Blackpool, 10 May 1992 | author: (uncredited) | venue: 11v11 | year: 2021",title: Barnet find goals elusive | author: Blackmore | venue: The Times | year: 1992,2,0,1
train_00077,"High winds and heavy rains from the storm caused moderate damage to structures and vessels throughout Acapulco, Mexico.[CITE] Several roads were washed out or flooded by the storm.[CITE] Seven people were killed throughout the region by the storm, including one U.S. citizen who was electrocuted by a downed power line.[CITE]",title: Seven Perish in Acapulco Hurricane | author: (uncredited) | venue: Long Beach Independent | year: 1957,title: Storm Pounds Acapulco; Many Boats Damaged | author: (uncredited) | venue: Chicago Daily Tribune | year: 1957,title: Acapulco Lashed | author: United Press International | venue: The Sunday News Journal | year: 1957,2,0,1
train_00078,"Throughout the affected region, eight people were killed by the storm. Extensive property damage was reported in the region, including the complete collapse of the local baseball stadium. Power lines and telegraph wires were downed throughout the region and high winds reportedly tossed vehicles into buildings.[CITE] Many shrimp trawlers sank in the storm, leaving substantial losses in Mexico's shrimping industry.[CITE] Damage was estimated at US$8 million.[CITE]",title: Mazatlan Begins Cleaning Up Hurricane Wreckage | author: (uncredited) | venue: Brownsville Herald | year: 1957,title: Gale Sinks Trawlers; Mexico Shrimp Fleet Suffers in Pacific Coast Storm | author: Staff Writer | venue: New York Times | year: 1957,title: Storm Wrecks Mexico Port | author: United Press International | venue: The Deseret News | year: 1957,2,1,0
train_00079,"Forty-four cars entered qualifying;[CITE] due to NASCAR's qualifying procedure, only forty-three could race. Almirola qualified his No.20 car on pole position with a time of 29.608 seconds.[CITE] Almirola was set to step aside for the race, however, as Nextel Cup Series regular Denny Hamlin was scheduled to travel from Infineon Raceway in Sonoma, California to compete in the Saturday night event in Milwaukee. Almirola, who also qualified Hamlin's car on the pole the year before, commented, ""Man, two poles in a row at Milwaukee and I don't get to race. Something's got to be set for that. I'll sit on the pit box and watch. I've got a lot to learn about racing these Busch cars and Denny is really, really good, so I'll just sit there and listen and learn all I can from Denny.""[CITE]",title: Qualifying Order | author: (uncredited) | venue: NASCAR.com | year: (undated),title: Race Lineup | author: (uncredited) | venue: NASCAR.com | year: (undated),title: Almirola on Milwaukee Busch pole | author: Mejia | venue: Autosport.com | year: 2007,0,1,2
train_00080,"The result kept Edwards in the lead in the Drivers' Championship with a new total of 2,686 points. Reutimann and Ragan improved their positions to second and third (albeit 776 and 846 points behind) respectively, while Blaney and Kevin Harvick fell to fourth and fifth. Leffler, Ambrose, Hamilton, Smith, and Leicht rounded out the top ten.[CITE] Roush's No.60 team also maintained the lead in a much closer Owners' Championship with 2,686 points; Wimmer's strong second-place finish left Childress's No.29 team only 188 points behind Roush, while Gibbs's No.20, Childress's No.21, and DeLana Harvick's No.33 remained third, fourth, and fifth.[CITE] Chevrolet maintained their lead in the Manufacturers' Championship with 124 points; Ford, Dodge, and Toyota followed with 113, 72, and 65 respective points.[CITE]",title: Owner Points Following Race | author: (uncredited) | venue: Jayski's Silly Season Site | year: 2017,title: Chevy Answers With Another Win To Extend Manufacturer Lead | author: (uncredited) | venue: Jayski's Silly Season Site | year: 2017,title: 2007 Official Driver Standings: AT&T 250 | author: (uncredited) | venue: NASCAR.com | year: (undated),1,2,0
train_00081,"Denis Menchov won the race, having taken the lead in a long time trial in stage 12, and defended vigorously against attacks by his closest challenger, Danilo Di Luca, during the mountain stages of the final week.[CITE] Di Luca came in second, 41 seconds behind the winner, and won the mauve jersey as points classification winner. Subsequent to the Giro, both he and third-place finisher Franco Pellizotti became embroiled in doping scandals, were given bans, and had their results stripped.[CITE][CITE]",title: Denis Menchov wins Giro d'Italia | author: Brendan Gallagher | venue: The Daily Telegraph | year: 2009,title: Di Luca positive for CERA in Giro | author: Cyclingnews | venue: Cycling News | year: 2009,title: Franco Pellizotti found guilty of doping | author: (uncredited) | venue: ESPN | year: 2011,0,1,2
train_00082,"After playing a series of shows supporting Our Lady Peace, Thirty Seconds to Mars opened an autumn tour for Sevendust.[CITE] The band's first appearance on television was on Last Call with Carson Daly on November 18, which aired on November 27, 2002. It was the last performance with guitarist Solon Bixler, which left the band due to issues primarily related to touring. The band later performed on The Tonight Show with Jay Leno and The Late Late Show with Craig Kilborn, which marked the first live performance with guitarist Tomo Miličević.[CITE] In 2003, the band went on tour with Chevelle, Trust Company, and Shihad, and played thirteen shows for Lollapalooza.[CITE]",title: 30 Seconds to Mars | author: Campbell | venue: Earplugs Required | year: 2002,title: Lollapalooza Tour Stops In Irvine | author: (uncredited) | venue: Rockdirt.com | year: 2003,title: Interview with Tomo Milicevic and Matt Wachter of 30 Seconds to Mars | author: Anderson | venue: Kaos2000 | year: 2006,0,2,1
train_00083,"Johan Wippsson from Melodic claimed that the band has ""something new to add to the world"" with their space-influenced modern rock.[CITE] Jeremy Gladstone of Kludge commented that the album reaches its peak with ""Buddha for Mary"", which he called a ""virtual sonic achievement"", but felt that the quality of the songs drops off at the halfway point, describing the entire project as ""top-heavy"".[CITE] Canadian critic Karin Lowachee found the group's sound and vision reminiscent of their ""concept-styled forbears"" but ""uniquely owned"" for a contemporary audience, and wrote that the band ""defies the trend by stepping out ahead of it and into the future"", giving the listener something original to enjoy. Amber Authier from Exclaim! echoed this sentiment, stating that the band stretched musical borders and represented something that is ""a little different"", offering a ""solid sound"".[CITE]",title: 30 Seconds to Mars | author: Gladstone | venue: Kludge | year: 2010,title: 30 Seconds To Mars | author: Authier | venue: Exclaim! | year: 2002,title: 30 Seconds to Mars | author: Wippsson | venue: Melodic | year: 2014,1,2,0
train_00084,"Miguel commenced the second leg of his 33 Tour by performing 25 consecutive shows at the National Auditorium in Mexico City from 15 January 2004 to 16 February 2004, breaking the previous record held by his 21 shows during the Amarte Es Un Placer Tour in 2000. Following his performances in Mexico City, he made recitals in the country, singing in Guadalajara, Monterrey, and Tijuana.[CITE] His concerts at the National Auditorium grossed over $12 million.[CITE] He returned in the United States where he performed four shows.[CITE]",title: Boxscore Concert Grosses | author: (uncredited) | venue: Billboard | year: 2004,title: Vieron a Luis Miguel más de 239 mil personas en DF | author: (uncredited) | venue: El Universal | year: 2004,title: Chili Peppers Red Hot at Hyde Park | author: Waddell | venue: Billboard | year: 2004,2,0,1
train_00085,"Calgary faced Wayne Gretzky and the Los Angeles Kings in the Smythe Division final. The Flames won the series in four straight, holding the highest scoring team in the league to 11 goals for the series.[CITE] The Smythe final was most remembered for a controversial goal the Flames scored in the second game at Calgary. Vernon was knocked down in his crease by the Kings' Bernie Nicholls, and believing the goaltender was injured, Flames' trainer Bearcat Murray jumped onto the ice to tend to the fallen player as the Flames rushed the puck into the Los Angeles zone. Al MacInnis scored on the play as the Kings vehemently protested the goal should have been disallowed because Murray was on the ice.[CITE] The goal stood and ended up the winning goal in an 8–3 victory.[CITE]",title: The one and only Bearcat | author: Johnson | venue: Calgary Herald | year: 2008,title: Shift by 'Bearcat' left officials puzzled | author: Duhatschek | venue: Calgary Herald | year: 1989,title: Countdown to the Stanley Cup: An Illustrated History of the Calgary Flames | author: Mummery | venue: Polestar Book Publishers | year: 1989,1,2,0
train_00086,"Lanny McDonald announced his retirement on August 28, 1989, ending his career with the Stanley Cup championship. The Flames named him their vice president in charge of corporate and community affairs.[CITE] Three years later, McDonald was inducted into the Hockey Hall of Fame.[CITE] Hakan Loob also ended his NHL career as a champion; he had announced during the season that he intended to return to his home in Sweden at the end of the year.[CITE]",title: Loob bows from NHL on winning note | author: Duhatschek | venue: Calgary Herald | year: 1989,title: Lanny hangs up skates | author: Duhatschek | venue: Calgary Herald | year: 1989,title: Official Guide to the Players of the Hockey Hall of Fame | author: Duplacey | venue: Firefly Books | year: 2010,2,0,1
train_00087,"On 22 February, Manchester United played the fifth round against Shrewsbury Town, who were in 21st position in League One, away at New Meadow. Chris Smalling opened the scoring for Manchester United with his first goal in the FA Cup eight minutes before half-time. Mata doubled their advantage in first-half stoppage time with a direct free kick before Lingard confirmed a 3–0 win just after the hour mark, converting Ander Herrera's pass. Manchester United were forced to play with only ten players for the final fourteen minutes of the match after Will Keane came off injured and no substitutes remained.[CITE] Manchester United hosted their sixth-round match against top-flight opponents West Ham United on 13 March. The visitors took the lead midway through the second half after Dimitri Payet's free kick beat David de Gea in the Manchester United goal. With seven minutes remaining, the hosts equalised when Martial scored from a cross from Herrera, ending the match 1–1. Due to the draw, a replay was required.[CITE] This took place the following month at the Boleyn Ground, the final FA Cup match at the ground. After a goalless first half, Marcus Rashford gave Manchester United the lead in the 54th minute when he curled a shot past Darren Randolph, the West Ham United goalkeeper, into the top corner of the net. Marouane Fellaini made it 2–0 midway through the second half, scoring from Martial's cross. West Ham halved the deficit in the 79th minute when James Tomkins scored with a header. Although West Ham dominated the closing stages, including having a goal by Cheikhou Kouyaté disallowed, the match ended 2–1 to Manchester United.[CITE]",title: Manchester United 1–1 West Ham United | author: McNulty | venue: BBC Sport | year: 2016,title: West Ham United 1–2 Manchester United | author: McNulty | venue: BBC Sport | year: 2016,title: Shrewsbury Town 0–3 Manchester United | author: McNulty | venue: BBC Sport | year: 2016,1,2,0
train_00088,"Upon the announcement of 30 and the release of the lead single ""Easy on Me"", James Hall of The Daily Telegraph wrote that ""a new Adele album isn't just a release − it's a global cultural event"".[CITE] Media outlets and fans dubbed 30 as part of a 2021 music trend called ""Sad Girl Autumn"" or ""Sad Girl Fall"", which refers to the release of melancholic and introspective music by female artists during autumn.[CITE] Spotify removed the ""shuffle"" button for its premium users as Adele proposed and commented that ""Our art tells a story and our stories should be listened to as we intended."" ABC News called her proposal ""an example of her power in the music industry"".[CITE]",title: Adele convincing Spotify to change its service is an example of her power in the music industry | author: Gbogbo | venue: ABC News | year: 2021,"title: Adele, Mitski and Taylor Swift usher in 'Sad Girl Autumn' with new music | author: Wong | venue: NBC News | year: 2021","title: Adele, Inc: why the music industry is banking on pop's $1.5 million-a-day woman | author: Hall | venue: The Daily Telegraph | year: 2021",2,1,0
train_00089,"30 debuted atop the Billboard Canadian Albums Chart with 70,000 units in its first week, marking Adele's third number one album there. For 2021, 30 was Canada's top-selling album across all formats—digital, CD and vinyl LP. In total, the album spent six nonconsecutive weeks at number one.[CITE][CITE][CITE]","title: Adele, Justin Bieber, Olivia Rodrigo, Drake and The Weeknd Top MRC Data's 2021 Canadian Year-End Report | author: Kaufman | venue: Billboard | year: 2022",title: MRC Data Year-End 2021 Canada Report | author: (uncredited) | venue: Billboard | year: 2022,title: Billboard Canadian Albums | author: (uncredited) | venue: Billboard | year: 2022,0,1,2
train_00090,"In Mackenzie v. Hare (1915), the Supreme Court upheld the Expatriation Act of 1907, which dictated that all American women who voluntarily married a foreign alien renounced their American citizenship.[CITE] Perez v. Brownell (1958) similarly held that Congress could designate voting in foreign elections or draft evasion as renunciations of citizenship. However, in Afroyim v. Rusk (1967) and Vance v. Terrazas (1980), the Supreme Court reversed itself, holding that renunciations of American citizenship must be formally expressed.[CITE] In Rogers v. Bellei (1971), the Supreme Court distinguished between citizenship conferred by the Fourteenth Amendment and citizenship conferred by Article I, holding that a person who did not acquire citizenship by jus soli or by naturalization, but instead acquired citizenship at birth abroad through jus sanguinis, could later be involuntarily expatriated.[CITE]",title: The Constitution Annotated: Naturalization and Rogers v. Bellei | author: (uncredited) | venue: Library of Congress | year: 2026,title: Limiting Congressional Denationalization After Afroyim | author: Jones | venue: San Diego Law Review | year: 1979,"title: Gender, Wives, and U.S. Citizenship Status | author: Calvo | venue: International Review of Constitutionalism | year: 2010",2,1,0
train_00091,"In 1890, future Supreme Court Justice Louis Brandeis and his law partner, Samuel D. Warren II, published ""The Right to Privacy"" in the Harvard Law Review.[CITE] While the article only advocated for tort actions to protect one's privacy, the Supreme Court later elevated privacy to a fundamental right, protecting contraceptive sales in Griswold v. Connecticut (1965), consensual sex in Lawrence v. Texas (2003), and same-sex marriage in Obergefell v. Hodges under substantive due process.[CITE] In Roe v. Wade (1973), the Supreme Court recognized a substantive due process right to abortion, but that holding was overturned in Dobbs v. Jackson Women's Health Organization (2022), which stated that ""a right to abortion is not deeply rooted in the Nation's history and traditions.""[CITE]",title: Sex and the Supreme Court | author: Lepore | venue: The New Yorker | year: 2015,"title: Lessons from Lawrence: How ""History"" Gave Us Dobbs—And How History Can Help Overrule It | author: Tang | venue: Yale Law Journal | year: 2024",title: The Right to Privacy | author: Warren | venue: Harvard Law Review | year: 1890,1,2,0
train_00092,"Prior to the Fourteenth Amendment, the Supreme Court held in Barron v. Baltimore (1833) that the Bill of Rights only restrained the federal government.[CITE] However, in Chicago, Burlington & Quincy Railroad Co. v. City of Chicago (1897), the Supreme Court applied the Fifth Amendment's Takings Clause to the eminent domain power of state governments under the Due Process Clause, beginning an ongoing process of incorporation. Legal scholar Akhil Reed Amar has argued that while Congress intended the Fourteenth Amendment to reverse the Barron decision, Representative Bingham expected incorporation to rely on the Privileges or Immunities Clause.[CITE] The Supreme Court has explicitly rejected incorporation of the Fifth Amendment's Grand Jury Clause and Seventh Amendment, and it has never addressed the Third Amendment.[CITE]",title: Interrogating the Nonincorporation of the Grand Jury Clause | author: Fairfax Jr | venue: Cardozo Law Review | year: 2022,title: The Bill of Rights and the Fourteenth Amendment | author: Amar | venue: Yale Law Journal | year: 1992,title: Respeaking the Bill of Rights: A New Doctrine of Incorporation | author: Lash | venue: Indiana Law Journal | year: 2022,2,1,0
train_00093,"The Equal Protection Clause was written to constitutionalize the anti-discrimination principles of the Civil Rights Act of 1866 and prevent enforcement of the southern states' Black Codes.[CITE] In Strauder v. West Virginia (1880), the Supreme Court recognized exclusion of African Americans from West Virginian juries as an unconstitutional infringement of this clause, triggering the 1866 law's provision to remove the underlying case to federal court.[CITE] In Yick Wo v. Hopkins (1886), the Supreme Court clarified that race-neutral laws administered in discriminatory ways were similarly unconstitutional.[CITE]","title: Lochner, Parity, and the Chinese Laundry Cases | author: Bernstein | venue: William & Mary Law Review | year: 1999",title: Why Strauder v. West Virginia is the Most Important Single Source of Insight on the Tensions Contained Within the Equal Protection Clause of the Fourteenth Amendment | author: Levinson | venue: Saint Louis University Law Journal | year: 2018,"title: Inherently Unequal: The Betrayal of Equal Rights by the Supreme Court, 1865–1903 | author: Goldstone | venue: Walker & Company | year: 2011",2,1,0
train_00094,"While states can vary taxation by the taxpayer's profession or form of their property, the Equal Protection Clause restrains the government from engaging in discriminatory tax assessment.[CITE] Additionally, in Metropolitan Life Insurance Co. v. Ward (1985), the Supreme Court treated the Equal Protection Clause as affirming the Dormant Commerce Clause doctrine against state protectionism.[CITE] In Santa Clara County v. Southern Pacific Railroad Co. (1886), Supreme Court Reporter of Decisions Bancroft Davis affirmed corporate personhood in the decision's headnote without full discussion by the court. In Minneapolis & St. Louis Railway Co. v. Beckwith (1889), the Supreme Court fully embraced this treatment of businesses as people.[CITE]","title: Allegheny Pittsburgh Coal Co. v. County Commission of Webster County: Equal Protection in Property Taxation, a New Challenge to Proposition 13? | author: Harvey | venue: San Diego Law Review | year: 1989",title: We the Corporations: How American Businesses Won Their Civil Rights | author: Winkler | venue: Liveright Publishing Corporation | year: 2018,title: Federalism in Equality Clothing: A Comment on Metropolitan Life Insurance Company v. Ward | author: Cohen | venue: Stanford Law Review | year: 1985,0,2,1
train_00095,"In Plessy v. Ferguson (1896), the Supreme Court held that racial segregation laws did not violate the Equal Protection Clause, and in Cumming v. Richmond County Board of Education (1899), it applied its ""separate but equal"" doctrine to uphold racial segregation in public schools. Through civil rights litigation, groups like the NAACP weakened this doctrine, culminating in Brown v. Board of Education (1954) holding segregated facilities to be inherently unequal.[CITE] The ruling was met with ""massive resistance"" in southern states, leading state and federal courts to overturn many segregationist state laws.[CITE][CITE]",title: Parents Involved and the Myth of the Colorblind Constitution | author: Nagle | venue: Harvard BlackLetter Law Journal | year: 2010,title: Brown v. Board of Education: A Civil Rights Milestone and Its Troubled Legacy (Pivotal Moments in American History) | author: Patterson | venue: Oxford University Press | year: 2002,title: Forced Busing and White Flight | author: (uncredited) | venue: Time | year: 1978,0,2,1
train_00096,"After President Donald Trump instigated the January 6 Capitol attack to disrupt the 2021 Electoral College vote count, a group of Colorado voters contested his presidential eligibility under Section 3, seeking to disqualify him from the state's ballots in the 2024 presidential election. In Trump v. Anderson (2024), the Supreme Court held that Section 5 delegates enforcement of the Insurrection Clause to Congress for federal and state officers, while allowing states to also impose disqualification on state candidates.[CITE] Though the Electoral Count Reform Act of 2022 allows a fifth of members in each chamber of Congress to object to electors whose votes are not ""regularly given,"" which includes constitutional disqualification, no such objections were raised at the 2025 Electoral College vote count.[CITE][CITE]","title: Congress has the power to block Trump from taking office, but lawmakers must act now | author: Davis | venue: The Hill | year: 2024",title: Sweeping Section Three Under the Rug: A Comment on Trump v. Anderson | author: Baude | venue: Harvard Law Review | year: 2025,title: Valid Grounds for Objections in the Electoral Count Reform Act | author: Craig | venue: Cato Institute | year: 2022,2,0,1
train_00097,"A similar group of North Carolina voters sued in federal court to disqualify Representative Madison Cawthorn, but he lost the 2022 Republican primary for his district prior to a verdict.[CITE] After New Mexico state courts removed Otero County commissioner Couy Griffin under Section 3, the Supreme Court declined his appeal, maintaining his disqualification from state and local offices.[CITE][CITE]",title: Supreme Court rejects appeal by former New Mexico county commissioner banned for Jan. 6 insurrection | author: Lee | venue: Associated Press | year: 2024,title: Supreme Court Opens New Frontier for Insurrection Claims That Could Target State and Local Officials | author: Lee | venue: Associated Press | year: 2024,"title: After Cawthorn's Loss, Candidate Challenge Ruling Reversed | author: Robertson | venue: Associated Press | year: 2022",1,2,0
train_00098,".hack//G.U. Last Recode was released for PlayStation 4 and Microsoft Windows on November 1, 2017, in Japan, and on November 3, 2017, in North America and Europe.[CITE] CyberConnect2 also considered a Nintendo Switch release due to widespread popularity of the system, but their offers were refused by Bandai Namco, citing costs of porting and sales prospects; Matsuyama also named the ""long-standing relationship with Sony"" and series' history of exclusivity to PlayStation consoles as possible reasons.[CITE] The Nintendo Switch version was eventually announced in December 2021, and was released worldwide on March 10, 2022.[CITE]",title: hack//G.U. Last Recode launches November 3 in Europe | author: (uncredited) | venue: Gematsu | year: 2017,"title: CyberConnect2 wants to release .hack//G.U. Last Recode on Switch, but Bandai Namco is hesitant | author: (uncredited) | venue: NintendoEverything | year: 2020","title: hack//G.U. Last Recode coming to Switch on March 10, 2022 | author: (uncredited) | venue: Gematsu | year: 2021",0,1,2
train_00099,"On December 28, 1950, the NYCBOT issued a report concerning the construction of bomb shelters in the subway system. Five deep stations in Washington Heights, including the 181st Street station, were considered to be ideal for being used as bomb-proof shelters. The program was expected to cost $104 million (equivalent to $ billion in ). These shelters were expected to provide limited protection against conventional bombs while protecting against shock waves and air blast, as well as from the heat and radiation from an atomic bomb. To become suitable as shelters, the stations would require water-supply facilities, first-aid rooms, and additional bathrooms.[CITE][CITE] However, the program, which required federal funding, was never completed.[CITE]","title: Stein's Plan For Subway Cash. Would Utilize Extensions For Shelters, Let U.S. Pay | author: O'Flaherty | venue: New York Daily News | year: 1957","title: Subway Shelters to Cost $104,000,000 Proposed for City | author: Ronan | venue: The New York Times | year: 1950","title: Subway Bomb Shelters Outlined, City Seeks U.S. Aid on Financing: Bingham Plans Sleeping Quarters for 101,500, Standing Room for a Million More | author: Lister | venue: New York Herald Tribune | year: 1950",2,0,1
train_00100,"It was Coventry City's first promotion for 51 years since they were guided into the 1967–68 Football League First Division by Jimmy Hill,[CITE] and the team celebrated the achievement with their fans through an open-top bus tour of Coventry on 31 May, followed by a civic reception hosted by the Lord Mayor.[CITE] Two seasons later Coventry were promoted again, to the EFL Championship, being named 2019–20 EFL League One champions after the season was abandoned due to the COVID-19 pandemic.[CITE]",title: Open top bus parade details revealed as chairman issues Sisu stance on Coventry City's promotion | author: Chapman | venue: Coventry Telegraph | year: 2018,title: Coventry beat Exeter in League Two play-off final to win first promotion in 51 years | author: Winrow | venue: The Daily Telegraph | year: 2018,title: Coventry City confirmed as League One Champions and promoted to the Championship! | author: Hornby | venue: Coventry City F.C | year: 2020,1,0,2
train_00101,"Fellow Premier League team Arsenal were the opposition in the quarter-finals. A goal from Rush in the 59th minute secured a 1–0 victory.[CITE] Liverpool's opponents in the semi-finals, which were held over two legs, was First Division team Crystal Palace. The first leg, held at Anfield, was goalless until the 90th minute when striker Fowler scored.[CITE] The second leg was held at Palace's home ground, Selhurst Park. A goal from Fowler in the 27th minute secured victory and a 2–0 aggregate win meant Liverpool progressed to the final.[CITE]",title: Reds are ready to polish some new silverware | author: (uncredited) | venue: British Soccer Week | year: 2015,title: Fowler on target as Liverpool cruise through | author: (uncredited) | venue: The Daily Telegraph | year: 1995,title: Last gasp Fowler stuns Palace and gives Liverpool the edge | author: (uncredited) | venue: The Scotsman | year: 1995,0,2,1
train_00102,"In September 2009, it was announced that the building would open in March 2010. Only 30% of the space was allocated to retail or food-and-beverage concessions, while the remainder was dedicated to facilities designed to nurture youth talent and foster a vibrant youth community. During its search tenants, *SCAPE stated that it would prioritise businesses with a social mission that engages with young people.[CITE] In February 2010, Today reported that the building's completion date had been postponed to June. By that time, approximately 80% of the retail space had been leased.[CITE] On 7 May 2010, prime minister Lee Hsien Loong launched the 99-Day Celebration to the Singapore 2010 Youth Olympic Games at *SCAPE Youth Space.[CITE]",title: A place to (e)*Scape | author: Lee | venue: Today | year: 2010,title: PM Lee Hsien Loong at the 99-Day Celebration to the Singapore 2010 Youth Olympic Games | author: (uncredited) | venue: Prime Minister's Office Singapore | year: 2010,title: New Orchard mall targets youth | author: Leow | venue: The Straits Times | year: 2009,1,2,0
train_00103,"On December 28, 1950, the NYCBOT issued a report concerning the feasibility of constructing bomb shelters in the subway system. Five deep stations in Washington Heights, including the 191st Street station, were considered ideal for use as bomb-proof shelters. The program was estimated to cost $104 million (equivalent to $ billion in ). The shelters were expected to provide limited protection against conventional bombs, while protecting against shock waves and air blasts, as well the heat and radiation from an atomic bomb. To become suitable as shelters, the stations would require water-supply facilities, first-aid rooms, and additional bathrooms.[CITE][CITE] However, the program, which required federal funding, was never completed.[CITE]","title: Subway Bomb Shelters Outlined, City Seeks U.S. Aid on Financing: Bingham Plans Sleeping Quarters for 101,500, Standing Room for a Million More | author: Lister | venue: New York Herald Tribune | year: 1950","title: Stein's Plan For Subway Cash. Would Utilize Extensions For Shelters, Let U.S. Pay | author: O'Flaherty | venue: New York Daily News | year: 1957","title: Subway Shelters to Cost $104,000,000 Proposed for City | author: Ronan | venue: The New York Times | year: 1950",1,2,0
train_00104,"Another victory over Aston Villa on 1 May put United back on top of the league, but Arsenal's win at Derby the next day restored the champions' advantage.[CITE] Against Liverpool at Anfield, Ferguson restored the Cole–Yorke strike partnership; the latter scored the opener from a Beckham cross. In the second half, United were awarded a penalty for a challenge on Jesper Blomqvist by Jamie Carragher, which Denis Irwin successfully converted; however, Irwin was sent off in the 75th minute for a second bookable offence, after Jamie Redknapp scored through a controversial penalty to give Liverpool hope. Former United midfielder Paul Ince scored the equaliser in the 88th minute. The United manager did not hide his discomfort, adding that he thought ""the referee handed it to them"".[CITE] On the same night, Arsenal convincingly beat rivals Tottenham to move three points clear, having still played a game more, although Wenger admitted that United were marginal favourites.[CITE]",title: Petit puts Arsenal on the way | author: Moore | venue: The Independent | year: 1999,title: Ince checks United's title charge | author: Hodgson | venue: The Independent | year: 1999,title: Arsenal vs Derby County | author: Alexander | venue: Arsenal | year: 2025,2,1,0
train_00105,"In the Fifth Round, Cole scored the only goal of the match in the 25th minute against Fulham to set up a quarter-final clash at home to Chelsea.[CITE] Although there were no goals, Scholes and Roberto Di Matteo were both sent off in the Sixth Round and missed the replay three days later at Stamford Bridge.[CITE] Yorke scored two goals against the Blues in the replay, scoring United's 100th goal of the season.[CITE]",title: Manchester United 0 Chelsea 0 | author: Bradley | venue: Press Association | year: 1999,title: Chelsea 0 Manchester United 2 | author: Bradley | venue: Press Association | year: 1999,title: Manchester United 1 Fulham 0 | author: Malley | venue: Press Association | year: 1999,1,2,0
train_00106,"Manchester United played cup holders Arsenal in the semi-final at Villa Park on 11 April. Neither team was able to score even after extra time had been played, although Keane had a goal ruled out in the first half for a controversial offside decision against Yorke in the build-up, and Nelson Vivas was sent off for Arsenal. In the replay four days later, Beckham opened the scoring for United with a long-range effort, but Dennis Bergkamp drew Arsenal level with a shot that deflected off United's centre back Jaap Stam.[CITE] Arsenal then thought they had taken the lead when Nicolas Anelka put the ball in the back of United's net, but the goal was ruled out for offside. United's captain, Roy Keane, was red-carded for two bookable offences and United played the last half-hour of normal time with 10 men. In injury time at the end of the second half, Phil Neville fouled Ray Parlour in the penalty area. Peter Schmeichel parried away Bergkamp's resultant penalty, and the game went into extra time.[CITE] Giggs scored partway through the second half of extra time. Picking up possession on the halfway line after a loose pass from Patrick Vieira, he dribbled past the entire Arsenal back line before shooting just under goalkeeper David Seaman's bar. Giggs ran celebrating towards the United fans, and United held on to beat the Gunners 2–1.[CITE]",title: Manchester United 0 Arsenal 0 | author: Bradley | venue: Press Association | year: 1999,title: Arsenal 1 Manchester United 2 (aet) | author: Bradley | venue: Press Association | year: 1999,"title: Peter Schmeichel's save in 1999 FA Cup semi-final cost Arsenal the Double, says Ole Gunnar Solskjaer | author: Kelleher | venue: Sky Sports | year: 2019",0,2,1
train_00107,"Before the flood, 600 people lived in Big Thompson Canyon.[CITE] In addition, between 2,500 and 3,500 people were there on July 31 to celebrate the 100th anniversary of Colorado's statehood on August 1.[CITE][CITE]","title: Photos: 47 years ago, 144 died in one of Colorado's deadliest natural disasters | author: Whitley | venue: KDVR | year: 2023",title: What people did during the Big Thompson flood | author: Gruntfest | venue: Institute of Behavioral Science University of Colorado | year: 1977,title: Floods in Colorado | author: (uncredited) | venue: National Weather Service | year: 2024,1,0,2
train_00108,"2 Broadway's lobby was originally accessed by three entrances at Broadway, Broad Street, and New Street, which were open to the public and internally connected.[CITE] The entrance concourse at Broad Street, measuring , was planted with flowers, shrubs, and trees when the building was completed.[CITE] Other features of the lobby included a gray marble panel on the wall, embedded with a fossilized coral reef estimated to be 360 million years old.[CITE]",title: Office Builders Add Landscaping: Commercial Area Beautified by Greenery Planted in Adjacent Public Spaces | author: (uncredited) | venue: The New York Times | year: 1959,title: Keeping a Skyscraper Clean Is a Job That Goes On Around the Clock | author: Bartnett | venue: The New York Times | year: 1961,title: Visiting Fossils — the Oldest. Residents of the City | author: Lawson | venue: The New York Times | year: 1978,1,0,2
train_00109,"2 Broadway was shown in the American comedy-drama film The Apartment (1960), produced and directed by Billy Wilder, as the building in which the characters played by stars Jack Lemmon, Shirley MacLaine, and Fred MacMurray work.[CITE][CITE] The building was also a filming location in the thriller Mirage (1965), with Gregory Peck and Diane Baker.[CITE]",title: The Apartment Film Locations | author: (uncredited) | venue: On the Set of New York | year: 2021,title: Love & Sex on the Upper West Side: The Filming Locations of The Apartment | author: (uncredited) | venue: Scouting NY | year: 2013,title: Mirage Film Locations | author: (uncredited) | venue: On the Set of New York | year: 2021,0,1,2
train_00110,"On defense, San Diego traded linebacker Don Goode to the Cleveland Browns for a future draft pick.[CITE] Goode, another Chargers 1st-round pick from 1974, had started 62 games in six seasons, but only a single one in 1979.[CITE] The Chargers also switched punters, releasing Jeff West, who had ranked 28th in the league in 1979. After trying six other candidates for the position, they signed Rick Partridge from the New Orleans Saints. His average in 1979 had been 40.9 yards per kick, compared to 36.5 for West.[CITE]",title: Chargers trade Goode to Browns | author: (uncredited) | venue: Los Angeles Times | year: 1980,title: Chargers hope Partridge is punting answer | author: Maffei | venue: Escondido Times-Advocate | year: 1980,title: Don Goode stats | author: (uncredited) | venue: pro-football-reference.com | year: 2022,0,2,1
train_00111,"Starting quarterback Fouts played the entire first half against the San Francisco 49ers, passing for 177 yards. Most of these went to John Jefferson, who had 8 catches for 122 yards and a touchdown. Luther threw for 124 yards and a touchdown in the second half, but his pass from the San Francisco 40 was intercepted in the end zone as time expired and the Chargers lost 17–14.[CITE] The following week, the Chargers played most of their defensive starters into the second half, sacking Atlanta's quarterbacks eight times. Touchdowns from Cappelletti and Artie Owens gave them their only win of the preseason.[CITE] San Diego concluded their preseason with a 34–17 loss to the Rams. Williams and Cappelletti scored the Charger touchdowns, while Rolf Benirschke kicked a 55-yard field goal.[CITE]",title: Luther passes a test despite 17–14 loss | author: Distel | venue: Los Angeles Times | year: 1980,title: Mistakes embarrass Chargers | author: Maffei | venue: Escondido Times-Advocate | year: 1980,"title: Finally, Chargers give Coryell reason to smile | author: Norcross | venue: Escondido Times-Advocate | year: 1980",0,2,1
train_00112,"Oakland attempted field goals on their first three possessions, but Chris Bahr only converted one of them, while Benirschke made a club-record 52-yarder;[CITE] it was 3–3 midway through the 2nd quarter. Clarence Williams then lost a fumble in his own territory, but Horn recovered a mishandled snap a play later to win possession back. Following an exchange of punts, San Diego reached a 2nd and goal from the Oakland 4-yard line, and Jefferson made a spectacular one-handed touchdown catch with 48 seconds left in the half.[CITE] That proved to be enough time for the Raiders, who moved from their own 18-yard line to the Charger 48-yard line, from where Dan Pastorini found Cliff Branch for the touchdown that tied the game at 10–10 with 6 seconds on the clock.[CITE]","title: 1980 week 2 gamebook, Raiders at Chargers | author: (uncredited) | venue: (unspecified) | year: 1980",title: Scoring snatch | author: (uncredited) | venue: Tulare Advance-Register | year: 1980,"title: Longest field goal, Chargers, 1960–1980 | author: (uncredited) | venue: stathead.com | year: 2022",2,1,0
train_00113,Smith had caught 4 passes for 48 yards and no touchdowns during the regular season; he had three postseason touchdowns and only one regular season touchdown at this point in his career.[CITE] Muncie had 80 rushing yards and 53 receiving yards on the day.[CITE] It was the Chargers' first playoff win since the 1963 AFL Championship Game.[CITE] Chargers go to the AFC Championship Game but lost to the eventual Super Bowl Champion Raiders 34-27.,title: Ron Smith stats | author: (uncredited) | venue: pro-football-reference.com | year: 2022,"title: Divisional Round — Buffalo Bills at San Diego Chargers — January 3rd, 1981 | author: (uncredited) | venue: pro-football-reference.com | year: 2022",title: Los Angeles Chargers playoff history | author: (uncredited) | venue: pro-football-reference.com | year: 2022,0,1,2
train_00114,"FIA president Max Mosley stated that Michael Schumacher's single swerving action at the start of the race was ""more of a convention"" agreed upon by drivers rather than a formal regulation, adding: ""They are all grown men at the height of their profession. However, where we would get involved is if the move was totally outrageous and deemed to be dangerous.""[CITE] Coulthard said he interpreted the regulations to mean that a driver intentionally going across the track to block another racer deserved a penalty or disqualification. He stated that he would raise the subject at the drivers' meeting prior to the following but not with Michael Schumacher directly.[CITE] The consequence of the drivers' meeting was that Michael Schumacher would be allowed to continue swerving to protect the race lead at the start of Grands Prix after an agreement that would have resulted in a ban on such tactics was not reached when Ralf Schumacher supported his brother.[CITE]",title: Mosley Defends Schumacher | author: Metcalf | venue: TotalF1.com | year: 2000,title: Schumacher given freedom to swerve | author: (uncredited) | venue: F1Racing.net | year: 2000,"title: Sort out swerving, says Coulthard | author: (uncredited) | venue: Autosport | year: 2000",0,2,1
train_00115,"In the second quarter-final, the season's English Open and Players Championship winner Robertson faced the Northern Ireland Open champion Mark Allen. Robertson took a 7–0 lead. Allen scored just 55 points in the first seven frames, but avoided a session whitewash by winning the eighth frame.[CITE] In the evening session, Allen won five of the first six, before Robertson produced back-to-back centuries of 121 and 130 to win the match 10–6.[CITE] Afterward, Robertson stated that the match had reassured him he could respond strongly against a comeback.[CITE]",title: Robertson Survives Pistol Fightback | author: (uncredited) | venue: World Snooker Tour | year: 2022,title: Snooker results: Neil Robertson beats Mark Allen 10–6 in Cazoo Tour Championship quarter-final | author: (uncredited) | venue: Sporting Life | year: 2022,title: Tour Championship 2022: Neil Robertson Withstands Courageous Mark Allen Fightback To Reach Semi-Finals | author: Hinks | venue: Eurosport UK | year: 2022,2,1,0
train_00116,"In the second semi-final, Higgins played Brecel. The players had faced each other in the Scottish Open final earlier in the season, Brecel winning 9–5 on that occasion. Brecel won the first three frames, but Higgins responded with five frames in a row, ending with a century break of 108, to finish the first session with a 5–3 lead.[CITE] Higgins moved 7–4 ahead in the evening session before Brecel won three frames in a row to level the scores at 7–7. Higgins responded by also winning three frames in a row, taking advantage of errors by Brecel, to win the match 10–7 and reach the 55th ranking final of his professional career.[CITE][CITE]",title: Higgins Sets Up Robertson Showdown | author: (uncredited) | venue: World Snooker Tour | year: 2022,title: Tour Championship: John Higgins to face Neil Robertson in Llandudno final | author: (uncredited) | venue: BBC Sport | year: 2022,title: Higgins Blitzes To Lead Brecel | author: (uncredited) | venue: World Snooker Tour | year: 2022,1,2,0
train_00117,"Spinodal decomposition refers to the spontaneous separation of a phase into two coherent phases via uphill diffusion, i.e., from a region of lower concentration to a region of higher concentration resulting in a negative diffusion coefficient {d^2G \over dx^2}, without a barrier to nucleation due to the phase being thermodynamically unstable (i.e., miscibility gap, \acute{a} + \acute{a}\acute{} region in the figure),[CITE] where G is the Gibbs free energy per mole of solution and the composition. It increases hardness and decreases magneticity.[CITE] Miscibility gap describes the region in a phase diagram below the melting point of each compound where the solid phase splits into the liquid of two separated stable phases.[CITE]",title: 475°C Embrittlement of Duplex Stainless Steel—A Comprehensive Microstructure Characterization Study | author: Örnek | venue: Materials Performance and Characterization | year: 2017,title: Phase Transformations in Metals and Alloys | author: Porter | venue: CRC Press | year: 2021,title: Effect of aging temperature on phase decomposition and mechanical properties in cast duplex stainless steels | author: Mburu | venue: Materials Science and Engineering: A | year: 2017,1,2,0
train_00118,"With the lease still in effect, Rockefeller had to quickly devise new plans so that the three-block Columbia site could become profitable. Raymond Hood, Rockefeller Center's lead architect, came up with the idea to negotiate with the Radio Corporation of America (RCA) and its subsidiaries, National Broadcasting Company (NBC) and Radio-Keith-Orpheum (RKO), to build a mass media entertainment complex on the site. By May 1930, RCA and its affiliates had made an agreement with Rockefeller Center managers. RCA would lease of studio space; get naming rights to the western part of the development; and develop four theaters, at a cost of $4.25 million per year. A skyscraper at 30 Rockefeller Plaza's current site was first proposed in the March 1930 version of the complex's blueprint,[CITE] and the current dimensions of the tower were finalized in March 1931.[CITE] The skyscraper would be named for RCA as part of the agreement; the RCA name became official in May 1932.[CITE]",title: The RCA Building | author: (uncredited) | venue: Broadcasting | year: 1932,title: Rockefeller Begins Work in the Fall on 5th Av. Radio City | author: (uncredited) | venue: The New York Times | year: 1930,title: Radio City to Create a New Architecture; Model and Ground Plan of the Radio City | author: (uncredited) | venue: The New York Times | year: 1931,2,0,1
train_00119,"In 1984, despite Ronald Reagan's landslide victory in the concurrent presidential election,[CITE] Al Gore flipped an open Senate seat held by retiring Republican Howard Baker,[CITE] defeating Republican Victor Ashe with a little over 60% of the vote. By contrast, Reagan won Tennessee in the presidential election with 58% of the vote to 42% for Democratic candidate Walter Mondale.[CITE]","title: Senate Dems avoid rout, but GOP still controls | author: (uncredited) | venue: Journal and Courier | year: 1984","title: Statistics of the Presidential and Congressional election of November 6, 1984 | author: Ladd | venue: Clerk of the House of Representatives | year: 1985","title: Reagan Wins By a Landslide, Sweeping at Least 48 States; G.O.P. Gains Strength in House | author: Raines | venue: The New York Times | year: 1984",1,2,0
train_00120,"The 1990 election was held as part of the midterm election cycle of Republican President George H. W. Bush's term.[CITE] Historically, the President's party struggles during the midterms.[CITE] Gore was one of several politicians who were seen as likely candidates for the 1992 Democratic presidential nomination up for reelection.[CITE]",title: Democrats slow to take aim at Bush | author: Benedetto | venue: Argus-Leader | year: 1990,title: The Senate Incumbents Win Control Remains with Democrats | author: Dewar | venue: The Washington Post | year: 1990,title: The midterms didn't produce a wave. Here's what that's meant historically | author: Elving | venue: NPR | year: 2022,2,0,1
train_00121,"As of the 2024 election cycle, this was the last time the Democrats won a Senate election in Tennessee.[CITE] It is the most recent Senate election in Tennessee in which several counties, including Knox County and Hamilton County, voted for the Democratic candidate.[CITE] Beginning with the 1994 elections the Democratic party struggled in the state.[CITE]","title: Marsha Blackburn tops Gloria Johnson, wins re-election | author: Taylor | venue: Nashville Banner | year: 2024",title: Senatorial General Election Map Comparison – Tennessee | author: Liep | venue: Dave Leip's Atlas of U.S. Presidential Elections | year: 2025,"title: Jim Sasser, Tennessee's last Democratic U.S. senator, dies at 87 • Tennessee Lookout | author: Friedman | venue: Tennessee Lookout | year: 2024",0,1,2
train_00122,"The motion was soundly defeated by the absolute majority held by the PSOE in the Congress. It only secured the votes of two parties, AP and Valencian Union (UV), with the other 15 parties either voting against or abstaining and many deputies not attending the vote at all.[CITE] Having been unable to secure any significant support outside of his group, harshly criticized by other opposition parties and seeing some notorious gaffes during his speech, political commentators promptly came to regard the motion as a huge political blow for Hernández Mancha's career,[CITE][CITE] who ultimately ended up retiring from politics in 1989.",title: ¿Cuántas mociones de censura ha habido en la democracia española contra el Gobierno? Solo una ha tenido éxito | author: Pelayo | venue: 20 minutos | year: 2020,title: La cuarta moción de censura de la Democracia y las tres anteriores fracasaron | author: Rubio | venue: El Plural | year: 2018,"title: Iglesias admite los ""enormes riesgos"" de presentar una moción que no va a prosperar | author: García de Blas | venue: El País | year: 2017",0,2,1
train_00123,"On the north side of 23rd Street, just west of the High Line, is ""HL23"", a residential building that hangs over the narrow linear park.[CITE][CITE] London Terrace is located across Tenth Avenue, occupying the full block to Ninth Avenue between 23rd and 24th Streets.[CITE]",title: The Nature of Urban Design: A New York Perspective on Resilience | author: Washburn | venue: Island Press | year: 2013,"title: Streetscapes: London Terrace; Time Erodes Unity of a 1,665-Unit City Within a City | author: Gray | venue: The New York Times | year: 1988",title: Neil Denari's HL23 Residential Tower Rises in Chelsea - Review | author: Ouroussoff | venue: The New York Times | year: 2011,1,2,0
train_00124,"Another skyscraper on the street, the sixty-story, One Madison, was built in 2013.[CITE] Media mogul Rupert Murdoch bought One Madison's top four floors for $57 million.[CITE][CITE]","title: Big Ticket | Rupert Murdoch's Trophy Pad, Expanded | author: Finn | venue: The New York Times | year: 2014","title: Murdoch Buys 4 Floors of NYC Condo Tower for $57 Million | author: Carmiel, Oshrat and Lee | venue: Bloomberg News | year: 2014","title: Finally, One Madison Is Back | author: Satow | venue: The New York Times | year: 2013",2,1,0
train_00125,"On the block between First and Second Avenues, the north side of the street is occupied by East Midtown Plaza, a co-op apartment complex that part of the redevelopment resulting from the Bellevue South Urban Renewal Project in the late 1960s.[CITE] The northeast corner of the intersection with First Avenue is occupied by 400 First Avenue, which was built in the 1930s for the Institute for the Crippled and Disabled.[CITE] To its east is a large hospital run by the Veterans Health Administration, the Margaret Cochran Corbin Campus of the VA New York Harbor Healthcare System.[CITE]",title: Bellevue Renewal Area Flooded With Apartment Requests: Tenants Vie for Suites in Bellevue Renewal Area | author: Ennis | venue: The New York Times | year: 1968,title: VA New York Harbor Health Care Locations | author: (uncredited) | venue: U.S. Department of Veterans Affairs | year: 2025,title: A Stroll Along Bedpan Alley | author: Gray | venue: The New York Times | year: 2010,0,2,1
train_00126,"Stuyvesant Cove Park is located across FDR Drive, along the East River coast. Stretching south to 18th Street, the public space is built on the site of a concrete plant and parking lot. The street ends at the New York Skyports Seaplane Base, which opened in 1962.[CITE][CITE] The seaplane base, which is part of a marina, also contains a parking lot whose entrance and exit is located at the eastern end of 23rd Street.[CITE]",title: Seaplane Base Speeded; Mayor Reports to Chamber on New East River Project | author: (uncredited) | venue: The New York Times | year: 1936,"title: $1,400,000 Marina Opened at 23D St | author: (uncredited) | venue: The New York Times | year: 1962",title: F.Y.I | author: Schneider | venue: The New York Times | year: 2001,0,1,2
train_00127,"In 1857, the merchant Amos Eno bought a land parcel at the intersection with Fifth Avenue and 23rd Street. He built the luxury Fifth Avenue Hotel on this site by 1859. The six-story-high structure, which was designed to accommodate 800 guests, became the largest hotel in the world at that time. The hotel served as the headquarters of the Republican Party and was used by Presidents Ulysses S. Grant[CITE] and Chester A. Arthur.[CITE] When the Prince of Wales, Edward VII, visited the hotel in 1860, the commercial appeal of the adjacent neighborhood was greatly increased. The area bounded by 14th and 23rd Streets between Sixth Avenue and Broadway was soon dubbed Ladies' Mile. In 1908, the hotel was demolished and replaced by the Toy Center.[CITE]",title: They Hear Dead People | author: Pollak | venue: The New York Times | year: 2004,"title: Lure of the city: New York's great hotels in the golden age, 1873-1907: Conspectus of History | author: Sprague | venue: Ball State University | year: 1977","title: Chester Alan Arthur: The American Presidents Series: The 21st President, 1881-1885 | author: Karabell | venue: Macmillan | year: 2004",2,0,1
train_00128,"Baruch College, an institution within the City University of New York system, was a successor to the Free Academy.[CITE] Founded by businessman and City College alumnus Bernard Baruch, the campus includes the Lawrence and Eris Field Building at the southeast corner of Lexington Avenue and 23rd Street in Gramercy.[CITE] The 16-story building, opened in 1929, is the oldest structure that is part of Baruch College.[CITE]","title: From the Free Academy to CUNY: Illustrating Public Higher Education in New York City, 1847-1997 | author: Roff | venue: Fordham University Press | year: 2000",title: Baruch College's Oldest Building Gets $90M Upgrade | author: Holland | venue: DNAinfo New York | year: 2014,title: Map and Directions - Baruch College | author: (uncredited) | venue: cuny.edu | year: 2017,0,2,1
train_00129,"The New York Public Library contains two branches on the different portions of 23rd Street: the Muhlenberg branch on West 23rd Street and Seventh Avenue, and the Epiphany branch on East 23rd Street west of Second Avenue.[CITE] The Epiphany branch, which is located in Gramercy/Kips Bay, opened in 1887 and moved to its current location, a Carnegie library on 23rd Street, in 1907. It was renovated from 1982 to 1984.[CITE] The Muhlenberg branch, also a Carnegie library, opened in Chelsea in 1906 and was renovated in 2000.[CITE]",title: About the Epiphany Library | author: (uncredited) | venue: The New York Public Library | year: 2019,title: About the Muhlenberg Library | author: (uncredited) | venue: The New York Public Library | year: 2019,title: NYPL Locations | author: (uncredited) | venue: New York Public Library | year: 2017,1,2,0
train_00130,"23rd Street contains some upper-class areas with expensive real estate. One office space between Park and Lexington Avenues was leased for $240,000 per year in March 2017,[CITE] while a apartment three blocks east was being sold for $1 million.[CITE] In July 2015, a four-bedroom penthouse apartment sold for $6.44 million.[CITE]",title: 5 Gramercy apartments to check out this weekend | author: Walker | venue: Curbed NY | year: 2017,title: Recent Commercial Real Estate Transactions | author: Radomsky | venue: The New York Times | year: 2017,title: The luxury real estate boom taking over Midtown South | author: Kussin | venue: New York Post | year: 2015,1,0,2
train_00131,"Ray Richmond argued that while the series' format is ""not a terrible game"", it was easier than it was promoted to be: ""While the idea of having one contestant take on 100 people in a game of trivia skill sounds on paper like a hugely challenging undertaking, in truth it probably is 100 times less challenging than Who Wants to Be a Millionaire because 1) the questions tend to be far less brainy, and 2) the competition ain't all it is cracked up to be.""[CITE] Ed Bark, a former television critic at The Dallas Morning News, gave the series a ""C-minus"" grade, calling it ""another NBC big-money game show that really should be titled Dumb or Super-Dumb. How else to gauge the candle power required to answer the show's opening question: 'The 2003 movie Seabiscuit featured what kind of animal?'""[CITE] The New York Timess Alessandra Stanley opined, ""the point of 1 vs 100 is different: knowledge is beside the point.""[CITE]",title: New NBC quiz show 1 vs. 100 unremarkable | author: Richmond | venue: Entertainment Weekly | year: 2006,"title: In Battle for Bucks, Personality Beats Intellect | author: Stanley | venue: The New York Times | year: 2006",title: New Series Review: 1 vs 100 (NBC) | author: Bark | venue: Uncle Barky's Bytes | year: 2006,0,2,1
train_00132,"In November 2021, it was reported by multiple gaming news outlets that Microsoft and AltSpaceVR, a virtual reality platform owned by Microsoft, were developing a new 1 vs. 100 interactive video game for Xbox. In 2021, journalist Jeff Grubb stated that the game was in active development. As of 2025, no further updates have been released.[CITE][CITE][CITE]","title: Xbox Is 'Definitely' Working On A New Version Of 1 Vs. 100, Says Report | author: Xbox | venue: Pure Xbox | year: 2021","title: Xbox's brilliant live quiz game 1 vs. 100 ""definitely"" making a comeback says report | author: Wales | venue: Eurogamer | year: 2021",title: 1 vs. 100 is in the works at Microsoft | author: (uncredited) | venue: VentureBeat | year: 2021,0,1,2
train_00133,"On January 5, 1964, the team won their only AFL Championship with a 51–10 win over the Boston Patriots in Balboa Stadium.[CITE] To date, this is the Chargers' only league championship season in the AFL or NFL. This is also the only world championship won by a major league sports team in the city and county of San Diego to date.[CITE] In 2003, the team was inducted into the Chargers Ring of Honor.[CITE] The emphatic title game victory led to some speculation on whether San Diego might be able to beat the NFL champion Chicago Bears.",title: Chargers to honor their title team | author: Gehlken | venue: U-T San Diego | year: 2013,title: Can the Padres overcome San Diego's sad-sack sports history? | author: Schrotenboer | venue: USA today | year: 2022,title: Charger win Lincolnesque; Palouse Moose gains 349 | author: (uncredited) | venue: Spokesman-Review | year: 1964,2,1,0
train_00134,"Davis soon brought defensive back Claude ""Hoot"" Gibson to join him in Oakland, as part of an equalization draft aimed at helping the league's weakest teams. Gibson had intercepted 13 passes during two seasons in San Diego.[CITE] Other players to exit included tackle Sherman Plunkett and defensive tackle Bill Hudson. The pair, who had featured in every game the previous year, were traded away for future draft picks.[CITE] Ron Nery, who had accumulated sacks during three seasons with the Chargers, was cut shortly before the regular season began.[CITE]",title: Claude Gibson Stats | author: Stirling | venue: pro-football-reference.com | year: 1963,title: Plunkett and B Hudson traded | author: Williams | venue: pro-football-reference.com | year: 1963,"title: Nery, Coan cut from Charger roster | author: (uncredited) | venue: Pomona Progress-Bulletin | year: 1962",0,1,2
train_00135,"After losing Jack Kemp to the Buffalo Bills the previous year,[CITE] San Diego were looking for a veteran quarterback who could both lead the team and mentor second-year passer John Hadl. Running back Gerry McDougall, who joined the team from the CFL's Toronto Argonauts late in the 1962 season, informed Gillman that Tobin Rote, a 13-year veteran and former NFL champion (with the 1957 Lions) was contemplating retirement after three seasons with the Argonauts. The Bills had the territorial rights to sign Rote but had no need for another quarterback. Both the Chargers and the Denver Broncos expressed an interest in signing Rote; AFL Commissioner Joe Foss conducted a coin flip to decide which team would have the right to claim the player. San Diego won and gave Buffalo tackle Dick Hudson and two future draft picks in exchange for Rote's signing rights.[CITE] The 35-year-old was soon signed, with Gillman describing him as ""one of the finest quarterbacks in football.""[CITE] He started every game throughout the season.",title: KEMP IS CHOSEN PLAYER OF YEAR; Bills' $100 Bargain Buy Is Named the Best in A.F.L | author: (uncredited) | venue: New York Times | year: 1966,title: Tobin Rote signs | author: (uncredited) | venue: Pomona Progress-Bulletin | year: 1963,title: Buffalo sign tackle | author: (uncredited) | venue: Fresno Bee | year: 1963,0,2,1
train_00136,"Opinion among the players was divided as to the efficacy of using the ranch. Team captain Ron Mix believed that the 1963 Chargers were successful in spite of, not because of, the experience.[CITE] Others were more positive. Ernie Ladd described Rough Acres as a great training facility, noting the isolated location as a positive, while Lance Alworth stated the team had ""one of the greatest years as a result of it. I still don't understand why more teams don't do that and why we didn't do it more often after that.""[CITE] The Chargers did not have the option to return to Rough Acres, as the owners brought a lawsuit worth over a million dollars against them, alleging both property damage and non-payment of rental fees.[CITE]","title: Lance Alworth - November 30, 1998 | author: (uncredited) | venue: Tales from the American Football League | year: 2021",title: S.D. Chargers' fabled 1963 season | author: (uncredited) | venue: San Diego Jewish World | year: 2016,title: Chargers sued for million by owners of training camp | author: (uncredited) | venue: Escondido Times-Advocate | year: 1964,1,0,2
train_00137,"San Diego conceded 50 points in a game for the first time,[CITE] as Denver scored three times in barely a minute in the final quarter.[CITE] Lincoln's fumble set up Denver for the game's first points, a 37-yard field goal from Gene Mingo. Lincoln made amends only three plays later, taking a screen pass in for a 39-yard touchdown. McNeil's interception soon gave San Diego the ball back, and it was Lowe's turn to score, taking a Rote pass 31 yards on the next play. The Broncos responded with a 79-yard drive to a John McCormick touchdown pass, before Mingo missed kicks from 37 and 44 yards. Two plays after the second of these, Rote dropped back from his own 15 and found Alworth at midfield, the receiver completing an 85-yard touchdown. McCormick came back with another scoring throw, and Rote was intercepted shortly before halftime.[CITE]","title: 50+ points scored, opponent Chargers | author: (uncredited) | venue: stathead.com | year: 2022","title: 1963 week 5 gamebook, Chargers at Broncos | author: (uncredited) | venue: (unspecified) | year: 1963","title: Chargers dumped by Broncos, 50–34 | author: (uncredited) | venue: San Pedro News-Pilot | year: 1963",0,2,1
train_00138,"Alworth had the most receiving yardage of any game in his Hall of Fame career,[CITE] and the Chargers won on their first-ever trip to Kansas City.[CITE] The first four San Diego possessions resulted in punts, before Allen intercepted Len Dawson, setting up Blair's field goal to open the scoring. However, Dawson found Abner Haynes with a deep pass over the middle only two plays after the kickoff; Haynes slipped McNeil's diving tackle and completed a 73-yard touchdown, and Kansas City led 7–3 at halftime.[CITE]",title: Lance Alworth Career Game Log | author: (uncredited) | venue: pro-football-reference.com | year: 2022,title: Rote puts San Diego past Chiefs 38 to 17 | author: (uncredited) | venue: Sacramento Bee | year: 1963,"title: 1963 week 7 gamebook, Chargers at Chiefs | author: (uncredited) | venue: (unspecified) | year: 1963",0,1,2
train_00139,"Up by two games over the Raiders with only three to play, the Chargers could end the AFL West race with a win, but a collapse in the 4th quarter cost them the chance to clinch their division.[CITE] They began the game with a successful opening drive. Lincoln had a 36-yard reception and, after the Chargers lost six yards on the next two plays, Rote threw a deep pass to Norton for a 32-yard touchdown. For Norton, who had missed seven games through a back injury,[CITE] it was his only touchdown of the regular season.[CITE]",title: Don Norton 1963 Game Log | author: (uncredited) | venue: pro-football-reference.com | year: 2021,title: Remembering the Chargers' Don Norton | author: (uncredited) | venue: Tales from the American Football League | year: 2021,"title: Raiders trail by 17, win | author: Stirling | venue: Oakland Tribune | year: 1963",2,1,0
train_00140,"San Diego clinched their third AFL West title in four seasons while setting a club record for points that still stands.[CITE][CITE] Gross gave his team an excellent start, recovering a Broncos fumble forced by Karas. Lowe ran in the opening touchdown two plays later. After Denver answered with a touchdown on the ensuing drive, Alworth drew a 39-yard pass interference penalty and Blair kicked a field goal to put San Diego back in front. On the next drive, Mitinger made a one-handed interception after twice bobbling the ball. Norton's 29-yard reception on the following play set up Jackson's 2-yard touchdown dive. Denver again responded to a Charger touchdown with one of their own, a Don Breaux pass reducing their deficit to 17–14. Lincoln was back in the starting line-up for San Diego - his tackle-breaking 11-yard run got the Chargers moving on their next possession. Rote finished the drive by hitting Kocourek for a 26-yard touchdown; the tight end caught the ball in stride at the nine, and outran his marker to the corner of the end zone. A Rote interception let Denver pull three points closer with 1:04 remaining in the 2nd quarter, but back-to-back runs of 22 yards by Lowe and 14 yards by Lincoln set up Blair to respond in kind before the half ended.[CITE]",title: Most points scored by Chargers | author: (uncredited) | venue: statsmuse | year: 2021,title: Chargers clinch division crown by scoring 58–20 victory over Broncos | author: Miller | venue: Escondido Times-Advocate | year: 1963,"title: 1963 week 15 gamebook, Chargers at Broncos | author: (uncredited) | venue: (unspecified) | year: 1963",1,0,2
train_00141,"Bolton Wanderers were the opposition in the fifth round. The match at Bolton's home ground, Burnden Park, remained goalless until the 85th minute when Liverpool midfielder Ian Callaghan scored. The goal caused the Liverpool fans behind the goal to surge forward, which resulted in the collapse of a wooden railing. There were no serious injuries and the referee continued with the match, which Liverpool won 1–0, to progress to the sixth round.[CITE] They faced Leicester City in the sixth round. Despite chances for both teams throughout the match at Filbert Street, neither team scored and the match finished 0–0.[CITE] The match was replayed at Anfield four days later, which Liverpool won 1–0 when Hunt scored in the 72nd minute.[CITE]",title: Moment of joy and confusion | author: (uncredited) | venue: Liverpool Echo | year: 1965,title: Nightmare that almost ended Wembley dream | author: McGhee | venue: Liverpool Echo | year: 1965,title: Anfield message – Kop for Cup | author: Ellis | venue: Liverpool Echo | year: 1965,0,1,2
train_00142,"During dinner with New York mayor Samuel B. H. Vance and city officials, they were entertained by a local musical band.[CITE] On Christmas Eve, Kalākaua, Wherry and Dominis enjoyed a sleigh ride through Central Park. At an unannounced visit to the coed Normal School, they were given a tour of the facilities by its founder Thomas Hunter.[CITE] The king's visit to the New York Stock Exchange created excitement among the brokers. Capping the day, they attended a performance of The Black Crook at the Grand Opera House. A Christmas Day observance at Saint Thomas Church was followed by a photo session at Jeremiah Gurney's studio.[CITE]",title: A Royal Guest (cont. from p. 1) | author: (uncredited) | venue: New-York Tribune | year: 1874,title: King Kalakaua visits Thomas Hunter's Normal College | author: (uncredited) | venue: The New York Times | year: 1874,title: Kalakaua tour of New York City | author: (uncredited) | venue: The New York Times | year: 1874,0,1,2
train_00143,"Acknowledging the king's previous service as foreman of Hawaii Engine 4 in Honolulu,[CITE] the New York City Fire Department took him on an inspection tour of nearby facilities on December 26. Kalākaua and staff donned their dress uniforms for a private in-suite presentation of Army and Navy officers, during which members of the Board of Trade were also introduced.[CITE][CITE]","title: Kalakaua inspection of fire department, Army-Navy reception | author: (uncredited) | venue: The New York timesat Newspapers.com | year: 1874",title: Fire Dept Kalakaua Dec 1870 | author: (uncredited) | venue: The Pacific Commercial Advertiser | year: 1870,title: Honolulu Fire Department Established – Hawaii History – 1850 | author: (uncredited) | venue: HawaiiHistory.org | year: 2018,2,0,1
train_00144,"Kalākaua accepted an invitation to appear on December 29 at P. T. Barnum Great Traveling World's Fair, Museum, Menagerie and Hippodrome. Barnum was the founder of Barnum & Bailey Circus, and had promoted the 1850–52 Jenny Lind tour of America.[CITE] An advertisement for Kalākaua's appearance ran in the New-York Tribune,[CITE] and Barnum would later remember the event's attendance record as 20,000. Barnum provided the royal party with bannered box seats to view the performances. For the finale, Barnum and Kalākaua rode the perimeter of the arena in an open carriage, as Kalākaua waved and tipped his hat to the cheering crowd.[CITE]",title: King Kalakaua at Barnum's | author: (uncredited) | venue: New York Tribune | year: 1874,title: Recreations of the Hawaiian King | author: (uncredited) | venue: New York Tribune | year: 2018,title: Ad for P. T. Barnum's Hippodrome show | author: (uncredited) | venue: The Sun | year: 1873,1,2,0
train_00145,"Following three consecutive wins, the team began a run of six games without victory. On 20 October, New Brompton lost 2–1 away to Fulham, the previous season's Southern League champions.[CITE] A week later, they lost 2–0 at home to Southampton, having to play for 70 of the 90 minutes with only ten players after Walker was injured.[CITE] Lunn's first goal for the team secured a 1–1 draw against West Ham United in the final game of November but New Brompton then lost three consecutive games without scoring a goal, being defeated 1–0 at home to Tottenham Hotspur, 2–0 away to Swindon Town, and 1–0 at home to Norwich City. Following this run, New Brompton had slipped to 19th in the league table.[CITE] In the final week of November, the club's board of directors took the decision to appoint Smith to the position of player-manager; it was the first time the club had appointed someone specifically as team manager, distinct from Groombridge's role as club secretary. New Brompton's first match following Smith's appointment resulted in a 2–0 victory away to Luton Town on 1 December, ending a winless run which stretched back to mid-October.",title: Southampton gain points | author: (uncredited) | venue: Athletic News | year: 1906,title: An East Anglian raid | author: (uncredited) | venue: Athletic News | year: 1906,title: Fine finish at Fulham | author: (uncredited) | venue: Athletic News | year: 1906,1,2,0
train_00146,"On 16 February, New Brompton lost 3–0 away to Queens Park Rangers and the team's winless run was extended to four games with 1–1 draws against both Fulham and Southampton. William Marriott scored New Brompton's goal in both games, having not previously scored since September. On 16 March, New Brompton lost 2–0 away to Tottenham.[CITE] The result made Tottenham the second team of the season to defeat New Brompton both at home and away without conceding a goal. In the next game, against Watford on 20 March, New Brompton took the lead after just three minutes, fell behind to two goals from their opponents, but came away with a draw after Cunliffe scored his first goal since December. The reporter for the Bucks Examiner wrote that ""Brompton were good value for a draw"" and praised Martin's performance in goal.[CITE] The team ended their run of games without a victory by defeating Swindon at Priestfield Road on 23 March; after both teams had scored in the first half, a goal late in the game from Smith made the final score 2–1.[CITE] The final two games of March resulted in draws against Leyton and Norwich.",title: Drawn game at Watford | author: (uncredited) | venue: Bucks Examiner | year: 1907,"title: New Brompton 2, Swindon 1 | author: (uncredited) | venue: The People | year: 1907",title: Southern League matches | author: Reflector | venue: Daily Mirror | year: 1907,1,2,0
train_00147,"While Adams' contributions had received notice from historians, Associated Press writer Andrew Dalton called such reports ""somewhat speculative"" in nature before 2016.[CITE] That year, the 1857 ""Laws of Base Ball"" authored by Adams were sold at an auction. The documents were included in a batch of historical papers that brought $12,000 in a 1999 sale. Adams' authorship of the papers was unknown at the time, but was confirmed after the owner brought the documents to the attention of an auction house in 2015.[CITE] An anonymous buyer purchased the ""Laws of Base Ball"" in April 2016 for $3.26 million, the most a series of baseball documents had ever sold for.[CITE]","title: You Are the Father: Who is Doc Adams, Baseball's Dad | author: Dalton | venue: Associated Press | year: 2016",title: 'Laws of Base Ball' Documents Dated 1857 Establish New Founder of Sport | author: (uncredited) | venue: ESPN | year: 2016,title: 'Laws of Base Ball' Bought in Auction for $3.26 Million | author: (uncredited) | venue: ESPN | year: 2016,0,1,2
train_00148,"Development of 999 began in 2008.[CITE] The inspiration for the story was the question ""where do mankind's inspirations come from?""; Uchikoshi researched it, and found the British author Rupert Sheldrake's theories of morphogenetic fields, which became the main theme of the game. The theory is similar to telepathy, which answers the question of how organisms are able to simultaneously communicate ideas to each other, without physical or social interaction. Uchikoshi used the theory to develop the concept of esper characters, which are able to either transmit or receive information from another individual. Because of the vital role of the number 9 in the plot, each of the characters was based on one of the nine personality types from the Enneagram of Personality.[CITE] Another source of inspiration was Kamaitachi no Yoru, which, like 999, begins with putting the characters in a state of discomfort.[CITE]","title: 999: 9 Hours, 9 Persons, 9 Doors Interview Gets Philosophical, Then Personal | author: Yip | venue: Siliconera | year: 2010","title: Kotaro Uchikoshi, creator of the Zero Escape series (interview) | author: De Bont | venue: Geekster.de | year: 2016",title: Virtue's Last Reward Creator Talks About The Essence Of Visual Novels At GDC Panel | author: Yip | venue: Siliconera | year: 2013,1,0,2
train_00149,"The season's activity was reflected with a cumulative accumulated cyclone energy (ACE) rating of 111,[CITE] which is categorized as being ""above normal"".[CITE] ACE is, broadly speaking, a measure of the power of the hurricane multiplied by the length of time it existed, so storms that last a long time, as well as particularly strong hurricanes, have high ACEs. ACE is only calculated for full advisories on tropical systems at or exceeding or tropical storm strength.[CITE]",title: North Atlantic Hurricane Basin (1851-2018): Comparison of Original and Revised HURDAT | author: Hurricane Research Division | venue: National Oceanic and Atmospheric Administration | year: 2019,title: 2005 Atlantic Ocean Tropical Cyclones | author: David Levinson | venue: National Climatic Data Center | year: 2008,title: Extended range forecast of Atlantic seasonal hurricane activity and landfall strike probability for 2010 | author: (uncredited) | venue: Colorado State University | year: 2009,0,2,1
train_00150,"The museum was originally set to close in July 2020, after its last exhibition, though it closed temporarily during the COVID-19 pandemic in March of that year. That June, the Met decided to close its space there permanently, despite the short-lived exhibition.[CITE][CITE] The closure was a priority of incoming Met director Max Hollein, as it had an expensive lease, low attendance, and mixed reviews.[CITE]",title: The Frick Collection's Temporary Home Opens Next Month! | author: Weaver | venue: Time Out New York | year: 2021,"title: The Met Breuer Will Not Reopen After the Lockdown Lifts, Officially Shifting Control of Its Historic Brutalist Building to the Frick | author: Cascone | venue: Artnet News | year: 2020","title: The Sublime Farewell of Gerhard Richter, Master of Doubt | author: Farago | venue: The New York Times | year: 2020",0,2,1
train_00151,"In the fifth round Watford played Championship side Queens Park Rangers away at Loftus Road. Watford won 1–0 when Étienne Capoue scored with his side's only shot on target of the game, just before half time.[CITE] In the quarter-final, they played Premier League Crystal Palace at home at Vicarage Road. Watford took the lead mid-way through the first half with a Capoue strike, but Michy Batshuayi levelled the score in the 62nd minute. Gray, a second-half substitute, then scored the winning goal within two minutes of his introduction, ensuring a 2–1 Watford victory and progression to the semi-final at Wembley.[CITE] There they faced Premier League Wolverhampton Wanderers (Wolves). A header from Matt Doherty and a volley from Raúl Jiménez put Wolves into a 2–0 lead before Gerard Deulofeu reduced the deficit with what BBC reporter Phil McNulty described as ""an audacious angled flick"" with eleven minutes of the game remaining. Four minutes into injury time, Deeney levelled the score from the penalty spot, forcing the game into extra time. Deulofeu then scored his second in the 104th minute to ensure Watford's progression to the final with a 3–2 victory.[CITE]",title: Watford 3–2 Wolverhampton Wanderers | author: McNulty | venue: BBC Sport | year: 2019,title: Watford 2–1 Crystal Palace | author: Bullin | venue: BBC Sport | year: 2019,title: Queens Park Rangers 0–1 Watford | author: Johnston | venue: BBC Sport | year: 2019,2,1,0
train_00152,"Early on in the project, it was announced that the new stations would feature platform screen doors.[CITE] The stations (along with the new South Ferry station on the IRT Broadway–Seventh Avenue Line and the three Phase 1 Second Avenue Subway stations on the Upper East Side) would include special air-cooling systems to reduce the temperature along platforms.[CITE] Due to its depth, the extension has ventilation towers, rather than the ventilation grates ubiquitous in the rest of the subway system.[CITE]",title: MTA Plans To Install Platform Doors On 7 Line Extension | author: (uncredited) | venue: NY1 | year: 2007,title: Cooler Subways Coming – Eventually | author: Donohue | venue: Daily News | year: 2006,"title: No Heel Hazards (or Gusts) as Subway Expands | author: Roberts, Sam | venue: New York Times | year: 2013",0,1,2
train_00153,"Mayor Bloomberg at the 34th Street station on December 20, 2013 On August 21, 2013, the MTA announced that the 7 Subway Extension was 90% complete.[CITE] On December 20, 2013, Mayor Michael Bloomberg took a ceremonial ride on a train to the new terminal, celebrating a part of his legacy as Mayor; at the time, the proposed opening date was June 2014.[CITE][CITE]",title: Mayor Bloomberg gets ride on No. 7 subway line extension he championed | author: Fermino | venue: NY Daily News | year: 2013,title: Three cheers for the No. 7 extension | author: (uncredited) | venue: New York Post | year: 2013,title: 7 Line Extension 90 Percent Complete | author: (uncredited) | venue: MTA Press Release | year: 2013,2,1,0
train_00154,"Notts County's fourth place meant they were away to Crewe Alexandra in the first leg, which finished 2–2 at Gresty Road. With home advantage at Meadow Lane three days later, they won 1–0 thanks to a goal from Gary Martindale to give them a 3–2 aggregate victory.[CITE] The other semi-final went against home advantage; City finished sixth so played at their Valley Parade home in the first leg, losing 2–0. However, they overturned the deficit by winning 3–0 at Bloomfield Road. Des Hamilton, Carl Shutt and Mark Stallard scored the three goals that also gave them a 3–2 aggregate victory. Kamara called it the ""best night"" of his career,[CITE] whereas his opposite number Allardyce was sacked.[CITE]",title: Brad all over: Brave City set for Wembley | author: Nixon | venue: Daily Mirror | year: 1996,title: August 20: 1995/1996 (15 Days To Go) | author: (uncredited) | venue: Notts County F.C | year: 2010,title: Big Sam on 'devastating' Blackpool blow | author: Canavan | venue: Blackpool Gazette | year: 2010,1,0,2
train_00155,"Notts County's fate went in the opposite direction. They were relegated in bottom place the season after the 1996 play-off final defeat,[CITE] only to win the 1997–98 Third Division title and gain instant promotion.[CITE] However, they have spent every season since in the bottom two divisions of the Football League before suffering relegation to the National League in 2019. The two clubs did not meet again in league football until January 2008 after City's fall back down the league structure.[CITE]",title: All time results between Notts County and Bradford City | author: (uncredited) | venue: Soccerbase | year: 2010,title: Final 1997/1998 Football League Two Table | author: (uncredited) | venue: Soccerbase | year: 2010,title: Final 1996/1997 Football League One Table | author: (uncredited) | venue: Soccerbase | year: 2010,2,1,0
train_00156,"Blackpool, whom Bradford had defeated in the play-off semi-final, were relegated to the bottom tier in 1999–2000.[CITE] They won three promotions – all via the play-offs[CITE] – within the following decade to reach the Premier League themselves for the first time in their history.[CITE]",title: Blackpool back at the top | author: (uncredited) | venue: Premier League | year: 2010,title: Final 1999/2000 Football League One Table | author: (uncredited) | venue: Soccerbase | year: 2010,title: Blackpool reach promised land | author: Longmore | venue: The Sunday Times | year: 2010,1,0,2
train_00157,"These first explorers were soon followed by Franciscan missionaries who established Mission San Juan Capistrano in 1776 near the main population center of the Acjachemen people, on San Juan Creek about east of the mouth of Aliso Creek. The Spanish referred to the Acjachemen as the Juaneño,[CITE] and to the Tongva as the Gabrielino, after the further away Mission San Gabriel Arcángel.[CITE] The Aliso Creek watershed was part of the vast land holdings of Mission San Juan Capistrano. The El Camino Real (""King's Highway""), connecting the coastal missions in California, crossed Aliso Creek in the vicinity of El Toro (today's Lake Forest). The Spanish established Rancheria Niguel in what is now the city of Aliso Viejo and grazed their cattle there. Most of the Native Americans were relocated to the mission where they were forced into agricultural labor and converted to Spanish Catholicism.[CITE]",title: The First Angelinos: The Gabrielino Indians of Los Angeles | author: McCawley | venue: Ballena Publishing | year: 1996,"title: Construction and Operation of an Incoming Mail Facility in Aliso Viejo: Environmental Impact Statement, Volume 1 | author: (uncredited) | venue: U.S. Postal Service | year: 2008",title: Orange County Tribe Battles for Its Identity – The Juaneño Indians were stripped of a large part of Southern California. They seek U.S. recognition to validate their past and enrich their future | author: Granberry | venue: Los Angeles Times | year: 1994,1,2,0
train_00158,"The South Orange County Wastewater Authority (SOCWA) Coastal Treatment Plant is located next to Aliso Creek in Laguna Beach, and treats about 2.9 million gallons (11 million litres) of sewage each day.[CITE] Treated wastewater is discharged into the Pacific Ocean about offshore from Aliso Beach via the Aliso Creek Ocean Outfall.[CITE] A pipeline carrying raw sewage downstream to the treatment plant and two pipelines carrying treated sludge back upstream to SOCWA's Regional Treatment Plant in Laguna Niguel for recycling are buried roughly parallel to the creek within Aliso Canyon, and have been frequently threatened by flooding and erosion. Sewage spills have occasionally entered the creek, forcing the closure of Aliso Beach. In 2016, the California Coastal Commission approved a project to replace the two treated sludge lines, which had deteriorated extensively over the last 30 years.[CITE]",title: Aliso Creek Ocean Outfall | author: (uncredited) | venue: South Orange County Wastewater Authority | year: 2019,title: Coastal Treatment Plant | author: (uncredited) | venue: South Orange County Wastewater Authority | year: 2019,title: Coastal Treatment Plant Sludge Line Replacement Project | author: (uncredited) | venue: South Orange County Wastewater Authority | year: 2016,1,0,2
train_00159,"The USACE project has been criticized for its potential large impacts on Aliso and Wood Canyons Wilderness Park as it would require extensive re-grading of the stream channel and banks, with of excavations and more than of fill. In addition, many of the proposed structures are intended to protect the sewer lines along Aliso Creek in Aliso Canyon, rather than for environmental restoration.[CITE] The Sierra Club has advocated for the closure of the Coastal Treatment Plant in Aliso Canyon, and for wastewater to be recycled or treated at the nearby J.B. Latham plant instead, which would significantly reduce the cost of the Aliso Creek restoration project and reduce its environmental impacts.[CITE] As of 2016, the Latham plant was operating at about 50 percent of its capacity.[CITE]","title: Dirty work: How to fix Aliso Creek | author: Mejdrich, Kellie | venue: OC Register | year: 2013",title: Channelizing Aliso Creek | author: (uncredited) | venue: Village Laguna | year: 2017,title: JB Latham Treatment Plant | author: (uncredited) | venue: South Orange County Wastewater Authority | year: 2019,1,0,2
train_00160,"During the mid-20th century, certain tracts of land were set aside in the Aliso Creek watershed to preserve wildlife habitat and a partial greenway along the creek itself. Significant amounts of open space were also dedicated in many of the master planned communities developed along the creek. More than 35 percent of Laguna Niguel was designated as parks and open space in its master plan,[CITE] as was 20 percent of Mission Viejo. The Laguna Niguel Regional Park, which surrounds Laguna Niguel Lake and part of Sulphur Creek, was created in 1973.[CITE] Laguna Niguel Lake is regularly stocked with catfish, bass, bluegill, and trout during the winter months, and offers both shoreline fishing and boat rentals.[CITE]",title: Laguna Niguel Regional Park Activities | author: (uncredited) | venue: OC Parks | year: 2009,title: Laguna Niguel Regional Park History | author: OC Parks | venue: www.ocparks.com | year: 2009,title: Demographics | author: (uncredited) | venue: City of Laguna Niguel | year: 2019,2,1,0
train_00161,"The future of Aliso Canyon remained uncertain into the 1970s. As part of the original development plans for the former Rancho Niguel, a six-lane highway was planned for the length of Aliso Canyon, connecting inland cities with Laguna Beach. This would have sliced directly through what is now Aliso and Wood Canyons Wilderness Park and heavily impacted the only significant remaining natural stretch of Aliso Creek. Land for the wilderness park was first secured in April 1979 with , and small increments were added to the park until the early 1990s forming a total of . In the 1990s, Aliso and Wood Canyons became part of the South Coast Wilderness Area, a group of preserves which includes the Laguna Coast Wilderness Park and Crystal Cove State Park. In 2004 a controversy arose as the Montage Resort, which had recently purchased the Aliso Creek Inn and Golf Course resort, proposed to dramatically remodel and expand the property and extending it well into the park.[CITE][CITE] After opposition from environmentalists and Orange County Supervisor Tom Wilson, the plans were drastically scaled down.[CITE]",title: 'Open Space' Doesn't Always Mean Forever | author: Yi | venue: Los Angeles Times | year: 2005,"title: A Golf Course in Wild Park? | author: Hanley, Christine | venue: Los Angeles Times | year: 2004",title: Aliso Creek Inn to be demolished | author: (uncredited) | venue: OC Register | year: 2005,0,1,2
train_00162,"Despite media predictions of an upset, their utmost proved insufficient,[CITE] though in the Darts opinion, ""Small Heath deserve[d] all praise for the splendid fight they made with the Burnley eleven, who are all great players on their own ground.""[CITE] Playing downwind, Burnley scored after half an hour from a scrimmage under the crossbar, and doubled their lead on the stroke of half-time. In the second half, ""dangerous fouls"" were given against both sides. Small Heath continued to play a neat passing game but were kept at bay by Burnley's strong defence and the offside rule.[CITE]",title: Saturday's Football. Association Cup | author: (uncredited) | venue: Birmingham Daily Post | year: 1893,title: On Dit | author: (uncredited) | venue: The Dart: The Birmingham Pictorial | year: 1893,title: Football Notes. Association | author: (uncredited) | venue: Liverpool Mercury | year: 1893,2,1,0
train_00163,"When Small Heath finally returned to League football, their forwards, ""conspicuous for some really beautiful passing""[CITE] on a soft and slippery playing surface, gave them a 6–2 victory over Bootle.[CITE] The Sheffield & Rotherham Independent accepted that their local team was not going to win the title, for ""Small Heath can scarcely be dislodged except by a very great reversal of form such as is not likely to come about"", though still expected Sheffield United to finish in the top three.[CITE]",title: Football Notes | author: 'Centre Forward' | venue: The Sheffield & Rotherham Independent | year: 1893,title: Saturday's Football | author: (uncredited) | venue: Birmingham Daily Post | year: 1893,title: The League. Division II | author: (uncredited) | venue: The Sheffield & Rotherham Independent | year: 1893,2,0,1
train_00164,"Small Heath forced several early corners, but then conceded on the break when Alf Farman scored from a Tommy Fitzsimmons pass. Towards half-time, they had chances from a scramble in front of the Newton Heath goal, and pressed hard after the interval, the persistence of Wheldon eventually securing an equaliser ""after brilliant work by all of the Small Heath forwards"". ""Capital defensive play"" by both teams prevailed thereafter, and the match was drawn.[CITE] The Manchester Guardian noted the contrast in attacking style, as ""the Small Heath players were playing a most scientific game, but the rushes of Newton Heath were often very dangerous"",[CITE] and the Gazettes reporter felt that half-backs George Short and, particularly, Jenkyns had been ""inclined to take matters a little too easily"" in the first half.[CITE]",title: Observer Notes | author: (uncredited) | venue: Birmingham Daily Gazette | year: 1893,title: The Football League. The Football League Test Matches | author: (uncredited) | venue: Manchester Guardian | year: 1893,title: Saturday's Football. The League Trial Matches | author: (uncredited) | venue: Birmingham Daily Post | year: 1893,2,1,0
train_00165,"Construction on Altair, a £100 million development on Oakfield Road, began in September 2019[CITE] after many years of delay. The scheme includes apartments, shops and eating places and will create a new public square linking it to the nearby Altrincham Interchange,[CITE] which underwent a £19 million refurbishment in 2015. A 2010 survey found that despite being in one of the country's most affluent areas, nearly a third of the shops in Altrincham were vacant; Trafford council attributed the high number (78) to the effects of the recession and plans to refurbish Stamford House, which left most of its shops unused.[CITE]",title: At long last! Work on the £70m Altair scheme is to begin on Monday | author: (uncredited) | venue: (unspecified) | year: 2019,title: Trafford Council welcomes granting of the compulsory purchase order on site earmarked for Altair development | author: Griffin | venue: Messengernewspapers.co.uk | year: 2012,"title: A third of Altrincham shops lie empty, report claims | author: (uncredited) | venue: BBC News | year: 2010",0,1,2
train_00166,"Altrincham is in the Roman Catholic Diocese of Shrewsbury,[CITE] and the Church of England Diocese of Chester.[CITE] The nearest synagogue, belonging to Hale and District Hebrew Congregation, is on Shay Lane in Hale Barns.[CITE]",title: New Building | author: (uncredited) | venue: Hale-jewish-community.org.uk | year: 2012,title: Catholic Diocese of Shrewsbury | author: (uncredited) | venue: Dioceseofshrewsbury.org | year: 2007,title: The Church of England Diocese of Chester | author: (uncredited) | venue: Chester.anglican.org | year: 2007,2,0,1
train_00167,"The Stamford Park was designed by landscape gardener John Shaw. It opened to the public in 1880, as a sports park with areas for cricket and football. The land was donated by George Grey, the 7th Earl of Stamford, and is now owned and run by Trafford Council. The park is listed as Grade II on the Register of Parks and Gardens of Special Historic Interest in England,[CITE][CITE] and has won a bronze award from the Greenspace award scheme.[CITE]",title: History: Hale Moss and Stamford Park | author: (uncredited) | venue: Friends of Stamford Park | year: 2014,title: Parks pass 'green flag' test | author: (uncredited) | venue: Trafford.gov.uk | year: 2008,title: Welcome to the Friends of Stamford Park website | author: (uncredited) | venue: Friends of Stamford Park | year: 2014,1,2,0
train_00168,"Altrincham has two theatres, the Altrincham Garrick Playhouse and the Club Theatre (latterly known as the Altrincham Little Theatre). The Altrincham Garrick group was formed in 1913. The Garrick held the world stage premiere of Psycho in 1982. In 1998, it received a grant of £675,000 from the National Lottery, as part of a £900,000 redevelopment of the theatre, which was completed in 1999.[CITE] The Club Theatre group began in 1896, as the St Margaret's Church Institute Amateur Dramatics Society. It provides a venue for the Trafford Youth Theatre production each year and it runs the Hale One Act Festival, an annual week-long event started in 1972.[CITE] The club has received awards from both the Greater Manchester Drama Federation and the Cheshire Theatre Guild.[CITE]",title: Theatre history | author: (uncredited) | venue: The Club Theatre | year: 2014,title: History of the Altrincham Garrick Playhouse | author: Sails | venue: Altrincham Garrick Playhouse | year: 2007,title: The history of the Hale One Act Festival | author: (uncredited) | venue: The Club Theatre | year: 2007,2,0,1
train_00169,"Altrincham is one of the few towns in north-west England with an ice rink; it has had an ice hockey team since 1961, when Altrincham Ice Rink was built in Broadheath.[CITE] The Altrincham Aces (later renamed the Trafford Metros) played from 1961 until 2003, when the ice rink closed.[CITE] The town then had a three-year period without a rink or ice hockey team, until construction of the 2,500 capacity Altrincham Ice Dome was completed.[CITE]",title: Ice rink closes after 42 years | author: (uncredited) | venue: BBC News | year: 2003,title: Get your skates on in Altrincham | author: (uncredited) | venue: Manchester Evening News | year: 2007,title: Altrincham ice hockey: a history | author: Jones | venue: Altrinchamaces.co.uk | year: 2007,0,2,1
train_00170,"Manchester Phoenix, a club having a professional presence in the English Premier Ice Hockey League and an extensive junior development aspect, relocated to the Ice Dome during the 2006–07 season, having withdrawn from competition two years earlier due to the high cost of playing matches at Manchester's MEN Arena.[CITE] In 2009, the Manchester Phoenix English National Ice Hockey League team was renamed Trafford Metros, bringing the old Altrincham team's name back into use.[CITE] When not being used by Phoenix, the Altrincham Ice Dome is open to the public for ice skating.[CITE]",title: Metros set to make a return | author: (uncredited) | venue: Manchester Evening News | year: 2009,title: Silver Blades ice rink | author: (uncredited) | venue: Silver-blades.co.uk | year: 2007,title: Phoenix on ice | author: Costigan | venue: BBC Manchester | year: 2006,1,2,0
train_00171,"D'station and Tower Motorsports had to start from the back of the outright grid after their chassis, damaged beyond repair, were replaced during qualifying.[CITE][CITE] The stewards deemed Thomas to have not slowed enough before hitting Stevenson and imposed a four-minute stop-and-hold penalty on Tower Motorsports to be served within four laps of its announcement after the race began.[CITE]",title: Centenary Le Mans: Wednesday Paddock Notes (Updated) | author: O'Connell | venue: DailySportsCar | year: 2023,"title: Chassis Replacements for Tower, D'station After FP1 Accident | author: Lloyd | venue: SportsCar365 | year: 2023",title: TDS LMP2 car gets three-minute penalty for Le Mans FP1 Aston Martin crash | author: Newbold | venue: Autosport | year: 2023,1,0,2
train_00172,"Catsburg stated he did not think a comeback from two laps down to win the race was possible, calling it ""insane"" that Corvette's pace allowed his team to re-enter LMGTE Am contention.[CITE] Keating described Corvette's comeback from pole position as a ""emotional rollercoaster,"" but was enraged by the then-class leader being released from the pit lane too soon under safety car conditions in wet weather in the third hour and race control failing to correct the error, preventing Corvette from receiving a wave-by.[CITE] Iron Dames' regret at not finishing on the LMGTE Am podium after duelling for the class lead was voiced by Bovy, while co-driver Gatting said that they were hindered by a brake replacement.[CITE]","title: Keating: Corvette Comeback Win an ""Emotional Rollercoaster"" | author: Euwema | venue: SportsCar365 | year: 2023","title: Catsburg: ""Insane"" for Corvette to win at Le Mans despite losing two laps | author: Lickorish | venue: Autosport | year: 2023","title: Iron Dames admit missing Le Mans GTE Am podium ""painful"" | author: Klein | venue: Motorsport.com | year: 2023",1,0,2
train_00173,"Against San Francisco, Gagliano completed 8 of 13 for 87 yards, and ran 20 yards for a touchdown. He then gave way to the newly-signed Humphries, who went 5 of 12 for 52 yards and an interception, while leading a drive that Ronnie Harmon capped with a 9-yard touchdown run. Future Charger Mark Seay scored for San Francisco as they won the game with 17 unanswered 4th quarter points.[CITE] Gagliano was again the starter in the final preseason game against the Rams, leading an 80-yard touchdown drive on the opening possession, with Rod Bernstine scoring from the 1-yard line. Gagliano was 6 of 8 for 90 yards. Humphries took over and completed 11 of 16 for 118 yards, with touchdowns to Harmon and Walter Stanley (the latter of whom was nonetheless cut four days later). John Carney, who had won a training camp battle with Carlos Huerta for the kicking job, converted all three of his field goal attempts.[CITE][CITE]",title: Chargers cut 13 with no surprises | author: Paris | venue: North County Times | year: 1992,"title: 49ers 20, Chargers 14 | author: Paris | venue: North County Times | year: 1992","title: Carney, Humphries star in 30–18 win | author: Paris | venue: North County Times | year: 1992",1,0,2
train_00174,"San Diego dropped to 0–4 and was shut out for the first time in four seasons. Having gone six consecutive quarters without a point and ten without a touchdown, San Diego was already three games behind the division-leading Broncos and Chiefs.[CITE] This latest one-sided defeat drew negative reviews from the Californian press, with the Los Angeles Times giving them a report card with six F grades out of nine, while the North County Times described them as potentially the league's worst team.[CITE][CITE]","title: End zone becoming only a memory, 27–0 | author: Paris | venue: North County Times | year: 1992",title: Report card | author: Simers | venue: Los Angeles Times | year: 1992,"title: NFL Standings, Week 4, 1992 | author: (uncredited) | venue: pro-football-reference.com | year: 2021",2,1,0
train_00175,"Humphries had his first 300-yard passing game, completing 20 of 27 for 355 yards, with two touchdowns and an interception.[CITE] Miller had 6 catches for 129 yards and a touchdown, while Walker had 4 catches for 104 yards and a touchdown, the lone 100-yard receiving game of his career.[CITE] Byrd's two interceptions gave him nine against Elway in his career.[CITE]",title: Elway comes up short this time | author: (uncredited) | venue: Colorado Daily Sentinel | year: 1992,title: Derrick Walker Career Game Log | author: (uncredited) | venue: pro-football-reference.com | year: 2021,title: Stan Humphries Career Game Log | author: (uncredited) | venue: pro-football-reference.com | year: 2021,2,1,0
train_00176,"Byrd made his 42nd and final interception.[CITE] All of these were with the Chargers, and remain a club record for a career.[CITE] Carney set a club record with five field goals in a single game. Due to a loss by Kansas City earlier in the day, San Diego moved into first place in the AFC West; the Chargers also clinched a playoff berth, their first since 1982.[CITE]",title: Gill Byrd Career Game Log | author: (uncredited) | venue: pro-football-reference.com | year: 2021,title: Chargers Career Defense Leaders | author: (uncredited) | venue: pro-football-reference.com | year: 2021,title: Chargers fans get early present | author: Paris | venue: North County Times | year: 1992,0,1,2
train_00177,"Advertised as a ""Grand League Match"" in the local paper – vying for attention with the forthcoming Sailors' Bazaar, a Boys' Brigade band concert and a clearance sale of squirrel-tail fur boas[CITE] – Small Heath's visit to Middlesbrough Ironopolis failed to live up to the billing. A storm that cost hundreds of lives at sea had left the Paradise Ground with damaged railings and grandstand blown down, and only a few hundred spectators stood in the pouring rain to see the home side produce a surprise victory by three goals to nil on a sodden pitch.[CITE] The Leicester Chronicle feared ""that last year's second division champions are far from being what they were"", having dropped as many points already as in the whole of the previous season.[CITE]",title: Football. The Football League | author: (uncredited) | venue: The Yorkshire Herald | year: 1893,title: North-Country News | author: (uncredited) | venue: The North-Eastern Daily Gazette | year: 1893,title: Between the Goalposts | author: (uncredited) | venue: Leicester Chronicle | year: 1893,1,0,2
train_00178,"On 30 July 2014, Sia performed ""Chandelier"", ""Elastic Heart"" and ""Big Girls Cry"" on the VH1's show ""SoundClash"".[CITE] On 17 January 2015, Sia performed ""Chandelier"" and ""Elastic Heart"" on Saturday Night Live.[CITE] On 8 February 2015, Sia and Ziegler together with actress Kristen Wiig performed ""Chandelier"" in a room reminiscent of the video set on the 2015 Grammy Awards telecast.[CITE]",title: You Don't Have to 'Get' Sia to Love Her on 'SNL' | author: Hughes | venue: The Village Voice | year: 2015,title: Watch Kristen Wiig Perform 'Chandelier' With Sia on the Grammys | author: (uncredited) | venue: Slate | year: 2015,"title: Ed Sheeran, Grouplove + Sia's Set List for Episode 2 Leaked! | author: Cho | venue: VH1 | year: 2014",1,2,0
train_00179,"The 2nd Commando Regiment (2 Cdo Regt) is a special forces unit of the Australian Army and is part of Special Operations Command. The regiment was established on 19 June 2009 when the 4th Battalion RAR (Commando) was renamed. It is based at Holsworthy, New South Wales. The 2nd Commando Regiment trains and has served with coalition special forces units.[CITE][CITE] The regiment has been involved in operations in East Timor, Iraq and Afghanistan, where it was used in a direct action warfighting role.[CITE] It has also been involved in domestic security operations including the 2006 Commonwealth Games and the 2014 G20 Leaders Summit. The regiment is the Command's capability lead for strike and recovery.",title: Australia's 2nd Commando Regiment Loses 'Little Brother' Moniker | author: McAlister | venue: SOFREP | year: 2014,"title: Address by His Excellency Major General Michael Jeffery on the Occasion of Presentation of the Unit Citation for Gallantry to 4RAR (Commando) Holsworthy Army Barracks, NSW 26 October 2007 | author: (uncredited) | venue: Governor General of Australia | year: (undated)",title: An Unlikely Partnership: Australia's 2nd Commando Regiment and the DEA (Pt. 1) | author: McAlister | venue: SOFREP (Special Operations Forces Report) | year: 2015,2,1,0
train_00180,"The 63rd Street Connector created a new path between Manhattan and the heavily traveled Queens Boulevard Line, increasing the amount of train service that could be run between Manhattan and Queens. With the F rerouted via 63rd Street, service through the 53rd Street Tunnel was replaced by the , a new local service that ran along the Sixth Avenue and Queens Boulevard lines.[CITE] This service was discontinued on June 25, 2010, and replaced with a reroute of the .[CITE][CITE]",title: MTA Press Release NYC Transit Major Subway Changes Set for Monday | author: (uncredited) | venue: www.mta.info | year: 2016,title: Evaluation of 2010 Service Reductions | author: (uncredited) | venue: mta.info | year: 2011,"title: V Train Begins Service Today, Giving Queens Commuters Another Option | author: Kershaw | venue: The New York Times | year: 2001",1,2,0
train_00181,"When Desgrange and young employee Géo Lefèvre were returning from the Marseille–Paris cycling race,[CITE] Lefèvre suggested holding a race around France, similar to the popular six-day races on the track.[CITE] Desgrange proposed the idea to the financial controller Victor Goddet, who gave his approval, and on 19 January 1903, the Tour de France was announced in '.[CITE]",title: 1903: Maurice Garin wint eerste Tour | author: (uncredited) | venue: (unspecified) | year: 2003,title: Le Tour de France | author: Desgrange | venue: l'Auto | year: 1903,title: The limits of endurance exercise | author: Noakes | venue: Basic Research in Cardiology | year: 2006,0,2,1
train_00182,"In April 1948, the Royal Numismatic Society of New Zealand moved to suggest the creation of a commemorative crown coin in preparation for the royal visit.[CITE][CITE] Following Australian consideration of a commemorative coin in a four-shilling denomination, Minister of Finance Walter Nash moved in May to support the Royal Numismatic Society's proposal of a circulating commemorative coin.[CITE]",title: Proposed Commemorative Crown Piece | author: (uncredited) | venue: New Zealand Numismatic Journal | year: 1948,title: Special Crown Piece May Be Struck By N.Z. To Mark Royal Visit | author: (uncredited) | venue: Wanganui Chronicle | year: 1948,title: Notes of Meetings | author: (uncredited) | venue: New Zealand Numismatic Journal | year: 1948,0,2,1
train_00183,"Hanjour trained at the CRM Airline Training Center in Scottsdale, Arizona, earning his FAA commercial pilot's certificate in April 1999.[CITE] He had wanted to be a commercial pilot for Saudia but was rejected when he applied to the civil aviation school in Jeddah in 1999. Hanjour's brother later explained that, frustrated at not finding a job, Hanjour ""increasingly turned his attention toward religious texts and cassette tapes of militant Islamic preachers.""[CITE] Hanjour returned to Saudi Arabia after being certified as a pilot, but left again in late 1999, telling his family he was going to the United Arab Emirates to work for an airline. Hanjour likely went to Afghanistan, where al-Qaeda recruits were screened for special skills they might have. Already having selected the Hamburg cell members, al-Qaeda leaders selected Hanjour to lead the fourth team of hijackers.[CITE]","title: Four Planes, Four Coordinated Teams | author: (uncredited) | venue: The Washington Post | year: 2001",title: Looming Tower | author: Wright | venue: Alfred P. Knopf | year: 2006,title: Why bin Laden plot relied on Saudi hijackers | author: Sennott | venue: The Boston Globe | year: 2002,0,2,1
train_00184,"At 09:15:34, Barbara Olson made a call to her husband Ted, quietly explaining that the plane had been hijacked and that those responsible were armed with knives and box cutters.[CITE] She revealed that her call was being made without the knowledge of the hijackers. The connection dropped a minute into the conversation.[CITE] Theodore Olson contacted the command center at the Department of Justice, and tried unsuccessfully to contact Attorney General John Ashcroft. Barbara Olson called again five minutes later, informing her husband of the announcement Hanjour ""the pilot"" made over the loudspeaker, and asked him, ""What do I tell the pilot to do?""[CITE]","title: Probe reconstructs horror, calculated attacks on planes | author: Johnson | venue: The Boston Globe | year: 2001",title: Wife of Solicitor General alerted him of hijacking from plane | author: O'Brien | venue: CNN | year: 2001,"title: Four flights, four tales of terror | author: Parker | venue: USA Today | year: 2001",0,1,2
train_00185,"The Pentagon Memorial, located just southwest of The Pentagon in Arlington County, Virginia, is a permanent outdoor memorial to the 184 people who died as victims in the building and on American Airlines Flight77 during the September11 attacks.[CITE] Designed by Julie Beckman and Keith Kaseman of the architectural firm of Kaseman Beckman Advanced Strategies[CITE] with engineers Buro Happold,[CITE] the memorial opened on September11, 2008, seven years after the attack.",title: Pentagon Memorial Project Schedule | author: (uncredited) | venue: Pentagon Renovation Program | year: 2006,title: Creating a Place Like No Other | author: Miroff | venue: The Washington Post | year: 2008,title: Pentagon Memorial | author: (uncredited) | venue: (unspecified) | year: 2010,0,1,2
train_00186,"Victory over York City on 19 September left Gillingham second in the table,[CITE] but one draw and two defeats in the next three games meant that the team dropped to twelfth.[CITE] New signing Shipley was seriously injured against York and did not play again for nearly six months. In early October, the club signed forward Mark Cooper from Tottenham Hotspur for a fee of £102,500, setting a new record for the highest fee Gillingham had paid to sign a player. He went straight into the starting line-up for the home game against Bristol Rovers on 10 October and scored his first goal two games later in a 1–1 draw with Preston North End. Gavin Peacock, son of the manager, also made his debut against Bristol Rovers, having joined the club on a one-month loan from Queens Park Rangers. An unbeaten run of five games pushed Gillingham back up among the teams contending for a play-off place; the team ended the month of October in seventh position, two places behind the lowest position which would qualify for the play-offs.[CITE]",title: League Division 3 table after close of play on 31 October 1987 | author: (uncredited) | venue: 11v11 | year: 2021,title: League Division 3 table after close of play on 19 September 1987 | author: (uncredited) | venue: 11v11 | year: 2021,title: League Division 3 table after close of play on 3 October 1987 | author: (uncredited) | venue: 11v11 | year: 2021,2,0,1
train_00187,"Over the Easter weekend, Gillingham lost to both promotion-chasing Brighton & Hove Albion and Northampton Town. In the next game away to Brentford, Gillingham took the lead eight minutes from the end of the game but then conceded a late equaliser;[CITE] the draw left them 11th in the table.[CITE] The team next defeated Preston 4–0, their biggest victory since September, but the attendance of 2,721 was the lowest of the season for a league game at Priestfield. Gillingham then lost consecutive matches to Bury and Rotherham. The final match of the season was away to third-placed Walsall, and finished as a 0–0 draw; the team had only won two of the last twelve games of the season and finished in 13th place in the Third Division, the same position as when Keith Peacock was dismissed in December.[CITE]",title: League Division Three end of season table for 1987–88 season | author: (uncredited) | venue: 11v11 | year: 2021,title: Sinton levels Bees' account | author: Mercer | venue: Hammersmith & Shepherds Bush Gazette | year: 1988,title: League Division 3 table after close of play on 9 April 1988 | author: (uncredited) | venue: 11v11 | year: 2021,2,0,1
train_00188,"Gillingham began April with a third consecutive defeat, losing 4–1 at home to Nottingham Forest, for whom Wally Ardron scored a hat-trick before half-time.[CITE] Veteran goalkeeper Johnny Burke, a regular starter for Gillingham in the Southern League, replaced Gage for the next game, a 2–1 victory away to Torquay United. Aged 39, it was his first Football League appearance since the 1946–47 season. He played in five of the last six games of the season and set a record for the oldest player to represent the club in the Football League which stood for over 50 years; Jack Day, another goalkeeper who had been with the club in the Southern League but had been kept out of the team by Gage, played against Aldershot on 21 April. Gillingham alternated victory and defeat in their final six games of the season; Hales scored twice in a 2–1 win over Swindon Town in the penultimate match to take his record to six goals in seven games.[CITE] Gillingham ended the season with a 2–1 defeat at home to Plymouth Argyle,[CITE] leaving them 22nd in the Third Division South, six points above the bottom two teams, who were required to apply for re-election to the Football League.",title: Argyle Attack Finds Power | author: (uncredited) | venue: Sunday Dispatch | year: 1951,"title: Gillingham Hit Back to Win | author: (uncredited) | venue: Chatham, Rochester and Gillingham News | year: 1951",title: Grimsby for Div III? | author: (uncredited) | venue: Sunday Dispatch | year: 1951,2,1,0
train_00189,"In the second round, Gillingham played away to fellow Third Division South club Bristol Rovers. Thomas gave Gillingham the lead before Rovers scored twice; a late goal from Jackie Carr meant that the game ended in a draw and a replay was required.[CITE] Four days later at Priestfield, Rovers took the lead but Carr scored to ensure another draw.[CITE] Under the rules of the competition the second replay took place at a neutral venue. At Tottenham Hotspur's White Hart Lane ground, Gillingham took the lead with a goal from Lewis but Rovers scored twice to win the game and eliminate Gillingham from the competition.[CITE]",title: Bristol Lapse Lets Gillingham Draw | author: (uncredited) | venue: The Daily Telegraph | year: 1950,title: Bristol Rovers Through | author: (uncredited) | venue: The Daily Telegraph | year: 1950,title: Gage Saved Gillingham | author: (uncredited) | venue: Sunday Pictorial | year: 1950,1,2,0
train_00190,"Falcons head coach Dan Reeves was praised for his ability to lead the team after having heart surgery only weeks prior, as Reeves' comeback proved to be an emotional rallying point for the team. Austin Murphy of Sports Illustrated noted that Reeves' return ""[galvanized] the already close-knit Falcons"",[CITE] and Falcons linebacker Jessie Tuggle agreed: ""Dan has really inspired us all. ... He walked in the meeting room four days after having had surgery, and you could have heard a pin drop. We wanted to hear every last word he had to say."" Reeves described his time during the season as ""more rewarding than any other teams I've been involved in"", and to Falcons special teams coach Joe DeCamillis, Reeves' leadership that season was ""his best coaching job ever"".[CITE] CBS called Reeves' return ""an amazing comeback that people will be talking about for years"".[CITE]",title: Hale and Hearty | author: Murphy | venue: Sports Illustrated | year: 1999,title: Coach Sure Has Heart | author: (uncredited) | venue: CBS News | year: 1999,title: Heart of the matter: Reeves uses forum to relive Denver feud | author: (uncredited) | venue: Pittsburgh Post-Gazette | year: 2017,0,2,1
train_00191,"Henry Freeland of Paste described ""7 Things"" as ""the list of reasons she hates an ex-boyfriend (who just might be lead Jonas Brother, Nick)"" and her ""concern [...] that all of this hatred only leads them to love Maybe-Nick [...] all the more"".[CITE] Blogger Molly Lambert, quoted in The New York Times said, ""[Cyrus] had recently broken up with her first serious boyfriend — a fellow Disney celebrity, Nick Jonas, of the Jonas Brothers, who was also her arena-concert tour mate during their secret two-year affair. In the video for '7 Things' she wears Nick's diabetes dog tags while singing about how his vanity and insecurity undermined their relationship.""[CITE] Jessica Herndon of People similarly points out the necklace and the fact that Jonas, ""who split with Cyrus in late 2008 after two-and a half years of dating – has Type 1 diabetes and is a spokesperson for awareness of the disease.""[CITE] When asked if the allegations were true, Cyrus said,",title: Crushed | author: Lambert | venue: The New York Times | year: 2008,"title: Miley's '7 Things' Is About Nick Jonas, Says Director | author: Herndon | venue: People | year: 2009","title: Miley Cyrus' ""7 Things"" vs. 10 Things I Hate About You | author: Freeland | venue: Paste | year: 2009",1,2,0
train_00192,"Media historian Nicholas J. Cull links the episode to another of Fennell's Thunderbirds scripts, ""The Man from MI.5"", which features a British Secret Service agent called Bondson. For Cull, ""30 Minutes After Noon"" is one of several Thunderbirds episodes that includes visual homage to the James Bond films. In particular, he comments on Southern's briefing scene, in which the characters of Southern, Sir William Frazer and an unnamed aide are represented not by puppets, but by shots of their hats on a hatstand: ""Southern's hat is a trilby, tossed onto the stand in best James Bond fashion.""[CITE] (Another of the hats – a bowler – belonged to Keith Shackleton, APF's head of merchandising.) Marcus Hearn praises the ""densely plotted"" story and suggests that the title was borrowed from the film Seven Days to Noon (1950).[CITE] Tom Fox of Starburst magazine also praises the ""hatstand homage"" and names the robot guards and the Scottish castle as the episode's other highlights. He gives ""30 Minutes After Noon"" a score of 4 out of 5.[CITE]","title: TV View | author: Fox, Tom | venue: Starburst Special | year: 2004",title: Was Captain Black Really Red? The TV Science Fiction of Gerry Anderson in Its Cold War Context | author: Cull | venue: Media History | year: 2006,title: Thunderbirds: The Vault | author: Hearn | venue: Virgin Books | year: 2015,2,0,1
train_00193,"Gillingham won three out of four matches in November and remained top of the division.[CITE] Gibbs scored five goals in three games, including two in a 3–1 win at home to Workington, the first time the team had scored more than twice in a game at Priestfield during the season so far. On 21 December the team topped this performance by winning 5–1 at home to Southport, their biggest win of the entire season. Ron Newman scored three times, the team's only hat-trick of the season.[CITE] Gillingham's final two matches of 1963 were both against Chesterfield. On 26 December Pulley scored twice as Gillingham won 3–0 at their opponents' Saltergate stadium, and two days later Gillingham won 1–0 at Priestfield with Gibbs scoring the only goal, his 14th Fourth Division goal of the season. Gillingham finished the year top of the Fourth Division, one point ahead of second-placed Carlisle. They had conceded only 15 goals, the best defensive record in the division; only four other teams in the Fourth Division had conceded fewer than 30.[CITE]",title: League Division Four table after close of play on 31 December 1963 | author: (uncredited) | venue: 11v11 | year: (undated),title: Decimals Split the Leaders | author: (uncredited) | venue: The Daily Telegraph | year: 1963,title: League Division Four table after close of play on 30 November 1963 | author: (uncredited) | venue: 11v11 | year: (undated),2,1,0
train_00194,"The 320th Troop Carrier Squadron, the other flying unit of the 509th, came into being because of the highly secret work of the group. The organization that was to become the 509th required its own transports for the movement of both personnel and materiel, resulting in creation of an ad hoc unit nicknamed ""The Green Hornet Line"".[CITE] Crews for this unit were acquired from the five 393d crews not selected to continue B-29 training. All those qualified for positions with the 320th chose to remain with the 509th rather than be assigned to a replacement pool of the Second Air Force. They began using C-46 Commando and C-47 Skytrains already at Wendover, and in November 1944 acquired three C-54 Skymasters. The 320th Troop Carrier Squadron originally consisted of three C-54 and four C-47 aircraft. In April 1945 the C-47s were transferred to the 216th Army Air Forces Base Unit and two additional C-54s acquired.[CITE][CITE] The 320th Troop Carrier Squadron was constituted and activated on the same dates as the group.",title: 509th Timeline: Inception to Hiroshima | author: (uncredited) | venue: The Atomic Heritage Foundation | year: 2007,title: 42-72605 AFHRA archive | author: (uncredited) | venue: United States Air Force | year: 2013,title: 44-9007 AFHRA archive | author: (uncredited) | venue: United States Air Force | year: 2005,0,1,2
train_00195,"In the quarter-finals, Chelsea were drawn away against Premier League side Leicester City at the King Power Stadium. After a goalless first half dominated by the home team, second-half substitute Barkley scored from Willian's cross to secure a 1–0 Chelsea victory.[CITE] Chelsea's semi-final with Premier League side Manchester United took place at Wembley Stadium; the sides were meeting in the FA Cup for the fourth consecutive season.[CITE] Olivier Giroud gave Chelsea the lead 11 minutes into first-half stoppage time after a mistake from Manchester United goalkeeper David de Gea. A minute after half time, Mason Mount made it 2–0 when De Gea fumbled Mount's shot from . Harry Maguire scored an own goal in the 74th minute when he deflected a cross from Marcos Alonso. With five minutes remaining, Manchester United's Anthony Martial was fouled by Hudson-Odoi in Chelsea's penalty area; Bruno Fernandes scored the penalty. Chelsea won 3–1 and progressed to the final.[CITE]",title: Chelsea football club: record v Manchester United | author: (uncredited) | venue: 11v11 | year: 2021,title: Manchester United 1–3 Chelsea: De Gea errors help settle FA Cup semi-final | author: McNulty | venue: BBC Sport | year: 2020,title: Leicester City 0–1 Chelsea: Ross Barkley goal takes Blues into FA Cup semi-finals | author: McNulty | venue: BBC Sport | year: 2020,1,2,0
train_00196,"Bringing back pathogens from the lunar surface was considered a possibility, albeit remote, so divers passed biological isolation garments (BIGs) to the astronauts, and assisted them into the life raft. The astronauts were winched on board the recovery helicopter, and flown to the aircraft carrier , where they spent the first part of the Earth-based portion of 21 days of quarantine. On August 13, the three astronauts rode in ticker-tape parades in their honor in New York and Chicago, attended by an estimated six million people.[CITE] An official state dinner that evening in Los Angeles celebrated the flight. President Richard Nixon honored each of them with the highest American civilian award, the Presidential Medal of Freedom (with distinction).[CITE][CITE]",title: Richard Nixon: Remarks at a Dinner in Los Angeles Honoring the Apollo11 Astronauts | author: (uncredited) | venue: The American Presidency Project | year: 1969,title: President Offers Toast to 'Three Brave Men' | author: (uncredited) | venue: The Evening Sun | year: 1969,title: Astronauts Awed by the Acclaim | author: Smith | venue: The Honolulu Advertiser | year: 1969,1,0,2
train_00197,"In 2001, President George W. Bush appointed Aldrin to the Commission on the Future of the United States Aerospace Industry.[CITE] Aldrin received the 2003 Humanitarian Award from Variety, the Children's Charity, which, according to the organization, ""is given to an individual who has shown unusual understanding, empathy, and devotion to mankind.""[CITE] In 2006, the Space Foundation awarded him its highest honor, the General James E. Hill Lifetime Space Achievement Award.[CITE]",title: Symposium Awards | author: (uncredited) | venue: National Space Symposium | year: 2012,title: Personnel Announcements | author: (uncredited) | venue: The White House | year: 2001,"title: Variety International Humanitarian Awards | author: (uncredited) | venue: Variety, the Children's Charity | year: 2007",2,0,1
train_00198,"His third wife was Lois Driggs Cannon (1929–2018), whom he married on February 14, 1988.[CITE] Their divorce was finalized in December 2012. The settlement included 50percent of their $475,000 bank account and $9,500 a month plus 30percent of his annual income, estimated at more than $600,000.[CITE][CITE]",title: Buzz Aldrin Fast Facts | author: (uncredited) | venue: CNN | year: 2018,"title: Lois Aldrin Obituary (2018) - Salt Lake City, AZ - The Arizona Republic | author: (uncredited) | venue: Legacy.com | year: 2025",title: Buzz Aldrin officially divorced | author: (uncredited) | venue: TMZ | year: 2013,2,0,1
train_00199,"In the 2024 presidential election, Aldrin endorsed Trump.[CITE] Aldrin cited Trump's promotion of space exploration policy as a reason for his endorsement, claiming that interest in it has waned in previous years.[CITE] He was quoted with saying ""For me, for the future of our Nation, to meet enormous challenges, and for the proven policy accomplishments above, I believe the nation is best served by voting for Donald J. Trump"". He added, ""I wholeheartedly endorse him for President of the United States. Godspeed President Trump, and God Bless the United States of America"".[CITE]","title: Buzz Aldrin, 94, Sends a Bold Political Message With Presidential Endorsement | author: Losciale | venue: Parade | year: 2024",title: Buzz Aldrin endorses Trump reelection bid | author: (uncredited) | venue: The Hill | year: 2024,title: Astronaut Buzz Aldrin endorses Trump for president | author: Howard | venue: Politico | year: 2024,2,0,1
train_00200,"The American goldfinch is occasionally victim to brood parasites, particularly brown-headed cowbirds. One study found that 9% of nests had brown-headed cowbird eggs in them.[CITE] It likely evades parasitism partly because of its late breeding season.[CITE] The American goldfinch also makes a very poor host for brood parasites, with studies showing low hatching rates of brown-headed cowbird eggs and no fledging success. This is despite the lack of known behavioral adaptations against brood parasites in this finch. It is thought that the inability of brown-headed cowbird chicks to survive is due to a failure to get enough nutrition; the seed-rich diet of American goldfinch chicks varies from the usual insect-rich diet of other hosts.[CITE]",title: Effect of cowbird parasitism on American Goldfinch nesting | author: Middleton | venue: Auk | year: 1977,title: Failure of Brown-headed Cowbird parasitism in nests of the American Goldfinch | author: Middleton | venue: Journal of Field Ornithology | year: 1991,title: The Book of Eggs: A Life-Size Guide to the Eggs of Six Hundred of the World's Bird Species | author: Hauber | venue: University of Chicago Press | year: 2014,0,2,1
train_00201,"A fictionalized version of Sal Maceo is featured this season after Spencer returns to the United States. Maceo was a bootlegger during the Roaring Twenties who founded a criminal organization called the Maceo Syndicate and ran an illegal gambling operation known as the Balinese Room, aspects of which were worked into the show.[CITE] A new character to the plot is Mamie Fossett, a U.S. Marshal based in Anadarko, Oklahoma, who was also partially based on a real person; a marshal of the same name worked in Indian Territory at a time when female law-enforcement officials were uncommon. Carpenter attempted to research Fossett's life, but faced difficulty after finding that little had been written about her.[CITE] Although Carpenter's character narrative has her primarily interact with Teonna, the fictionalized Fossett briefly meets with Spencer when she questions him as a suspect.[CITE]",title: Jennifer Carpenter Makes Her 1923 Debut as Trailblazing U.s. Marshal | author: Strause | venue: The Hollywood Reporter | year: 2025,title: How 1923 Connects to the Italian Mafia | author: Rosenberg | venue: Esquire | year: 2025,"title: 1923 Recap: Are Spencer & Alex Close to Montana? Plus, Yellowstone Train Station Origins Revealed | author: Boyle | venue: TV Insider | year: 2025",1,0,2
train_00202,"In November 2022, production crews began seeking a contract extension for continued use of Butte Civic Center, where primary production in Montana had been based during the first season, as well as an on-site annex building used for storage throughout 2023. The civic center's board issued a recommendation to county commissioners that they issue an extension, but required crews to vacate the center between January 15 and June 1 for previously scheduled school sports and graduation events. Silver Bow County commissioners approved the request later that month, allowing use of the annex for the entire calendar year and use of the main building from June 2 through December 31. The production company paid the consolidated city-county a month for use of the buildings.[CITE][CITE][CITE]",title: Board Voices Approval for 1923 to Continue Using Butte Civic Center | author: Margolis | venue: NBC Montana | year: 2022,"title: Location Agreement | author: (uncredited) | venue: Silver Bow County, Montana | year: 2025",title: Butte Commission Authorizes Continued Use of Civic Center for 1923 | author: Margolis | venue: NBC Montana | year: 2023,0,2,1
train_00203,"The limited-over format had been used in what sponsors marketed as a 'World Cricket Cup' in England in 1966 and 1967, contested between England, a Rest of the World XI, and a touring team (the West Indies in 1966 and Pakistan in 1967). The marketing of the event was clearly influenced by the hosting of the 1966 FIFA World Cup in the same country. The 1966 'World Cricket Cup' was won by England,[CITE] that in 1967 by the Rest of the World.[CITE] A report in the Cricketer implied that the last such match in this ""Triangular Tournament"", between Pakistan and the Rest of the World was neither well-attended nor taken entirely seriously: ""It was a pity that a larger crowd was not present ... Sobers took the Cup and the World Xl took the gold medals. They must have enjoyed their holiday"".[CITE]","title: Rothmans World Cricket Cup, 1966 | author: (uncredited) | venue: ESPNcricinfo | year: 2019","title: Rothmans World Cricket Cup, 1967 | author: (uncredited) | venue: ESPNcricinfo | year: 2019",title: World XI dominate | author: (uncredited) | venue: ESPNcricinfo | year: 2019,0,1,2
train_00204,"At the end of 2020, Billboard named it the fourth best music video of the year.[CITE] It also won the award for Best Make-Up in a Commercial/Music Video at the 2021 Make-Up Artists and Hair Stylists Guild Awards.[CITE] At the 2021 MTV Video Music Awards, the video was nominated for Best Cinematography and Best Art Direction.[CITE]",title: Justin Bieber & Megan Thee Stallion Lead 2021 MTV VMA Nominations | author: Kaufman | venue: Billboard | year: 2021,title: Make-Up Artists & Hair Stylists Guild Awards Winners List | author: Pedersen | venue: Deadline Hollywood | year: 2021,title: The 25 Best Music Videos of 2020: Staff Picks | author: (uncredited) | venue: Billboard | year: 2020,2,1,0
train_00205,"Prior to the storm's development, several oil and gas companies removed unneeded workers from offshore oil platforms in the northern Gulf of Mexico; Shell Oil Company evacuated about 700 employees, while Noble Energy removed its workforce of about 300 people from two oil rigs.[CITE] ExxonMobil cut its output by about 1,000 barrels of oil and .[CITE] With 27.7% of the daily crude oil production halted due to the depression, oil prices rose further after days of increasing levels, and on September 20 reached a record rate of over $84 per barrel.[CITE]",title: Oil firms pull U.S. Gulf workers | author: Erwin Seba | venue: Reuters | year: 2007,title: Foul weather slashes U.S. Gulf oil production | author: (uncredited) | venue: (unspecified) | year: 2007,"title: As tropical low lurks, offshore companies exercise caution | author: Brett Canton | venue: Houston Chronicle | year: 2007",1,2,0
train_00206,"After Charles Eames designed the chairs for Time Inc.'s offices, he created a new chair design in 1961, which was nicknamed the Time-Life Chair.[CITE] Eames designed them as a favor to Henry Luce, the founder of Time and Life magazines, who had allowed Eames to use photos from the Time-Life archives for the pavilion he designed at the 1959 American National Exhibition in Moscow.[CITE] The chairs remain in production during the 21st century, albeit with modifications for stability and to meet updated product codes.[CITE]",title: Eames Executive Chair | author: (uncredited) | venue: Design Within Reach | year: 2016,"title: Some Things You May Not Know About The Time-Life Building, Where Mad Men Is Set | author: Carlson | venue: Gothamist | year: 2015",title: Possessed; When Form Follows Fundament | author: Colman | venue: The New York Times | year: 2004,1,2,0
train_00207,"1271 Avenue of the Americas has appeared in several media works. The building was featured in the television series Mad Men as the fictional headquarters of the advertising agency Sterling Cooper Draper Pryce (later Sterling Cooper & Partners).[CITE] AMC, the network on which Mad Men airs, unveiled a bench in front of the building in 2015; it contains a sculpture of lead character Don Draper's black silhouette, as shown in the show's opening credits.[CITE] The 2013 film The Secret Life of Walter Mitty was partially set within the building.[CITE]",title: City Room; Mad Men City: The Stories Behind the Stories: Time & Life Capsule | author: Wilson | venue: The New York Times | year: 2010,title: AMC Unveils 'The Draper Bench' Outside New York's Time-Life Building | author: Renner | venue: EW.com | year: 2015,"title: The Set Design of ""The Secret Life of Walter Mitty"" | author: Stamp | venue: Architectural Digest | year: 2012",0,1,2
train_00208,"Reading were without captain Paul McShane who was shown a straight red card in their play-off semi-final first leg game at Fulham.[CITE] Other than Jordan Obita being named among the substitutes, Reading named the same team as for their previous match.[CITE] Huddersfield's starting line up was unchanged from their semi-final second leg, including Elias Kachunga who had recovered from a hamstring injury suffered in the second leg of the semi-final.[CITE]","title: Championship Play-off Final 2017: Huddersfield vs Reading Live Stream, Preview | author: Verscheuren | venue: Bleacher Report | year: 2017",title: Royals unchanged for the play-off final | author: (uncredited) | venue: Reading F.C | year: 2017,title: Team news: Town vs Reading | author: Threlfall-Sykes | venue: Huddersfield Town A.F.C | year: 2017,0,1,2
train_00209,"Affleck and Damon had an on-screen reunion in Kevin Smith's religious satire Dogma, which premiered at the 1999 Cannes Film Festival. Janet Maslin of The New York Times remarked that the pair, playing fallen angels, ""bring great, understandable enthusiasm to Mr. Smith's smart talk and wild imaginings"".[CITE] Affleck starred opposite Sandra Bullock in the romantic comedy Forces of Nature (1999), playing a groom whose attempts to get to his wedding are complicated by his free-spirited traveling companion. Joe Leydon of Variety praised ""his winning ability to play against his good looks in a self-effacing comic turn.""[CITE] Affleck then appeared opposite Courtney Love in the little-seen ensemble comedy 200 Cigarettes (1999).[CITE]",title: 200 Cigarettes | author: (uncredited) | venue: Rotten Tomatoes | year: 2015,title: Dogma: There's Devilment Afoot: 2 Fallen Angels Want Back In | author: Maslin | venue: The New York Times | year: 1999,title: Review: 'Forces of Nature' | author: Leydon | venue: Variety | year: 1999,2,0,1
train_00210,"Affleck was a longtime supporter of legalizing gay marriage, saying in 2004 that he hoped to look back on the marriage debate ""with some degree of embarrassment for how antiquated it was"".[CITE] Also that year, he remarked that it was ""outrageous and offensive"" to suggest members of the transgender community were not entitled to equal rights.[CITE] He appeared alongside his gay cousin in a 2005 Parents and Friends of Lesbians and Gays print advertising campaign.[CITE]",title: Hollywood Celebs Speak Out in Boston | author: Grieve | venue: Salon | year: 2004,title: Ben Affleck & His Cousin Jason | author: (uncredited) | venue: PFLAG | year: 2007,title: Quotable Queer | author: Van Pileup | venue: Fair Winds Press | year: 2004,1,2,0
train_00211,"The 1964 AFL draft took place on November 30, 1963, late in the previous season;[CITE] the Chargers had 28 picks across 26 rounds.[CITE] Two days later, the rival NFL conducted their own draft.[CITE]",title: Dave Parks of Texas Tech first selection in NFL draft | author: (uncredited) | venue: Pomona Progress-Bulletin | year: 1963,title: Broncos first in AFL draft today | author: (uncredited) | venue: Los Angeles Times | year: 1963,title: 1964 San Diego Chargers Draftees | author: (uncredited) | venue: pro-football-reference.com | year: (undated),2,0,1
train_00212,"San Diego signed defensive back / kick returner Leslie ""Speedy"" Duncan as an undrafted rookie.[CITE] He went on to play in three AFL All-Star games in seven seasons with the Chargers,[CITE] eventually being inducted into the Chargers Hall of Fame in 1995.[CITE]",title: Quick hits | author: Ooley | venue: Escondido Times-Advocate | year: 2022,title: Speedy Duncan stats | author: (uncredited) | venue: pro-football-reference.com | year: 2022,title: Leslie Duncan signs with S.D. Chargers | author: (uncredited) | venue: Louisiana Weekly | year: 1964,2,1,0
train_00213,"Lincoln scored again at Kansas City, where the Chargers trailed 14–12 at halftime. Rote and Don Norton combined on touchdown passes of 90 and 18 yards in the second half, giving San Diego their third consecutive win.[CITE] The run came to an end in their fourth game, Paul Lowe scoring their lone touchdown in a 34–6 loss to the Jets, a game played before a sparse crowd in Atlanta. Former Charger Dick Wood threw three touchdown passes for New York.[CITE] Finally, the Chargers returned home and defeated their Californian rivals Oakland 24–10. Rote and Norton once again connected for two touchdowns, either side of a Gerry McDougall run.[CITE]","title: Unbeaten Chargers defeat Chiefs, 26–14, with Rote's 90-yard TD play | author: (uncredited) | venue: Long Beach Independent | year: 1964",title: San Diego whips Raiders 24–10 on Rote's passing | author: (uncredited) | venue: Sacramento Bee | year: 1964,title: Jets score 34–6 upset over Chargers | author: (uncredited) | venue: San Bernardino County Sun | year: 1964,0,2,1
train_00214,"The Charger defense intercepted Cotton Davidson six times, and Alworth had his third career 200-yard game as San Diego defeated the Raiders.[CITE][CITE] Hadl threw the game's first interception, leading to a Raider field goal, but his next pass was a 76-yard touchdown, Alworth sprinting up the right sideline and pulling in the ball at the Oakland 30-yard line en route to the end zone. Oakland responded with a drive into Charger territory, but Graham intercepted Davidson in the end zone. Kocourek's 49-yard catch was the biggest play on the ensuing drive, which ended with Lincoln's 9-yard touchdown run through the left guard area. Further interceptions by Allen and Harris gave San Diego openings in opposition territory, but Ben Agajanian missed a field goal, and Alworth later fumbled after making a catch. Davidson found Art Powell for a touchdown, and the halftime score was 14–10.[CITE]",title: Lance Alworth Career Game Log | author: (uncredited) | venue: pro-football-reference.com | year: (undated),title: Chargers shackle Raiders | author: (uncredited) | venue: Los Angeles Times | year: 1964,"title: 1964 week 8 gamebook, Raiders at Chargers | author: (uncredited) | venue: (unspecified) | year: 1964",1,0,2
train_00215,"The club's home strip remained unchanged from the previous season; a red jersey with white sleeves, shorts and socks.[CITE] The new away kit, a retro yellow jersey with a blue collar trim and shorts, was based on the Arsenal strip worn in the 1979 FA Cup Final.[CITE][CITE]",title: Shades of 1971 for Arsenal | author: (uncredited) | venue: Evening Standard | year: 2003,title: Arsenal away kits | author: (uncredited) | venue: Arsenal F.C | year: 2013,title: Arsenal home kits | author: (uncredited) | venue: Arsenal F.C | year: 2013,1,2,0
train_00216,"The 1967 Atlantic hurricane season officially began on June 1, and ran through November 30. These dates historically describe the period in each year when most tropical cyclones form in the Atlantic Ocean.[CITE] Tropical cyclogenesis, the process in which a tropical cyclone develops, resulted mainly from tropical waves, the Intertropical Convergence Zone (ITCZ), and decaying frontal systems. There were 30 tropical waves that exited the west coast of Africa at Dakar, Senegal; another 20 tropical disturbances originated offshore the Mid-Atlantic states, and 7 disturbances derived from cold-core lows.[CITE] A total of 18 tropical depressions (tropical cyclones with maximum sustained winds of 38 mph (62 km/h) or less) formed during the season, 13 of which developed into named storms. Of those, six strengthened into hurricanes, while 1 system reached major hurricane intensity. This was the first season that non-developing tropical depressions were included into HURDAT, the National Hurricane Center—managed tropical cyclone database.[CITE]","title: Atlantic Tropical Disturbances, 1967 | author: Bob Simpson | venue: Monthly Weather Review | year: 1968",title: 1967 Atlantic Hurricane Database Reanalysis | author: Sandy Delgado | venue: Atlantic Oceanographic and Meteorological Laboratory | year: 2020,title: Weathermen Brace for Hurricane Season | author: (uncredited) | venue: The News and Courier | year: 1967,1,2,0
train_00217,"On 20 March, PP and CiU reached an agreement together with PNV and CC for the composition of both bureaus in the Cortes Generales in which the latter renounced the post of Congress speaker in favour of PP's Federico Trillo; in exchange, the Congress bureau would have a plural composition with both CiU and the PNV securing a vice presidency and a secretary post, respectively, in addition to PP commitments to reduce the peripheral State Administration to a minimum, address its structural reform as part of the development of the single administration and study the possibility of initiating the delegation of exclusive state powers to the autonomous communities.[CITE][CITE] However, CiU rejected Aznar's offer to enter into a coalition government and stated that any negotiation aimed at reaching a governability pact could not extend beyond 24 or 25 April.[CITE]",title: PP y CiU alcanzan su acuerdo con el reparto de las Mesas del Congreso y el Senado | author: Rodríguez Aizpeolea | venue: El País | year: 1996,title: Pactos. CiU advierte que la investidura de Aznar no puede prolongarse más allá del 24 o el 25 de abril | author: (uncredited) | venue: Servimedia | year: 1996,title: El PP se asegura la presidencia del Congreso gracias al apoyo de CiU | author: (uncredited) | venue: El País | year: 1996,1,2,0
train_00218,"Trillo was elected in the first round of voting with support from the PP, CiU, PNV, CC and UV (a total of 179 votes), whereas the PSOE candidate, former Culture minister Jordi Solé Tura, received 160 votes from PSOE and IU, which had reached an agreement to ensure the latter's presence in the bureau; Enrique Fernández-Miranda, who was slated as PP's candidate for the post of first vice president, received one vote.[CITE] This voting pattern was repeated for the remaining bureau posts, with the PSOE electing two vice presidents, the PP and CiU electing one each, and PP, PSOE, IU and PNV each electing one secretary.[CITE] The result was considered a success for Aznar, who went on to claim after the votes that ""some who still had doubts that the PP had won the election will have them removed after today"".[CITE]","title: Aznar: ""Algunos que tenían dudas de que el PP había ganado las elecciones, después de hoy se les habrán quitado"" | author: (uncredited) | venue: Servimedia | year: 1996",title: Trillo llama al diálogo desde la tolerancia | author: Valdecantos | venue: El País | year: 1996,title: La nueva mayoría PP-nacionalistas elige a Trillo presidente del Congreso | author: Brunet | venue: La Vanguardia | year: 1996,2,1,0
train_00219,"Both leaders met two days later to unblock negotiations, but their differing interpretations of the meeting outcome—with Aznar claiming that the investiture agreement had been practically finalized with only a few economic details remaining, whereas Pujol noted that some progress had been made but there were still discrepancies that needed to be studied[CITE]—led to a new impasse on 22 April, as Pujol acknowledged that the meeting had not gone well. CiU drifted towards not supporting Aznar's investiture, even if it meant risking a repeat election taking place, because of severe differences on the negotiating positions and a perception that the PP was not willing to fulfill its commitments on matters affecting regional financing and power transfers.[CITE] Both parties agreed that a final decision on whether CiU would be willing to support Aznar's investiture would have to be given by the end of the week.[CITE]",title: Aznar y Pujol desbloquean la negociación en su tercera entrevista desde las elecciones del 3-M | author: Mauri | venue: El País | year: 1996,title: El PP emplaza a CiU a dar su respuesta esta semana | author: Casqueiro | venue: El País | year: 1996,title: CiU impone un parón en las negociaciones con los populares para la investidura de Aznar | author: Mauri | venue: El País | year: 1996,0,2,1
train_00220,"The National League used a three-game playoff (prior to 1969) to break a tie for the pennant, the winner of which would face the American League champion Yankees in the 1951 World Series. The Dodgers won the coin toss for home field advantage, but opted to host game one at Ebbets Field on October 1, while the Giants would as a result get to host games two and three at the Polo Grounds on October 2 and 3.[CITE][CITE] The Dodgers chose Ralph Branca, who also started the first game of the 1946 tiebreaker, to start game one because he had beaten the Giants twice in the regular season, while the Giants chose Jim Hearn, who had beaten the Dodgers twice that year.[CITE]",title: Giants Meet Brooklyn in 1st Playoff | author: (uncredited) | venue: Youngstown Vindicator | year: 1951,title: Coin toss could have changed history - tribunedigital-mcall | author: (uncredited) | venue: Articles.mcall.com | year: 2004,title: Giants Get 2 At Home If NL Playoff Needed | author: (uncredited) | venue: The Vancouver Sun | year: 1951,2,0,1
train_00221,"In their following season, Wycombe Wanderers finished in sixth place in the Second Division, one place and three points outside the play-offs.[CITE] Preston North End ended their next season in fifth position in the Third Division, qualifying for the play-offs, but losing at the semi-final stage to Bury.[CITE][CITE]","title: Bury v Preston North End, 17 May 1995 | author: (uncredited) | venue: 11v11 | year: 2021",title: League Two – 1994/1995 | author: (uncredited) | venue: Soccerway | year: 2021,title: League One – 1994/1995 | author: (uncredited) | venue: Soccerway | year: 2021,2,1,0
train_00222,"The following season, Charlton Athletic finished in 17th place, one place above the relegation zone after finishing their season with a 1–1 draw to Chelsea with only goal difference separating the two teams.[CITE][CITE] Leeds United finished the following campaign in seventh place, eight points behind the play-off spots and it would not be until 1990 where they were automatically promoted into the top flight.[CITE]",title: League Division One end of season table for 1987–88 season | author: (uncredited) | venue: 11v11.com | year: 2020,title: Fighting to the Finish | author: (uncredited) | venue: The Observer | year: 1988,title: League Division Two end of season table for 1987–88 season | author: (uncredited) | venue: 11v11.com | year: 2020,1,0,2
train_00223,"In the Milton, Florida area specifically, the high temperature on March 30 was which was coupled with a dewpoint of . The temperature decreased to that night, but the dewpoint continued to hover around and then both temperature and dewpoint rose to around , making it a muggy night. Increasing southerly winds brought moist, unstable air from the Gulf of Mexico northward into the region.[CITE] Despite overcast skies being over the area since early on March 30 and scattered storms passing over the region just after midnight on March 31, the moist and unstable environment remained in place until much stronger storms entered the area later that morning.[CITE] Even with the volatile atmospheric conditions, weather forecasters only called for scattered showers for the area on March 31.[CITE]","title: March 31, 1962 Weather History in Milton (Florida, United States) | author: (uncredited) | venue: WeatherSpark.com | year: 2022","title: Tornado Hits Milton, Fla.; 15 Killed, Scores Injured | author: (uncredited) | venue: The Greenville News | year: 1962","title: March 30, 1962 Weather History in Milton (Florida, United States) | author: (uncredited) | venue: WeatherSpark.com | year: 2022",1,2,0
train_00224,"This season saw the first competitive matches between the sides: the first game, at Maine Road in November 1998, ended in a goalless draw while the return match played at Priestfield the following April ended in a 2–0 victory for Manchester City.[CITE] Asaba was the season's top scorer for Gillingham with 22 goals (20 in the league and 2 in the Football League Trophy) followed by Taylor, who scored 19 goals in the regular season (16 in the league and 3 in the Football League Trophy).[CITE] Manchester City's Goater was leading scorer for his side, with 20 goals (17 in the league, 1 in the FA Cup and 2 in the League Cup) followed by Dickov on 13 (10 in the league, 1 in the FA Cup and 2 in the League Cup) and Kevin Horlock with 10 (all in the league).[CITE]",title: Manchester City football club: record v Gillingham | author: (uncredited) | venue: 11v11 | year: 2021,title: Gillingham squad details – 1998/99 – Player appearances | author: (uncredited) | venue: Soccerbase | year: 2021,title: Man City squad details – 1998/99 – Player appearances | author: (uncredited) | venue: Soccerbase | year: 2021,0,1,2
train_00225,"Manchester City's next season saw them secure automatic promotion to the FA Premier League after ending their campaign as runners-up.[CITE] Gillingham, under new manager Peter Taylor, returned to the play-offs in their following season, finishing in third place in the Second Division. They secured promotion to the First Division with a 3–2 victory against Wigan Athletic in the final.[CITE][CITE]",title: Championship – 1999/2000 – Regular season | author: (uncredited) | venue: Soccerway | year: 2021,title: League Division 2 end of season table for 1999–00 season | author: (uncredited) | venue: 11v11 | year: 2021,title: Second time lucky for Gills | author: (uncredited) | venue: BBC Sport | year: 2000,0,1,2
train_00226,"""201"" also included several characters and subplots that were not featured in ""200"", such as the return of Dr. Alphonse Mephisto and Kevin, characters that had not been featured on South Park for about 10 years.[CITE] Other previously recurring characters made appearances in ""201"", including Mr. Hankey, Big Gay Al, Mr. Slave and Pip Pirrup. Scott Tenorman, and the references to the death of his parents, were from the fifth season episode ""Scott Tenorman Must Die"". At the end of ""201"", the dead body of Tom Cruise lies alongside the corpse of a killer whale, a reference to the ninth season episode ""Free Willzyx"", in which the South Park boys help an orca escape a marine amusement park and flee to the moon, believing it to be a paradise.[CITE] Pip Pirrup, who became a background character after his own eponymous episode and made only two speaking roles after before completely disappearing from the show in Season 11, makes a brief appearance and is killed off when Mecha-Streisand steps on him.[CITE]",title: This forgotten 30-year-old TV series foreshadowed South Park's worst episode | author: Bollettieri | venue: Comic Book Resources | year: 2025,"title: South Park: ""201"" Review | author: Isler | venue: IGN | year: 2010",title: South Park: '201' | author: O'Neal | venue: The A.V. Club | year: 2010,2,0,1
train_00227,"One of their most successful acquisitions, Ron Mix, had been drafted by the Boston Patriots,[CITE] but Los Angeles traded for his rights and beat the NFL's Baltimore Colts to his signature. Mix officially became a Charger on December 16, ten days before his last game for USC.[CITE] He would become the only man to play for the Chargers in all ten AFL seasons, while being named All-AFL at right tackle every year from 1960 to 1968.[CITE]",title: The AFL's Twenty for Ten | author: (uncredited) | venue: Remember the AFL | year: (undated),"title: Chargers Sign Mix, Finneran | author: (uncredited) | venue: (unspecified) | year: 1959",title: Boston 1960 AFL Draft Class | author: (uncredited) | venue: (unspecified) | year: 1959,2,1,0
train_00228,"After engaging in a controlled scrimmage against the Eagle Rock Athletic Club on August 26,[CITE] Los Angeles concluded their exhibition schedule at home against Denver, before an attendance of 21,516. Lowe scored one of three Charger touchdowns in the first half, and Bob Zeman's 47-yard interception return had them up by five in the third quarter. Nonetheless, they trailed 30–28 before two late takeaways. Paul Maguire's interception with barely a minute to play offered Los Angeles their first shot at victory, but Ben Donnell missed a 30-yard field goal. Though only seconds remained, Denver had to keep running regular plays, as the quarterback kneel was not yet an established part of the game. Two plays after Donnell's miss, a loose snap was fallen on in the end zone by Charlie Brueckman, winning the game with 14 seconds to play.[CITE][CITE]",title: Chargers to Engage ERACs in Scrimmage | author: (uncredited) | venue: (unspecified) | year: 1960,title: Brueckman TD Earns 36–30 Nod | author: (uncredited) | venue: (unspecified) | year: 1960,title: Chargers in 36–30 Victory | author: (uncredited) | venue: (unspecified) | year: 1960,0,1,2
train_00229,"Kemp achieved the first 300-yard passing game in the fledgling AFL,[CITE] going 27 of 44 for 337 yards, four touchdowns and an interception. For the second consecutive game, Los Angeles' top rusher gained 20 yards; as a team, they were outrushed 284–28.[CITE][CITE]","title: 300+ yard passing games, AFL | author: (uncredited) | venue: stathead.com | year: 2022","title: Cannon and Blanda Star Before 20,156 | author: (uncredited) | venue: (unspecified) | year: 1960",title: Oilers Defeat Chargers | author: (uncredited) | venue: (unspecified) | year: 1960,0,1,2
train_00230,"Lowe, who had gained only 38 yards on the ground and 35 through the air through the first five weeks of the season,[CITE] rushed 11 times for 76 yards and two touchdowns, while catching 4 passes for 95 yards.[CITE][CITE]",title: Chargers Pin 23-19 Loss on Broncos | author: (uncredited) | venue: (unspecified) | year: 1960,title: Chargers Defeat Broncos | author: (uncredited) | venue: (unspecified) | year: 1960,title: Paul Lowe Career Game Log | author: (uncredited) | venue: pro-football-reference.com | year: (undated),1,2,0
train_00231,"Beyoncé appeared on Entertainment Tonight on June 16, 2011, to promote the exclusive-to-Target deluxe edition of 4 and gave fans a sneak preview of its television commercial.[CITE] The 30-second commercial, which features ""1+1"" and ""Countdown"" playing in the background, began airing in the United States on June 24, 2011.[CITE][CITE]","title: Beyonce Talks Motherhood On 'Entertainment Tonight', May Join Kelly Rowland On UK 'X-Factor' | author: (uncredited) | venue: Idolator. Buzz Media | year: 2011",title: Target Partnering With Beyonce To Release Deluxe Edition of 4 | author: (uncredited) | venue: Beyoncé Knowles ' Official Website | year: (undated),title: Beyonce Travels The World In Her '4' Target Ad | author: Bain | venue: Idolator. Buzz Media | year: 2011,0,2,1
train_00232,"In the fifth round, Chelsea faced Championship side Wolverhampton Wanderers away at Molineux. After a goalless first half, Pedro gave Chelsea the lead with a header midway through the second before Diego Costa secured a win with a low strike in the 89th minute.[CITE] In the quarter-final, Chelsea were drawn at home against fellow Premier League side and FA Cup holders Manchester United. Ander Herrera was sent off for Manchester United in the 35th minute for a second yellow card before N'Golo Kanté scored the game's solitary goal early in the second half with a low driven shot which beat David de Gea.[CITE] In the semi-final at Wembley Stadium, Chelsea took on Tottenham Hotspur, their London rivals. Willian gave Chelsea the lead in the fifth minute with a free kick before Harry Kane equalised with a low header. Son Heung-min was adjudged to have fouled on Victor Moses on 43 minutes and Willian converted the subsequent penalty to give Chelsea a half-time lead. Dele Alli equalised from a Christian Eriksen pass early in the second half but strikes from Eden Hazard and Nemanja Matić secured a win for Chelsea and qualification for the final.[CITE]",title: Wolverhampton Wanderers 0–2 Chelsea | author: (uncredited) | venue: BBC Sport | year: 2017,title: Chelsea 4–2 Tottenham Hotspur | author: McNulty | venue: BBC Sport | year: 2017,title: Chelsea 1–0 Manchester United | author: McNulty | venue: BBC Sport | year: 2017,0,2,1
train_00233,"While Chelsea had no injury or suspension worries, Arsenal had doubts over the fitness of Petr Čech and Shkodran Mustafi, and were already without defenders Laurent Koscielny (suspension) and Gabriel (ankle injury).[CITE] Per Mertesacker was expected to start; the Germany international only featured once for Arsenal's first team during the season.[CITE] The day before the final The Guardian reported that Wenger chose David Ospina to start in goal ahead of Čech.[CITE]",title: Arsène Wenger drops Petr Cech and gives David Ospina nod for FA Cup final | author: Hytner | venue: The Guardian | year: 2017,title: Arsenal captain Per Mertesacker could be forced to start FA Cup final | author: Wilson | venue: The Daily Telegraph | year: 2017,title: Arsenal v Chelsea: match preview | author: Hytner | venue: The Guardian | year: 2017,2,1,0
train_00234,The game was broadcast live in the United Kingdom by both BBC and BT Sport. BBC One provided the free-to-air coverage and BT Sport 2 was the pay-TV alternative.[CITE][CITE] It was the first time in the history of the FA Cup that a spidercam was utilised during the match.[CITE],title: FA Cup Final 2017 across the BBC | author: (uncredited) | venue: BBC News | year: 2017,title: Arsenal v Chelsea: Live stream the FA Cup final online or watch on TV with BT Sport | author: (uncredited) | venue: BT Sport | year: 2017,title: Arsenal defeat Chelsea to win FA Cup (14 of 15) | author: Chapman | venue: BBC Sport | year: 2017,0,1,2
train_00235,"San Diego made 10 selections in the 1988 draft.[CITE] They addressed their need at wide receiver by choosing Anthony Miller and Quinn Early with their first two selections. Both were seen as speedsters - Miller was timed at 4.33 seconds in the 40-yard dash, with Early at 4.36. Al Saunders had considered trading up to ensure the team could draft Miller, but the Chargers were able to secure their target with the 15th overall selection.[CITE] Both receivers signed contracts in July.[CITE]",title: Chargers and Raiders Try to Speed It Up | author: (uncredited) | venue: Los Angeles Times | year: 1988,title: 1988 San Diego Chargers Draft | author: (uncredited) | venue: footballdb.com | year: (undated),title: The San Diego Chargers have signed Tennessee wide receiver | author: (uncredited) | venue: UPI | year: 1988,1,0,2
train_00236,"The running game fared considerably better, thanks in large part to the form of Gary Anderson. After gaining most of his yardage as a receiver out of the backfield during his first three years in San Diego,[CITE] Anderson was used as a more conventional running back to good effect. Despite missing two games due to injury, his total of 1,119 yards ranked sixth in the league, and his average of 5.0 yards-per-carry was better than any of the five backs above him.[CITE] Anderson had five 100-yard games, each of which the Chargers won, and rushed for 387 yards in the final two games alone.[CITE]",title: Gary Anderson 1988 Game Log | author: (uncredited) | venue: Pro-Football-Reference.com | year: (undated),title: Gary Anderson Stats | author: (uncredited) | venue: Pro-Football-Reference.com | year: (undated),title: 1988 NFL Rushing | author: (uncredited) | venue: Pro-Football-Reference.com | year: (undated),2,0,1
train_00237,"The 45th and 53rd Street stations initially remained closed,[CITE] despite being technically complete, since the stations were being used by a contractor to haul dirt out.[CITE] The stations opened on September 22, 1915.[CITE]","title: Stations Ready, But Are Not Available | author: (uncredited) | venue: Home Talk the Item | year: 1915",title: Stations of Subway are Now Opened | author: (uncredited) | venue: Home Talk the Item | year: 1915,title: Celebration of Opening Fourth Ave. Subway | author: (uncredited) | venue: Home Talk the Item | year: 1915,1,2,0
train_00238,"Attention focused on the battle between Ralf Schumacher and Michael Schumacher during the race. Michael Schumacher blamed his brother for the move and did not understand why he was upset about it. Ralf Schumacher made no comment and stated that he would watch a video of the incident before commenting. Rolf, their father, spoke with the two brothers in an attempt to reconcile the two drivers.[CITE] Ralf Schumacher said a week after the race that tensions between him and his brother had subsided and that there was no resentment between them, saying, ""It's a lot of fun when we are out there on the track duelling against each other.""[CITE] There was similar ill-feeling between De la Rosa and Alesi after their collision on lap two. Alesi accused De la Rosa of blocking him and causing the crash by failing to check his mirrors, while De la Rosa claimed he tried to overtake him in a difficult corner.[CITE]",title: Alesi and de la Rosa Blame Each Other | author: (uncredited) | venue: AtlasF1 | year: 2000,title: Schumacher Brothers Squabble Over Race Incident | author: (uncredited) | venue: AtlasF1 | year: 2000,title: Schumacher brothers bury the hatchet | author: (uncredited) | venue: GPUpdate | year: 2000,2,0,1
train_00239,"Between August 15 and 17, the outer bands of Ismael produced heavy rains, flooding, and landslides along coastal areas of Mexico between Acapulco and Manzanillo, Colima.[CITE] At least three people were killed by flooding triggered by the storm.[CITE][CITE]",title: The Spokesman-Review - Google News Archive Search | author: (uncredited) | venue: news.google.com | year: 2021,title: Hurricane Ismael Preliminary Report Page 1 | author: Gil Clark | venue: National Hurricane Center | year: 1989,title: Monthly Weather Review: Eastern North Pacific Hurricane Season of 1989 | author: Miles B. Lawrence | venue: Monthly Weather Review | year: 1990,2,0,1
train_00240,"A depression that developed on November 28 in the Caroline Islands. Moving to the west-northwest, the depression intensified into a typhoon on December 1. Two days later, the typhoon moved through the central Philippines, producing heavy rainfall that led to flooding. Camarines Sur recorded a pressure of . After passing south of Manila, the storm emerged into the South China Sea, dissipating on December 5. The typhoon killed 74 people across the Philippines, with the heaviest damage in Isabela province.[CITE][CITE][CITE]",title: 1936 Not Named (1936335N14139) | author: (uncredited) | venue: International Best Track Archive for Climate Stewardship | year: 2024,"title: Typhoons and Depressions over the Far East, December 1936 | author: Reverend Bernard F. Doucette | venue: Monthly Weather Review | year: 1936",title: Philippines Flood | author: (uncredited) | venue: Kingston Daily Gleaner | year: 1936,1,0,2
train_00241,"Defeat at home to Crewe Alexandra on 3 October left Gillingham 21st in the table, one place off the bottom of the entire Football League.[CITE] Five days later, both Richardson and Hillyard were dismissed from their jobs by the club's board of directors. It meant the end of an 18-year association with the club for Hillyard, who had joined Gillingham as a player in 1974 before becoming assistant manager in 1989. Richardson attributed the team's poor performance to a combination of players' inexperience and the tactics he had employed, saying ""I've lost my job on a matter of principle – teaching kids to play attractive football [...] I had to sell all the best players to get money in as the board wanted the kids to be pushed"".[CITE] Paul Clark, the captain, served as caretaker manager until 26 October, when Glenn Roeder was appointed as the club's new player-manager. The former Queens Park Rangers and Newcastle United defender had left third-tier Leyton Orient earlier in the year and was playing non-League football for Purfleet at the time of his appointment.[CITE] His first game in charge resulted in a defeat at home to Torquay United. That game was the final Gillingham appearance for veteran forward Lovell, who had been with the club since 1987; as he did not feature in Roeder's plans he was sent out on loan to AFC Bournemouth for a short spell before leaving Gillingham altogether in December.",title: Soccer: Roeder lands Gillingham job | author: (uncredited) | venue: The Guardian | year: 1992,title: Richardson pays for his principles | author: Hennessy | venue: Evening Herald | year: 1992,title: League Division 3 table after close of play on 03 October 1992 | author: (uncredited) | venue: 11v11 | year: (undated),2,1,0
train_00242,"Toro Rosso changed their entire line-up: along with Kvyat joining Red Bull, the team chose not to renew Jean-Éric Vergne's contract. Vergne went on to compete in the Formula E Championship while also becoming a Ferrari development driver.[CITE] They were replaced by the 2014 Formula Renault 3.5 Series champion Carlos Sainz Jr.[CITE] and the 2014 FIA Formula 3 European Championship third-place finisher Max Verstappen. The latter became the youngest driver to make a Formula One début, at the age of 17 years, 164 days when he started the season.[CITE]",title: Verstappen to race for Toro Rosso in 2015 | author: (uncredited) | venue: GPUpdate.net | year: 2014,title: Jean-Eric Vergne becomes test driver for the Scuderia | author: (uncredited) | venue: Ferrari.com | year: 2014,title: Carlos Sainz Jr joins Max Verstappen at Toro Rosso for F1 2015 | author: Freeman | venue: Autosport | year: 2014,2,0,1
train_00243,"Writing in USA Today, Matt Roush encouraged readers to watch the low-rated show, saying that families should watch it rather than ""that interchangeable T.G.I.F. tripe"". He said, ""Brisco is mighty lavish but even more mightily loony, happily saddled with broad sight gags and tortured puns.""[CITE] Bruce Fretts of Entertainment Weekly speculated that mainstream success eluded the show because of its mixing of genres. He said, ""Brisco refuses to behave like a normal Western, mixing in sci-fi, slapstick, and... kung fu.""[CITE] Chicago Tribunes Scott Williams praised Brisco for its ""strong supporting cast"" and ""superb physical comedy and crisp dialogue"". He said the show should have been a hit, but that the Friday night time slot hampered its ratings.[CITE]",title: The Week: Cult | author: Fretts | venue: Entertainment Weekly | year: 1994,title: 3 'UNDERSAMPLED' SHOWS WOULD BE HITS-IF MOVED | author: Williams | venue: Chicago Tribune | year: 1993,"title: Family Fun Void? 'Brisco,' 'MacGyver' to the Rescue | author: Roush | venue: USA Today | year: 1994",1,2,0
train_00244,"The Los Angeles Times printed a story about Senator Dorgan's efforts to elicit a response from the Federal Communications Commission (FCC) with the title ""Fox Tops Tally of Violence on Major TV Networks Media: Study of a week of prime-time shows also lists 'Brisco County' as bloodiest series. Senator wants FCC to issue report card, name sponsors"".[CITE] Cuse responded by writing a letter to the editor. In the letter, entitled ""'Brisco County' Is a Family-Oriented Series"", Cuse objected to the newspaper story title labeling Brisco as the ""bloodiest series"". He said that Senator Dorgan's press release did not mention blood and that the show's violence should be viewed in context. Cuse added the show had been listed as family friendly in other publications, and that he read every viewer letter sent regarding the show. ""The overwhelming majority praise ""Brisco County"" for being a show that the entire family can watch together. After 15 original airings, I have not received one single letter criticizing the show on the grounds of violence or violent content.""[CITE] When the US Senate discussed forcing broadcast and cable networks to regulate violent programming, Cuse said that self-regulation within the industry was a positive move. As he operated on his ""own internal moral principles"", the measures would not affect his week-to-week work.[CITE]",title: 'Brisco County' Is a Family-Oriented Series | author: Cuse | venue: Los Angeles Times | year: 1994,"title: Cable, Networks Offer Different Violence Plans Television | author: Cerone | venue: Los Angeles Times | year: 1994",title: Fox Tops Tally of Violence on Major TV Networks Media | author: Bousian | venue: Los Angeles Times | year: 1993,1,2,0
train_00245,"Following SNLs ongoing tradition,[CITE] 30 Rock had several real-life politician cameos, including Al Gore (twice), Nancy Pelosi (series finale)[CITE] and Condoleezza Rice (as Jack's former love interest).[CITE]",title: Political Cameos | author: (uncredited) | venue: NBC | year: 2012,title: Politicians' Television Cameos: Condoleezza Rice on 30 Rock | author: (uncredited) | venue: The Daily Beast | year: 2011,title: Nancy Pelosi Appears on '30 Rock' Finale | author: (uncredited) | venue: Politico | year: 2013,0,2,1
train_00246,"Many LGBT groups called for Tracy Morgan's resignation or dismissal from the show due to anti-gay comments he made between the end of season five and the filming for season six.[CITE] Morgan issued an apology and continued with his starring role.[CITE] 30 Rock had previously received an award from GLAAD, commending the show on its portrayal of LGBT themes and characters.[CITE] The scandal inspired the second episode of the season, in which Tracy Jordan goes on an offensive rant during a standup set, forcing the show to apologize on his behalf after he mistakenly apologizes to Glad, the plastic bag company, instead of GLAAD.","title: True Blood, 30 Rock Snag GLAAD Awards | author: Nguyen | venue: TV Guide | year: 2011",title: Tina Fey: Tracy Morgan is 'not a hateful man' | author: Oldenburg | venue: USA Today | year: 2011,title: Tracy Morgan's Homophobic Remarks In Anti-Gay Stand Up Set UPDATE: Morgan Apologizes | author: Zakarin | venue: HuffPost | year: 2011,2,0,1
train_00247,"Other shows that critics have compared 30 Rock to include The Mary Tyler Moore Show, with parallels drawn between the relationship of Liz and Jack and that of Mary Richards and Lou Grant.[CITE][CITE] It has also been compared to That Girl. Like That Girl and Mary Tyler Moore, 30 Rock is a sitcom centering on an unmarried, brunette career woman living in a big city where she works in the television industry. That Girl was parodied in the opening segment of 30 Rocks pilot.[CITE]","title: Tina Fey, Alec Baldwin help make '30 Rock' funny | author: Moore | venue: nwitimes.com | year: 2007",title: Tina Fey | author: Poniewozik | venue: Time Magazine | year: 2007,title: There's 'Moore' to '30 Rock' Than Meets the Eye | author: Bolonik | venue: Entertainment Weekly | year: 2007,1,2,0
train_00248,"The Anchorage Daily News released a poll of 22 of the 29 members of the Democratic State Central Committee. Eleven members supported state Senator Chancy Croft, eight were undecided, and three supported Pegge Begich.[CITE] On December 7, Croft announced that he would seek the Democratic nomination for the special election.[CITE] On January 5, 1973, Emil Notti, chairman of the Alaska Democratic Party, announced that he would seek the Democratic nomination for the special election.[CITE]",title: Croft announces House candidacy | author: (uncredited) | venue: Fairbanks Daily News-Miner | year: 1972,title: Demo poll gives lead to Croft | author: (uncredited) | venue: Fairbanks Daily News-Miner | year: 1972,title: Notti in Demo race for House | author: (uncredited) | venue: Fairbanks Daily News-Miner | year: 1973,1,0,2
train_00249,"On January 14, 1973, the Democratic state convention was held at the Gold Rush Hotel in Anchorage, Alaska. Notti won on the third ballot with 108.5 delegate votes against Croft's 90.4 votes.[CITE] On January 17, Notti selected Begich to serve as the chairwoman of his campaign.[CITE] Following the convention Democratic National committeeman Cliff Warren announced that he would drop his appeal to the ruling baring a committee meeting to select the party's special election candidate.[CITE]",title: Notti Demos' nominee | author: (uncredited) | venue: Fairbanks Daily News-Miner | year: 1973,title: Democratic committeeman to drop candidate suit | author: (uncredited) | venue: Fairbanks Daily News-Miner | year: 1973,title: Pegge Begich to head House campaign for Notti | author: (uncredited) | venue: Fairbanks Daily News-Miner | year: 1973,0,2,1
train_00250,"On December 13, the Republican Party filed a lawsuit to receive clarification on Judge Edmond W. Burke's ruling that the Democratic candidate for the special election could only be nominated at a convention and not by the Democratic Central Committee.[CITE] The Alaskan government filed a motion to dismiss the Republican lawsuit stating that there was no conflict for the court to resolve, and on December 29, Judge Everett W. Hepp dismissed the lawsuit. Jack Coghill, the chairman of the Alaska Republican Party, stated that as the lawsuit was dismissed that the Republicans would not need to hold a convention to select their special election candidate as their method of selection for Young was not contested.[CITE][CITE]",title: Republicans will keep candidate Don Young | author: (uncredited) | venue: Fairbanks Daily News-Miner | year: 1973,title: State requests dismissal of GOP test suit here | author: (uncredited) | venue: Fairbanks Daily News-Miner | year: 1972,title: GOP sues for Young | author: (uncredited) | venue: Fairbanks Daily News-Miner | year: 1972,2,1,0
train_00251,"The following season, Swindon began the season strongly in the Second Division and in October were in 4th place, challenging for a third consecutive promotion. Their performances declined in the second half of the season, and they finished in 12th position.[CITE] Gillingham began the season mounting another challenge for promotion from the Third Division, including defeating Southend United 8–1 and Chesterfield 10–0 on consecutive Saturdays, but the team's form slumped and manager Peacock was sacked in December 1987. Gillingham finished the 1987–88 season in 13th place in the Third Division, only nine points above the relegation zone.[CITE] They finally reached the second tier of English football in 2000.[CITE]",title: Second time lucky for Gills | author: (uncredited) | venue: BBC Sport | year: 2000,title: League Division Two end of season table for 1987–88 season | author: (uncredited) | venue: 11v11 | year: 2021,title: League Division Three end of season table for 1987–88 season | author: (uncredited) | venue: 11v11 | year: 2021,2,0,1
train_00252,"Over the following four years, a $12 million project to construct storm shelters for residents across the Oklahoma City metropolitan area was enacted. The goal was to create a safer community in a tornado-prone region. By May 2003, a total of 6,016 safe rooms were constructed. On May 9, 2003, the new initiative was put to the test as a tornado outbreak in the region spawned an F4 tornado, which took a path similar to that of the Bridge Creek–Moore tornado. Due to the higher standards for public safety, no one was killed by the 2003 tornado, a substantial improvement in just four years.[CITE] On May 20, 2013, an EF5 tornado impacted some of the same areas affected by the 1999 storm, tracking through the heart of Moore. Throughout the city, 24 people were killed (along with one additional person who died as an indirect result of the tornado) and more than 230 were injured.[CITE][CITE]",title: Residents Survive May 2003 Tornado | author: (uncredited) | venue: Federal Emergency Management Agency | year: 2003,title: Oklahoma twister tracked path of 1999 tornado | author: Malcolm Ritter | venue: MSN.com | year: 2013,"title: Crews shift from rescue to recovery a day after Oklahoma tornado, official says | author: Chelsea J. Carter | venue: CNN | year: 2013",0,2,1
train_00253,"Manchester United's fourth round performance against Oldham Athletic was widely praised by journalists, opposition players and fans alike; goals from Robson and Andrei Kanchelskis gave them a 2–0 victory, and the Coventry Evening Telegraphs Martin Hamer said they ""could easily have doubled their total.""[CITE][CITE] Manchester United drew an away fixture against Leeds United, who sat top of the First Division, in the fifth round. Leeds scored first, but Manchester United responded with three goals; Clayton Blackmore scored direct from a free-kick, then Giggs and Kanchelskis both scored to give Manchester United a 3–1 win.[CITE]",title: United turn on style to book their place in last four | author: Gibson | venue: The Daily Telegraph | year: 1992,title: Quick kill by McClair | author: Farnsworth | venue: The Daily Telegraph | year: 1991,title: United turn on style – but injured Robson will miss Sky Blue clash | author: Hamer | venue: Coventry Evening Telegraph | year: 1991,2,1,0
train_00254,"Nottingham Forest faced Tottenham Hotspur in the semi-final. Playing at home in the first leg, Forest conceded from a penalty in the 24th minute, and were still trailing at half time. In the second half, Sheringham received the ball after a deflection off a Tottenham defender and put the ball between the goalkeeper's legs to equalise for Nottingham Forest; the match finished 1–1.[CITE] Forest travelled to Tottenham Hotspur's White Hart Lane for the second leg, but the match was delayed by an hour due to an Irish Republican Army (IRA) bomb found on nearby railway lines.[CITE] Once the match got underway, Nottingham Forest took an early lead; Glover slotting the ball home after a run through midfield from Gemmill. Tottenham Hotspur equalised five minutes later, and the match remained 1–1 through until full-time. Keane scored the winning goal for Nottingham Forest during the first period of extra time. Gary Crosby took a corner from the right-hand side, which Keane headed past the goalkeeper to give Forest a 2–1 lead, which they held onto until the end.[CITE]",title: Keane opens the Wembley gates again for Forest | author: Gibson | venue: The Daily Telegraph | year: 1992,title: IRA threatens to disrupt run-up to the election | author: Holden | venue: The Daily Telegraph | year: 1992,title: Nottingham lace too fine to wrap up Spurs | author: Lacey | venue: The Guardian | year: 1992,2,1,0
train_00255,"The highest scoring individual player in the Open event was David Howell, playing for England on board three, who scored 7½ out of a possible 8 points (seven wins and one draw) with a performance rating of 2898.[CITE][CITE] Individual gold medals were also awarded to Gukesh Dommaraju of India-2 who scored 9/11 with a performance rating of 2867 on board one, Nihal Sarin also of India-2 who scored 7½/10 with a performance rating of 2774 on board two, Jahongir Vakhidov of Uzbekistan who scored 6½/8 with a performance rating of 2813 on board four, and Mateusz Bartel of Poland who played the tournament as a reserve player and scored 8½/10 points with a performance rating of 2778.[CITE]",title: 44th Olympiad Chennai 2022 Open – England | author: (uncredited) | venue: Chess-results.com | year: 2022,title: 44th Olympiad Chennai 2022 Open – Board-prizes (Final Ranking after 11 Rounds) | author: (uncredited) | venue: Chess-results.com | year: 2022,title: Uzbekistan and Ukraine win Chennai Olympiad | author: McGourty | venue: chess24 | year: 2022,1,2,0
train_00256,"Chennai's Napier Bridge was painted with a chessboard pattern,[CITE] which divided opinion. While some commentators liked the artwork, others raised concerns that the pattern was disorienting, especially for people with anxiety disorder.[CITE] The chessboard pattern also led to traffic congestion as people thronged to the bridge to take selfies and record videos for social media.[CITE]",title: Watch: Chennai's iconic Napier Bridge gets a Chess makeover | author: (uncredited) | venue: The Indian Express | year: 2022,title: Napier Bridge's chequered look causing 'reel' traffic trouble: Cops | author: (uncredited) | venue: The New Indian Express | year: 2022,title: Chennaiites divided over Napier Bridge's chess makeover for Chess Olympiad 2022 | author: Joseph | venue: The Times of India | year: 2022,0,2,1
train_00257,"Robin James and Kat George of Vice found cultural appropriation in the scene where Trainor is surrounded by black women twerking; according to James, Trainor appropriates ""respectable chubbiness"" to improve her own body image.[CITE][CITE] The Faders Larry Fitzmaurice shared a similar opinion and placed the video third in his list of ""Music's 8 Most Cringe-Worthy Acts Of Cultural Appropriation In 2014"".[CITE]","title: Music's 8 Most Cringe-Worthy Acts Of Cultural Appropriation In 2014 | author: Fitzmaurice, Larry | venue: The Fader | year: 2014",title: 2014: The Year Feminism Reclaimed Pop | author: George | venue: Vice | year: 2021,title: All Your B/Ass Are Belong to Us | author: James | venue: Vice | year: 2014,2,1,0
train_00258,"The 1,100th anniversary of the death of Æthelflaed was marked throughout 2018 in Tamworth with a number of major events, including the unveiling of a new six-metre statue,[CITE] the creation of the town's biggest ever piece of community art,[CITE] a major commemorative church service, talks, a special guided walk, commemorative ale and an academic conference weekend drawing academics and delegates from all over the world.[CITE]","title: Aethelflaed, Tamworth's Warrior Queen, Installation and opening-event | author: (uncredited) | venue: jamedia.uk | year: 2018",title: Aethelflaed | visittamworth | author: (uncredited) | venue: www.visittamworth.co.uk | year: (undated),"title: Luke Perry, artist, on making Aethlflaed, Warrior Queen of Tamworth | author: (uncredited) | venue: jamedia.uk | year: 2018",0,2,1
train_00259,"The economic situation post-coup influenced the unsafe practices within Haiti's maritime transport industry which caused the 1993 sinking of the ferry Neptune near Miragoane,[CITE][CITE] which may be one of the deadliest maritime disasters in history at an estimated 1,500 resulting deaths.[CITE]","title: Of 800 to 1,200 Aboard Haitian Ferry, 285 Lived | author: (uncredited) | venue: The New York Times | year: 1993",title: 11 of the worst shipwrecks of all time by death count | author: McFadden | venue: Interesting Engineering | year: 2026,title: Bad Transport System Blamed In Haiti Ferry Deaths | author: Beard | venue: The Seattle Times | year: 1993,0,2,1
train_00260,"On October 14, 1974, The Sabres acquired 1974 All-Star defenseman Jocelyn Guevremont and forward Bryan McSheffrey from the Vancouver Canucks in exchange for left winger Gerry Meehan and defenseman Mike Robitaille.[CITE] On January 27, 1975, Buffalo acquired left winger Fred Stanfield from the Minnesota North Stars for right winger Norm Gratton and Buffalo's 3rd round choice in 1976 NHL amateur draft. The veteran Stanfield had finished in the top ten in the league four times in assists before being acquired by the Sabres.[CITE] The Sabres acquired the NHL rights to goaltender Gerry Desjardins from the New York Islanders for defenseman Garry Lariviere on February 19, 1975.[CITE]",title: Fred Stanfield | author: (uncredited) | venue: Hockey-Reference.com | year: 2010,title: Jocelyn Guevremont | author: (uncredited) | venue: Hockey-Reference.com | year: 2010,title: Gerry Desjardins | author: (uncredited) | venue: Hockey-Reference.com | year: 2010,1,0,2
train_00261,"Adams next had a supporting role as the teenage nemesis of a movie star (played by Kimberly Davies) in Psycho Beach Party (2000), a horror parody of beach party and slasher films.[CITE] She played the part as a homage to actress Ann-Margret.[CITE] From 2000 to 2002, Adams appeared in guest roles in several television series, including That '70s Show, Charmed, Buffy the Vampire Slayer, Smallville, and The West Wing.[CITE]",title: The New York Times Film Reviews 1999–2000 | author: Holden | venue: Taylor & Francis | year: 2001,title: 21 People You Didn't Know Were On 'The West Wing' | author: Wickman | venue: TV Guide | year: 2014,title: Gold Derby by Tom O'Neil: Transcript of our chat with critics' award winner Amy Adams | author: (uncredited) | venue: Los Angeles Times | year: 2006,0,2,1
train_00262,"After the success of Enchanted, Adams took on the part of Bonnie Bach, Congressman Charlie Wilson's assistant in Mike Nichols' political comedy-drama Charlie Wilson's War (2007), starring Tom Hanks, Julia Roberts, and Philip Seymour Hoffman.[CITE] Kirk Honeycutt of The Hollywood Reporter credited Adams for being ""sweetly savvy"" in her part, while Peter Bradshaw of The Guardian was disappointed to see her talent wasted in a role he considered to be of minimal importance.[CITE][CITE]",title: Mike Nichols and the Cinema of Transformation | author: Whitehead | venue: McFarland & Company | year: 2014,title: Charlie Wilson's War | author: Honeycutt | venue: The Hollywood Reporter | year: 2007,title: Charlie Wilson's War | author: Bradshaw | venue: The Guardian | year: 2008,0,1,2
train_00263,"Schumacher was subsequently summoned to a disciplinary hearing by the FIA. On 11 November 1997, it was announced that Schumacher would be disqualified from the 1997 World Championship in an unprecedented move.[CITE] This meant he lost his second place in the overall standings to Frentzen but he would retain his race victories and other results and would not be fined or face any further punishment in the following season, and Ferrari would remain second in the championship. Schumacher accepted the decision and admitted having made a mistake. Max Mosley stated that the panel ""concluded that although the actions were deliberate they were not premeditated"".[CITE] Schumacher was also ordered to take part in a road-safety campaign during the 1998 season.[CITE]",title: Villeneuve takes title as Schumacher's attack gets him thrown out | author: Collantine | venue: RaceFans | year: 2017,title: Schumacher Gets Slap on Wrist | author: Thompson | venue: Chicago Tribune | year: 1997,title: Schumacher loses championship runner-up crown | author: (uncredited) | venue: BBC News | year: 1997,0,2,1
train_00264,"The fourth round saw them drawn away again, this time at Preston North End again drawing 0–0 in the initial match, the return match at home on 30 January this time resulting in a 2–0 victory after playing the entire second half with only ten men in front of a crowd of 34,259 supporters.[CITE] In comparison, a record crowd of 68,287 at Bramall Lane saw Sheffield United defeat Leeds United 3–1, the first time in the tournament they won without going to a replay.[CITE] They repeated that scoreline against Tottenham Hotspur in the quarter-final on a marshy pitch in driving snow. United were up by half time thanks to a goal by Barclay. In the second half, Spurs came back strongly, but two goals from Dodds won the game for United, with Tottenham scoring a consolation goal late on.[CITE]",title: Sheffield United Win | author: (uncredited) | venue: The Times | year: 1936,title: Sheffield United Beat Tottenham | author: (uncredited) | venue: The Times | year: 1936,title: Sheffield Utd v Leeds Utd | author: (uncredited) | venue: News of the World | year: 2003,0,2,1
train_00265,"Music critics have included ""Alone"" in their rankings of the band's best songs. Petridis placed it at number 13 on his list of the band's 20 greatest songs, praising it as a ""triumph"" for its intensity and sentimentality.[CITE] Clash writers included ""Alone"" in their unranked list of the band's 15 best songs, with Robin Murray commending the Cure for being ""in full control of their artistry"".[CITE] The staff of Mojo ranked it at number 29 in their list of the band's 30 greatest songs, declaring it a strong comeback for the band.[CITE]",title: The Cure's 30 Greatest Songs | author: (uncredited) | venue: Mojo | year: 2025,title: Just Like Heaven: The Cure's 20 Greatest Songs – Ranked! | author: Petridis | venue: The Guardian | year: 2024,title: The Cure – Their 15 Best Songs | author: Murray | venue: Clash | year: 2024,2,0,1
train_00266,"Peterborough ended their following season in tenth position in League Division 1 (the renamed Second Division).[CITE] Stockport finished their next season in sixth place in League Division 2 (the renamed Third Division), qualifying for the 1993 Football League play-offs, where they lost 2–1 on aggregate to Port Vale.[CITE][CITE]",title: A perfect Foyle | author: Bateman | venue: The Guardian | year: 1993,title: League Division 1 table at close of 1992–93 season | author: (uncredited) | venue: 11v11 | year: 2021,title: League Division 2 table at close of 1992–93 season | author: (uncredited) | venue: 11v11 | year: 2021,2,0,1
train_00267,"Gillingham ended September with another high-scoring win, defeating Doncaster Rovers 5–1; at the end of the month Gillingham were 10th out of 24 teams in the Fourth Division league table.[CITE] The team lost for the third time in the first ten league games of the season when they were defeated 2–1 by Exeter City on 6 October, after which they had dropped to 13th in the table,[CITE] but then began a run of 20 league games without defeat. A week after the defeat to Exeter, Gillingham beat Bury 3–0, and in their next game they beat Chester 4–2. Yeo scored twice in both games, taking his tally of league goals for the season to 12 in 12 games. Coxhill made his first appearance in the starting line-up in a 1–1 draw away to Scunthorpe on 23 October and was a regular starter for the remainder of the season. At the end of October, Gillingham were in seventh place in the Fourth Division table,[CITE] one point below the four promotion positions.",title: League Division Four table after close of play on 6 October 1973 | author: (uncredited) | venue: 11v11 | year: (undated),title: League Division Four table after close of play on 31 October 1973 | author: (uncredited) | venue: 11v11 | year: (undated),title: League Division Four table after close of play on 30 September 1973 | author: (uncredited) | venue: 11v11 | year: (undated),1,2,0
train_00268,"During November and December Gillingham played nine matches, winning seven and drawing two. The team began November with a 1–0 win away to Reading and followed this with victories at home to Torquay United and Workington. The final game of the month was a 2–2 draw away to Mansfield Town. Yeo scored in all four games, including twice against Torquay; against Workington, Wilks scored Gillingham's second hat-trick of the season. Gillingham won their first four matches of December, including a 4–1 victory on 8 December over Colchester United, who had been top of the table ahead of the game;[CITE] the attendance of 8,411 was more than 1,600 higher than any other home game to that point in the season. On 26 December this figure was eclipsed when a crowd of 11,313 saw Gillingham defeat Northampton Town 3–1 with another hat-trick from Yeo.[CITE] It was the first attendance of more than 10,000 at Priestfield since a game against the same opposition in 1971. Gillingham's final match of 1973 was at home to Swansea City on 29 December and ended in a 1–1 draw, which left Gillingham second in the Fourth Division, one point behind leaders Colchester.[CITE]","title: Fans Flock Back – 10,000 Locked Out at Newcastle | author: Oxby | venue: Daily Telegraph | year: 1973",title: League Division Four table after close of play on 7 December 1973 | author: (uncredited) | venue: 11v11 | year: (undated),title: League Division Four table after close of play on 29 December 1973 | author: (uncredited) | venue: 11v11 | year: (undated),1,0,2
train_00269,"The semi-finals were held from 5 to 10 January 1948. Pulman beat Stanbury in the first semi-final, taking a winning 18–15 lead on the final evening.[CITE] In the second semi-final Leigh led 10–6 and won 21–14. Barrie made a break of 101 during the final evening session.[CITE] In the final, played from 12 to 14 January, Leigh led 7–5 after the first day and 13–11 after two days. The match went to a final frame decider with Pulman winning 60–49, potting the last black.[CITE]",title: Items | author: (uncredited) | venue: Nottingham Evening Post | year: 1948,title: John Pulman beats Willie Leigh – Wins on black in last frame | author: (uncredited) | venue: Western Daily Press | year: 1948,title: Pulman successful | author: (uncredited) | venue: Western Morning News | year: 1948,1,2,0
train_00270,"Passionate feelings about Vilnius were expressed in a popular slogan ""Mes be Vilniaus nenurimsim"" (we will not calm down without Vilnius),[CITE] part of a poem by Petras Vaičiūnas.[CITE] While Paul Hymans' regional peace plans at the League of Nations were under negotiation, Lithuanian Prime Minister Ernestas Galvanauskas barely survived an assassination attempt.[CITE]","title: Lithuania in European Politics: The Years of the First Republic, 1918–1940 | author: Eidintas | venue: St. Martin's Press | year: 1999","title: Lithuania: The Rebirth of a Nation, 1991–1994 | author: Ashbourne | venue: Lexington Books | year: 1999",title: Lithuania 1940: Revolution from Above | author: Senn | venue: Rodopi | year: 2007,2,1,0
train_00271,"Poland announced that it planned to create a neutral bloc comprising Poland, Lithuania, Latvia, Estonia, and Romania to counter both fascism and communism. It stated that it had no wish to incorporate Lithuanian territories and maintained that the bloc would be formed on the basis of bilateral non-aggression and economic treaties.[CITE] According to The New York Times, the impact of the ultimatum was felt on Wall Street; on March 17, the foreign currency and bond markets sagged, in some cases reaching the lowest points seen in several years.[CITE] These markets recovered on March 19, after the ultimatum was accepted.[CITE]",title: Envoy Says Poland Plans Neutral Bloc | author: (uncredited) | venue: The New York Times | year: 1939,title: Wall St. Reflects Turmoil in Europe | author: (uncredited) | venue: The New York Times | year: 1939,title: Bond Prices Rise on a Broad Front | author: (uncredited) | venue: The New York Times | year: 1939,0,1,2
train_00272,"In the Democratic party, three candidates—a moderate, a liberal, and an outright segregationist—battled for their party's gubernatorial nomination, which to general surprise was won by the segregationist George P. Mahoney, a perennially unsuccessful candidate for office.[CITE] Mahoney's candidacy split his party, provoking a third-party candidate, Comptroller of Baltimore City Hyman A. Pressman. In Montgomery County, the state's wealthiest area, a ""Democrats for Agnew"" organization flourished, and liberals statewide flocked to the Agnew standard. Mahoney, a fierce opponent of integrated housing, exploited racial tensions with the slogan: ""Your Home is Your Castle. Protect it!""[CITE] Agnew painted him as the candidate of the Ku Klux Klan, and said voters must choose ""between the bright, pure, courageous flame of righteousness and the fiery cross"". In the November election Agnew, helped by 70 percent of the black vote, beat Mahoney by 455,318 votes (49.5 percent) to 373,543, with Pressman taking 90,899 votes.[CITE]","title: General Election Returns, November 8, 1966: Governor of Maryland | author: (uncredited) | venue: Maryland State Archives | year: 2017","title: The Last Time Md. Elected a Republican, 1966 | author: Gallagher | venue: The Baltimore Sun | year: 1998","title: Primary Election Returns, September 13, 1966: Governor of Maryland | author: (uncredited) | venue: Maryland State Archives | year: 2017",2,1,0
train_00273,"Alleyway was re-released as a launch title for the Virtual Console system on the Nintendo 3DS on June 6, 2011, first in Japan and a year later in North America.[CITE][CITE] It was re-released on the Nintendo Classics service in May 2024.[CITE]",title: Alleyway – 3DS | author: (uncredited) | venue: IGN | year: 2011,"title: Game Boy – Nintendo Switch Online adds Alleyway, Baseball, and Super Mario Land | author: Romano | venue: Gematsu | year: 2024",title: Nintendo Japan published Game Boy Japanese listing | author: (uncredited) | venue: Nintendo | year: 2008,0,2,1
train_00274,"Damage was light in Maryland. Some sand dunes and wooden structures were damaged, and above-normal tides occurred.[CITE] In New Jersey, high winds caused power outages and knocked down trees and power lines.[CITE] Minor coastal flooding of streets and houses was reported. Otherwise, damage in the state was minor.[CITE]",title: Storm Causes Power Outages for Thousands in N.J | author: Steve Marlowe | venue: The Record | year: 1994,title: Storms Darken Holiday In Connecticut and on L.I | author: Dennis Hevesi | venue: The New York Times | year: 1994,title: Coastal Flooding Event Record Details for Maryland | author: (uncredited) | venue: National Climatic Data Center | year: 2008,1,2,0
train_00275,"Upon the fair's opening, a Washington Post writer praised the fairground's futuristic architecture and landscaping, even while stating that ""there is also architecture on which the classicist can rest his peepers"".[CITE] The New York Times reported that European countries regarded the fair as an opportunity to display ""its particular political views before the American public under the guise of good-will and commercial display"".[CITE] In an August 1939 Gallup poll of the fair's visitors, 84% of respondents said they wanted to return, while only 3% disliked the fair.[CITE]","title: World of Tomorrow Has the Same Old Hot Dogs, Both Kinds: 40,000 Hear Fair Opened By Roosevelt | author: Robb | venue: The Washington Post | year: 1939",title: Europe Divided on World's Fair; First Reports on the Show Are in Tune With National Aims and Policies Italy's Reaction | author: (uncredited) | venue: The New York Times | year: 1939,title: Survey Supports Fair's Popularity; Gallup Agents Find Women Are More Enthusiastic About It Than Men | author: (uncredited) | venue: The Washington Post | year: 1939,0,1,2
train_00276,"When TVX's purchase of WCIX was completed in late March 1987, TVX president Tim McDonald told the News his company was committed to operating WCIX and was not offering it for sale, forcing CBS to negotiate with Ansin by default.[CITE] The FCC also approved the sale of WTVJ to GE on September 17, 1987,[CITE] even after Sen. Chiles introduced an appropriations bill amendment requesting a full hearing on the sale by the FCC. Ferris also acknowledged he held doubts about the FCC being receptive to Sunbeam's petition. As WTVJ's CBS affiliation was set to end in April 1988, both networks agreed to extend the CBS contract on a two-week basis for as long as was deemed necessary.[CITE]",title: FCC approves sale of Channel 6 to CBS | author: Jicha | venue: The Miami News | year: 1988,title: Ch. 6's new owner says 'no sale'; CBS pushed toward Ch. 7 | author: Jicha | venue: The Miami News | year: 1987,title: Is the switch on? FCC approves Channel 4 sale | author: Chrissos | venue: The Miami Herald | year: 1987,2,0,1
train_00277,"One week after the negotiations broke down,[CITE] Ansin filed a United States antitrust lawsuit against NBC, CBS and the GE subsidiary that held WTVJ's license alleging collusion between the networks over WTVJ's sale with intent to cause WSVN ""irreparable injury"", which Alan Perris dismissed as a mere ""fishing expedition.""[CITE] An additional letter of protest sent by Ansin to NBC charged that WTVJ was supplying stories to NBC News, with their Miami news bureau dealing exclusively with WTVJ. Initially bolstered by a verdict that awarded $3.5 million in damages to the owner of a former ABC station in Springfield, Missouri, after Capital Cities/ABC disaffiliated them—which was later thrown out on appeal[CITE]—Ansin insisted the lawsuit would not hurt WSVN's chances regarding a network contract even though talks between him and CBS never resumed.",title: High Court Refuses TV Station Appeal | author: Rubin | venue: Associated Press | year: 1989,"title: WSVN owner files suit against networks, firm | author: Rubinkowski | venue: Fort Lauderdale News | year: 1988",title: Channel 4 ridicules Channel 7 suit | author: Leigh | venue: The Miami News | year: 1988,2,0,1
train_00278,"WPBF's reverse compensation deal ultimately heralded the industry trend. The ability of broadcasters to collect retransmission consent payments from cable and satellite providers motivated the networks to seek payment for affiliation, in essence receiving a cut of what stations collected in exchange for providing popular national sports and entertainment programming.[CITE][CITE] By 2012, CBS received an estimated $250 million a year in fees from its affiliates.[CITE]",title: Reverse compensation could strain network-affiliate relations | author: Grotticelli | venue: Broadcast Engineering | year: 2011,title: NBC Expects 'Hundreds of Millions' in Retrans Fees | author: Farrell | venue: Multichannel News | year: 2011,title: 'Reverse Retrans' to Grow Eightfold in Four Years | author: Farrell | venue: Multichannel News | year: 2011,0,2,1
train_00279,"Victory in the game away to Nottingham Forest on 28 April would mean that Gillingham were sufficiently far ahead of the bottom three places that they could not finish in a relegation position. King scored the only goal in a 1–0 win which ensured that the team would be playing in the First Division again the following season.[CITE] In the final match of the 2000–01 season, Gillingham played Blackburn Rovers, who had already clinched promotion to the Premier League, at Priestfield. Blackburn held the lead for most of the game, but King scored an equaliser in the last minute to secure a draw.[CITE] Gillingham ended their first season in the second tier of English football 13th in the league table.[CITE]",title: Football: First Division: No time to relax as Souness prepares for a bright future: Gillingham 1 Blackburn Rovers 1 | author: Redding | venue: The Guardian | year: 2001,title: Nottm Forest 0–1 Gillingham | author: (uncredited) | venue: BBC Sport | year: 2001,title: League Division 1 end of season table for 2000–01 season | author: (uncredited) | venue: 11v11 | year: (undated),1,0,2
train_00280,"San Diego found a long-term starter in the later rounds in offensive tackle Terry Owens. Chosen in the 11th round, he was primarily a backup in his first two seasons, but won a starting role in 1968 and kept it until injuries forced his retirement in 1975, having made over 100 starts in total.[CITE][CITE] In the 13th round, the Chargers selected defensive lineman Houston Ridge. A regular starter during two of his four seasons in San Diego, Ridge would later sue the Chargers, winning $300,000 after successfully arguing that the organization's drug culture had caused the injury that ended his career.[CITE]","title: Stadium quieter for Chargers, Pats | author: Hoff | venue: Escondido Times-Advocate | year: 1975",title: Terry Owens stats | author: (uncredited) | venue: pro-football-reference.com | year: 2022,title: NFL slaps eight Chargers with fines for drug use | author: (uncredited) | venue: San Pedro News-Pilot | year: 1974,1,0,2
train_00281,San Diego's coaching staff lost a future Hall of Fame coach when defensive backfield coach Chuck Noll took the same role with the NFL's Baltimore Colts.[CITE][CITE] Noll had been on the Chargers staff since their first season.[CITE],title: Chuck Noll gets job with Colts | author: (uncredited) | venue: Stockton Evening and Sunday Record | year: 1966,title: Chuck Noll | author: (uncredited) | venue: Pro Football Hall of Fame | year: 2023,title: Chuck Noll stats | author: (uncredited) | venue: pro-football-reference.com | year: 2023,0,1,2
train_00282,"The Chargers next faced Kansas City in Anaheim; it was the second part of the first professional football double-header, directly following a Raiders-Patriots exhibition in the same stadium. Hadl ran for two touchdowns and passed for another, but San Diego lost 31–21.[CITE] They returned home for their finale, defeating the Patriots with 24 unanswered second-half points. Hadl rushed for another touchdown, and his backup Steve Tensi passed to Don Norton for another. Speedy Duncan (on a 63-yard punt return) and Gene Foster also scored as the Chargers pulled away.[CITE] The attendance of 11,894 was the smallest for a Chargers game since they moved to San Diego in 1961.[CITE]","title: Chiefs, Patriots win at Anaheim | author: (uncredited) | venue: Pasadena Independent Star-News | year: 1966",title: Chargers rip Patriots 31 to 13 | author: (uncredited) | venue: Fresno Bee | year: 1966,"title: Only 11,894 see Chargers top Patriots | author: (uncredited) | venue: Los Angeles Times | year: 1966",0,1,2
train_00283,"McGary was invited to participate in the four-team April 1, 2012 All-American Championship, along with future teammate Robinson in New Orleans.[CITE] Robinson was awarded the ESPNHS All-American Championship Player of the Game for his 16-point, 4-rebound performance, which included 5 dunks among his 6-for-7 shooting night.[CITE] McGary was also selected to represent USA Basketball at the fifteenth annual Nike Hoops Summit on April 7 as part of the 2012 USA Junior National Select Team.[CITE]",title: Talent-Filled U.S. Roster Announced For 2012 Nike Hoop Summit | author: (uncredited) | venue: USA Basketball | year: 2012,"title: McGary, Robinson heading to New Orleans | author: Rothstein, Michael | venue: ESPN | year: 2012","title: Michigan basketball signee Glenn Robinson III named MVP of ESPNHS All-American Championship | author: Baumgardner, Nick | venue: AnnArbor.com | year: 2012",2,0,1
train_00284,"The expansion draft was largely made up of aging veterans, giving the Buccaneers little basis for success. The lack of medical information provided on players in the expansion draft contributed heavily to the team's problems, as they finished the season with 17 players on injured reserve. They were last in the league in points scored, touchdowns, and rushing touchdowns.[CITE] After a 19-point fourth-quarter performance brought them within striking distance of a victory in week 8 against the Kansas City Chiefs, they were blown out of every game the rest of the season.[CITE] Subsequent expansion teams were given a more generous allotment of draft picks and expansion draft opportunities, in part to avoid a repeat of the Buccaneers' difficulties.[CITE]","title: Super-Charged at Birth: Panthers, Jaguars Got Head Start with New Expansion Rules | author: Fitzpatrick | venue: Los Angeles Daily News | year: 1997",title: Those 1976 Buccaneers Know All About Losing | author: (uncredited) | venue: Sports Illustrated | year: 2008,"title: 30 Seasons: 1976–2005. From Sinking Ship to World-Class Cruise."" St. Petersburg Times: September 11, 2005 | author: Martz | venue: (unspecified) | year: (undated)",2,1,0
train_00285,"The 0–14 record was matched by the 1980 New Orleans Saints, who won their penultimate game to end the season 1–15. The 1981 Baltimore Colts then won their opener and closer, but lost every game in between to equal the Buccaneers' and Saints' 14-game single-season losing streak.[CITE] The 1982 Colts were winless in a strike-shortened season, but did get a tie in one game.[CITE] The 1990 New England Patriots had a 1–1 record when several of the players sexually harassed a female reporter. The fallout from the scandal contributed to the team finishing 0–14 in its remaining games.[CITE] The 2013 Houston Texans also managed to match the Buccaneers' single-season losing streak after starting 2–0. The 2016 Cleveland Browns lost their first 14 games — or eighteen consecutive if an 0–4 preseason be added — to match the Buccaneers' single season streak. The Browns managed to avoid becoming the NFL's second 0–16 team by winning their penultimate game against the San Diego Chargers, but would not be so lucky in the next season when they did compile a 0–16 record.",title: Patriots Get Playoff Spot | author: Wallace | venue: The New York Times | year: 1983,title: '07 Dolphins Have Plenty of Company in Recent Football Futility | author: Sando | venue: (unspecified) | year: (undated),"title: 1981 Baltimore Colts Rosters, Stats, Schedule, Team Draftees | author: (uncredited) | venue: Pro Football Reference | year: (undated)",1,2,0
train_00286,"After taking a 3–0 lead against one of the league's better teams on a Dave Green field goal, the Buccaneers were overwhelmed by the Baltimore Colts in a disastrous second quarter. A Danny Reece interception of a Bert Jones pass was called back due to a roughing-the-passer penalty, and another was dropped by Richard Wood. Cornerback Mike Washington was thrown out of the game for fighting. Cal Peterson and Lee Roy Selmon went out with knee injuries.[CITE] Film of the game appeared to indicate that the injury to Selmon was intentional.[CITE] The Colts followed with 9 points in each of the next two-quarters. The Buccaneers finally scored their first two touchdowns of the year, a fumble return by Danny Reece and a 1-yard Charlie Davis run. The Colts set team records with eight sacks, and with 124 penalty yards. They outgained Tampa Bay 458 yards to 89 and 31 first downs to 6. The Buccaneers were only able to complete four passes; wide receiver Lee McGriff was their leading passer with a 39-yard completion. Said McKay afterward, ""Field position hurt us badly, dropped passes hurt us badly, no blocking hurt us badly, injuries hurt us badly, and penalties hurt us badly. Otherwise, it was a perfect afternoon.""[CITE]",title: Painful loss for the Bucs | author: Martz | venue: St. Petersburg Times | year: 1976,title: Baltimore bruises Bay Bucs | author: Martz | venue: St. Petersburg Times | year: 1976,title: Fisticuffs followed by a handshake | author: Mizell | venue: St. Petersburg Times | year: 1976,0,2,1
train_00287,"In what was according to coach Lou Holtz a prearranged move, New York Jets rookie quarterback Richard Todd was replaced by Joe Namath late in the first quarter. Namath responded with a passing display that gave the Jets a 24–0 halftime lead. Saying that his players were ""polite"" to Namath, coach McKay compared the Buccaneers to a junior-high team, and said that the only thing they did better than the Jets was to be the first team on the field after halftime. Clark Gaines rushed for 103 yards for the Jets. The Buccaneers' three quarterbacks combined for 171 yards passing, more than the Jets' quarterbacks, but the Buccaneers failed to score for the fourth time in the season.[CITE] As the score rose, the press box announcer began calling out records set during the game, which included the Jets' first shutout in Shea Stadium.[CITE] This was considered to be the Buccaneers' last good chance to win a game, with their four final opponents all in playoff contention. The Jets' 34 points were nearly a third of their season total of 110 after ten games, and a fifth of their season total of 169.[CITE]",title: The worst is yet to come for bumbling Bay Bucs | author: Martz | venue: St. Petersburg Times | year: 1976,title: It Feels Good To Win – Namath | author: Ruf | venue: The Sarasota Herald-Tribune | year: 1976,title: Namath heroics make McKay fume | author: (uncredited) | venue: The Eugene Register-Guard | year: 1976,2,1,0
train_00288,"Enrollment in the Medicaid expansion began in October 2021, with Missouri becoming the 38th state to opt-in.[CITE] Implementation was slow, with only 7% of newly eligible Missourians enrolling in the expansion's first month, compared to about 50% in Idaho and Montana. The state's outreach efforts regarding the expansion had been much slower than in other states such as Oklahoma.[CITE] The state was also slow at processing applications, taking an average of 70 days in early 2022, even though federal law mandated wait times be under 45 days.[CITE]","title: A Tale of Two Medicaid Expansions: Oklahoma Jumps in, While Missouri Lags | author: (uncredited) | venue: U.S. News & World Report | year: 2021","title: Missouri takes months to process Medicaid applications, longer than federal law allows | author: Sable-Smith | venue: St. Louis Public Radio | year: 2022","title: Missouri's Medicaid expansion aims to benefit low-income workers, but sign-ups still lag | author: Desjardins | venue: PBS Newshour | year: 2021",1,2,0
train_00289,"In conjunction with the platform lengthening, a new entrance was installed at the southeast corner of 104th Street and Broadway; it was completed in March 1912. The kiosk for this entrance had previously been located at the southeast corner of Broadway and 42nd Street, serving the Times Square–42nd Street station, but it had been removed because 42nd Street was being widened.[CITE] In 1920, an additional exit was constructed at 103rd Street in case of emergencies.[CITE] In 1930, the kiosk for the entrance at the southeastern corner of 104th Street and Broadway was removed.[CITE]","title: 1920–1921 Annual Report of the Interborough Rapid Transit Company For The Year Ended June 30, 1921 | author: (uncredited) | venue: Interborough Rapid Transit Company | year: 1921",title: Report of the Public Service Commission for the First District of the State of New York | author: District | venue: The Commission | year: 1913,"title: Proceedings of the Transit Commission, State of New York | author: Commission | venue: (unspecified) | year: 1930",1,0,2
train_00290,"Acetic acid is a weak monoprotic acid. The hydrogen centre in the carboxyl group (−COOH) in carboxylic acids such as acetic acid can separate from the molecule by ionization in water: : Because of this release of the proton (), acetic acid has acidic character. In aqueous solution, it has a pKa value of 4.76.[CITE] Its conjugate base is acetate (). The acidity of vinegar varies from 4-18% (volume fraction) in the UK.[CITE] Traditional vinegars for human consumption vary from 4.5% to 7% acidity; the corresponding pH varies from 2.38 to 3.76.[CITE]","title: Comparison of Chemical Properties between Traditional and Commercial Vinegar | author: Cosmulescu S, Stoenescu AM, Trandafir I, Tuțulescu F | venue: Horticulturae | year: 2022","title: Thermodynamic Quantities for the Ionization Reactions of Buffers | author: Goldberg R, Kishore N, Lennen R | venue: Journal of Physical and Chemical Reference Data | year: 2002",title: Acetic acid: general information | author: UK Health Security Agency | venue: GOV.UK | year: 2020,2,0,1
train_00291,"The acetyl group, formally derived from acetic acid, is fundamental to all forms of life. Typically, it is bound to coenzyme A by acetyl-CoA synthetase enzymes,[CITE] where it is central to the metabolism of carbohydrates and fats. Unlike longer-chain carboxylic acids (the fatty acids), acetic acid does not occur in natural triglycerides. Most of the acetate generated in cells for use in acetyl-CoA is synthesized directly from ethanol or pyruvate.[CITE] However, the artificial triglyceride triacetin (glycerine triacetate) is a common food additive and is found in cosmetics and topical medicines; this additive is metabolized to glycerol and acetic acid in the body.[CITE]",title: Final report on the safety assessment of triacetin | author: Fiume MZ | venue: International Journal of Toxicology | year: 2003,"title: Reversible lysine acetylation controls the activity of the mitochondrial enzyme acetyl-CoA synthetase 2 | author: Schwer B, Bunkenborg J, Verdin RO, Andersen JS, Verdin E | venue: Proceedings of the National Academy of Sciences of the United States of America | year: 2006","title: Acetate Metabolism in Physiology, Cancer, and Beyond | author: Bose S, Ramesh V, Locasale JW | venue: Trends in Cell Biology | year: 2019",2,0,1
train_00292,"Acetic acid undergoes the typical chemical reactions of a carboxylic acid. Upon treatment with a standard base, it converts to metal acetate and water. With strong bases (e.g., organolithium reagents), it can be doubly deprotonated to give . Reduction of acetic acid gives ethanol. The OH group is the main site of reaction, as illustrated by the conversion of acetic acid to acetyl chloride. Other substitution derivatives include acetic anhydride; this anhydride is produced by loss of water from two molecules of acetic acid. Esters of acetic acid can likewise be formed via Fischer esterification, and amides can be formed. When heated above , acetic acid decomposes to produce carbon dioxide and methane, or to produce ketene and water:[CITE][CITE][CITE]","title: 608. The thermal decomposition of acetic acid | author: Bamford CH, Dewar MJ | venue: Journal of the Chemical Society | year: 1949","title: Theoretical Investigation of Competing Mechanisms in the Thermal Unimolecular Decomposition of Acetic Acid and the Hydration Reaction of Ketene | author: Duan X, Page M | venue: Journal of the American Chemical Society | year: 1995","title: The thermal decomposition of acetic acid | author: Blake PG, Jackson GE | venue: Journal of the Chemical Society B: Physical Organic | year: 1968",1,2,0
train_00293,"A colour reaction for salts of acetic acid is iron(III) chloride solution, which results in a deeply red colour that disappears after acidification.[CITE] A more sensitive test uses lanthanum nitrate with iodine and ammonia to give a blue solution.[CITE] Acetates when heated with arsenic trioxide form cacodyl oxide, which can be detected by its malodorous vapours.[CITE]","title: The Lanthanum Nitrate Test for Acetatein Inorganic Qualitative Analysis | author: Neelakantam K, Row LR | venue: (unspecified) | year: 1940","title: Qualitative Inorganic Analysis | author: Charlot G, Murray RG | venue: CUP Archive | year: 1954","title: Detection of acetate ion by the reaction with arsenious oxide to form cacodyl oxide | author: Brantley LR, Cromwell TM, Mead JF | venue: Journal of Chemical Education | year: 1947",1,0,2
train_00294,"In April 2022, the City of Portland filed a lawsuit in Multnomah County Circuit Court against TriMet and Stacy and Witbeck, alleging negligence and breach of contract. The city claimed that TriMet failed to properly oversee the contractor, whose workers, in turn, did not “perform the work in a professional and workmanlike manner” during construction of an elevated section of the streetcar near OMSI. The defects, which included cracked walls and foundational flaws, were discovered after the project’s completion. The city sought $10 million from the defendants to cover repair costs.[CITE][CITE] In October 2025, the city and TriMet agreed to a $7.5 million settlement.[CITE]","title: Portland sues TriMet for $10 million, alleging poor construction work at streetcar platform | author: Ramakrishnan | venue: The Oregonian | year: 2022",title: City of Portland sues TriMet for $10 million over claims of faulty construction work | author: Ellis | venue: Oregon Public Broadcasting | year: 2022,"title: TriMet, contractor to pay Portland $7.5M over botched construction project | author: Kavanaugh | venue: The Oregonian | year: 2025",1,0,2
train_00295,"The opposition, particularly the Democratic Party, achieved notable success in the urban areas, with a landslide victory in Tirana, where Alia received only 32% of the vote and Muhamet Kapllani secured 33%. Berisha received 88% in Kavajë and Pashko obtained 64% in Vlorë. Eduard Selami received 47% in Korçë but lost to Communist Vasfi Sherifi, who garnered 52%. However, in rural districts such as Berat, Shkodër, and Elbasan, opposition candidates struggled to secure seats, ultimately gaining 65 seats in the People's Assembly. The Democrats gained an additional 10 seats in the runoff elections on 7 April in Pogradec and one more seat during the second round held on 14 April in Lushnjë. Conversely, the Republicans failed to win any seats, primarily due to a strategic misstep by Sabri Godo, whose endorsement of certain Communist candidates, which fostered perceptions of them as a front organisation. After the elections, protests erupted in Shkodër over unexpected results, escalating on 2 April with demonstrations outside Party of Labour headquarters, leading to violent clashes and the deaths of Arben Broci, Bujar Bishanaku, Besnik Ceka and Nazmi Kryeziu.[CITE][CITE][CITE]","title: 30 vite nga masakra e 2 prillit! Përkujtohen 4 martirët e demokracisë, zhvillohet ceremonia në Shkodër | author: (uncredited) | venue: Dosja | year: 2021","title: Albania Erupts in Violence; 3 Killed, 58 Hurt | author: Williams | venue: Los Angeles Times | year: 1991",title: Democratic Party victims buried in Shkoder | author: Landay | venue: United Press International (UPI) | year: 1991,2,0,1
train_00296,"The 1948 Major League Baseball season was predicted to be a close race between the Yankees and Red Sox. In a United Press poll conducted just before the season started, the majority of sportswriters chose the Yankees, who had won last year's World Series, to face the Braves or St. Louis Cardinals that year, while others chose the Red Sox; only one sportswriter chose the Indians to reach the World Series.[CITE] Most of the American League managers had the Yankees finishing first, followed by the Red Sox, Indians, and Detroit Tigers.[CITE] Tension and confidence was evident between the teams, as two months into the season, after defeating the Red Sox 7–0, Yankees manager Bucky Harris declared that the Yankees would win the pennant, though they were currently at second place at the time.[CITE]","title: Cards, Yanks Tabbed By Sports Writers | author: (uncredited) | venue: Eugene Register-Guard | year: 1948",title: Predictions Are In Favor Of Yanks And Cards | author: (uncredited) | venue: The Owosso Argus-Press | year: 1948,"title: Yankees Crush Red Sox 7–0, Prompts Manager Harris to Claim Pennant | author: Reichler | venue: Ludington Daily News | year: 1948",0,1,2
train_00297,"Conway's No. 7 Toyota retook the race lead from Buemi's No. 8 after pit stops. James Calado moved the No. 51 AF Corse Ferrari past Christensen's No. 92 Porsche for the LMGTE Pro lead during the ninth hour. Wei Lu lost control of the No. 84 JMW Ferrari at the second Mulsanne Straight chicane but continued without losing second position in LMGTE Am.[CITE] During hour ten, Lynn damaged the No. 97 Aston Martin's spoiler in the Porsche Curves and a local slow zone was employed to check for damage to the barriers. Lynn returned to the pit lane and the car rejoined the race after half an hour of repairs. Not long after, Sørensen's No. 95 Aston Martin spun across a gravel trap and sustained heavy rear-end damage in an impact against the barrier at Indianapolis turn. Safety cars were required for the fourth time and caused the lead of multiple classes to grow. Conway increased his lead over Buemi to more than a minute and Van Uitert's G-Drive car was 1 minute, 21 seconds ahead of Thiriet's Signatech entry.[CITE] The safety cars separated the LMGTE Pro field, leaving the No. 51 Ferrari and the No. 92 Porsche one minute ahead of the No. 93 Porsche, which passed the No. 63 Corvette for third in class.[CITE]",title: LM24 Hour 9: GTE battles grab the spotlight | author: Kilbey | venue: Racer | year: 2019,title: Le Mans 24 Hours: #7 Toyota edges clear in lead battle after safety car | author: Cozens | venue: Autosport | year: 2019,"title: Le Mans 24 Hours: Hours 9–10, As It Happened, Winners & Losers Under Safety Car | author: Weller | venue: DailySportsCar | year: 2019",0,1,2
train_00298,"One day after the event, the FIA imposed a penalty of 55.2 seconds on the LMGTE Am winning No. 85 Keating Ford after ACO scrutineers discovered that the car's refuelling pit stops were completed in 44.4 seconds, under the 45-second minimum. The penalty was calculated by multiplying the total advantage gained (0.6 seconds per pit stop, times 23 pit stops made) by four. The car was later disqualified because its fuel tank was discovered to be larger than the LMGTE Am maximum mandated capacity of .[CITE] Keating Motorsports did not appeal the disqualification. The No. 59 Project 1 Porsche was promoted to the class victory, the No. 84 JMW Ferrari to second and the No. 62 WeatherTech Ferrari to third.[CITE] Keating stated that a rubber bladder inside a fuel cell expanded by during the race and the team's refuelling rig was made more efficient by six-tenths of a second.[CITE]",title: Keating & Ford React To #85's Post-Le Mans | author: Kilbey | venue: DailySportsCar | year: 2019,title: Le Mans 2019: GTE Am-winning Keating Motorsports Ford GT stripped of 24 Hours race victory | author: de Menzes | venue: The Independent | year: 2019,title: Keating Ford Stripped of Le Mans GTE-Am Win | author: Dagys | venue: SportsCar365 | year: 2019,2,1,0
train_00299,"Liverpool had qualified for the competition as a result of winning the 1983–84 European Cup. They had beaten Roma 4–2 in a penalty shootout, after the match had finished 1–1.[CITE] Liverpool were appearing in their third Super Cup. They won the competition on their first appearance in 1977, beating German team Hamburg 7–1 on aggregate.[CITE] Their other appearance in 1978 resulted in a defeat to Belgian team Anderlecht.[CITE]",title: The great European Cup teams: Liverpool 1977–84 | author: Wilson | venue: The Guardian | year: 2013,title: 1978: Anderlecht back on top | author: (uncredited) | venue: UEFA | year: 2015,title: 1977: McDermott treble lifts Liverpool | author: (uncredited) | venue: UEFA | year: 2015,0,2,1
train_00300,"The season's activity was reflected with a cumulative accumulated cyclone energy (ACE) rating of 32,[CITE] which is classified as ""below normal"".[CITE] ACE is, broadly speaking, a measure of the power of the hurricane multiplied by the length of time it existed, so storms that last a long time, as well as particularly strong hurricanes, have high ACEs. ACE is only calculated for full advisories on tropical systems at or exceeding or tropical storm strength. Although officially, subtropical cyclones are excluded from the total,[CITE] the figure above includes periods when fully tropical storms were in a subtropical phase.",title: Atlantic basin Comparison of Original and Revised HURDAT | author: Hurricane Research Division | venue: National Oceanic and Atmospheric Administration | year: 2011,title: 2005 Atlantic Ocean Tropical Cyclones | author: David Levinson | venue: National Climatic Data Center | year: 2008,title: Background information: the North Atlantic Hurricane Season | author: National Oceanic and Atmospheric Administration | venue: Climate Prediction Center | year: 2010,0,2,1
train_00301,"Seton Hall's earned the ninth seed in the 1999 Big East men's basketball tournament. They defeated eighth-seeded Notre Dame in the first round, but lost by one point to top-seeded Connecticut, who went on to win the national championship.[CITE][CITE] They were invited to the 1999 National Invitation Tournament where they lost in the first round to and again finished 15–15.[CITE]","title: College Basketball; Hit or Miss for Seton Hall As Connecticut Escapes | author: Drape, Joe | venue: The New York Times | year: 1999",title: College Basketball; N.I.T. Roundup; Smaller Pirates Eliminated | author: (uncredited) | venue: The New York Times | year: 1999,"title: College Basketball; Seton Hall's Modest Freshman Leads Way to a Modest Upset | author: Drape, Joe | venue: The New York Times | year: 1999",1,2,0
train_00302,The 2004–05 team only achieved a nine seed in the 2005 Big Ten Conference men's basketball tournament when it lost in the first round to eighth-seeded .[CITE] It posted a 13–18 record (4–12 in conference) and finished ninth in the conference.[CITE][CITE],"title: Northwestern 77, Michigan 69 | author: (uncredited) | venue: ESPN.com | year: 2005",title: 2004–05 Michigan Men's Basketball Schedule | author: (uncredited) | venue: MGoBlue.com | year: 2013,title: 2005 Men's Basketball Tournament Schedule | author: (uncredited) | venue: BigTen.org | year: 2013,1,2,0
train_00303,"In the Republican primary, state legislator Richard D. McIntyre led the three-way race for the GOP nomination in Indiana's 8th congressional district. McIntyre had 24,267 votes, ahead of Jim Ludwyck with 19,857 and Dave Waggoner with 4,366. Rick McIntyre had been elected to the Indiana House of Representatives in 1980[CITE] and reelected in 1982.[CITE] McIntyre's campaign prioritized the economy, with agriculture and the coal industry as major concerns. He supported a mandated balanced budget (with tax limits tied to economic growth) and favored voluntary school prayer and an anti-abortion amendment.[CITE]",title: Three Lawrence County Republicans re-elected | author: (uncredited) | venue: The Times-Mail | year: 1982,title: McIntyre-Fisher:a tight race | author: (uncredited) | venue: The Times-Mail | year: 1980,title: Richard McIntyre | author: (uncredited) | venue: The Herald | year: 1984,1,0,2
train_00304,"After a two-week jury trial held in September 2010, Gallo was convicted on three counts of second-degree murder, two counts of driving under the influence causing great bodily injury, and one felony count of hit-and-run.[CITE] Another trial found him guilty of driving on a suspended license.[CITE] Judge Richard F. Toohey sentenced him to 51 years to life in prison, 15 years for each life taken plus six more years for other related crimes.[CITE]",title: Driver found guilty in Adenhart crash | author: Welborn | venue: The Orange County Register | year: 2010,title: Calif judge renders partial verdict in DUI case | author: Flaccus | venue: ESPN | year: 2010,title: Driver gets 51 years to life for Adenhart death | author: Welborn | venue: The Orange County Register | year: 2010,0,1,2
train_00305,"Subsequent to Adenhart's death, his former high school teammate and close friend, David Warrenfeltz, was hired as the Williamsport High School baseball coach. In a crash described as ""eerily similar to Adenhart's"", the school's star pitcher and his girlfriend were both killed in a collision in 2012.[CITE][CITE][CITE]","title: Williamsport teens' deaths 'eerily similar' to Adenhart's, coach says | author: McMillion | venue: The Herald-Mail | year: 2012",title: Mourning Glory | author: Ballard | venue: Sports Illustrated | year: 2011,title: Two Williamsport High School athletes killed in wreck on Rench Road | author: McMillion | venue: The Herald-Mail | year: 2012,1,2,0
train_00306,"The 1998 Pepsi 400 was originally scheduled to be run on July 4, 1998, as the seventeenth race of the 33-event Winston Cup Series schedule.[CITE] It was the first superspeedway race, and first NASCAR event held at Daytona, to be run at night following the installation of Musco lighting at the Daytona International Speedway;[CITE] it was also scheduled to be broadcast live on CBS, the first stock car event to be televised live on primetime network television.[CITE]",title: Season has raised some hot points of its own | author: Willis | venue: The Daytona Beach News-Journal | year: 1998,title: Postponement of race better late than never | author: Willis | venue: The Daytona Beach News-Journal | year: 1998,title: CBS's plans for 1998 Pepsi 400 mark a first for auto coverage | author: Kent | venue: The Baltimore Sun | year: 1997,0,1,2
train_00307,"Lowe rushed 17 times for 112 yards and caught 4 passes for 57 yards and a touchdown. As well as his 34-yard touchdown pass, Lincoln rushed 8 times for 24 yards and a touchdown, and caught 2 passes for 73 yards and 2 touchdowns.[CITE] He was the first Charger to score three touchdowns in a game.[CITE] He also became the fifth player and first Charger to have at least one touchdown passing, running and receiving in the same game (LaDainian Tomlinson repeated the feat in 2005).[CITE]","title: Players with a rushing touchdown, a receiving touchdown and a passing touchdown in the same game | author: (uncredited) | venue: statmuse.com | year: 2022",title: Chargers scoring 3+ touchdowns in a game | author: (uncredited) | venue: stathead.com | year: 2022,"title: San Diego Chargers at Denver Broncos - November 7th, 1965 | author: (uncredited) | venue: pro-football-reference.com | year: 2022",2,1,0
train_00308,"Just south of the new One World Trade Center is the National September 11 Memorial & Museum, which is located where the Twin Towers stood. Immediately to the east is World Trade Center Transportation Hub and the new Two World Trade Center site. To the north is 7 World Trade Center, and to the west is Brookfield Place.[CITE][CITE][CITE]",title: Design Overview | author: (uncredited) | venue: 9/11 Memorial | year: 2014,title: The politics of remembering Ground Zero – Haaretz – Israel News | author: Handwerker | venue: Haaretz | year: 2007,"title: Mayor, WTC Developer Say Trade Center Site Has New Lease On Life | author: Herzenberg | venue: NY1 | year: 2011",0,1,2
train_00309,"The original lobby was demolished in 2021.[CITE] The modern lobby contains an atrium measuring high.[CITE] There is a reception area to the left and a large seating area to the right. Gerard Nocera, a managing partner for the asset manager that controlled the building, said at the time that it would be an attraction in itself for tenants.[CITE]","title: Renovated to Be a 'Forward Thinking Workspace,' This Historic Midtown Building and Former Marvel Comics Home Is Ready for Lease | author: Gibbons | venue: amNewYork | year: 2021",title: The Demolition of the Lobby at Manhattan's McGraw-Hill Building Is Nearly Complete | author: (uncredited) | venue: The Architect's Newspaper | year: 2021,title: Resolution's Gerard Nocera Talks Revamping the McGraw Hill Building | author: Hallum | venue: Commercial Observer | year: 2022,1,0,2
train_00310,"""4 da Fam"" peaked at 99 on the Hot R&B/Hip-Hop Songs Billboard chart on July 22, 2000, and remained on the chart for a week.[CITE] On the same day, it reached a peak position of No. 97 on the R&B/Hip-Hop Streaming Songs Billboard chart, staying on the chart for a week.[CITE] It also peaked at No. 29 on the Hot Rap Songs Billboard chart, and remained on that chart for 11 weeks.[CITE]",title: Hot Rap Songs (4 da Fam) | author: (uncredited) | venue: Billboard | year: (undated),title: Hot R&B/Hip-Hop Songs (4 da Fam) | author: (uncredited) | venue: Billboard | year: (undated),title: R&B/Hip-Hop Streaming Songs (4 da Fam) | author: (uncredited) | venue: Billboard | year: (undated),2,0,1
train_00311,"The 53rd Street station was constructed as part of the Fourth Avenue Line, the plan for which was initially adopted on June 1, 1905.[CITE] The Rapid Transit Commission was succeeded on July 1, 1907, by the New York State Public Service Commission (PSC), which approved the plan for the line in late 1907.[CITE][CITE]",title: The Fourth Ave. Subway | author: Rogoff | venue: New York Division Bulletin | year: 1961,title: Fourth Avenue Subway Is Sent To A Committee | author: (uncredited) | venue: The Brooklyn Daily Eagle | year: 1908,"title: Fourth Avenue Subway, Brooklyn's New Transportation Line: A Part of the Dual System of Rapid Transit of the City of New York | author: (uncredited) | venue: Public Service Commission | year: 1915",0,2,1
train_00312,"In November 1959, the Warshaw Construction Company received a contract to remove fifteen entrance/exit kiosks on IRT lines, including two at the 79th Street station. This was part of a citywide initiative to remove the kiosks, which obstructed motorists' views of pedestrians.[CITE] On June 28, 1964, the New York City Transit Authority (NYCTA) awarded a contract to construct additional entrances at the station to Delma Engineering Corporation for $212,874 ().[CITE] Work on the project was still underway in 1967.[CITE]",title: 15 More City Kiosks Slated for Scrap | author: (uncredited) | venue: The New York Times | year: 1959,title: Minutes and Proceedings of the New York City Transit Authority | author: (uncredited) | venue: New York City Transit Authority | year: 1964,title: Minutes and Proceedings of the New York City Transit Authority | author: (uncredited) | venue: New York City Transit Authority | year: 1969,0,1,2
train_00313,"Knowles led Charlton 5–3 after their first session[CITE] and 10–6 after the second.[CITE] Knowles then won the first frame of the third session to lead 11–6. Charlton narrowed the lead to 9–11 and won another frame to score 10–11 when Knowles missed a routine green ball. Knowles missed a black ball from its in the 22nd frame, saying he was distracted by a member of the audience rustling paper. Charlton then made a break of 78 to level the match 11–11. Charlton took the following frame as well, then won the match 13–11 with a break of 58, concluding a seven-frame winning streak.[CITE]",title: Charlton left feeling green | author: Everton | venue: The Guardian | year: 1982,title: Charlton rises from the dead | author: Everton | venue: The Guardian | year: 1982,title: Higgins edges in | author: Everton | venue: The Guardian | year: 1982,1,2,0
train_00314,"In 2012, researchers announced the discovery of a series of Maya astronomical tables in Xultún, Guatemala which plot the movements of the Moon and other astronomical bodies over the course of 17 bʼakʼtuns.[CITE][CITE][CITE]",title: No hint of world's end in oldest Mayan calendar | author: (uncredited) | venue: Australian Broadcasting Corporation | year: 2012,"title: Unprecedented Maya Mural Found, Contradicts 2012 ""Doomsday"" Myth | author: Vance | venue: National Geographic | year: 2012","title: Ancient Maya Astronomical Tables from Xultun, Guatemala | author: (uncredited) | venue: Science | year: 2012",2,0,1
train_00315,"In South Carolina, the storm contributed to the heavy rains that fell throughout the month of September. The Black River at Kingstree crested at a record height of . Winds also caused about $1.5 million in damage, especially to crops and trees.[CITE] Likewise, North Carolina reported heavy rains and gale-force winds across the eastern half of the state.[CITE] Some locations along the Cape Fear River reported record-high crests, including at Fayetteville and at Elizabethtown. Flooding washed out highways and caused many others to be closed, while reports describe the flooding at Lumberton as ""the worst in history.""[CITE]",title: North Carolina Section | author: Lee A. Denson | venue: Climatological Data | year: 1928,"title: Tropical cyclones affecting North Carolina since 1586-An Historical Perspective | author: James E. Hudgins | venue: National Weather Service Blacksburg, Virginia | year: 2007",title: South Carolina Section | author: Richard H. Sullivan | venue: Climatological Data | year: 1928,1,2,0
train_00316,"Storm surge in Virginia reached above mean lower low water in Norfolk, while Cape Henry recorded sustained winds of .[CITE] The Virginia section of Climatological Data noted that the storm ""did considerable damage to some crops.""[CITE] In Maryland, storm surge and abnormally high tides caused flooding along the waterfronts of Annapolis and Baltimore – including damaging nearby properties and merchandise – and capsized several small vessels. Three people died in Baltimore. Winds caused damage in portions of that state, with 10 homes losing their tin roofs in Hagerstown. Ocean City reported about $60,000 in damage, with the cyclone destroying the airport and an airplane, unroofing three cottages, and shattering many windows. Maryland suffered significant losses to corn and tomato crops, while fruit was blown from trees. A coal barge sank at Lewes, Delaware. Damage in Delaware, Virginia, and Washington, D.C. combined exceeded $1 million.[CITE]",title: Virginia Hurricane History | author: David Roth and Hugh Cobb | venue: National Oceanic and Atmospheric Administration | year: 2001,title: Maryland and Delaware Section | author: Roscoe Nunn | venue: Climatological Data | year: 1928,title: Virginia Section | author: Edward A. Evans | venue: Climatological Data | year: 1928,0,2,1
train_00317,"Jim Tedisco was the eventual Republican nominee, winning the GOP nomination on January 27, 2009.[CITE] Tedisco represented the 110th Assembly District, which includes a significant portion of Saratoga County.[CITE] Tedisco's primary residence was not in the congressional district, although he did own a house in Saratoga Springs and much of his assembly district overlapped the congressional district.[CITE] This issue would become a major talking point during the campaign.",title: District Map | author: (uncredited) | venue: New York State Assembly | year: 2010,title: GOP picks Tedisco to run on Republican ticket | author: Schick | venue: YNN Capital Region | year: 2009,title: Gillibrand gaining steam | author: Karlin | venue: Times Union | year: 2009,1,0,2
train_00318,"By mid-March, a provision in the stimulus package that grandfathered in bonuses paid to executives at troubled insurance giant AIG and other TARP recipients became a campaign issue. Tedisco, who had been criticized by Murphy for opposing the package, used the outrage over the AIG bonuses to reframe the debate.[CITE] On March 19, Tedisco called for the resignation of Treasury Secretary Tim Geithner over the AIG controversy.[CITE] Murphy responded by insisting that the stimulus package was necessary for job creation.[CITE]",title: Bonus Backlash: Dem Strategy | author: Good | venue: The Atlantic | year: 2009,"title: Tedisco Targets Geithner On AIG, Murphy Targets Tedisco On Stimulus | author: Benjamin | venue: Daily News | year: 2009",title: NY election seen as referendum on stimulus | author: Sidoti | venue: Associated Press | year: 2009,2,1,0
train_00319,"Fours months after its initial release, on 17 December 2013, the game was chosen as ""Mobile Game of the Week"" by American magazine Paste. Aevee Bee, writing for Paste for this review, described the game as ""a turn based trainwreck—a meticulously ordered, predictably random and nearly always solvable trainwreck of exploding and overwhelming complexity"".[CITE] In November 2019, 868-HACK was ranked 42 on American video game website Polygons list of ""The 100 best games of the decade (2010–2019)"".[CITE] It was also ranked at 29 on Pastes list of ""The 50 Best Mobile Games of the 2010s"".[CITE]",title: The 100 best games of the decade (2010–2019): 50–11 | author: (uncredited) | venue: Polygon | year: 2019,title: The 50 Best Mobile Games of the 2010s | author: (uncredited) | venue: Paste | year: 2019,title: Mobile Game of the Week: 868-HACK (iOS) | author: (uncredited) | venue: Paste | year: 2013,1,2,0
train_00320,"Although the household did not go into mourning (it was not prescribed for royal children younger than seven), his parents took the loss harshly. According to Lady Charlotte, Queen Charlotte ""cried vastly"" and was ""very much hurt by her loss and the King also"". Later that August, the Queen sent Lady Charlotte a lock of Alfred's hair bound in a locket made of pearl and amethyst, stating ""Receive This ... as an Acknowledgement for Your very affectionate attendance upon my dear little Angel Alfred, and wear the inclosed Hair, not only in remembrance of that dear Object, but also as a mark of esteem from Your Affectionate Queen.""[CITE] Alfred was buried at Westminster Abbey on 27 August, though his remains were later moved to the Royal Vault in St George's Chapel, Windsor Castle on 11 February 1820.[CITE][CITE] Six months after Alfred's death, his four year old elder brother Octavius succumbed to the smallpox virus after inoculation as well, further devastating the King, although he was more deeply affected by the latter's death. Horace Walpole relayed to Sir Horace Mann that the King had declared ""I am very sorry for Alfred; but had it been Octavius, I should have died too."" Alfred's father continued to dwell on his sons' deaths, and the sight of Alfred's posthumous portrait in a family painting by Thomas Gainsborough nearly a year after the Prince's death sent his three eldest sisters into tears, and the King and Queen were also visibly touched. During one of his bouts of madness in 1812, George had imaginary conversations with his two youngest sons.","title: RA GEO/ADD/15/443a-b – Letter from Queen Charlotte to Lady Charlotte Finch, probably August 1782 | author: (uncredited) | venue: Georgian Papers Project | year: 2017",title: Royal Burials in the Chapel since 1805 | author: (uncredited) | venue: College of St. George | year: (undated),title: Royal Burials in the Chapel by location | author: (uncredited) | venue: College of St. George | year: (undated),0,1,2
train_00321,"Michael Schumacher won the season's first three races, putting him well ahead of Häkkinen, who had reliability issues in Australia and Brazil. Coulthard then won the , while Häkkinen won the Spanish Grand Prix, after Michael Schumacher's poor performance in both races.[CITE] Häkkinen said the gap was not significant given the season's remaining twelve races and that he was better able to handle pressure, ""In this sport something weird always happens. If I were in Michael's shoes I would be getting a little bit worried at seeing us pick up two wins in a row – more than that, two 1–2 finishes.""[CITE] Coulthard said he would not let three broken ribs slow him down and hoped McLaren would finish first and second, ""We are slowly chipping away at Michael's lead, but he has had this amazing run of luck and has finished every race in the points this season so it is still going to be difficult. But I am very confident, given my recent results, though it is still hard thinking about those six points I lost in Brazil when I was disqualified.""[CITE]",title: Injured Coulthard still determined | author: (uncredited) | venue: BBC News | year: 2000,title: Hakkinen pressures Schumacher | author: (uncredited) | venue: Autosport | year: 2000,title: Schumacher desperate to hold his lead | author: Lynch | venue: The Age | year: 2000,2,1,0
train_00322,"Scott Feinberg wrote in The Hollywood Reporter about a September 22 article in The New York Times that ""dredged up and highlighted a 1985 essay by another scholar, James Olney, that questioned the 'literal truth' of specific incidents in Northup's account and suggested that David Wilson, the white amanuensis to whom Northup had dictated his story, had taken the liberty of sprucing it up to make it even more effective at rallying public opinion against slavery.""[CITE][CITE] Olney had observed that ""slave autobiographies, when read one next to another, display an ""overwhelming sameness."" That is, though the autobiography by definition suggests a unique and personal story, that slave narratives present a genre of autobiographies that tell essentially the same story. There is a distinct repetitiveness when read in conjunction, as in this anthology. While this repetitiveness disallows the creativity and shaping of one's personal story, as Olney argues, it was equally important for slave narratives to follow a form that corroborated with the stories of others to create a collective picture of slavery as it then existed. In fact, the ""same"" form presented in all of these unique and individual stories created a powerful and resounding message of the consistent evils of slavery and the necessity of its demise.[CITE]",title: Introduction | author: (uncredited) | venue: Every Tone a Testimony: An Anthology of Slave Narratives | year: 2021,"title: Oscar Whisper Campaigns: The Slurs Against '12 Years,' 'Captain Phillips,' 'Gravity' and 'The Butler' | author: Feinberg | venue: The Hollywood Reporter | year: 2013","title: An Escape From Slavery, Now a Movie, Has Long Intrigued Historians | author: Cieply | venue: The New York Times | year: 2013",2,0,1
train_00323,"Cinematographer Sean Bobbitt shot 12 Years a Slave on 35 mm film using both the Arricam LT camera with Cooke S4 anamorphic lenses and the Arricam ST.[CITE][CITE] ""Particularly for a period piece, film gives the audience a definite sense of period and quality,"" said Bobbitt. ""And because of the story's epic nature, widescreen clearly made the most sense. Widescreen means a big film, an epic tale – in this case an epic tale of human endurance.""[CITE]",title: Immersed in Movies: Cinematographer Sean Bobbitt Talks '12 Years a Slave' | author: Desowitz | venue: IndieWire | year: 2013,"title: The Road To Oscar, Part 1: Backstories on 12 Years A Slave And Nebraska | author: Goldrich | venue: Shoot | year: 2013",title: '12 Years a Slave' Cinematographer Sean Bobbitt: Not Letting the Audience Off the Hook | author: Giardina | venue: The Hollywood Reporter | year: 2013,0,2,1
train_00324,"The film was not without its criticisms. Stephanie Zacharek of The Village Voice was more critical of the film. While praising Ejiofor's work, she stated: ""It's a picture that stays more than a few safe steps away from anything so dangerous as raw feeling. Even when it depicts inhuman cruelty, as it often does, it never compromises its aesthetic purity.""[CITE] Peter Malamud Smith of Slate criticized the story, saying, ""12 Years a Slave is constructed as a story of a man trying to return to his family, offering every viewer a way into empathizing with its protagonist. Maybe we need a story framed on that individual scale in order to understand it. But it has a distorting effect all the same. We're more invested in one hero than in millions of victims; if we're forced to imagine ourselves enslaved, we want to imagine ourselves as Northup, a special person who miraculously escaped the system that attempted to crush him."" Describing this as ""the hero problem"", Malamud Smith concluded his review explaining, ""We can handle 12 Years a Slave. But don't expect 60 Years a Slave any time soon. And 200 Years, Millions of Slaves? Forget about it.""[CITE] Ignatiy Vishnevetsky of The A.V. Club opined that McQueen is ""essentially tone-deaf when it comes to performance, and skirts by on casting"". The film ""lacks a necessary emotional continuity. I don't think it's something the movie is denying in the way it intentionally denies so many other conventions; it's still structured around an ending that's supposed to function as a release, but because it can't organize that sense of catharsis it so badly needs, it just feels as though McQueen is scurrying for an exit. Also: The cast is wildly uneven.""[CITE]",title: 12 Years a Slave Prizes Radiance Over Life | author: Zacharek | venue: The Village Voice | year: 2013,title: What didn't deserve to make our Best Films Of The Decade So Far list? | author: (uncredited) | venue: www.avclub.com | year: 2015,"title: We Can Be Heroes: 12 Years a Slave, Schindler's List, and the hero problem in American movies | author: Malamud Smith | venue: Slate | year: 2013",0,2,1
train_00325,"The countries that use the euro have a total population of about 350 million people.[CITE][CITE] In April 2026, there was an estimated 4,305,000,000 hundred euro banknotes in circulation in the eurozone. The note is the third most widely circulated denomination, accounting for 13.3% of the total banknotes.[CITE]","title: ECB Statistical Data Warehouse, Reports>ECB/Eurosystem policy>Banknotes and coins statistics>1.Euro banknotes>1.1 Quantities | author: (uncredited) | venue: ECB | year: 2018",title: By monetary agreement between European Union and the Principality of Andorra | author: (uncredited) | venue: (unspecified) | year: 2011,title: ECB: Map of euro area | author: (uncredited) | venue: ECB | year: 2023,2,1,0
train_00326,"The tournament was recorded for transmission as a series of one-hour weekly programmes on Australian Broadcasting Corporation (ABC) Channel 2 starting on 31 August.[CITE] The ABC television coverage of the tournament was cancelled in September 1987, after two programmes had been broadcast, following complaints from the Non-Smokers Movement about the placement of Winfield logos on the set.[CITE][CITE]",title: Thorburn opens masters | author: (uncredited) | venue: The Sydney Morning Herald | year: 1987,title: Hendry's unseen victory | author: (uncredited) | venue: Snooker Scene | year: 1987,title: ABC action won't snooker league | author: Tait | venue: The Sydney Morning Herald | year: 1987,0,2,1
train_00327,"A fossil species, Propoecilogale bolti, was originally named as a member of the genus Ictonyx, but has been placed in a separate genus since 1987. It shows features in its skull and teeth that are intermediate between Ictonyx and Poecilogale, and has been suggested to be an ancestor of the African striped weasel.[CITE] Fossil specimens of Propoecilogale have been found in the Late Pliocene and Early Pleistocene-aged cave deposits of South Africa, suggesting the animal existed between 2.6 and 1.4 million years ago.[CITE][CITE]",title: A review of fossil Ictonychinae (Mustelidae) from the Plio-Pleistocene of Africa | author: Werdelin | venue: Bollettino della Società Paleontologica Italiana | year: 2025,title: Laetoli: A Pliocene Site in Northern Tanzania | author: Petter | venue: Clarendon Press | year: 1987,"title: Mustelid and viverrid remains from the Pleistocene site of Cooper's D, Gauteng, South Africa | author: O'Regan | venue: Palaeontologia Africana | year: 2013",2,0,1
train_00328,"After five games without scoring, New Brompton defeated Watford 2–0 in the first match of April.[CITE] Their next two games resulted in goalless draws against Brighton & Hove Albion and West Ham United; the Athletic News was again critical of New Brompton's forwards against West Ham, saying that the team's ""lack of success was mainly due to the inability of their front line to accept the gifts which the fortune of the game offered"".[CITE] New Brompton's final game of the season was away to Fulham, who had already clinched the championship of Division One,[CITE] and resulted in a 1–0 defeat. New Brompton finished the season 17th out of 18 teams in the league table, above only Northampton Town. The team had failed to score in eight of the last nine games of the Southern League season; the final total of 20 league goals was half the figure recorded in the previous season and the lowest figure New Brompton had registered in 12 seasons of competitive football.",title: New Brompton v Watford | author: (uncredited) | venue: The People | year: 1906,title: No Goals at Gillingham | author: (uncredited) | venue: Athletic News | year: 1906,title: Fulham Champions of the Southern League | author: (uncredited) | venue: Westminster and Pimlico News | year: 1906,0,1,2
train_00329,"In the fifth round, Chelsea faced Hull City, another Championship team, at home. Chelsea were dominant, scoring four times in the first half with goals from Willian (2), Pedro and Olivier Giroud, winning the game 4–0.[CITE] In the quarter-finals, they visited the King Power Stadium to face fellow Premier League opponents Leicester City, where a goal for Chelsea from Morata and a Leicester equaliser from Jamie Vardy took the game to extra time. Substitute Pedro came off the bench and scored the winning goal to take Chelsea to the semi-final.[CITE] There, they played Premier League opposition in Southampton at Wembley, and goals from strikers Giroud and Morata saw Chelsea win 2–0, and progress to the FA Cup Final for the second successive season.[CITE]",title: Chelsea 2–0 Southampton | author: Abraham | venue: BBC Sport | year: 2018,title: Leicester 1–2 Chelsea | author: McNulty | venue: BBC Sport | year: 2018,title: Chelsea 4–0 Hull City | author: Begley | venue: BBC Sport | year: 2018,2,1,0
train_00330,"Celtic manager Jock Stein received widespread praise following the final. Liverpool manager Bill Shankly said to him after the match, ""John, you're immortal now"". Since the match a stand has been named after him at Celtic Park and he was appointed a Commander of the Order of the British Empire.[CITE] Stein is considered by many, including Alex Ferguson, to be the greatest ever Scottish manager, with his victory in the final being one of the main reasons for this.[CITE][CITE]","title: 1967 European Cup win makes Jock Stein greatest Scots manager of all time, says Lou Macari | author: (uncredited) | venue: Daily Record | year: 2011",title: March 9 – Jock Stein Takes Over Celtic | author: (uncredited) | venue: On this football day | year: 2009,"title: I'll never be as good as Big Jock Says SIR ALEX FERGUSON; MAN UTD v SPURS Wembley, kick-off 3pm Live on Sky Sports CARLING CUP | author: (uncredited) | venue: Sunday Mail | year: 2009",2,0,1
train_00331,"The Celtic team from that year has also received much recognition. They have become known as the Lisbon Lions and are widely considered the greatest team in Celtic's history. All of Celtic's players were born within a 30-mile radius of Glasgow.[CITE] In 2000, Celtic named a stand at Celtic Park after the Lisbon Lions.[CITE] They also won the BBC Sports Personality Team of the Year Award in 1967.[CITE]",title: Fans will now roar from the Lisbon Lions Stand | author: Reynolds | venue: The Herald | year: 2007,title: The Lisbon Lions | author: (uncredited) | venue: Daily Mirror | year: 2011,title: 1967: Celtic win European Cup | author: (uncredited) | venue: On This Day | year: 2005,1,2,0
train_00332,"Less than ten minutes before the third practice session,[CITE] the FIA Endurance Committee issued an updated bulletin detailing immediate balance of performance adjustments to the LMGTE Pro and Am class Ferrari 488 GTEs, lowering its boost levels across all RPM ranges equating to a decrease of and consequently reducing the car's fuel capacity by .[CITE][CITE]",title: Ferrari 'surprised' by timing of Le Mans BoP change | author: Newbold | venue: Autosport | year: 2021,title: Ferrari Hit With Mid-Event BoP Change | author: Dagys | venue: SportsCar365 | year: 2021,title: Le Mans Friday Notebook | author: Dagys | venue: SportsCar365 | year: 2021,1,2,0
train_00333,"Kobayashi recorded the fastest lap at 3:23.900 to achieve his fourth pole position and third in succession in five years at Le Mans. Hartley put the other Toyota second and Lapierre's Alpine was the highest-placed grandfathered LMP1 car third ahead of the Glickenhaus' of Pla and Dumas. Jota's Félix da Costa claimed the LMP2 pole position with a 3:27.950-minute lap. In second through sixth were the WRT (Delétraz), Panis Racing (Stevens), G-Drive (De Vries), and the United Autosports (Jamin and Di Resta) entries. The three GTE manufacturers occupied the first three places in LMGTE Pro. Dries Vanthoor secured the class pole position in the HubAuto Porsche ahead of Serra of AF Corse and Tandy's Corvette. Porsche qualified in the first three positions in LMGTE Am with Andlauer's Dempsey-Proton vehicle on pole position from Barker's GR Racing entry and Cairoli's Project 1 car.[CITE] Estre lost control entering Indianapolis corner and damaged the No. 92 Porsche's rear-end, striking the barrier on the driver's right at high speed, which stopped the session with 22 minutes remaining.[CITE][CITE]",title: Kobayashi Powers Toyota To Le Mans Pole | author: Little | venue: DailySportsCar | year: 2021,title: Kobayashi takes Le Mans 24 Hours pole for Toyota | author: Kilbey | venue: Racer | year: 2021,title: 24H Le Mans: Kamui Kobayashi (Toyota) persiste et signe en décrochant une nouvelle pole position ! | author: Bristol | venue: Endurance-Info | year: 2021,2,1,0
train_00334,"A third track was added to the plans for the tunnel in April 1966. The track would serve Long Island Rail Road (LIRR) trains to east Midtown, alleviating train traffic into Pennsylvania Station.[CITE] That August, a fourth track was added to the plans after it was determined that LIRR trains would be too large to run on subway tracks. This amendment increased the number of LIRR tracks to two, and provided dedicated tracks for the LIRR and the subway.[CITE] In November 1967, voters approved a $2.5 billion transportation bond issue, and in early 1968, under the Program for Action, officials provided detailed plans for how it would be used. Among many other projects, the proposal included the construction of the 63rd Street Tunnel to host a proposed 63rd Street–Southeast Queens subway line on the upper level (connecting to a ""super-express"" line and the Archer Avenue lines in Queens), and an LIRR branch traveling to a new railroad terminal in Manhattan on the lower level.[CITE]",title: L.I.R.R. Will Run In Queens Tunnel – 3d Track in 63d St. Tube to Provide East Side Outlet | author: (uncredited) | venue: The New York Times | year: 1966,"title: $2.9-Billion Transit Plan for New York Area Links Subways, Rails, Airport | author: Witkin | venue: The New York Times | year: 1968",title: Tunnel From Queens to 63d St. To Have 4 Tracks Instead of 3 | author: (uncredited) | venue: The New York Times | year: 1966,0,2,1
train_00335,"By June 1985, the project was again delayed indefinitely after it was found that the tunnel had been flooded with of water, and several girders and electrical equipment had also deteriorated.[CITE] Two contractors were hired to assess the structural integrity of the tunnel, and the delay was estimated at two years.[CITE] By February 1987, the MTA's contractors had concluded that the tunnel was structurally sound, although federal funding had not yet been released. The MTA approved a new plan to have the tunnel open to 21st Street/Queensbridge by October 1989.[CITE]",title: 63d St. Subway Tunnel Flawed; Opening Delayed | author: Daley | venue: The New York Times | year: 1985,title: U.S. Holds Up Aid For Subway Work | author: Schmaltz | venue: The New York Times | year: 1985,title: M.T.A. Proposes Opening 63d Street Tunnel in '89 | author: Levine | venue: The New York Times | year: 1987,0,1,2
train_00336,"The 1869 Atlantic hurricane season was the earliest season in the Atlantic hurricane database in which there were at least ten tropical cyclones.[CITE] Initially there were only three known storms in the year, but additional research uncovered the additional storms.[CITE] Meteorologist Christopher Landsea estimates up to six storms may remain missing from the official database for each season in this era, due to small tropical cyclone size, sparse ship reports, and relatively unpopulated coastlines.[CITE] All activity occurred in a three-month period between the middle of August and early October.",title: Counting Atlantic Tropical Cyclones Back to 1900 | author: Chris Landsea | venue: Eos | year: 2007,title: Year 1869 | author: José Fernández Partagás | venue: National Oceanic and Atmospheric Administration | year: 2003,title: Atlantic basin: Comparison of Original and Revised HURDAT | author: Hurricane Research Division | venue: National Oceanic and Atmospheric Administration | year: 2011,2,1,0
train_00337,"The two sides met again three months later to contest the final of the 2009 Women's World Twenty20, which England also won.[CITE] Each of the top four in the 2009 tournament automatically qualified for the 2013 Women's Cricket World Cup.[CITE] Neither England nor New Zealand reached the final of that tournament, but instead met in the third-place playoff, which England won by four wickets.[CITE]","title: Final: England Women v New Zealand Women at Lord's, Jun 21, 2009 | author: (uncredited) | venue: ESPNcricinfo | year: 2012",title: Kiwi Bates does a Sehwag in World Cup | author: (uncredited) | venue: Rediff.com | year: 2009,title: Charlotte Edwards guides England to third spot in Women's World Cup | author: (uncredited) | venue: NDTV | year: 2013,0,1,2
train_00338,"The initial presentation of this planet occurred at a meeting of the American Astronomical Society in April 2005;[CITE] however, it was another two-and-a-half years before the planet was to be published in a peer-reviewed journal.[CITE] It is the first known planet outside the Solar System to spend its entire orbit within what astronomers call the ""habitable zone"".[CITE] Furthermore, its discovery made 55 Cancri A the first star other than the Sun known to have at least five planets.",title: Could this be Earth's near twin? Introducing planet 55 Cancri f | author: Sample | venue: The Guardian | year: 2007,"title: A Neptune-sized Planet in the rho1 Cancri System | author: Wisdom | venue: DDA 36th Meeting, 10–14 April 2005—Session 5 Posters | year: 2005",title: Five Planets Orbiting 55 Cancri | author: Debra A. Fischer | venue: Astrophysical Journal | year: 2007,2,0,1
train_00339,"By the beginning of 2012, the slurry wall for the station site was being taken down.[CITE] On June 25, 2012, a $324.6 million contract was awarded to E.E. Cruz and Company and Tully Construction Company for the station's plumbing, electricity, ancillaries, and entrances.[CITE] In March 2013, the bulkhead separating the new construction from the 1970s-era tunnel at 99th Street was completed.[CITE]",title: Newsletter March 2013 | author: (uncredited) | venue: MTA.info | year: 2013,title: 2nd Ave. subway project to receive $1.3B from gov't | author: Newman | venue: Times Ledger | year: 2012,title: Newsletter February 2014 | author: (uncredited) | venue: MTA.info | year: 2014,2,1,0
train_00340,"The locations of the station entrances are all south of 96th Street.[CITE] In 2009, there was a debate over the placement of the location of the street entrances. Because 96th Street divides the neighborhoods of the Upper East Side to the south and East Harlem to the north, some residents of East Harlem stated that their neighborhood was not served by the Second Avenue Subway.[CITE][CITE]",title: Construction Creeps Downtown | author: (uncredited) | venue: New York Press | year: 2009,title: SECOND AVENUE SUBWAY PROJECT | author: (uncredited) | venue: (unspecified) | year: 2012,title: Second Ave. station entrance sagas hit 96th St | author: (uncredited) | venue: Second Avenue Sagas | year: 2009,2,0,1
train_00341,"After three consecutive retirements, including first-lap collisions in Austria and Germany reducing his points lead from 22 points to 2,[CITE] Michael Schumacher stated that his objective in Hungary was to avoid any incident on the first lap and finish in a points-scoring position. He was also confident that Ferrari would perform well on the track.[CITE] Despite Ferrari president Luca di Montezemolo's comments to the press about Barrichello assisting Michael Schumacher's title aspirations, Barrichello revealed that he received backing from him to challenge for more victories and the championship.[CITE]",title: Schumacher Sets his Target after Mishaps | author: (uncredited) | venue: AtlasF1 | year: 2000,title: Barrichello – I will fight | author: (uncredited) | venue: GrandPrix.com | year: 2000,title: Formula One – The 2000 Season | author: (uncredited) | venue: Mixing Medienprodukt | year: 2000,1,2,0
train_00342,"The Chargers held a battle for the placekicker position through training camp and preseason, eventually won by free agent acquisition Vince Abbott, who secured his first NFL job after losing four previous training camp battles.[CITE] This meant that veteran Rolf Benirschke lost his job after ten years in San Diego; he was traded to Dallas for a draft pick. Benirschke felt he wasn't given a fair chance to compete for the job after attempting no field goals in preseason. He left as the team's leading scorer (766 points), and the third-best kicker in league history by career field goal percentage (70.2%),[CITE] though his accuracy had diminished through the past four seasons.[CITE]",title: Rolf Benirschke stats | author: (uncredited) | venue: pro-football-reference.com | year: 2022,title: Chargers send Benirschke to Dallas | author: (uncredited) | venue: Victorville Daily Press | year: 1987,title: Vince Abbott stats | author: (uncredited) | venue: Escondido Times-Advocate | year: 1987,2,1,0
train_00343,"The 1987 NFL season began under the shadow of a potential National Football League Players Association (NFLPA) strike, with the collective bargaining agreement set to expire and talks stalling as the players pushed for improved free agency rights.[CITE] The NFLPA set a date of September 22 to strike, two weeks into the season; in response, the owners threatened to field replacement teams stocked with free agents.[CITE] With this possibility in mind, San Diego was one of several teams who offered optional agreements to players they waived in the build-up to the season, allowing them to rejoin the Chargers in the event of a strike.[CITE]",title: Chargers offer waived players pacts | author: Posner | venue: Escondido Times-Advocate | year: 1987,title: More talks scheduled this afternoon | author: (uncredited) | venue: Mamaroneck Daily Times | year: 1987,title: The irreplaceable players of the 1987 strike | author: (uncredited) | venue: nflpa.com | year: 2022,2,1,0
train_00344,"With no agreement having been reached, the strike went ahead as planned. Chandler, the Chargers' player representative, described the situation as disappointing, but derided existing free agency restrictions as a ""form of slavery"".[CITE] Head coach Al Saunders sympathized with the fans and stated that he could see both sides of the disagreement. He noted that it was his job to coach replacement players if instructed to do so by the league. At a meeting with his players on the eve of the strike, Saunders encouraged them to continue to stay in shape; the players were in agreement, and scheduled group training sessions at the University of California, San Diego.[CITE] All 45 regular Chargers refused to play for the team once the strike began. This included Fouts, who was not a member of the NFLPA union and stated that he did not consider himself to be on strike. He declined to play on a team stocked with replacement players, noting that he would be risking injury behind an inexperienced offensive line.[CITE]",title: Fouts avoids pickets as strike continues | author: Posner | venue: Escondido Times-Advocate | year: 1987,title: Chargers disappointed by news of NFL strike | author: Posner | venue: Escondido Times-Advocate | year: 1987,"title: With no talk of settlement, NFL players taking a walk | author: Oates | venue: Los Angeles Times | year: 1987",2,1,0
train_00345,"Fouts completed 22 of 37 attempts for 257 yards and 3 interceptions, while being sacked 5 times for the loss of 43 yards.[CITE] It was the final game of his career, as he missed the finale with a slightly torn rotator cuff,[CITE] and announced his retirement three months after the end of the season.[CITE] The result meant that San Diego would be eliminated if either the Steelers or Oilers won in week 16, regardless of their own result.","title: Fouts elects not to push his luck, retires | author: Hewitt | venue: Los Angeles Times | year: 1988","title: Indianapolis Colts at San Diego Chargers – December 20th, 1987 | author: (uncredited) | venue: pro-football-reference.com | year: 2022","title: Broncos seeking AFC West crown, best mark | author: (uncredited) | venue: Auburn Journal | year: 1987",2,0,1
train_00346,"Gillingham's manager, Glenn Roeder, resigned in July to manage Watford of the First Division, one of the clubs he had played for.[CITE] Watford were later fined by the Football Association, the governing body of the sport in England, for making an illegal approach to Roeder. Mike Flanagan was promoted from reserves and youth coach to become Gillingham's new manager.[CITE] One of his first moves as manager was to sign veteran Neil Smillie from Brentford and appoint him to a player-coach role. Gary Micklewhite, another highly experienced player, joined Gillingham from Derby County.[CITE]",title: Peacock arrival opens door for Townsend: Soccer | author: Beet | venue: The Guardian | year: 1993,title: Roeder appointed Watford manager – Football | author: (uncredited) | venue: The Times | year: 1993,title: Deane transfer causes split – Football | author: Pike | venue: The Times | year: 1993,2,0,1
train_00347,"The first democratically elected government of Portugal spoke of its programme as one that ""intends that Portugal be present in the common effort of democratic European countries in the political, economic, social and cultural transformation of the old continent"".[CITE] These efforts bore their first fruits in September 1976, with the entrance of Portugal into the Council of Europe.[CITE][CITE]",title: Portugal - Member state | author: (uncredited) | venue: www.coe.int | year: 2020,title: El papel de Portugal en el contexto internacional | author: Sánchez | venue: Revista CIDOB d'Afers Internacionals | year: 2000,title: Programa do primeiro Governo Constitucional português: extractos sobre a Política Externa | author: (uncredited) | venue: CVCE.EU by UNI.LU | year: 1976,2,1,0
train_00348,"The accession of Portugal to the European Communities also had an impact on the decolonisation of Portuguese colonies in Africa and on Europe-Africa relations consequently. Whilst the acquis communautaire itself had been weak, dominated only by the European Political Cooperation, the acquis politique was very much in favour of decolonisation,[CITE] a process which Portugal was pushed to adopt in order to join the Communities - although there is debate as to whether the planned accession was the primary cause.[CITE][CITE]",title: The Europeanisation of foreign policy: An assessment of the EU impact on Portugal's post-colonial relations in Sub-Saharan Africa | author: Raimundo | venue: European Integration Online Papers | year: 2013,title: The Europeanization of Portuguese democracy | author: Teixeira | venue: Social Science Monographs | year: 2012,title: ポルトガルのＥＥＣ加盟申請—民主化、脱植民地化プロセスとの交錯 | author: Nishiwaki | venue: International Relations | year: 2012,0,1,2
train_00349,"The dismantling of tariff barriers subsequent to both countries' accessions led some scholars to predict the collapse of industry in the two countries; a columnist of the Harvard International Review, Anne Robinson, predicted ""both Spain's and Portugal's generally under-productive and inefficient industries will collapse, creating profitable new markets for exporters in Europe's modernised north"".[CITE] ""Restrictive administrative practices"" in Spain, however, are noted as having ""penalised"" products from abroad, placing a preference on locally produced ones.[CITE] Concerns were also expressed over potential impacts of the Common Agricultural Policy on the Portuguese farming industry, especially with regard to pushes for afforestation and extensification - although these were additionally noted to have benefits for some industries, including in logging and paper production.[CITE]",title: The crisis of Portugese [sic] agriculture in relation to the EEC challenge | author: Moreira | venue: Agriculture and Human Values | year: 1989,title: Portugal and Spain in the EU: paths of economic divergence (2000-2007) | author: Royo | venue: Análise Social | year: 2010,title: Growing Pains in the EEC | author: Robinson | venue: Harvard International Review | year: 1987,2,1,0
train_00350,"It was the first of a total of six World Snooker Championship wins for Davis as he dominated the sport in the 1980s, the last of them in 1989.[CITE][CITE] In 1982, the number of players in the main tournament increased to 32; the level of public interest in the 1981 tournament was high enough for the BBC to decide to increase its television coverage to 17 days, the full duration of the championship, in 1982.[CITE]",title: Snooker News: Steve Davis: 1980s Snooker wasn't very good | author: (uncredited) | venue: Eurosport | year: 2020,title: World Snooker Championship 2020: Ronnie O'Sullivan wins sixth world title | author: Hafeez | venue: BBC | year: 2020,title: The Embassy Book of World Snooker | author: Everton | venue: Bloomsbury | year: 1993,0,1,2
train_00351,"The club was involved in a transfer saga over Norwegian striker Rushfeldt. He signed and practised with the team but left after Rosenborg claimed there were financial issues related to his transfer.[CITE][CITE] He was replaced by Tote, on loan from Real Madrid, with the club president saying that ""Tote was always the first choice"" and Rushfeldt ""did not have the personality or mental strength to play for Benfica"".[CITE]",title: Rushfeldt de malas aviadas | author: (uncredited) | venue: Record | year: 1999,title: Rushfeldt diz ter vivido bons momentos na Alemanha | author: (uncredited) | venue: Record | year: 1999,"title: Vale e Azevedo: ""Tote sempre foi a primeira opção"" | author: (uncredited) | venue: Record | year: 1999",1,0,2
train_00352,"On 12 September Benfica visited Azores and beat Santa Clara 3–0 to move to top of the league table, tied with five other teams.[CITE] Four days later the club started their European campaign, facing Dinamo Bucuresti at home. They lost 1–0, when a shot by Nastase slipped through Enke's legs.[CITE] In the title race, Benfica led the table after defeating Vitória Setúbal. Newspaper Record portrayed the game as easy win for the club, writing, ""Nothing better to raise morale than to win comfortably, without rush, without pushing, without any problem whatsoever.""[CITE]","title: Benfica afogado num banho de táctica na noite do total ""desenkanto"" | author: (uncredited) | venue: Record | year: 1999",title: Sadinos assim tão tenrinhos -- o petisco ideal para águias | author: (uncredited) | venue: Record | year: 1999,title: Santa Clara-Benfica valeu pela primeira parte | author: (uncredited) | venue: Record | year: 1999,1,2,0
train_00353,"On 16 April Benfica hosted Lisbon rivals Belenenses, losing 3-2 and dampening any championship hopes.[CITE] A week later the team lost their second straight match (their seventh defeat of the season) to União de Leiria 2–1, despite scoring first.[CITE] On 30 April Benfica returned to top form, and in Miguel Costa Nunes opinion, defeated a ""debilitated and riddled with internal conflicts"" Vitória de Guimarães 3–0.[CITE]",title: Benfica: Contraste germano-argentino na baliza | author: (uncredited) | venue: Record | year: 2000,title: Sporting firme Benfica afunda | author: (uncredited) | venue: Record | year: 2000,title: Benfica perde em Leiria | author: (uncredited) | venue: Record | year: 2000,2,0,1
train_00354,The escalators at Capitol Hill and University of Washington stations experienced several major failures and shutdowns in the two years since the University Link extension was opened. These failures were attributed to the installation of standard commercial escalators instead of stronger escalators designed for transit stations. A new escalator contractor was selected to provide preventative maintenance in lieu of a proposed replacement plan; new stairways and connecting passageways were also opened to allow for alternative access.[CITE][CITE] The Tukwila section of the line was shut down over one weekend in October 2018 for major repairs after cracks were discovered in the rails on the bridge crossing Interstate 5.[CITE],title: Cracks in light-rail tracks slow trains in South Seattle; expect closures for repairs over weekend | author: Lindblom | venue: The Seattle Times | year: 2018,title: Sound Transit will add stairs and stronger escalators to fix UW Station breakdowns | author: Lindblom | venue: The Seattle Times | year: 2018,"title: Sound Transit scraps plans to replace UW Station escalators, citing performance improvements | author: Merten | venue: Puget Sound Business Journal | year: 2020",2,0,1
train_00355,"The New York State Court of Claims maintains four courtrooms and Chambers for its New York City District Judges in 26 Broadway.[CITE] Originally located in the World Trade Center, the Court of Claims moved into a space at 26 Broadway after the World Trade Center was destroyed in the September 11 attacks.[CITE] , it occupies in the building.[CITE]",title: Inside the rent roll at Chetrit’s 26 Broadway | author: Jones | venue: The Real Deal | year: 2022,title: Moving Back | author: (uncredited) | venue: The Wall Street Journal | year: 2002,title: Judges' Chambers Directory | author: (uncredited) | venue: NYCOURTS.GOV | year: 2025,2,1,0
train_00356,"Port Vale's opponents for the play-off semi-final were Stockport County, and the first match of the two-legged tie was played at Edgeley Park in Stockport. Jim Gannon converted a fifth-minute penalty, only for Dean Glover to level the scores at 1–1 on 24 minutes, with the game ending in a draw.[CITE] The return leg was held at Vale Park three days later and Martin Foyle's 84th-minute strike went unanswered to give Port Vale a 2–1 aggregate victory.[CITE] On 22 May, Port Vale would also beat Stockport 2–1 in the 1993 Football League Trophy final at Wembley Stadium. Paul Kerr put Port Vale ahead, before Bernie Slaven made it two before half-time. Striker Kevin Francis pulled one back for Stockport, but Port Vale held on for another 2–1 victory.[CITE]","title: The Autoglass Trophy final, 1993 | author: (uncredited) | venue: onevalefan | year: 2012",title: Football: Glover pushes Vale back into the frame: Barclays League | author: Andrews | venue: The Independent | year: 2011,title: TAKE FIVE… County and the Play-Offs | author: (uncredited) | venue: Stockport County | year: 2018,2,0,1
train_00357,"According to Hrvatske vode, in the Zagreb urban area between and Bridges, the embankments exceed the crest of a 1,000-year flood by a metre (3.3 ft).[CITE] However, surrounding towns and villages are protected by lower and less secure embankments. As such, low-lying parts of the surrounding area remain in danger from flooding. The flood of 1964 was the last devastating river flood in Zagreb. Some of the later Sava Valley floods, such as the ones in 1979 and 2014[CITE][CITE] have produced localised groundwater flooding in a few streets in Kajzerica and Jarun. The 1990 Sava Valley flood broke the 1933 high water mark in Radeče by another and caused much damage in Zagreb's surroundings, especially the area of Samobor and Zaprešić, but the city proper was spared, except for the (by then already decommissioned) Jakuševec Bridge, which was carried away by the river current. The levels of flooding of 1964 and before have not recurred as of 2021.",title: Zagrebačka Kajzerica pod vodom: Poplavljene garaže i podrumi | author: (uncredited) | venue: Nova TV | year: 2014,title: Sava prije 53 godine poplavila Zagreb | author: (uncredited) | venue: Hrvatska Vodoprivreda | year: 2017,title: Sisak i Gradiška dočekuju vodeni val | author: (uncredited) | venue: Al Jazeera Balkans | year: 2014,1,0,2
train_00358,"Robert F. Kennedy Memorial Stadium in Washington, D.C., the home of D.C. United, was announced as the host venue of MLS Cup 2000 on February 23, 2000. At the time of the match in October 2000, seating capacity of the stadium was 56,454 spectators.[CITE] The other bidder, Raymond James Stadium in Tampa, Florida, had been favored by the league and was unable to resolve a scheduling conflict with a college football team until too late in the selection process.[CITE][CITE]",title: RFK to Host Its Second MLS Title Game | author: Goff | venue: The Washington Post | year: 2000,title: MLS Cup won't be in Tampa | author: Ward | venue: The Tampa Tribune | year: 2000,title: Tampa Bay closes in on hosting MLS Cup | author: Page | venue: St. Petersburg Times | year: 1999,0,2,1
train_00359,"Bankwest announced in 2006 that it would not renew its lease, instead moving to a new tower proposed for Raine Square.[CITE] Due to delays with the Raine Square development, Bankwest was forced in November 2009 to seek a 5-year renewal of its lease in the Bankwest Tower, the remainder of which will be taken on by Raine Square property developer Saracen Properties.[CITE] Saracen Properties announced in May 2009 that they would not seek to renew their lease, and would vacate at the termination of their lease in November 2009. It was also revealed that the 50th floor office space once occupied by Alan Bond was still in the same condition as when he left in 1991, with Bond's former chair, desk and boardroom table available as part of the lease.[CITE]",title: Bondy's old office up for lease | author: (uncredited) | venue: News.com.au | year: 2009,title: Multiplex holds key to $134m BankWest deal | author: Keenan | venue: The West Australian | year: 2006,title: Raine Square 'to keep BankWest' | author: Saunders | venue: The West Australian | year: 2008,2,0,1
train_00360,"Brookfield put its half share in the building up for sale in early 2008,[CITE] however an offer for the tower by Luke Saraceni fell through and the half share in the tower was taken off the property market.[CITE] Stockland divested their 50% holding via an asset swap in 2011, transferring full ownership of the tower to Brookfield in exchange for two residential projects.[CITE]","title: Stockland, Brookfield in asset swap | author: Wilkie | venue: Business News | year: 2011",title: Big towers off market as offers fall short | author: Saunders | venue: The West Australian | year: 2008,title: Multiplex puts tower stake on the market | author: Saunders | venue: The West Australian | year: 2008,2,1,0
train_00361,"In May 2022, Brookfield commenced a sale process for the building, with an expected price of $350 million.[CITE] The process was concluded in October 2022, with the building being sold for $340 million to a 50/50 joint venture between Lendlease and Realside Financial.[CITE][CITE]",title: Discount revealed on iconic St Georges Terrace building | author: Macdonald | venue: The West Australian | year: 2022,title: Brookfield selling former Bond lair with $350m aspirations | author: Kelly | venue: Australian Financial Review | year: 2022,title: The Perth tower that Alan Bond built is a steal for Lendlease at $340m | author: Lenaghan | venue: commercialrealestate.com.au | year: 2022,1,0,2
train_00362,"The match is considered as one of the best League Cup finals, and greatest Cup shocks in the competition's history.[CITE][CITE] In 2015, Luton's victory was ranked 12th in a list of the ""50 greatest things from the past three decades"", by readers of the Luton on Sunday.[CITE]",title: The greatest League Cup shocks | author: Rice | venue: The Independent | year: 2012,title: Chelsea vs Tottenham: The 10 best ever League Cup finals | author: (uncredited) | venue: The Telegraph | year: 2015,title: Luton Town's cup win over Arsenal in 1988 picked by locals as great thing from last 30 years | author: (uncredited) | venue: Luton on Sunday | year: 2015,1,0,2
train_00363,"Three Iranian diplomats as well as a reporter for Islamic Republic News Agency (IRNA) were abducted in Lebanon on 4 July 1982.[CITE] None of them have been seen since.[CITE] The missing individuals are Ahmad Motevaselian, (an attache for the Iranian embassy in Beirut); Seyed Mohsen Mousavi, (the chargé d'affaires at the Iranian embassy); Taghi Rastegar Moghadam (who was an Iranian embassy employee), and Kazem Akhavan, IRNA photojournalist.[CITE] Motevaselian was also an Islamic Revolutionary Guard Corps (IRGC) member in command of an Iranian expeditionary force in Lebanon.",title: Envoy: Iranian abducted diplomats alive in Israel | author: (uncredited) | venue: Al-Alam | year: 2013,title: Berri meets families of kidnapped Iranian diplomats | author: Staff | venue: The Daily Star | year: 2016,title: Islamic Revolution Document Center – Iranian Diplomats kidnapping by Israeli agents in Lebanon | author: Staff writers | venue: www.irdc.ir | year: 2016,2,1,0
train_00364,Such crime announcements have continued to be a problem on 5channel;[CITE][CITE] it was speculated that the man who carried out the Kyoto Animation arson attack posted an advance warning of the crime on 5channel.[CITE],title: 兵庫県警、5ちゃんねるに大量殺人予告の書き込みをした男を逮捕 | author: (uncredited) | venue: Zaikei Shimbun | year: 2019,title: ネット掲示板でテロ予告 容疑で大学生の男逮捕 | author: (uncredited) | venue: Kobe Shimbun | year: 2019,title: 京アニ放火、直前の「意味深」書き込みで広がる憶測 SNS、まとめブログなどが拡散するが | author: (uncredited) | venue: J-CAST ニュース | year: 2019,0,1,2
train_00365,"Tropical cyclogenesis began early, with two tropical depression forming in April, the first of which developing on April 6. Both tropical depressions were operationally unnumbered. Tropical Storm Arlene formed on May 6. The storm made landfall in Cuba two days later, before being absorbed later by a low.[CITE] Tropical Depression Two moved out of the Gulf of Mexico into eastern Texas on June 5, producing localized rainfall amounts of and numerous tornadoes over Louisiana before recurving across the Southeast United States.[CITE] Another previously unnumbered tropical depression formed over the Bay of Campeche later that month on June 17. It made landfall in Mexico south of Tampico before dissipating about two days later. Tropical Storm Bret formed as a subtropical low in the open Atlantic Ocean north of Bermuda on June 29, and made landfall in the Delmarva Peninsula.[CITE]","title: Preliminary Report Tropical Storm Arlene: May 6–9, 1981 | author: Joseph M. Pelissier | venue: National Hurricane Center | year: 1981","title: Tropical Depression Two – June 4–7, 1981 | author: David M. Roth | venue: Hydrometeorological Prediction Center | year: 2008",title: Preliminary Report Tropical Storm Bret: 29 June – 1 July 1981 | author: Miles B. Lawrence | venue: National Hurricane Center | year: 1981,0,1,2
train_00366,"The last of four previously unnumbered tropical depressions developed near Andros on July 2. It made landfall in southeast Florida and later in South Carolina before dissipating on July 4. Tropical Depression Four formed in the Gulf of Mexico on July 25, moving into Mexico the next day, and causing heavy rains in west Texas, Oklahoma, and Arkansas when its remnants moved into the United States.[CITE] Tropical Storm Cindy formed on August 2 in the open Atlantic and became an extratropical cyclone on August 5.[CITE] Hurricane Dennis formed on August 7 near South America. Dennis degenerated into a depression while making landfall in the Leeward Islands, but regained storm strength while over Cuba. Dennis moved near the southeast United States coastline from Florida to Virginia, briefly becoming a hurricane. Dennis weakened into a tropical storm and was declared an extratropical cyclone on August 22.[CITE]","title: Tropical Depression Four – July 24–30, 1981 | author: David M. Roth | venue: Hydrometeorological Prediction Center | year: 2008","title: Hurricane Dennis – August 15–20, 1981 | author: David M. Roth | venue: Hydrometeorological Prediction Center | year: 2013","title: Preliminary Report Tropical Storm Cindy: 2 – August 5, 1981 | author: John R. Hope | venue: National Hurricane Center | year: 2021",0,2,1
train_00367,"The term-extending provisions were scheduled in the Senate for the portion of the session intended for bills vetoed by the governor, to begin March 31, 1926.[CITE] Debate on another proposed constitutional change, to allow amendments to be voted on at a general election rather than at a special election, took place on April 2, but some senators wanted more time to consider the various amendments, and all were postponed until June 22.[CITE] Distracted by a dispute over who should be the state treasurer, on June 29, the Senate adjourned until July 7, having not acted on the proposed constitutional amendments.[CITE]",title: Drunken driver bills signed by governor | author: (uncredited) | venue: The Central New Jersey Home News | year: 1926,title: Some leaders are angry | author: (uncredited) | venue: The Bergen Evening Record | year: 1926,title: Longer terms to get action later | author: (uncredited) | venue: Asbury Park Press | year: 1926,0,2,1
train_00368,"Moore had stated that having the gubernatorial election in an election year when national issues would be paramount would be ""unjust and unfair""; on September 14, state Senator William B. Mackay of Bergen County responded in an address to his county's Republican committee. He said that Moore and the two other Democratic governors elected since 1916 had each used the national question of Prohibition to gain election, an issue not used by Edge when he was elected governor in 1916.[CITE] The next night, thousands of Democrats crowded the Newark Armory for a rally against the amendments, with speeches by Moore, Edwards, Norton, Hague and Heher. The governor spoke against Republican arguments that the term extender would increase the number of voters in the gubernatorial election, noting that turnout for the election for governor had nearly equaled that for president in recent years.[CITE] Camden County Republicans scheduled several meetings for September 19, with the main rally to feature Congressman Charles A. Wolverton, and with other meetings focused on Italian-American, African-American, Jewish and rural voters.[CITE]",title: Calls attention of Governor Moore to statement | author: (uncredited) | venue: The Bergen Evening Record | year: 1927,title: Sunday meet held by G.O.P. workers | author: (uncredited) | venue: The Evening Courier | year: 1927,title: Moore assails four-year terms | author: (uncredited) | venue: The Morning Call | year: 1927,0,2,1
train_00369,Ipswich went on to finish 17th in the 1962–63 season while Tottenham finished runners-up behind Everton.[CITE] Tottenham Hotspur were beaten in third round of the 1962–63 FA Cup by Burnley;[CITE] Ipswich lost 3–1 to Leicester City in the fourth round.[CITE],title: English FA Cup 1962–1963 : Third Round | author: (uncredited) | venue: Statto.com | year: 2011,title: Ipswich Town 1962–1963 : Home | author: (uncredited) | venue: Statto.com | year: 2011,title: English FA Cup 1962–1963 : Fourth Round | author: (uncredited) | venue: Statto.com | year: 2011,1,0,2
train_00370,"The final was televised by the BBC as part of their Grandstand show. David Coleman was the main commentator for the BBC with punditry from Jimmy Hill, Lawrie McMenemy and Trevor Brooking.[CITE] ITV also broadcast the match live in its World of Sport programme, and BBC Radio 2 provided radio commentary.[CITE] Although two days of rain had preceded the final, the conditions were good for the match with sunny skies. Before the match, the players were presented to Princess Alexandra, The Honourable Lady Ogilvy, and her husband Angus Ogilvy.[CITE]","title: Friendliness rules, O.K.! | author: Lawrence | venue: Sports Argus | year: 1978",title: Television/Radio | author: (uncredited) | venue: The Guardian | year: 1978,title: Cup Final Grandstand: The 1978 FA Cup Final: Arsenal v Ipswich Town | author: (uncredited) | venue: BBC Genome | year: 1978,2,1,0
train_00371,"The city avoided rioting on election day. Universal Service described the election as the city's ""quietest election in recent years"" in terms of electoral violence.[CITE] In an incident of election crime, gangsters managed to steal the ballot boxes from the 29th precinct of the 45th ward at gunpoint.[CITE] Shot fatally during election law enforcement activity was mobster Vincent Drucci.[CITE]","title: Drucci, Chicago Gang Leader, Killed By Police | author: (uncredited) | venue: The Decatur Daily Review | year: 1927",title: Six Gangsters Seize Precinct Ballot Boxes | author: (uncredited) | venue: Times Record News | year: 1927,title: Chicago Holds Quitest Election In Recent Years | author: (uncredited) | venue: Times Record News | year: 1927,2,1,0
train_00372,"In his inaugural address, Thompson reiterated his pledge to oust Superintendent McAndrew.[CITE] In August 1927, the Chicago Board of Education, now under Thompson's influence after he appointed a number new members, voted to charge McAndrew with insubordination and unpatriotic ""conduct incompatible and inconsistent with, and in direct violation"" of his duties, suspending him pending an administrative hearing held by the board. The administrative hearing would last months, and the Chicago Board of Education would find McAndrew guilty. The Cook County Superior Court would later void this decision.[CITE][CITE]","title: Mayor William Hale Thompson Inaugural Address, 1927 | author: (uncredited) | venue: www.chipublib.org | year: 2020",title: Documents Relating to the Suspension of William McAndrew | author: Todd | venue: The Elementary School Journal | year: 1927,title: The trial of the school superintendent | author: Schmidt | venue: WBEZ Chicago | year: 2011,0,2,1
train_00373,"In the 21st century, Thompson and his 1927 campaign have both been analyzed by some modern writers as precursors to the political career of Donald Trump and Trumpism.[CITE][CITE][CITE]","title: Before The Donald, there was Big Bill of Chicago | author: Pacyga | venue: Chicago Sun-Times | year: 2020",title: Trump Is Running the White House Like He's America's Mayor | author: Shafer | venue: POLITICO Magazine | year: 2017,title: Chicago mayor Big Bill Thompson used 'America First' decades before Trump | author: Nichols | venue: Chicago Reader | year: 2017,1,2,0
train_00374,"Cardiff reached the play-offs again in the 2010–11 season after finishing fourth but suffered defeat in the semi-final, losing 3–0 on aggregate to Reading.[CITE] The defeat would ultimately cost Cardiff manager Dave Jones his job as the club decided to terminate his contract following an end-of-season performance review. At the time of his departure, Jones was the longest serving manager in the Championship.[CITE] After a third successive defeat in the play-offs in 2012, Cardiff gained promotion to the Premier League in 2013 by winning the Championship title.[CITE]",title: Cardiff 0–3 Reading (0–3) | author: Hughes | venue: BBC Sport | year: 2011,title: Cardiff City sack manager Dave Jones | author: (uncredited) | venue: BBC Sport | year: 2011,title: 'We've finally done it' – Cardiff celebrate promotion to Premier League | author: James | venue: The Guardian | year: 2013,0,1,2
train_00375,"The season's activity was reflected with a cumulative accumulated cyclone energy (ACE) rating of 54, which is categorized as being ""below normal"".[CITE][CITE] ACE is, broadly speaking, a measure of the power of the hurricane multiplied by the length of time it existed, so storms that last a long time, as well as particularly strong hurricanes, have high ACEs. ACE is only calculated for full advisories on tropical systems at or exceeding or tropical storm strength. Thus, tropical depressions are excluded from the total.[CITE]",title: Atlantic basin Comparison of Original and Revised HURDAT | author: Hurricane Research Division | venue: National Oceanic and Atmospheric Administration | year: 2011,title: Extended range forecast of Atlantic seasonal hurricane activity and landfall strike probability for 2010 | author: (uncredited) | venue: Colorado State University | year: 2009,title: 2005 Atlantic Ocean Tropical Cyclones | author: David Levinson | venue: National Climatic Data Center | year: 2008,0,1,2
train_00376,"According to findings from an inquest conducted by the coroner's office in the Bahamas, Aaliyah suffered ""severe burns and a blow to the head"" in addition to severe shock and a weak heart.[CITE] The coroner theorized that she had gone into such a state of shock that even if she had survived the crash, her recovery would have been nearly impossible given the severity of her injuries.[CITE] The bodies were taken to the morgue at Princess Margaret Hospital in Nassau, where they were kept for relatives to help identify them. Some of them were badly burned.[CITE]",title: Coroner Delivers Verdict Over Aaliyah Death Crash | author: (uncredited) | venue: NME | year: 2003,title: Singer Aaliyah dies in Bahamas plane crash | author: Hirschman | venue: Sun Sentinel | year: 2001,title: Bahamas Coroner delivers verdict in Aaliyah death crash | author: (uncredited) | venue: Caribbean News | year: 2003,0,2,1
train_00377,"In July 2026, an Aaliyah tribute was showcased at the finale of that year's Essence Festival of Culture.[CITE] Curated by Missy Elliott, the tribute included performances of Aaliyah's best known songs, by Mya, Ryan Destiny, Normani, Chloe Bailey, and Sevyn Streeter.[CITE] Video tribute messages were also relayed, featuring Ciara, Janet Jackson, Timbaland, Ginuwine, T-Boz, and Monica.[CITE]",title: Missy Elliott to lead emotional Aaliyah tribute at Essence Fest 2026 | author: Giacomazzo | venue: Complex | year: 2026,"title: Essence Fest 2026 Closes Sunday With Aaliyah Tribute, Doug E. Fresh All-Star Set | author: Wingate | venue: Power98 FM | year: 2026","title: George Clinton, Public Enemy, T.I., And An All-Star Aaliyah Tribute Close Out ESSENCE Festival 2026 | author: Jones | venue: Essence | year: 2026",0,2,1
train_00378,"FA Cup holders Arsenal, as a Premier League club, entered the competition in the third round where they were drawn at home against fellow top-flight team Hull City in a repeat of the previous year's final. At the Emirates Stadium, Per Mertesacker scored in the 20th minute with a header from an Alexis Sánchez corner. With eight minutes remaining, Sánchez doubled Arsenal's lead with a strike from inside the Hull penalty area and his side won the match 2–0.[CITE] In the fourth round, Arsenal's opposition were Championship team Brighton & Hove Albion away at the Falmer Stadium. Arsenal's Walcott opened the scoring after less than two minutes from a Calum Chambers cross before Özil made it 2–0 midway through the first half. Chris O'Grady scored for Brighton five minutes after half-time but Tomáš Rosický restored Arsenal's two-goal advantage nine minutes later with a volley after a one-two with Giroud. Sam Baldock's 75th-minute goal made it 3–2 but no further goals were scored and Arsenal progressed to the fifth round.[CITE] There, they were drawn at home against Middlesbrough, another Championship club, at the Emirates Stadium. Giroud scored twice in the space of three first-half minutes and, after a goalless second half, Arsenal secured their passage to the sixth round with a 2–0 victory.[CITE]",title: Brighton & Hove Albion 2–3 Arsenal | author: Chowdhury | venue: BBC Sport | year: 2015,title: Arsenal 2–0 Middlesbrough | author: Jennings | venue: BBC Sport | year: 2015,title: Arsenal 2–0 Hull City | author: Jurejko | venue: BBC Sport | year: 2015,1,2,0
train_00379,"Arsenal were drawn away at Manchester United in a match televised on BBC One on a Monday evening. This led to criticism from Arsenal supporters as they suggested there would be no trains back to London after the match.[CITE] Despite this, 9,000 away supporters attended the game at Old Trafford. Nacho Monreal gave the visiting side the lead in the 25th minute from close range after receiving a pass from Alex Oxlade-Chamberlain. Wayne Rooney equalised for Manchester United four minutes later, heading an Ángel Di María cross past Wojciech Szczęsny in the Arsenal goal. Former Manchester United player Welbeck then capitalised on a poor backpass by Antonio Valencia to take possession of the ball, dribbling it round David de Gea and scoring to make it 2–1. Di María was sent off with 14 minutes of the game remaining and the match ended without further scoring.[CITE] In the semi-finals at Wembley Stadium, a neutral venue, Arsenal faced Championship side Reading. Sánchez scored from close range in the 39th minute before Reading's Garath McCleary equalised with a volley nine minutes into the second half. With the score level at the end of regular time, the match went into extra time when Sánchez scored in stoppage time of the first period to restore his side's lead. The second period of extra time was goalless ending the match 2–1, and Arsenal reached the FA Cup Final for the second consecutive year.[CITE]",title: Arsenal fans to pay just £20 to travel to FA Cup clash with Manchester United after club subsidise fares | author: Sheen | venue: The Independent | year: 2015,title: Manchester United v Arsenal: FA Cup quarter-final | author: Steinberg | venue: The Guardian | year: 2015,title: Reading 1–2 Arsenal | author: Hassan | venue: BBC Sport | year: 2015,0,1,2
train_00380,"On Arsenal's victory parade after winning the final, Jack Wilshere led fans in a chant calling local rivals Tottenham Hotspur ""shit"".[CITE] Having previously been warned after a similar chant in the previous season's victory parade, The Football Association charged him with misconduct.[CITE] He admitted the charge, was fined £40,000 and was ""severely warned as to his future conduct"".[CITE]",title: Jack Wilshere has admitted an FA charge of misconduct | author: (uncredited) | venue: The Football Association | year: 2015,title: Jack Wilshere ticked off by Arsenal after foul-mouthed abuse of Spurs | author: Steinberg | venue: The Guardian | year: 2015,title: Arsenal: Jack Wilshere charged with misconduct after parade | author: (uncredited) | venue: BBC Sport | year: 2015,2,0,1
train_00381,"Running back Cedric Humes was named the game's most valuable player for Virginia Tech,[CITE] and quarterback Hunter Cantwell was named the Cardinals' most valuable player.[CITE] Tech punter Nic Schmitt set Gator Bowl record for punt yardage and average punt distance, kicking the ball six times for 300 yards, an average of 50 yards per kick.[CITE]",title: Individual Records | author: (uncredited) | venue: The Gator Bowl Association | year: 2008,title: Most Valuable Players – Winning Team | author: (uncredited) | venue: The Gator Bowl Association | year: 2017,title: Most Valuable Players – Losing Team | author: (uncredited) | venue: The Gator Bowl Association | year: 2017,2,0,1
train_00382,"The tournament featured nine out of the top ten players from the FIDE rating list published in September 2018 with only then-World Champion Magnus Carlsen being absent. Former World Champion Vishwanathan Anand returned to the Chess Olympiads on board one for India following a break of twelve years.[CITE] Other players who played in the open section include the former World Chess Champion Vladimir Kramnik, the challenger in the World Chess Championship 2018 Fabiano Caruana, as well as the former challengers Sergey Karjakin and Boris Gelfand. Grandmaster Eugenio Torre, who was in the line-up of the Philippines for a record twenty-three times between 1970 and 2016 and was the highest-scoring player at the 42nd Chess Olympiad, decided not to play and was named coach of the Philippines national team in the open section.[CITE] Former FIDE World Champion Veselin Topalov did not play because a dispute between chess officials caused de-recognition of the Bulgarian Chess Federation by FIDE.[CITE]",title: Eugene Torre named head coach of PH team to Chess Olympiad | author: (uncredited) | venue: Rappler | year: 2018,title: USA favourites as Olympiad set to begin in Batumi | author: (uncredited) | venue: Chess24.com | year: 2018,"title: Back in Chess Olympiad after 12 years, Vishwanathan Anand hopeful of a good show | author: (uncredited) | venue: The News Minute | year: 2018",1,2,0
